# Created by Metasequoia

mtllib FUTA.mtl

v -0.065831 -0.183751 0.668422
v -0.000001 -0.183751 0.671664
v -0.069293 -0.186421 0.669846
v 0.000000 -0.186728 0.673672
v -0.069530 -0.188803 0.672138
v 0.000000 -0.189318 0.676356
v 0.000000 -0.191306 0.679581
v -0.069813 -0.190730 0.674872
v 0.000000 -0.192548 0.683128
v -0.070128 -0.192097 0.677921
v 0.000000 -0.193003 0.686746
v -0.070458 -0.192847 0.681114
v -0.070785 -0.192988 0.684274
v -0.142789 -0.192847 0.669695
v -0.143452 -0.192988 0.672802
v -0.215759 -0.192847 0.649867
v -0.216761 -0.192988 0.652882
v -0.287941 -0.192847 0.621263
v -0.289277 -0.192988 0.624146
v -0.357781 -0.192847 0.583839
v -0.359441 -0.192988 0.586549
v -0.423695 -0.192847 0.537919
v -0.425661 -0.192988 0.540415
v -0.484174 -0.192847 0.484197
v -0.486421 -0.192988 0.486444
v -0.537896 -0.192847 0.423717
v -0.540392 -0.192988 0.425684
v -0.583817 -0.192847 0.357804
v -0.586526 -0.192988 0.359464
v -0.621240 -0.192847 0.287964
v -0.624123 -0.192988 0.289300
v -0.649844 -0.192847 0.215782
v -0.652859 -0.192988 0.216784
v -0.669672 -0.192847 0.142812
v -0.672779 -0.192988 0.143475
v -0.681091 -0.192847 0.070481
v -0.684251 -0.192988 0.070808
v -0.684726 -0.192847 0.000023
v -0.687903 -0.192988 0.000023
v -0.681091 -0.192847 -0.070435
v -0.684251 -0.192988 -0.070762
v -0.669672 -0.192847 -0.142766
v -0.672779 -0.192988 -0.143429
v -0.655614 -0.192847 -0.197509
v -0.658657 -0.192988 -0.198426
v -0.636650 -0.192847 -0.252021
v -0.639604 -0.192988 -0.253191
v -0.612705 -0.192847 -0.305660
v -0.615548 -0.192988 -0.307078
v -0.583817 -0.192847 -0.357758
v -0.586526 -0.192988 -0.359418
v -0.550141 -0.192847 -0.407646
v -0.552694 -0.192988 -0.409538
v -0.511952 -0.192847 -0.454679
v -0.514328 -0.192988 -0.456789
v -0.469640 -0.192847 -0.498261
v -0.471820 -0.192988 -0.500574
v -0.423695 -0.192847 -0.537873
v -0.425661 -0.192988 -0.540369
v -0.374688 -0.192847 -0.573089
v -0.376427 -0.192988 -0.575749
v -0.322779 -0.192847 -0.603850
v -0.324276 -0.192988 -0.606653
v -0.270053 -0.192847 -0.629199
v -0.271306 -0.192988 -0.632119
v -0.215759 -0.192847 -0.649821
v -0.216761 -0.192988 -0.652837
v -0.161025 -0.192847 -0.665499
v -0.161772 -0.192988 -0.668588
v -0.106462 -0.192847 -0.676376
v -0.106956 -0.192988 -0.679514
v -0.052625 -0.192847 -0.682677
v -0.052869 -0.192988 -0.685846
v -0.000000 -0.193003 -0.686701
v -0.000000 -0.192716 -0.690243
v -0.053065 -0.192682 -0.688383
v -0.000000 -0.191668 -0.693784
v -0.053330 -0.191631 -0.691819
v -0.000000 -0.189851 -0.697097
v -0.053577 -0.189851 -0.695035
v -0.053758 -0.187883 -0.697378
v -0.108754 -0.187883 -0.690941
v -0.109057 -0.185574 -0.692862
v -0.164950 -0.185574 -0.681721
v -0.165298 -0.183044 -0.683161
v -0.221485 -0.183044 -0.667066
v -0.221808 -0.180359 -0.668037
v -0.277623 -0.180359 -0.646837
v -0.277893 -0.176023 -0.647466
v -0.332147 -0.176023 -0.621382
v -0.331939 -0.171545 -0.620994
v -0.385325 -0.171545 -0.589359
v -0.384477 -0.167358 -0.588062
v -0.434764 -0.167358 -0.551925
v -0.388994 -0.163829 -0.582147
v -0.444186 -0.163829 -0.541217
v -0.481910 -0.167358 -0.511279
v -0.495095 -0.163829 -0.495071
v -0.525327 -0.167358 -0.466558
v -0.541241 -0.163829 -0.444165
v -0.564513 -0.167358 -0.418297
v -0.582171 -0.163829 -0.388973
v -0.599069 -0.167358 -0.367105
v -0.617500 -0.163829 -0.330037
v -0.628712 -0.167358 -0.313646
v -0.646878 -0.163829 -0.267922
v -0.653282 -0.167358 -0.258606
v -0.670024 -0.163829 -0.203228
v -0.672742 -0.167358 -0.202670
v -0.687167 -0.167358 -0.146497
v -0.674226 -0.171545 -0.203117
v -0.688682 -0.171545 -0.146820
v -0.674647 -0.176023 -0.203244
v -0.689113 -0.176023 -0.146912
v -0.673992 -0.180359 -0.203047
v -0.688444 -0.180359 -0.146769
v -0.673013 -0.183045 -0.202752
v -0.687443 -0.183045 -0.146556
v -0.671594 -0.185574 -0.202324
v -0.685994 -0.185574 -0.146247
v -0.669732 -0.187883 -0.201763
v -0.684092 -0.187883 -0.145841
v -0.667481 -0.189851 -0.201085
v -0.681793 -0.189851 -0.145351
v -0.664394 -0.191631 -0.200155
v -0.678639 -0.191631 -0.144679
v -0.661093 -0.192682 -0.199160
v -0.675269 -0.192682 -0.143960
v 0.000000 -0.192716 0.690289
v -0.071047 -0.192682 0.686806
v -0.143983 -0.192682 0.675291
v -0.217563 -0.192682 0.655298
v -0.290347 -0.192682 0.626455
v -0.360771 -0.192682 0.588719
v -0.427236 -0.192682 0.542414
v -0.488221 -0.192682 0.488243
v -0.542391 -0.192682 0.427259
v -0.588696 -0.192682 0.360794
v -0.626432 -0.192682 0.290370
v -0.655275 -0.192682 0.217585
v -0.675269 -0.192682 0.144006
v -0.686783 -0.192682 0.071070
v -0.690448 -0.192682 0.000023
v -0.686783 -0.192682 -0.071024
v 0.000000 -0.191668 0.693829
v -0.071402 -0.191631 0.690234
v -0.144701 -0.191631 0.678662
v -0.218649 -0.191631 0.658569
v -0.291797 -0.191631 0.629582
v -0.362572 -0.191631 0.591658
v -0.429369 -0.191631 0.545122
v -0.490658 -0.191631 0.490680
v -0.545099 -0.191631 0.429391
v -0.591635 -0.191631 0.362595
v -0.629559 -0.191631 0.291820
v -0.658546 -0.191631 0.218672
v -0.678639 -0.191631 0.144724
v -0.690211 -0.191631 0.071425
v -0.693895 -0.191631 0.000023
v -0.690211 -0.191631 -0.071379
v 0.000000 -0.189852 0.697142
v -0.071734 -0.189852 0.693442
v -0.145374 -0.189852 0.681816
v -0.219665 -0.189852 0.661629
v -0.293153 -0.189852 0.632508
v -0.364257 -0.189852 0.594407
v -0.431364 -0.189852 0.547655
v -0.492939 -0.189852 0.492960
v -0.547632 -0.189851 0.431387
v -0.594384 -0.189851 0.364280
v -0.632485 -0.189851 0.293176
v -0.661606 -0.189851 0.219688
v -0.681793 -0.189851 0.145397
v -0.693419 -0.189851 0.071756
v -0.697120 -0.189851 0.000023
v -0.693419 -0.189851 -0.071711
v -0.071975 -0.187883 0.695780
v 0.000000 -0.187367 0.699989
v -0.072176 -0.185574 0.697714
v 0.000000 -0.184405 0.702193
v -0.072328 -0.183045 0.699188
v 0.000000 -0.181178 0.703683
v -0.072433 -0.180359 0.700206
v 0.000000 -0.177625 0.704503
v -0.072504 -0.176023 0.700886
v 0.000000 -0.173867 0.704560
v -0.072458 -0.171545 0.700448
v 0.000000 -0.170155 0.703805
v -0.072299 -0.167358 0.698907
v 0.000000 -0.166742 0.702299
v -0.068629 -0.163829 0.696808
v -0.000001 -0.163829 0.700186
v -0.136599 -0.163829 0.686747
v -0.146520 -0.167358 0.687190
v -0.146843 -0.171545 0.688705
v -0.221884 -0.171545 0.668314
v -0.222023 -0.176023 0.668732
v -0.296300 -0.176023 0.639298
v -0.296012 -0.180359 0.638677
v -0.367810 -0.180359 0.600205
v -0.367275 -0.183045 0.599332
v -0.434939 -0.183045 0.552193
v -0.434022 -0.185574 0.551029
v -0.495976 -0.185574 0.495997
v -0.494601 -0.187883 0.494622
v -0.549478 -0.187883 0.432841
v -0.203256 -0.163829 0.670063
v -0.221396 -0.167358 0.666844
v -0.296115 -0.171545 0.638898
v -0.368167 -0.176023 0.600788
v -0.435572 -0.180359 0.552997
v -0.497024 -0.183045 0.497044
v -0.551006 -0.185574 0.434045
v -0.596388 -0.187883 0.365508
v -0.267951 -0.163829 0.646905
v -0.295463 -0.167358 0.637493
v -0.367937 -0.171545 0.600413
v -0.435995 -0.176023 0.553534
v -0.497748 -0.180359 0.497767
v -0.552170 -0.183045 0.434961
v -0.598047 -0.185574 0.366524
v -0.634617 -0.187883 0.294164
v -0.330059 -0.163829 0.617509
v -0.367128 -0.167358 0.599092
v -0.435722 -0.171545 0.553188
v -0.498232 -0.176023 0.498251
v -0.552974 -0.180359 0.435595
v -0.599310 -0.183045 0.367298
v -0.636382 -0.185574 0.294982
v -0.663837 -0.187883 0.220428
v -0.388999 -0.163829 0.582188
v -0.434764 -0.167358 0.551971
v -0.497921 -0.171545 0.497939
v -0.553511 -0.176023 0.436018
v -0.600182 -0.180359 0.367833
v -0.637726 -0.183045 0.295605
v -0.665683 -0.185574 0.221041
v -0.684092 -0.187883 0.145887
v -0.444196 -0.163829 0.541270
v -0.496826 -0.167358 0.496843
v -0.553165 -0.171545 0.435745
v -0.600765 -0.176023 0.368190
v -0.638654 -0.180359 0.296035
v -0.667089 -0.183045 0.221508
v -0.685994 -0.185574 0.146293
v -0.695757 -0.187883 0.071998
v -0.495103 -0.163829 0.495119
v -0.541246 -0.163829 0.444202
v -0.551948 -0.167358 0.434787
v -0.582174 -0.163829 0.389007
v -0.599069 -0.167358 0.367151
v -0.617503 -0.163829 0.330074
v -0.637470 -0.167358 0.295486
v -0.646880 -0.163829 0.267961
v -0.666821 -0.167358 0.221419
v -0.670025 -0.163829 0.203266
v -0.687167 -0.167358 0.146543
v -0.686721 -0.163829 0.136616
v -0.698884 -0.167358 0.072322
v -0.696798 -0.163829 0.068649
v -0.702614 -0.167358 0.000023
v -0.700174 -0.163829 0.000023
v -0.696798 -0.163829 -0.068606
v -0.698884 -0.167358 -0.072276
v -0.686720 -0.163829 -0.136576
v -0.330058 -0.163829 -0.617476
v -0.331208 -0.167358 -0.619628
v -0.277719 -0.171545 -0.647061
v -0.222023 -0.176023 -0.668686
v -0.165539 -0.180359 -0.684155
v -0.109287 -0.183044 -0.694325
v -0.053907 -0.185574 -0.699317
v -0.000000 -0.187367 -0.699943
v -0.277108 -0.167358 -0.645638
v -0.267944 -0.163829 -0.646851
v -0.221396 -0.167358 -0.666798
v -0.203250 -0.163829 -0.669995
v -0.165232 -0.167358 -0.682886
v -0.136598 -0.163829 -0.686699
v -0.109243 -0.167358 -0.694046
v -0.068627 -0.163829 -0.696786
v -0.054000 -0.167358 -0.700513
v -0.000000 -0.166742 -0.702253
v -0.000000 -0.170155 -0.703759
v 0.000001 -0.163829 -0.700141
v -0.054119 -0.171545 -0.702058
v -0.000000 -0.173867 -0.704514
v -0.054153 -0.176023 -0.702496
v -0.000000 -0.177625 -0.704457
v -0.054100 -0.180359 -0.701815
v -0.000000 -0.181178 -0.703638
v -0.054021 -0.183044 -0.700794
v -0.000000 -0.184405 -0.702148
v -0.000000 -0.192548 -0.683083
v -0.000000 -0.191306 -0.679535
v -0.052378 -0.192097 -0.679478
v -0.000000 -0.189318 -0.676310
v -0.052143 -0.190730 -0.676421
v -0.000000 -0.186728 -0.673626
v -0.051931 -0.188803 -0.673681
v 0.000000 -0.183751 -0.671618
v -0.051754 -0.186421 -0.671383
v -0.065833 -0.183751 -0.668380
v -0.104700 -0.186421 -0.665186
v -0.131034 -0.183751 -0.658710
v -0.158361 -0.186421 -0.654490
v -0.194970 -0.183751 -0.642692
v -0.212190 -0.186421 -0.639070
v -0.257028 -0.183751 -0.620488
v -0.265586 -0.186421 -0.618790
v -0.316611 -0.183751 -0.592308
v -0.317440 -0.186421 -0.593860
v -0.368490 -0.186421 -0.563608
v -0.369751 -0.188803 -0.565537
v -0.418111 -0.188803 -0.530784
v -0.419812 -0.190730 -0.532944
v -0.465337 -0.190730 -0.493695
v -0.467439 -0.192097 -0.495926
v -0.509553 -0.192097 -0.452548
v -0.373145 -0.183751 -0.558418
v -0.416685 -0.186421 -0.528974
v -0.463451 -0.188803 -0.491695
v -0.507261 -0.190730 -0.450512
v -0.547562 -0.192097 -0.405736
v -0.426089 -0.183751 -0.519156
v -0.461871 -0.186421 -0.490018
v -0.505206 -0.188803 -0.448687
v -0.545099 -0.190730 -0.403910
v -0.581080 -0.192097 -0.356081
v -0.474922 -0.183751 -0.474890
v -0.503483 -0.186421 -0.447157
v -0.542891 -0.188803 -0.402274
v -0.578467 -0.190730 -0.354479
v -0.609833 -0.192097 -0.304227
v -0.519188 -0.183751 -0.426055
v -0.541040 -0.186421 -0.400902
v -0.576123 -0.188803 -0.353043
v -0.607090 -0.190730 -0.302858
v -0.633666 -0.192097 -0.250840
v -0.558450 -0.183751 -0.373112
v -0.574158 -0.186421 -0.351839
v -0.604630 -0.188803 -0.301631
v -0.630816 -0.190730 -0.249711
v -0.652541 -0.192097 -0.196584
v -0.592338 -0.183751 -0.316577
v -0.602569 -0.186421 -0.300603
v -0.628260 -0.188803 -0.248699
v -0.649606 -0.190730 -0.195699
v -0.666533 -0.192097 -0.142097
v -0.620517 -0.183751 -0.256994
v -0.626118 -0.186421 -0.247851
v -0.646974 -0.188803 -0.194906
v -0.663535 -0.190730 -0.141458
v -0.677899 -0.192097 -0.070105
v -0.642719 -0.183751 -0.194937
v -0.644768 -0.186421 -0.194242
v -0.660847 -0.188803 -0.140885
v -0.674849 -0.190730 -0.069790
v -0.681516 -0.192097 0.000023
v -0.658593 -0.186421 -0.140404
v -0.658733 -0.183751 -0.131004
v -0.669823 -0.186421 -0.069270
v -0.668400 -0.183751 -0.065807
v -0.673398 -0.186421 0.000023
v -0.671638 -0.183751 0.000023
v -0.668400 -0.183751 0.065854
v -0.669823 -0.186421 0.069315
v -0.658732 -0.183751 0.131054
v -0.658593 -0.186421 0.140450
v -0.642716 -0.183751 0.194990
v -0.639093 -0.186421 0.212213
v -0.620513 -0.183751 0.257050
v -0.610963 -0.186421 0.283200
v -0.592332 -0.183751 0.316631
v -0.574158 -0.186421 0.351885
v -0.558442 -0.183751 0.373161
v -0.528997 -0.186421 0.416708
v -0.519182 -0.183751 0.426105
v -0.476163 -0.186421 0.476189
v -0.474920 -0.183751 0.474946
v -0.426088 -0.183751 0.519215
v -0.416685 -0.186421 0.529020
v -0.373141 -0.183751 0.558466
v -0.351862 -0.186421 0.574181
v -0.316603 -0.183751 0.592346
v -0.283177 -0.186421 0.610986
v -0.257027 -0.183751 0.620541
v -0.212190 -0.186421 0.639116
v -0.194969 -0.183751 0.642747
v -0.140427 -0.186421 0.658616
v -0.131029 -0.183751 0.658755
v -0.146935 -0.176023 0.689135
v -0.146792 -0.180359 0.688467
v -0.146579 -0.183045 0.687466
v -0.146270 -0.185574 0.686017
v -0.145864 -0.187883 0.684115
v -0.142120 -0.192097 0.666556
v -0.214748 -0.192097 0.646821
v -0.286591 -0.192097 0.618351
v -0.356104 -0.192097 0.581103
v -0.421709 -0.192097 0.535397
v -0.481904 -0.192097 0.481928
v -0.535375 -0.192097 0.421732
v -0.581080 -0.192097 0.356127
v -0.618328 -0.192097 0.286614
v -0.646798 -0.192097 0.214771
v -0.666533 -0.192097 0.142143
v -0.677899 -0.192097 0.070151
v -0.141481 -0.190730 0.663558
v -0.213782 -0.190730 0.643911
v -0.285302 -0.190730 0.615570
v -0.354502 -0.190730 0.578489
v -0.419812 -0.190730 0.532989
v -0.479736 -0.190730 0.479761
v -0.532967 -0.190730 0.419835
v -0.578467 -0.190730 0.354525
v -0.615547 -0.190730 0.285325
v -0.643889 -0.190730 0.213805
v -0.663535 -0.190730 0.141504
v -0.674849 -0.190730 0.069835
v -0.678451 -0.190730 0.000023
v -0.140908 -0.188803 0.660869
v -0.212916 -0.188803 0.641303
v -0.284146 -0.188803 0.613076
v -0.353066 -0.188803 0.576146
v -0.418111 -0.188803 0.530830
v -0.477792 -0.188803 0.477818
v -0.530807 -0.188803 0.418134
v -0.576123 -0.188803 0.353089
v -0.613053 -0.188803 0.284169
v -0.641280 -0.188803 0.212939
v -0.660847 -0.188803 0.140931
v -0.672115 -0.188803 0.069553
v -0.675702 -0.188803 0.000023
v -0.672115 -0.188803 -0.069507
v -0.221808 -0.180359 0.668083
v -0.221485 -0.183045 0.667112
v -0.221018 -0.185574 0.665706
v -0.220406 -0.187883 0.663860
v -0.295582 -0.183045 0.637749
v -0.294959 -0.185574 0.636405
v -0.294141 -0.187883 0.634640
v -0.366501 -0.185574 0.598069
v -0.365485 -0.187883 0.596411
v -0.432818 -0.187883 0.549501
v -0.600390 -0.171545 0.367960
v -0.639275 -0.176023 0.296323
v -0.668060 -0.180359 0.221830
v -0.687443 -0.183045 0.146601
v -0.697692 -0.185574 0.072198
v -0.699470 -0.187883 0.000023
v -0.638876 -0.171545 0.296138
v -0.668709 -0.176023 0.222046
v -0.688444 -0.180359 0.146815
v -0.699165 -0.183045 0.072351
v -0.701415 -0.185574 0.000023
v -0.695757 -0.187883 -0.071953
v -0.668291 -0.171545 0.221907
v -0.689113 -0.176023 0.146957
v -0.700183 -0.180359 0.072456
v -0.702896 -0.183045 0.000023
v -0.697692 -0.185574 -0.072153
v -0.688682 -0.171545 0.146866
v -0.700863 -0.176023 0.072526
v -0.703920 -0.180359 0.000023
v -0.699165 -0.183045 -0.072305
v -0.700425 -0.171545 0.072481
v -0.704603 -0.176023 0.000023
v -0.700183 -0.180359 -0.072410
v -0.704163 -0.171545 0.000023
v -0.700863 -0.176023 -0.072481
v -0.700425 -0.171545 -0.072435
v -0.641971 -0.192682 -0.254127
v -0.617826 -0.192682 -0.308214
v -0.588696 -0.192682 -0.360748
v -0.554739 -0.192682 -0.411053
v -0.516231 -0.192682 -0.458479
v -0.473565 -0.192682 -0.502426
v -0.427236 -0.192682 -0.542368
v -0.377820 -0.192682 -0.577879
v -0.325476 -0.192682 -0.608897
v -0.272310 -0.192682 -0.634458
v -0.217563 -0.192682 -0.655252
v -0.162371 -0.192682 -0.671062
v -0.107351 -0.192682 -0.682029
v -0.645175 -0.191631 -0.255396
v -0.620910 -0.191631 -0.309753
v -0.591635 -0.191631 -0.362549
v -0.557508 -0.191631 -0.413106
v -0.518808 -0.191631 -0.460768
v -0.475929 -0.191631 -0.504934
v -0.429369 -0.191631 -0.545076
v -0.379706 -0.191631 -0.580764
v -0.327100 -0.191631 -0.611937
v -0.273669 -0.191631 -0.637625
v -0.218649 -0.191631 -0.658523
v -0.163181 -0.191631 -0.674412
v -0.107887 -0.191631 -0.685433
v -0.648174 -0.189851 -0.256583
v -0.623795 -0.189851 -0.311193
v -0.594384 -0.189851 -0.364234
v -0.560099 -0.189851 -0.415025
v -0.521219 -0.189851 -0.462909
v -0.478141 -0.189851 -0.507281
v -0.431364 -0.189851 -0.547609
v -0.381471 -0.189851 -0.583463
v -0.328620 -0.189851 -0.614781
v -0.274941 -0.189851 -0.640589
v -0.219665 -0.189851 -0.661583
v -0.163940 -0.189851 -0.677546
v -0.108389 -0.189851 -0.688619
v -0.650359 -0.187883 -0.257448
v -0.625899 -0.187883 -0.312242
v -0.596388 -0.187883 -0.365462
v -0.561987 -0.187883 -0.416425
v -0.522976 -0.187883 -0.464470
v -0.479753 -0.187883 -0.508991
v -0.432818 -0.187883 -0.549456
v -0.382757 -0.187883 -0.585430
v -0.329728 -0.187883 -0.616855
v -0.275868 -0.187883 -0.642748
v -0.220406 -0.187883 -0.663814
v -0.164492 -0.187883 -0.679830
v -0.652167 -0.185574 -0.258164
v -0.627639 -0.185574 -0.313110
v -0.598047 -0.185574 -0.366478
v -0.563550 -0.185574 -0.417583
v -0.524431 -0.185574 -0.465762
v -0.481087 -0.185574 -0.510406
v -0.434022 -0.185574 -0.550983
v -0.383821 -0.185574 -0.587058
v -0.330644 -0.185574 -0.618570
v -0.276635 -0.185574 -0.644536
v -0.221018 -0.185574 -0.665660
v -0.653545 -0.183045 -0.258710
v -0.628964 -0.183045 -0.313772
v -0.599310 -0.183044 -0.367253
v -0.564740 -0.183044 -0.418465
v -0.525538 -0.183044 -0.466746
v -0.482103 -0.183044 -0.511484
v -0.434939 -0.183044 -0.552147
v -0.384632 -0.183044 -0.588298
v -0.331343 -0.183044 -0.619877
v -0.277220 -0.183044 -0.645897
v -0.654496 -0.180359 -0.259086
v -0.629880 -0.180359 -0.314229
v -0.600182 -0.180359 -0.367787
v -0.565562 -0.180359 -0.419074
v -0.526303 -0.180359 -0.467425
v -0.482805 -0.180359 -0.512229
v -0.435572 -0.180359 -0.552951
v -0.385192 -0.180359 -0.589155
v -0.331825 -0.180359 -0.620779
v -0.655132 -0.176023 -0.259338
v -0.630492 -0.176023 -0.314534
v -0.600765 -0.176023 -0.368144
v -0.566112 -0.176023 -0.419481
v -0.526814 -0.176023 -0.467879
v -0.483274 -0.176023 -0.512727
v -0.435995 -0.176023 -0.553488
v -0.385566 -0.176023 -0.589727
v -0.654723 -0.171545 -0.259176
v -0.630098 -0.171545 -0.314337
v -0.600390 -0.171545 -0.367915
v -0.565758 -0.171545 -0.419219
v -0.526485 -0.171545 -0.467587
v -0.482972 -0.171545 -0.512406
v -0.435722 -0.171545 -0.553142
v -0.421709 -0.192097 -0.535352
v -0.372932 -0.192097 -0.570403
v -0.321266 -0.192097 -0.601020
v -0.268787 -0.192097 -0.626250
v -0.214748 -0.192097 -0.646775
v -0.160270 -0.192097 -0.662380
v -0.105963 -0.192097 -0.673205
v -0.371255 -0.190730 -0.567837
v -0.318526 -0.188803 -0.595892
v -0.319821 -0.190730 -0.598316
v -0.267578 -0.190730 -0.623433
v -0.213782 -0.190730 -0.643866
v -0.159549 -0.190730 -0.659401
v -0.105486 -0.190730 -0.670177
v -0.221884 -0.171545 -0.668268
v -0.165699 -0.176023 -0.684820
v -0.109446 -0.180359 -0.695336
v -0.266494 -0.188803 -0.620907
v -0.212916 -0.188803 -0.641257
v -0.158903 -0.188803 -0.656729
v -0.105059 -0.188803 -0.667462
v -0.165596 -0.171545 -0.684392
v -0.109552 -0.176023 -0.696012
v -0.109484 -0.171545 -0.695577
v 0.215476 0.176914 0.000023
v 0.219149 0.183764 0.000022
v 0.212937 0.177038 -0.033492
v 0.214918 0.183764 -0.042734
v 0.204577 0.177038 -0.067900
v 0.202471 0.183764 -0.083854
v 0.190025 0.177038 -0.101740
v 0.182211 0.183764 -0.121726
v 0.169335 0.177038 -0.133360
v 0.154953 0.183764 -0.154937
v 0.143145 0.177038 -0.161145
v 0.121750 0.183764 -0.182192
v 0.112633 0.177038 -0.183768
v 0.083854 0.183764 -0.202444
v 0.079346 0.177038 -0.200401
v 0.042756 0.183764 -0.214935
v 0.044951 0.177038 -0.210796
v -0.000001 0.177038 -0.215535
v -0.000000 0.170802 -0.210536
v -0.043909 0.170802 -0.205907
v -0.042566 0.165074 -0.199610
v -0.085837 0.165074 -0.185172
v -0.082513 0.159866 -0.178000
v -0.121414 0.159866 -0.154117
v -0.110620 0.151992 -0.140413
v -0.140436 0.151992 -0.110597
v -0.123305 0.145694 -0.097103
v -0.142411 0.145694 -0.065984
v -0.112751 0.139843 -0.052237
v -0.121542 0.139843 -0.025893
v -0.084683 0.135944 -0.018033
v -0.116490 0.138843 0.000023
v -0.080791 0.135525 0.000023
v -0.000001 0.183764 -0.219115
v -0.042759 0.183764 -0.214919
v -0.044951 0.177038 -0.210796
v -0.083865 0.183764 -0.202433
v -0.090647 0.177038 -0.195549
v -0.121766 0.183764 -0.182199
v -0.133383 0.177038 -0.169312
v -0.154965 0.183764 -0.154945
v -0.169335 0.177038 -0.133360
v -0.182213 0.183764 -0.121721
v -0.195572 0.177038 -0.090624
v -0.202466 0.183764 -0.083841
v -0.210819 0.177038 -0.044929
v -0.214916 0.183764 -0.042727
v -0.215476 0.176914 0.000023
v -0.219149 0.183764 0.000023
v -0.205930 0.170802 -0.043886
v -0.210345 0.170579 0.000023
v -0.199633 0.165074 -0.042543
v -0.203721 0.164772 0.000023
v -0.191902 0.159866 -0.040895
v -0.195576 0.159503 0.000023
v -0.174840 0.151992 -0.037257
v -0.174714 0.150599 0.000023
v -0.153513 0.145694 -0.032710
v -0.148096 0.143784 0.000023
v 0.000000 0.133003 0.000023
v 0.080791 0.135525 0.000023
v 0.085534 0.135944 -0.013440
v 0.116490 0.138843 0.000023
v 0.122762 0.139843 -0.019299
v 0.148096 0.143784 0.000023
v 0.155055 0.145694 -0.024382
v 0.174714 0.150599 0.000023
v 0.176596 0.151992 -0.027772
v 0.195576 0.159503 0.000023
v 0.193829 0.159866 -0.030485
v 0.203721 0.164772 0.000023
v 0.201638 0.165074 -0.031714
v 0.210345 0.170579 0.000023
v 0.207998 0.170802 -0.032715
v -0.078559 0.135944 -0.036389
v -0.068019 0.135944 -0.053555
v -0.053578 0.135944 -0.067997
v -0.036411 0.135944 -0.078536
v -0.018056 0.135944 -0.084660
v -0.000000 0.135944 -0.086564
v 0.018056 0.135944 -0.084660
v 0.031872 0.135944 -0.080485
v 0.045243 0.135944 -0.073803
v 0.057499 0.135944 -0.064716
v 0.068019 0.135944 -0.053555
v 0.076331 0.135944 -0.040854
v 0.082176 0.135944 -0.027261
v 0.199832 0.170802 -0.066325
v 0.185618 0.170802 -0.099380
v 0.165407 0.170802 -0.130267
v 0.139825 0.170802 -0.157407
v 0.110020 0.170802 -0.179505
v 0.077506 0.170802 -0.195752
v 0.043909 0.170802 -0.205907
v 0.193722 0.165074 -0.064296
v 0.179942 0.165074 -0.096341
v 0.160350 0.165074 -0.126283
v 0.135549 0.165074 -0.152593
v 0.106657 0.165074 -0.174016
v 0.075136 0.165074 -0.189766
v 0.042566 0.165074 -0.199610
v -0.000000 0.165074 -0.204098
v 0.186220 0.159866 -0.061805
v 0.172974 0.159866 -0.092609
v 0.154140 0.159866 -0.121391
v 0.130300 0.159866 -0.146683
v 0.102526 0.159866 -0.167276
v 0.072226 0.159866 -0.182416
v 0.040918 0.159866 -0.191879
v -0.000000 0.159866 -0.196193
v -0.040918 0.159866 -0.191879
v 0.169663 0.151992 -0.056308
v 0.157595 0.151992 -0.084373
v 0.140436 0.151992 -0.110597
v 0.118715 0.151992 -0.133639
v 0.093411 0.151992 -0.152402
v 0.065804 0.151992 -0.166196
v 0.037280 0.151992 -0.174817
v -0.000000 0.151992 -0.178748
v -0.037280 0.151992 -0.174817
v -0.075177 0.151992 -0.162173
v 0.148968 0.145694 -0.049437
v 0.138372 0.145694 -0.074079
v 0.123305 0.145694 -0.097103
v 0.104234 0.145694 -0.117335
v 0.082016 0.145694 -0.133809
v 0.057778 0.145694 -0.145921
v 0.032733 0.145694 -0.153490
v -0.000000 0.145694 -0.156941
v -0.032733 0.145694 -0.153490
v -0.066007 0.145694 -0.142388
v -0.097126 0.145694 -0.123282
v 0.117943 0.139843 -0.039136
v 0.109553 0.139843 -0.058646
v 0.097625 0.139843 -0.076875
v 0.082526 0.139843 -0.092893
v 0.064935 0.139843 -0.105936
v 0.045744 0.139843 -0.115525
v 0.025915 0.139843 -0.121519
v -0.000000 0.139843 -0.124251
v -0.025915 0.139843 -0.121519
v -0.052260 0.139843 -0.112729
v -0.076898 0.139843 -0.097602
v -0.097625 0.139843 -0.076875
v -0.088544 0.170802 -0.191013
v -0.126306 0.165074 -0.160327
v -0.154140 0.159866 -0.121391
v -0.162195 0.151992 -0.075154
v -0.130290 0.170802 -0.165384
v -0.160350 0.165074 -0.126283
v -0.178023 0.159866 -0.082490
v -0.165407 0.170802 -0.130267
v -0.185195 0.165074 -0.085814
v -0.191036 0.170802 -0.088521
v 0.214915 0.183764 0.042774
v 0.220144 0.185730 0.000021
v 0.214997 0.186367 0.049095
v 0.216831 0.188647 0.049514
v 0.200408 0.188647 0.096533
v 0.202118 0.190241 0.097357
v 0.175380 0.190241 0.139885
v 0.177601 0.191814 0.141657
v 0.141654 0.191814 0.177650
v 0.143595 0.192749 0.180083
v 0.099916 0.192749 0.207489
v 0.129460 0.193003 0.193761
v 0.089163 0.193003 0.215275
v 0.051246 0.192749 0.224538
v 0.045460 0.193003 0.228549
v -0.000002 0.192749 0.230295
v -0.000002 0.193003 0.233010
v -0.045460 0.193003 0.228566
v -0.051246 0.192749 0.224555
v -0.089156 0.193003 0.215284
v -0.099906 0.192749 0.207493
v -0.129446 0.193003 0.193752
v -0.143581 0.192749 0.180070
v -0.164747 0.193003 0.164774
v -0.180030 0.192749 0.143592
v -0.193727 0.193003 0.129464
v -0.207489 0.192749 0.099949
v -0.215267 0.193003 0.089199
v -0.224489 0.192749 0.051268
v -0.228501 0.193003 0.045480
v -0.230883 0.192853 0.000023
v -0.232998 0.193003 0.000023
v 0.202465 0.183764 0.083890
v 0.198713 0.186367 0.095717
v 0.173895 0.188647 0.138701
v 0.139882 0.190241 0.175428
v 0.098566 0.191814 0.204685
v 0.182210 0.183764 0.121771
v 0.172425 0.186367 0.137528
v 0.138698 0.188647 0.173943
v 0.097333 0.190241 0.202125
v 0.050554 0.191814 0.221504
v 0.154963 0.183764 0.154993
v 0.137525 0.186367 0.172472
v 0.096509 0.188647 0.200415
v 0.049921 0.190241 0.218733
v -0.000002 0.191814 0.227183
v 0.121763 0.183764 0.182246
v 0.095693 0.186367 0.198720
v 0.049499 0.188647 0.216882
v -0.000002 0.190241 0.224341
v -0.050553 0.191814 0.221520
v 0.083862 0.183764 0.202480
v 0.049080 0.186367 0.215048
v -0.000002 0.188647 0.222443
v -0.049921 0.190241 0.218749
v -0.098556 0.191814 0.204689
v 0.042756 0.183764 0.214965
v -0.000002 0.186367 0.220561
v -0.049498 0.188647 0.216899
v -0.097323 0.190241 0.202129
v -0.141641 0.191814 0.177637
v -0.000002 0.183764 0.219161
v -0.042758 0.183764 0.214981
v -0.049080 0.186367 0.215064
v -0.083857 0.183764 0.202488
v -0.095683 0.186367 0.198723
v -0.121752 0.183764 0.182237
v -0.137512 0.186367 0.172460
v -0.154954 0.183764 0.154981
v -0.172421 0.186367 0.137523
v -0.182212 0.183764 0.121770
v -0.198718 0.186367 0.095725
v -0.202472 0.183764 0.083898
v -0.215000 0.186367 0.049102
v -0.214919 0.183764 0.042778
v -0.221352 0.187456 0.000023
v -0.220099 0.185659 0.000023
v -0.222890 0.189085 0.000023
v -0.216834 0.188647 0.049520
v -0.200413 0.188647 0.096542
v -0.173891 0.188647 0.138696
v -0.138685 0.188647 0.173931
v -0.096500 0.188647 0.200418
v -0.224674 0.190481 0.000023
v -0.218685 0.190241 0.049943
v -0.202124 0.190241 0.097365
v -0.175375 0.190241 0.139880
v -0.139869 0.190241 0.175415
v -0.226648 0.191592 0.000023
v -0.221455 0.191814 0.050575
v -0.204684 0.191814 0.098599
v -0.177597 0.191814 0.141651
v -0.228743 0.192387 0.000023
v 0.164757 0.193003 0.164786
v 0.180034 0.192749 0.143597
v 0.204679 0.191814 0.098590
v 0.218681 0.190241 0.049936
v 0.221416 0.187532 0.000021
v 0.193727 0.193003 0.129464
v 0.207483 0.192749 0.099940
v 0.221452 0.191814 0.050568
v 0.222936 0.189127 0.000021
v 0.215261 0.193003 0.089189
v 0.224485 0.192749 0.051261
v 0.226595 0.191558 0.000021
v 0.224675 0.190479 0.000021
v 0.228498 0.193003 0.045474
v 0.228652 0.192350 0.000021
v 0.232998 0.193003 0.000021
v 0.230801 0.192837 0.000021
v 0.698879 -0.162149 0.000026
v 0.700174 -0.163829 0.000029
v 0.695509 -0.162149 -0.068478
v 0.695093 -0.163010 -0.078289
v 0.685450 -0.162149 -0.136321
v 0.681960 -0.163010 -0.155624
v 0.668785 -0.162149 -0.202851
v 0.660243 -0.163010 -0.231001
v 0.645682 -0.162149 -0.267428
v 0.630231 -0.163010 -0.303474
v 0.616359 -0.162149 -0.329426
v 0.604964 -0.163010 -0.351133
v 0.581094 -0.162149 -0.388249
v 0.576102 -0.163010 -0.396706
v 0.540240 -0.162149 -0.443340
v 0.543818 -0.163010 -0.439924
v 0.508298 -0.163010 -0.480527
v 0.541243 -0.163829 -0.444159
v 0.495100 -0.163829 -0.495077
v 0.696798 -0.163829 -0.068599
v 0.686721 -0.163829 -0.136569
v 0.670025 -0.163829 -0.203222
v 0.646880 -0.163829 -0.267920
v 0.617503 -0.163829 -0.330033
v 0.582172 -0.163829 -0.388965
v 0.469758 -0.163010 -0.518274
v 0.444193 -0.163829 -0.541228
v 0.428423 -0.163010 -0.552933
v 0.388996 -0.163829 -0.582145
v 0.384532 -0.163010 -0.584290
v 0.338357 -0.163010 -0.612179
v 0.388275 -0.162149 -0.581070
v 0.329445 -0.162149 -0.616323
v 0.290178 -0.163010 -0.636444
v 0.267452 -0.162149 -0.645664
v 0.240273 -0.163010 -0.656927
v 0.202877 -0.162149 -0.668779
v 0.188932 -0.163010 -0.673491
v 0.136344 -0.162149 -0.685432
v 0.136464 -0.163010 -0.686036
v 0.083192 -0.163010 -0.694494
v 0.136597 -0.163829 -0.686702
v 0.068628 -0.163829 -0.696763
v 0.330057 -0.163829 -0.617465
v 0.267949 -0.163829 -0.646860
v 0.203254 -0.163829 -0.670018
v 0.029425 -0.163010 -0.698837
v -0.024517 -0.163010 -0.699040
v -0.078315 -0.163010 -0.695081
v -0.131649 -0.163010 -0.686975
v -0.184198 -0.163010 -0.674780
v -0.136346 -0.162149 -0.685429
v -0.202874 -0.162149 -0.668756
v -0.235650 -0.163010 -0.658577
v -0.267448 -0.162149 -0.645654
v -0.285702 -0.163010 -0.638466
v -0.329447 -0.162149 -0.616334
v -0.334054 -0.163010 -0.614551
v -0.380420 -0.163010 -0.586977
v -0.424527 -0.163010 -0.555917
v -0.466104 -0.163010 -0.521548
v -0.504909 -0.163010 -0.484079
v -0.540717 -0.163010 -0.443734
v -0.573303 -0.163010 -0.400746
v -0.540240 -0.162149 -0.443343
v -0.581095 -0.162149 -0.388253
v -0.602483 -0.163010 -0.355373
v -0.616359 -0.162149 -0.329426
v -0.628083 -0.163010 -0.307890
v -0.645681 -0.162149 -0.267427
v -0.649940 -0.163010 -0.258574
v -0.668784 -0.162149 -0.202852
v -0.667934 -0.163010 -0.207720
v -0.681958 -0.163010 -0.155632
v -0.695092 -0.163010 -0.078296
v -0.698879 -0.162149 0.000023
v -0.695509 -0.162149 -0.068479
v -0.685450 -0.162149 -0.136324
v -0.494179 -0.162149 -0.494156
v -0.443365 -0.162149 -0.540216
v -0.388274 -0.162149 -0.581070
v -0.068501 -0.162149 -0.695497
v 0.000001 -0.162149 -0.698846
v 0.068500 -0.162149 -0.695474
v 0.443369 -0.162149 -0.540228
v 0.494182 -0.162149 -0.494163
v 0.259650 0.096469 -0.051629
v 0.264766 0.096469 0.000022
v 0.320538 0.085377 -0.024685
v 0.335775 0.082052 0.000023
v 0.374491 0.071493 -0.028844
v 0.402573 0.063131 0.000023
v 0.425654 0.054615 -0.032788
v 0.464738 0.039255 0.000023
v 0.473786 0.034487 -0.036498
v 0.521796 0.009916 0.000023
v 0.518657 0.010859 -0.039957
v 0.560143 -0.016399 -0.043155
v 0.513870 0.010859 -0.080858
v 0.554973 -0.016399 -0.087327
v 0.505607 0.010859 -0.122310
v 0.546049 -0.016399 -0.132095
v 0.493696 0.010859 -0.163893
v 0.533185 -0.016399 -0.177004
v 0.478029 0.010859 -0.205140
v 0.516265 -0.016399 -0.221551
v 0.495384 -0.016399 -0.264967
v 0.529154 -0.047226 -0.282978
v 0.502263 -0.047226 -0.328346
v 0.531663 -0.081419 -0.347567
v 0.471400 -0.047226 -0.371294
v 0.498994 -0.081419 -0.393029
v 0.436685 -0.047226 -0.411559
v 0.462247 -0.081419 -0.435652
v 0.398491 -0.047225 -0.448641
v 0.421817 -0.081419 -0.474903
v 0.357272 -0.047225 -0.482108
v 0.378185 -0.081419 -0.510330
v 0.313551 -0.047225 -0.511621
v 0.331905 -0.081419 -0.541570
v 0.267893 -0.047225 -0.536938
v 0.283575 -0.081419 -0.568369
v 0.220886 -0.047225 -0.557923
v 0.233815 -0.081419 -0.590582
v 0.173113 -0.047225 -0.574543
v 0.183246 -0.081419 -0.608175
v 0.125137 -0.047225 -0.586863
v 0.132462 -0.081419 -0.621216
v 0.061748 -0.047225 -0.596870
v 0.065362 -0.081419 -0.631809
v 0.000000 -0.081419 -0.635181
v 0.000000 -0.136760 -0.681116
v -0.070089 -0.136760 -0.677500
v 0.573484 -0.025167 0.000023
v 0.598304 -0.047226 -0.046096
v 0.592781 -0.047226 -0.093278
v 0.583249 -0.047226 -0.141096
v 0.569509 -0.047226 -0.189064
v 0.551436 -0.047226 -0.236646
v 0.560152 -0.081419 -0.299500
v 0.570110 -0.136760 -0.372703
v 0.535078 -0.136760 -0.421452
v 0.495674 -0.136760 -0.467157
v 0.452320 -0.136760 -0.509248
v 0.405534 -0.136760 -0.547236
v 0.355907 -0.136760 -0.580736
v 0.304081 -0.136760 -0.609473
v 0.250724 -0.136760 -0.633292
v 0.196498 -0.136760 -0.652157
v 0.142041 -0.136760 -0.666141
v 0.070089 -0.136760 -0.677500
v 0.619965 -0.065819 0.000023
v 0.633325 -0.081419 -0.048796
v 0.627479 -0.081419 -0.098739
v 0.617390 -0.081419 -0.149356
v 0.602845 -0.081419 -0.200132
v 0.583715 -0.081419 -0.250499
v 0.600696 -0.136760 -0.321091
v 0.661643 -0.111608 0.000023
v 0.679124 -0.136760 -0.052326
v 0.672855 -0.136760 -0.105881
v 0.662036 -0.136760 -0.160159
v 0.646440 -0.136760 -0.214606
v 0.625926 -0.136760 -0.268616
v -0.142041 -0.136760 -0.666141
v -0.214629 -0.136760 -0.646417
v -0.286433 -0.136760 -0.617963
v -0.355907 -0.136760 -0.580736
v -0.421475 -0.136760 -0.535055
v -0.481638 -0.136760 -0.481615
v -0.535078 -0.136760 -0.421452
v -0.580759 -0.136760 -0.355884
v -0.617986 -0.136760 -0.286410
v -0.646440 -0.136760 -0.214606
v -0.666164 -0.136760 -0.142019
v -0.677523 -0.136760 -0.070066
v -0.661643 -0.111608 0.000023
v -0.631832 -0.081419 -0.065340
v -0.621239 -0.081419 -0.132440
v -0.602845 -0.081419 -0.200132
v -0.576310 -0.081419 -0.267093
v -0.541593 -0.081419 -0.331882
v -0.498994 -0.081419 -0.393029
v -0.449157 -0.081419 -0.449135
v -0.393052 -0.081419 -0.498971
v -0.331905 -0.081419 -0.541570
v -0.267116 -0.081419 -0.576287
v -0.200155 -0.081419 -0.602822
v -0.132462 -0.081419 -0.621216
v -0.065362 -0.081419 -0.631809
v 0.000000 -0.047225 -0.600056
v 0.057810 -0.016399 -0.558800
v 0.117156 -0.016399 -0.549431
v 0.162072 -0.016399 -0.537897
v 0.206797 -0.016399 -0.522337
v 0.250807 -0.016399 -0.502690
v 0.293553 -0.016399 -0.478988
v 0.334485 -0.016399 -0.451358
v 0.373075 -0.016399 -0.420025
v 0.408833 -0.016399 -0.385308
v 0.441334 -0.016399 -0.347611
v 0.470228 -0.016399 -0.307402
v 0.458675 0.010859 -0.245377
v 0.436673 0.034487 -0.187391
v 0.450984 0.034487 -0.149712
v 0.461865 0.034487 -0.111727
v 0.469413 0.034487 -0.073860
v -0.619965 -0.065819 0.000023
v -0.596893 -0.047226 -0.061725
v -0.586886 -0.047226 -0.125115
v -0.569509 -0.047226 -0.189064
v -0.544441 -0.047226 -0.252322
v -0.511644 -0.047226 -0.313528
v -0.471400 -0.047226 -0.371294
v -0.424319 -0.047226 -0.424297
v -0.371317 -0.047225 -0.471377
v -0.313551 -0.047225 -0.511621
v -0.252345 -0.047225 -0.544418
v -0.189087 -0.047225 -0.569486
v -0.125137 -0.047225 -0.586863
v -0.061748 -0.047225 -0.596870
v -0.000000 -0.016399 -0.561782
v 0.053528 0.010859 -0.517412
v 0.108479 0.010859 -0.508736
v 0.150068 0.010859 -0.498057
v 0.191481 0.010859 -0.483649
v 0.232231 0.010859 -0.465458
v 0.271811 0.010859 -0.443511
v 0.309712 0.010859 -0.417927
v 0.345444 0.010859 -0.388915
v 0.378554 0.010859 -0.356770
v 0.408647 0.010859 -0.321864
v 0.435402 0.010859 -0.284633
v 0.418975 0.034487 -0.224180
v 0.392311 0.054615 -0.168351
v 0.405168 0.054615 -0.134500
v 0.414943 0.054615 -0.100374
v 0.421725 0.054615 -0.066354
v -0.573484 -0.025167 0.000023
v -0.558823 -0.016399 -0.057787
v -0.549454 -0.016399 -0.117133
v -0.533185 -0.016399 -0.177004
v -0.509716 -0.016399 -0.236227
v -0.479011 -0.016399 -0.293530
v -0.441334 -0.016399 -0.347611
v -0.397255 -0.016399 -0.397234
v -0.347634 -0.016399 -0.441311
v -0.293553 -0.016399 -0.478988
v -0.236250 -0.016399 -0.509693
v -0.177027 -0.016399 -0.533162
v -0.117156 -0.016399 -0.549431
v -0.057810 -0.016399 -0.558800
v -0.000000 0.010859 -0.520173
v 0.048897 0.034487 -0.472646
v 0.099094 0.034487 -0.464721
v 0.137085 0.034487 -0.454966
v 0.174915 0.034487 -0.441805
v 0.212140 0.034487 -0.425187
v 0.248296 0.034487 -0.405139
v 0.282918 0.034487 -0.381768
v 0.315558 0.034487 -0.355266
v 0.345803 0.034487 -0.325902
v 0.373293 0.034487 -0.294016
v 0.397733 0.034487 -0.260007
v 0.376395 0.054615 -0.201432
v 0.345156 0.071493 -0.148113
v 0.356467 0.071493 -0.118331
v 0.365068 0.071493 -0.088306
v 0.371034 0.071493 -0.058376
v -0.521796 0.009916 0.000023
v -0.517434 0.010859 -0.053505
v -0.508759 0.010859 -0.108456
v -0.493696 0.010859 -0.163893
v -0.471965 0.010859 -0.218730
v -0.443534 0.010859 -0.271788
v -0.408647 0.010859 -0.321864
v -0.367833 0.010859 -0.367812
v -0.321887 0.010859 -0.408624
v -0.271811 0.010859 -0.443511
v -0.218753 0.010859 -0.471942
v -0.163916 0.010859 -0.493673
v -0.108479 0.010859 -0.508736
v -0.053528 0.010859 -0.517412
v -0.000000 0.034487 -0.475169
v 0.043930 0.054615 -0.424627
v 0.089027 0.054615 -0.417508
v 0.123159 0.054615 -0.408743
v 0.157146 0.054615 -0.396919
v 0.190589 0.054615 -0.381990
v 0.223071 0.054615 -0.363978
v 0.254176 0.054615 -0.342982
v 0.283500 0.054615 -0.319172
v 0.310673 0.054615 -0.292791
v 0.335370 0.054615 -0.264145
v 0.357327 0.054615 -0.233590
v 0.331139 0.071493 -0.177243
v 0.295429 0.085377 -0.126771
v 0.305111 0.085377 -0.101279
v 0.312473 0.085377 -0.075581
v 0.317579 0.085377 -0.049962
v -0.472669 0.034487 -0.048874
v -0.464738 0.039255 0.000023
v -0.424650 0.054615 -0.043907
v -0.402573 0.063131 0.000023
v -0.373608 0.071493 -0.038626
v -0.335775 0.082052 0.000023
v -0.319782 0.085377 -0.033058
v -0.264766 0.096469 0.000023
v -0.259652 0.096469 -0.051625
v -0.244611 0.096469 -0.101298
v -0.305111 0.085377 -0.101279
v -0.314421 0.085377 -0.067019
v -0.367344 0.071493 -0.078303
v -0.417531 0.054615 -0.089004
v -0.464744 0.034487 -0.099071
v -0.291681 0.085377 -0.135170
v -0.220141 0.096469 -0.147063
v -0.274111 0.085377 -0.167960
v -0.252550 0.085377 -0.198908
v -0.295059 0.071493 -0.232392
v -0.265589 0.071493 -0.265569
v -0.301874 0.054615 -0.301854
v -0.264167 0.054615 -0.335347
v -0.294039 0.034487 -0.373270
v -0.248296 0.034487 -0.405139
v -0.187222 0.096469 -0.187202
v -0.227326 0.085377 -0.227305
v -0.232415 0.071493 -0.295036
v -0.223071 0.054615 -0.363978
v -0.199828 0.034487 -0.431110
v -0.198931 0.085377 -0.252527
v -0.147112 0.096469 -0.220129
v -0.167983 0.085377 -0.274088
v -0.135192 0.085377 -0.291658
v -0.157948 0.071493 -0.340754
v -0.118353 0.071493 -0.356445
v -0.134523 0.054615 -0.405145
v -0.089027 0.054615 -0.417508
v -0.099094 0.034487 -0.464721
v -0.048897 0.034487 -0.472646
v -0.101321 0.096469 -0.244577
v -0.101302 0.085377 -0.305088
v -0.078326 0.071493 -0.367321
v -0.043930 0.054615 -0.424627
v -0.000000 0.054615 -0.426893
v -0.051659 0.096469 -0.259662
v -0.067042 0.085377 -0.314398
v -0.038649 0.071493 -0.373585
v -0.000000 0.071493 -0.375579
v 0.038649 0.071493 -0.373585
v -0.033081 0.085377 -0.319759
v -0.000000 0.096469 -0.264731
v -0.000000 0.085377 -0.321466
v 0.033081 0.085377 -0.319759
v 0.051657 0.096469 -0.259682
v 0.067042 0.085377 -0.314398
v 0.078326 0.071493 -0.367321
v 0.108355 0.071493 -0.359610
v 0.092744 0.085377 -0.307798
v 0.101315 0.096469 -0.244594
v 0.118338 0.085377 -0.298894
v 0.143522 0.085377 -0.287651
v 0.167680 0.071493 -0.336072
v 0.196258 0.071493 -0.320226
v 0.147102 0.096469 -0.220131
v 0.167983 0.085377 -0.274088
v 0.223624 0.071493 -0.301753
v 0.187211 0.096469 -0.187197
v 0.213489 0.085377 -0.240346
v 0.191407 0.085377 -0.258276
v 0.220132 0.096469 -0.147062
v 0.252550 0.085377 -0.198908
v 0.233952 0.085377 -0.220480
v 0.273330 0.071493 -0.257595
v 0.249424 0.071493 -0.280805
v 0.244605 0.096469 -0.101302
v 0.283420 0.085377 -0.151727
v 0.269085 0.085377 -0.175899
v 0.314377 0.071493 -0.205510
v 0.295059 0.071493 -0.232392
v 0.138257 0.071493 -0.349207
v -0.149735 0.034487 -0.450961
v -0.179527 0.054615 -0.387311
v -0.196258 0.071493 -0.320226
v -0.336010 0.034487 -0.335989
v -0.373293 0.034487 -0.294016
v -0.405162 0.034487 -0.248273
v -0.431133 0.034487 -0.199805
v -0.450984 0.034487 -0.149712
v -0.335370 0.054615 -0.264145
v -0.320249 0.071493 -0.196235
v -0.364001 0.054615 -0.223048
v -0.387334 0.054615 -0.179504
v -0.405168 0.054615 -0.134500
v -0.340777 0.071493 -0.157925
v -0.356467 0.071493 -0.118331
v 0.253896 0.118094 0.000021
v 0.252679 0.114804 0.000021
v 0.248991 0.118094 -0.049508
v 0.246648 0.115997 -0.056278
v 0.234563 0.118094 -0.097142
v 0.227963 0.115997 -0.109761
v 0.211095 0.118094 -0.141024
v 0.197801 0.115997 -0.157721
v 0.179526 0.118094 -0.179511
v 0.157764 0.115997 -0.197811
v 0.141063 0.118094 -0.211093
v 0.109776 0.115997 -0.227940
v 0.097156 0.118094 -0.234552
v 0.056305 0.115997 -0.246680
v 0.049536 0.118094 -0.249020
v -0.000000 0.115997 -0.252985
v -0.000000 0.118094 -0.253862
v -0.049538 0.118094 -0.249001
v -0.056307 0.115997 -0.246660
v -0.097162 0.118094 -0.234536
v -0.109782 0.115997 -0.227927
v -0.141073 0.118094 -0.211091
v -0.157774 0.115997 -0.197814
v -0.179537 0.118094 -0.179516
v -0.197812 0.115997 -0.157724
v -0.211104 0.118094 -0.141025
v -0.227970 0.115997 -0.109757
v -0.234569 0.118094 -0.097139
v -0.246650 0.115997 -0.056274
v -0.248993 0.118094 -0.049505
v -0.253896 0.118094 0.000023
v -0.246114 0.113792 -0.056152
v -0.252685 0.114850 0.000023
v -0.245920 0.110589 -0.056107
v -0.252250 0.111316 0.000023
v -0.246398 0.107412 -0.056216
v -0.252660 0.107779 0.000023
v -0.247520 0.104410 -0.056473
v -0.253848 0.104526 0.000023
v -0.249242 0.101731 -0.056866
v -0.251172 0.099756 -0.057306
v -0.232148 0.099756 -0.111770
v -0.235157 0.097644 -0.113219
v -0.204048 0.097644 -0.162697
v -0.205491 0.096930 -0.163848
v -0.163899 0.096930 -0.205494
v -0.114044 0.096930 -0.236776
v -0.058493 0.096930 -0.256236
v -0.000000 0.096930 -0.262806
v 0.058490 0.096930 -0.256257
v 0.114037 0.096930 -0.236789
v 0.163888 0.096930 -0.205491
v 0.205480 0.096930 -0.163844
v 0.236812 0.096930 -0.114022
v 0.256223 0.096930 -0.058463
v 0.254424 0.097644 -0.058053
v 0.261401 0.097464 0.000021
v 0.251169 0.099756 -0.057310
v 0.258355 0.099211 0.000021
v 0.249240 0.101731 -0.056869
v 0.255787 0.101603 0.000021
v 0.247518 0.104410 -0.056476
v 0.246396 0.107412 -0.056220
v 0.227730 0.107412 -0.109648
v 0.227288 0.110589 -0.109435
v 0.197216 0.110589 -0.157254
v 0.197372 0.113792 -0.157378
v 0.157421 0.113792 -0.197381
v 0.252256 0.111322 0.000021
v 0.246112 0.113792 -0.056155
v 0.227468 0.113792 -0.109522
v 0.252656 0.107833 0.000021
v 0.245917 0.110589 -0.056111
v 0.253852 0.104529 0.000021
v -0.236819 0.096930 -0.114019
v -0.254427 0.097644 -0.058049
v -0.255750 0.101631 0.000023
v -0.256225 0.096930 -0.058459
v -0.261439 0.097433 0.000023
v -0.258344 0.099192 0.000023
v 0.235150 0.097644 -0.113222
v 0.204038 0.097644 -0.162694
v 0.162738 0.097644 -0.204048
v 0.113237 0.097644 -0.235127
v 0.058080 0.097644 -0.254458
v -0.000000 0.097644 -0.260961
v -0.058082 0.097644 -0.254437
v -0.113244 0.097644 -0.235114
v -0.162748 0.097644 -0.204051
v 0.232141 0.099756 -0.111773
v 0.201427 0.099756 -0.160612
v 0.160656 0.099756 -0.201438
v 0.111788 0.099756 -0.232118
v 0.057337 0.099756 -0.251202
v -0.000000 0.099756 -0.257623
v -0.057339 0.099756 -0.251182
v -0.111795 0.099756 -0.232105
v -0.160666 0.099756 -0.201440
v -0.201438 0.099756 -0.160616
v 0.230358 0.101731 -0.110914
v 0.199880 0.101731 -0.159379
v 0.159422 0.101731 -0.199890
v 0.110929 0.101731 -0.230335
v 0.056896 0.101731 -0.249273
v -0.000000 0.101731 -0.255644
v -0.056899 0.101731 -0.249252
v -0.110936 0.101731 -0.230322
v -0.159432 0.101731 -0.199893
v -0.199890 0.101731 -0.159382
v -0.230365 0.101731 -0.110911
v 0.228767 0.104410 -0.110148
v 0.198499 0.104410 -0.158277
v 0.158320 0.104410 -0.198509
v 0.110163 0.104410 -0.228744
v 0.056503 0.104410 -0.247550
v -0.000000 0.104410 -0.253877
v -0.056506 0.104410 -0.247530
v -0.110170 0.104410 -0.228731
v -0.158331 0.104410 -0.198512
v -0.198510 0.104410 -0.158280
v -0.228774 0.104410 -0.110145
v 0.197599 0.107412 -0.157560
v 0.157296 0.110589 -0.197225
v 0.109537 0.113792 -0.227445
v 0.157602 0.107412 -0.197609
v 0.109663 0.107412 -0.227707
v 0.056247 0.107413 -0.246428
v -0.000000 0.107413 -0.252726
v -0.056249 0.107413 -0.246408
v -0.109670 0.107412 -0.227694
v -0.157613 0.107412 -0.197611
v -0.197609 0.107412 -0.157563
v -0.227737 0.107412 -0.109645
v 0.109450 0.110589 -0.227265
v 0.056182 0.113792 -0.246144
v 0.056138 0.110589 -0.245949
v -0.000000 0.110589 -0.252236
v -0.056140 0.110589 -0.245929
v -0.109457 0.110589 -0.227252
v -0.157307 0.110589 -0.197228
v -0.197226 0.110589 -0.157257
v -0.227294 0.110589 -0.109432
v -0.000000 0.113792 -0.252435
v -0.056185 0.113792 -0.246124
v -0.109544 0.113792 -0.227432
v -0.157432 0.113792 -0.197384
v -0.197382 0.113792 -0.157381
v -0.227474 0.113792 -0.109519
v 0.671280 -0.183119 0.000021
v 0.653195 -0.155589 0.000023
v 0.668042 -0.183119 -0.065778
v 0.638787 -0.138796 -0.049217
v 0.632891 -0.138796 -0.099591
v 0.609093 -0.103577 -0.046928
v 0.603471 -0.103577 -0.094960
v 0.573126 -0.067519 -0.044156
v 0.567836 -0.067519 -0.089352
v 0.530025 -0.032108 -0.040833
v 0.525133 -0.032108 -0.082630
v 0.478956 0.000591 -0.036897
v 0.474535 0.000591 -0.074666
v 0.419753 0.028591 -0.032333
v 0.415879 0.028591 -0.065434
v 0.353752 0.050608 -0.027245
v 0.350486 0.050608 -0.055142
v 0.307399 0.061841 -0.023672
v 0.304561 0.061841 -0.047914
v 0.237229 0.073967 -0.018264
v 0.235039 0.073967 -0.036971
v 0.169919 0.081401 -0.013075
v 0.168351 0.081401 -0.026475
v 0.128390 0.084393 -0.009874
v 0.127204 0.084393 -0.019998
v 0.056226 0.087323 -0.004311
v 0.055707 0.087323 -0.008745
v 0.031800 0.087777 -0.002428
v 0.031506 0.087777 -0.004936
v 0.000000 0.088003 0.000023
v 0.631191 -0.126933 0.000023
v 0.605089 -0.097325 0.000023
v 0.574538 -0.067256 0.000023
v 0.539016 -0.037634 0.000023
v 0.498010 -0.009656 0.000023
v 0.451289 0.015462 0.000023
v 0.399206 0.036754 0.000023
v 0.342956 0.053757 0.000023
v 0.284485 0.066534 0.000023
v 0.170241 0.081416 0.000023
v 0.118765 0.084958 0.000023
v 0.072945 0.086874 0.000023
v 0.033318 0.087757 0.000023
v -0.072945 0.086874 0.000023
v -0.056094 0.087323 -0.005780
v -0.033318 0.087757 0.000023
v -0.031725 0.087777 -0.003259
v -0.128087 0.084393 -0.013228
v -0.118765 0.084958 0.000023
v -0.170241 0.081416 0.000023
v -0.284485 0.066534 0.000023
v -0.236670 0.073967 -0.024460
v -0.169518 0.081401 -0.017514
v -0.125939 0.084393 -0.026830
v -0.055153 0.087323 -0.011737
v -0.053520 0.087323 -0.017747
v -0.030269 0.087777 -0.010027
v -0.028937 0.087777 -0.013389
v -0.306674 0.061841 -0.031702
v -0.342956 0.053757 0.000023
v -0.352918 0.050608 -0.036486
v -0.399206 0.036754 0.000023
v -0.418764 0.028591 -0.043298
v -0.451289 0.015462 0.000023
v -0.477827 0.000591 -0.049408
v -0.498010 -0.009656 0.000023
v -0.528776 -0.032108 -0.054678
v -0.539016 -0.037634 0.000023
v -0.571775 -0.067519 -0.059127
v -0.574538 -0.067256 0.000023
v -0.605089 -0.097325 0.000023
v -0.607657 -0.103577 -0.062839
v -0.631191 -0.126933 0.000023
v -0.637281 -0.138796 -0.065903
v -0.653195 -0.155589 0.000023
v -0.668043 -0.183119 -0.065772
v -0.671280 -0.183119 0.000023
v -0.658382 -0.183119 -0.130934
v -0.626597 -0.138796 -0.133582
v -0.597469 -0.103577 -0.127371
v -0.579779 -0.103577 -0.192474
v -0.545543 -0.067519 -0.181107
v -0.521530 -0.067519 -0.241703
v -0.482310 -0.032108 -0.223525
v -0.453256 -0.032108 -0.277746
v -0.409583 0.000591 -0.250982
v -0.377367 0.000591 -0.297225
v -0.330721 0.028591 -0.260483
v -0.339680 0.000591 -0.339653
v -0.297693 0.028591 -0.297666
v -0.297248 0.000591 -0.377344
v -0.260506 0.028591 -0.330698
v -0.219979 0.028591 -0.358933
v -0.185390 0.050608 -0.302491
v -0.149201 0.050608 -0.321882
v -0.129651 0.061841 -0.279702
v -0.097150 0.061841 -0.292582
v -0.074974 0.073967 -0.225789
v -0.049617 0.073967 -0.232679
v -0.035539 0.081401 -0.166653
v -0.017537 0.081401 -0.169496
v -0.013251 0.084393 -0.128064
v -0.000000 0.084393 -0.128748
v -0.000000 0.087323 -0.056370
v 0.005803 0.087323 -0.056071
v 0.003282 0.087777 -0.031702
v 0.006651 0.087777 -0.031170
v -0.642376 -0.183119 -0.194833
v -0.608044 -0.138796 -0.201858
v -0.554259 -0.103577 -0.256873
v -0.490113 -0.067519 -0.300334
v -0.417604 -0.032108 -0.328919
v -0.375899 -0.032108 -0.375871
v -0.328942 -0.032108 -0.417581
v -0.251005 0.000591 -0.409560
v -0.177038 0.028591 -0.381942
v -0.111799 0.050608 -0.336704
v -0.064294 0.061841 -0.301510
v -0.024483 0.073967 -0.236647
v -0.000000 0.081401 -0.170400
v 0.013250 0.084393 -0.128064
v 0.011760 0.087323 -0.055130
v 0.009201 0.087777 -0.030515
v -0.620186 -0.183119 -0.256857
v -0.581280 -0.138796 -0.269397
v -0.520871 -0.103577 -0.319183
v -0.451563 -0.067519 -0.355668
v -0.406466 -0.067519 -0.406437
v -0.355691 -0.067519 -0.451540
v -0.277769 -0.032108 -0.453233
v -0.202008 0.000591 -0.435815
v -0.132658 0.028591 -0.399529
v -0.073989 0.050608 -0.346978
v -0.031725 0.061841 -0.306651
v 0.000000 0.073967 -0.237910
v 0.017536 0.081401 -0.169496
v 0.026853 0.084393 -0.125917
v 0.016268 0.087323 -0.053973
v 0.011740 0.087777 -0.029632
v -0.592022 -0.183119 -0.316408
v -0.546264 -0.138795 -0.334744
v -0.479901 -0.103577 -0.377990
v -0.431975 -0.103577 -0.431945
v -0.378013 -0.103577 -0.479878
v -0.300357 -0.067519 -0.490090
v -0.223548 -0.032108 -0.482287
v -0.151369 0.000591 -0.455882
v -0.087793 0.028591 -0.411720
v -0.036509 0.050608 -0.352895
v 0.000000 0.061841 -0.308288
v 0.024483 0.073967 -0.236647
v 0.035539 0.081401 -0.166653
v 0.037148 0.084393 -0.123273
v 0.020758 0.087323 -0.052411
v 0.014238 0.087777 -0.028516
v -0.558151 -0.183119 -0.372912
v -0.503297 -0.138795 -0.396419
v -0.453035 -0.138795 -0.453004
v -0.396442 -0.138795 -0.503274
v -0.319206 -0.103577 -0.520848
v -0.241726 -0.067519 -0.521507
v -0.167508 -0.032108 -0.504494
v -0.100176 0.000591 -0.469793
v -0.043321 0.028591 -0.418741
v 0.000000 0.050608 -0.354778
v 0.031725 0.061841 -0.306651
v 0.049617 0.073967 -0.232679
v 0.049164 0.081401 -0.163155
v 0.047400 0.084393 -0.119706
v 0.025176 0.087323 -0.050439
v 0.016665 0.087777 -0.027171
v -0.518911 -0.183119 -0.425828
v -0.474669 -0.183119 -0.474636
v -0.425861 -0.183119 -0.518879
v -0.372946 -0.183119 -0.558120
v -0.334768 -0.138795 -0.546241
v -0.316442 -0.183119 -0.591992
v -0.269420 -0.138795 -0.581257
v -0.256891 -0.183119 -0.620157
v -0.201881 -0.138795 -0.608021
v -0.194866 -0.183119 -0.642349
v -0.133605 -0.138795 -0.626574
v -0.130964 -0.183119 -0.658359
v -0.065926 -0.138795 -0.637258
v -0.065798 -0.183119 -0.668023
v 0.000000 -0.138795 -0.640659
v 0.000000 -0.183119 -0.671260
v 0.065794 -0.183119 -0.668020
v 0.065926 -0.138795 -0.637258
v 0.130957 -0.183119 -0.658358
v 0.133605 -0.138795 -0.626574
v 0.194863 -0.183119 -0.642359
v 0.184826 -0.138795 -0.613420
v 0.235831 -0.138795 -0.595676
v 0.224869 -0.103577 -0.567985
v 0.272724 -0.103577 -0.546622
v 0.256620 -0.067519 -0.514342
v 0.300356 -0.067519 -0.490090
v 0.277769 -0.032108 -0.453233
v 0.316500 -0.032108 -0.427088
v 0.286005 0.000591 -0.385935
v 0.319001 0.000591 -0.359143
v 0.279570 0.028591 -0.314747
v 0.306366 0.028591 -0.288732
v 0.258194 0.050608 -0.243328
v 0.278719 0.050608 -0.219521
v 0.242198 0.061841 -0.190754
v 0.258055 0.061841 -0.168688
v 0.199149 0.073967 -0.130176
v 0.209778 0.073967 -0.112250
v 0.150252 0.081401 -0.080403
v 0.156609 0.081401 -0.067191
v 0.118332 0.084393 -0.050764
v 0.122211 0.084393 -0.040553
v 0.053520 0.087323 -0.017747
v 0.054812 0.087323 -0.013239
v 0.030999 0.087777 -0.007478
v 0.256888 -0.183119 -0.620165
v 0.286020 -0.138795 -0.573271
v 0.319206 -0.103577 -0.520848
v 0.342238 -0.067519 -0.461820
v 0.353015 -0.032108 -0.397440
v 0.349577 0.000591 -0.329458
v 0.330721 0.028591 -0.260483
v 0.296967 0.050608 -0.194128
v 0.271837 0.061841 -0.145443
v 0.218646 0.073967 -0.093817
v 0.161741 0.081401 -0.053678
v 0.125159 0.084393 -0.030260
v 0.316433 -0.183119 -0.591985
v 0.334767 -0.138795 -0.546241
v 0.363715 -0.103577 -0.490803
v 0.381722 -0.067519 -0.429760
v 0.386851 -0.032108 -0.364590
v 0.377367 0.000591 -0.297225
v 0.352374 0.028591 -0.230352
v 0.312834 0.050608 -0.167366
v 0.283319 0.061841 -0.121574
v 0.225812 0.073967 -0.074951
v 0.165644 0.081401 -0.040055
v 0.372939 -0.183119 -0.558124
v 0.381447 -0.138795 -0.514731
v 0.405677 -0.103577 -0.456732
v 0.418309 -0.067519 -0.394239
v 0.417604 -0.032108 -0.328919
v 0.402073 0.000591 -0.262844
v 0.371213 0.028591 -0.198575
v 0.326041 0.050608 -0.139909
v 0.292605 0.061841 -0.097127
v 0.231260 0.073967 -0.055931
v 0.425857 -0.183119 -0.518894
v 0.425454 -0.138795 -0.478999
v 0.444560 -0.103577 -0.418982
v 0.451563 -0.067519 -0.355668
v 0.444945 -0.032108 -0.290873
v 0.423582 0.000591 -0.226560
v 0.386873 0.028591 -0.166017
v 0.336727 0.050608 -0.111776
v 0.299664 0.061841 -0.072482
v 0.474664 -0.183119 -0.474649
v 0.466233 -0.138795 -0.439409
v 0.479901 -0.103577 -0.377990
v 0.481127 -0.067519 -0.314528
v 0.468762 -0.032108 -0.250692
v 0.441438 0.000591 -0.189436
v 0.399552 0.028591 -0.132635
v 0.344851 0.050608 -0.083415
v 0.518903 -0.183119 -0.425835
v 0.503297 -0.138795 -0.396419
v 0.511321 -0.103577 -0.334268
v 0.506897 -0.067519 -0.271050
v 0.488507 -0.032108 -0.209637
v 0.455905 0.000591 -0.151346
v 0.409192 0.028591 -0.098982
v 0.558142 -0.183119 -0.372920
v 0.536248 -0.138795 -0.350565
v 0.538725 -0.103577 -0.288030
v 0.528231 -0.067519 -0.226686
v 0.504517 -0.032108 -0.167486
v 0.466905 0.000591 -0.112946
v 0.592014 -0.183119 -0.316420
v 0.565006 -0.138796 -0.302040
v 0.561381 -0.103577 -0.240914
v 0.545543 -0.067519 -0.181107
v 0.516689 -0.032108 -0.124991
v 0.588749 -0.138796 -0.252660
v 0.620180 -0.183119 -0.256871
v 0.608044 -0.138796 -0.201858
v 0.642371 -0.183119 -0.194845
v 0.622714 -0.138796 -0.150644
v 0.658379 -0.183119 -0.130944
v 0.030269 0.087777 -0.010027
v 0.029309 0.087777 -0.012556
v 0.028117 0.087777 -0.015033
v 0.026695 0.087777 -0.017430
v 0.025055 0.087777 -0.019712
v 0.023210 0.087777 -0.021853
v 0.021180 0.087777 -0.023823
v 0.018989 0.087777 -0.025602
v -0.000000 0.087777 -0.031871
v -0.003282 0.087777 -0.031702
v -0.006651 0.087777 -0.031170
v -0.010050 0.087777 -0.030246
v -0.013412 0.087777 -0.028914
v -0.016665 0.087777 -0.027171
v -0.019735 0.087777 -0.025032
v -0.025055 0.087777 -0.019712
v -0.027194 0.087777 -0.016642
v -0.031193 0.087777 -0.006628
v -0.022552 0.087777 -0.022529
v -0.034895 0.087323 -0.044278
v -0.029466 0.087323 -0.048060
v -0.023714 0.087323 -0.051142
v -0.017770 0.087323 -0.053497
v -0.011760 0.087323 -0.055130
v -0.005803 0.087323 -0.056071
v -0.562189 -0.067519 -0.119849
v -0.519911 -0.032108 -0.110834
v -0.469816 0.000591 -0.100153
v -0.411743 0.028591 -0.087770
v -0.347001 0.050608 -0.073966
v -0.301533 0.061841 -0.064271
v -0.232702 0.073967 -0.049594
v -0.166676 0.081401 -0.035516
v -0.504517 -0.032108 -0.167485
v -0.455905 0.000591 -0.151346
v -0.399552 0.028591 -0.132635
v -0.336727 0.050608 -0.111776
v -0.292605 0.061841 -0.097127
v -0.225812 0.073967 -0.074951
v -0.161741 0.081401 -0.053678
v -0.122211 0.084393 -0.040553
v -0.435838 0.000591 -0.201985
v -0.381965 0.028591 -0.177015
v -0.321905 0.050608 -0.149178
v -0.279725 0.061841 -0.129628
v -0.215873 0.073967 -0.100033
v -0.154622 0.081401 -0.071643
v -0.116831 0.084393 -0.054128
v -0.051165 0.087323 -0.023692
v -0.358956 0.028591 -0.219956
v -0.302514 0.050608 -0.185367
v -0.262875 0.061841 -0.161075
v -0.202868 0.073967 -0.124301
v -0.145308 0.081401 -0.089026
v -0.109793 0.084393 -0.067262
v -0.048082 0.087323 -0.029443
v -0.278719 0.050608 -0.219521
v -0.242198 0.061841 -0.190754
v -0.186912 0.073967 -0.147205
v -0.133878 0.081401 -0.105432
v -0.101157 0.084393 -0.079658
v -0.044300 0.087323 -0.034872
v -0.250883 0.050608 -0.250858
v -0.218010 0.061841 -0.217985
v -0.168245 0.073967 -0.168220
v -0.120508 0.081401 -0.120484
v -0.091055 0.084393 -0.091031
v -0.039876 0.087323 -0.039853
v -0.219544 0.050608 -0.278696
v -0.190777 0.061841 -0.242175
v -0.147228 0.073967 -0.186889
v -0.105454 0.081401 -0.133855
v -0.079681 0.084393 -0.101135
v -0.161098 0.061841 -0.262852
v -0.124324 0.073967 -0.202846
v -0.089049 0.081401 -0.145285
v -0.067285 0.084393 -0.109770
v -0.256896 -0.103577 -0.554236
v -0.181130 -0.067519 -0.545520
v -0.110857 -0.032108 -0.519888
v -0.049431 0.000591 -0.477804
v 0.000000 0.028591 -0.420976
v 0.036509 0.050608 -0.352895
v 0.064294 0.061841 -0.301510
v 0.068640 0.073967 -0.227794
v 0.062732 0.081401 -0.158434
v 0.057487 0.084393 -0.115203
v 0.029466 0.087323 -0.048060
v -0.100056 0.073967 -0.215850
v -0.071666 0.081401 -0.154599
v -0.054151 0.084393 -0.116808
v -0.192497 -0.103577 -0.579756
v -0.119872 -0.067519 -0.562165
v -0.054701 -0.032108 -0.528753
v 0.000000 0.000591 -0.480354
v 0.043321 0.028591 -0.418741
v 0.073988 0.050608 -0.346978
v 0.088943 0.061841 -0.295180
v 0.087582 0.073967 -0.221204
v 0.076082 0.081401 -0.152475
v 0.067285 0.084393 -0.109770
v 0.033575 0.087323 -0.045286
v -0.053701 0.081401 -0.161718
v -0.040576 0.084393 -0.122188
v -0.127394 -0.103577 -0.597446
v -0.059150 -0.067519 -0.571752
v 0.000000 -0.032108 -0.531575
v 0.049431 0.000591 -0.477804
v 0.087793 0.028591 -0.411720
v 0.102354 0.050608 -0.339694
v 0.113487 0.061841 -0.286641
v 0.106220 0.073967 -0.212884
v 0.089049 0.081401 -0.145285
v 0.076667 0.084393 -0.103437
v 0.037449 0.087323 -0.042141
v -0.026853 0.084393 -0.125916
v -0.062862 -0.103577 -0.607634
v 0.000000 -0.067519 -0.574803
v 0.054701 -0.032108 -0.528753
v 0.100175 0.000591 -0.469793
v 0.121451 0.028591 -0.403077
v 0.130600 0.050608 -0.329867
v 0.137639 0.061841 -0.275859
v 0.124324 0.073967 -0.202846
v 0.101466 0.081401 -0.136903
v 0.085512 0.084393 -0.096256
v 0.041038 0.087323 -0.038656
v 0.000000 -0.103577 -0.610877
v 0.059149 -0.067519 -0.571752
v 0.110857 -0.032108 -0.519888
v 0.138581 0.000591 -0.459931
v 0.154967 0.028591 -0.391417
v 0.158394 0.050608 -0.317460
v 0.161098 0.061841 -0.262852
v 0.141660 0.073967 -0.191144
v 0.113172 0.081401 -0.127398
v 0.093708 0.084393 -0.088298
v 0.044300 0.087323 -0.034872
v 0.062861 -0.103577 -0.607634
v 0.119871 -0.067519 -0.562166
v 0.153357 -0.032108 -0.508974
v 0.176824 0.000591 -0.446626
v 0.187947 0.028591 -0.376694
v 0.185390 0.050608 -0.302491
v 0.183561 0.061841 -0.247689
v 0.158003 0.073967 -0.177874
v 0.124019 0.081401 -0.116867
v 0.101157 0.084393 -0.079658
v 0.047201 0.087323 -0.030836
v 0.127394 -0.103577 -0.597446
v 0.165828 -0.067519 -0.550364
v 0.195678 -0.032108 -0.494251
v 0.214455 0.000591 -0.429827
v 0.219979 0.028591 -0.358933
v 0.211240 0.050608 -0.285041
v 0.204738 0.061841 -0.230493
v 0.173147 0.073967 -0.163171
v 0.133878 0.081401 -0.105432
v 0.107780 0.084393 -0.070442
v 0.049715 0.087323 -0.026596
v 0.176235 -0.103577 -0.584905
v 0.211590 -0.067519 -0.534444
v 0.237321 -0.032108 -0.475660
v 0.251005 0.000591 -0.409560
v 0.250652 0.028591 -0.338227
v 0.235611 0.050608 -0.265253
v 0.224362 0.061841 -0.211442
v 0.186911 0.073967 -0.147205
v 0.142643 0.081401 -0.093234
v 0.113527 0.084393 -0.060751
v 0.051822 0.087323 -0.022218
v 0.579779 -0.103577 -0.192474
v 0.558705 -0.067519 -0.135157
v 0.593767 -0.103577 -0.143641
v 0.671638 -0.183751 0.000017
v 0.668399 -0.183751 -0.065814
v 0.667236 -0.183433 -0.075162
v 0.658731 -0.183751 -0.131013
v 0.654627 -0.183433 -0.149399
v 0.642714 -0.183751 -0.194950
v 0.633778 -0.183433 -0.221755
v 0.620511 -0.183751 -0.257009
v 0.604966 -0.183433 -0.291322
v 0.592330 -0.183751 -0.316589
v 0.553006 -0.183433 -0.380818
v 0.558440 -0.183751 -0.373119
v 0.519180 -0.183751 -0.426062
v 0.487919 -0.183433 -0.461277
v 0.474917 -0.183751 -0.474903
v 0.426085 -0.183751 -0.519171
v 0.411244 -0.183433 -0.530780
v 0.373138 -0.183751 -0.558421
v 0.324787 -0.183433 -0.587651
v 0.316602 -0.183751 -0.592301
v 0.257025 -0.183751 -0.620496
v 0.230633 -0.183433 -0.630598
v 0.194967 -0.183751 -0.642702
v 0.130993 -0.183433 -0.658537
v 0.131027 -0.183751 -0.658709
v 0.065829 -0.183751 -0.668377
v 0.028235 -0.183433 -0.670846
v -0.075189 -0.183433 -0.667215
v -0.176828 -0.183433 -0.647738
v -0.274264 -0.183433 -0.612874
v -0.365185 -0.183433 -0.563446
v -0.447434 -0.183433 -0.500639
v -0.519053 -0.183433 -0.425944
v -0.578345 -0.183433 -0.341120
v -0.623898 -0.183433 -0.248200
v -0.654630 -0.183433 -0.149387
v -0.667237 -0.183433 -0.075154
v 0.251799 0.120086 -0.039609
v 0.253584 0.123869 -0.039890
v 0.260654 0.133347 0.000023
v 0.256007 0.129512 -0.040271
v 0.258764 0.137019 -0.040705
v 0.248605 0.137019 -0.082518
v 0.251999 0.150545 -0.083645
v 0.234074 0.150545 -0.125329
v 0.235542 0.164093 -0.126116
v 0.209896 0.164093 -0.165310
v 0.221955 0.179258 -0.148278
v 0.188753 0.179258 -0.188733
v 0.177432 0.164093 -0.199749
v 0.148308 0.179258 -0.221934
v 0.139612 0.164093 -0.227792
v 0.102147 0.179258 -0.246602
v 0.098352 0.164093 -0.248409
v 0.052084 0.179258 -0.261819
v 0.055719 0.164093 -0.261294
v 0.000003 0.164093 -0.267168
v 0.055371 0.150545 -0.259665
v 0.000002 0.150545 -0.265502
v 0.054626 0.137019 -0.256168
v 0.000001 0.137019 -0.261927
v 0.054044 0.129512 -0.253438
v 0.000000 0.129512 -0.259136
v 0.053532 0.123869 -0.251039
v 0.000000 0.123869 -0.256683
v 0.053155 0.120086 -0.249272
v -0.000000 0.120086 -0.254876
v 0.241913 0.120086 -0.080297
v 0.243628 0.123869 -0.080866
v 0.224706 0.120086 -0.120313
v 0.226299 0.123869 -0.121166
v 0.200239 0.120086 -0.157703
v 0.201659 0.123869 -0.158821
v 0.169269 0.120086 -0.190558
v 0.133189 0.120086 -0.217311
v 0.093827 0.120086 -0.236979
v -0.053155 0.120086 -0.249272
v -0.053532 0.123869 -0.251039
v -0.107950 0.123869 -0.232882
v -0.107190 0.120086 -0.231242
v -0.157726 0.120086 -0.200216
v -0.158844 0.123869 -0.201636
v -0.160362 0.129512 -0.203563
v -0.108982 0.129512 -0.235108
v -0.162089 0.137019 -0.205755
v -0.110155 0.137019 -0.237640
v -0.164302 0.150545 -0.208564
v -0.111659 0.150545 -0.240884
v -0.165333 0.164093 -0.209873
v -0.112359 0.164093 -0.242395
v -0.148326 0.179258 -0.221945
v -0.102156 0.179258 -0.246593
v -0.200239 0.120086 -0.157703
v -0.201659 0.123869 -0.158821
v -0.203586 0.129512 -0.160340
v -0.205778 0.137019 -0.162067
v -0.208587 0.150545 -0.164279
v -0.209896 0.164093 -0.165310
v -0.188760 0.179258 -0.188747
v -0.231265 0.120086 -0.107167
v -0.232905 0.123869 -0.107927
v -0.235130 0.129512 -0.108959
v -0.237663 0.137019 -0.110132
v -0.240907 0.150545 -0.111636
v -0.242418 0.164093 -0.112336
v -0.221946 0.179258 -0.148277
v -0.249295 0.120086 -0.053132
v -0.251062 0.123869 -0.053509
v -0.260654 0.133347 0.000023
v -0.253461 0.129512 -0.054021
v -0.256191 0.137019 -0.054603
v -0.265135 0.148625 0.000023
v -0.259688 0.150545 -0.055348
v -0.267182 0.163929 0.000023
v -0.261317 0.164093 -0.055696
v -0.261812 0.179258 -0.052054
v -0.246633 0.179258 -0.102136
v -0.266948 0.179258 0.000023
v -0.055719 0.164093 -0.261294
v -0.052081 0.179258 -0.261801
v 0.000004 0.179258 -0.266912
v 0.246633 0.179258 -0.102146
v 0.253580 0.164093 -0.084170
v 0.262296 0.150545 -0.041261
v 0.265135 0.148625 0.000023
v 0.261795 0.179258 -0.052057
v 0.263942 0.164093 -0.041520
v 0.267182 0.163929 0.000023
v 0.266948 0.179258 0.000024
v 0.245957 0.129512 -0.081639
v 0.228461 0.129512 -0.122324
v 0.203586 0.129512 -0.160340
v 0.172098 0.129512 -0.193744
v 0.170469 0.123869 -0.191909
v 0.135415 0.129512 -0.220943
v 0.134133 0.123869 -0.218852
v 0.095395 0.129512 -0.240940
v 0.094492 0.123869 -0.238659
v 0.230922 0.137019 -0.123641
v 0.208587 0.150545 -0.164279
v 0.205778 0.137019 -0.162067
v 0.173952 0.137019 -0.195830
v 0.136873 0.137019 -0.223323
v 0.096422 0.137019 -0.243535
v 0.176326 0.150545 -0.198504
v 0.138741 0.150545 -0.226371
v 0.097738 0.150545 -0.246859
v -0.054044 0.129512 -0.253438
v -0.054626 0.137019 -0.256168
v -0.055371 0.150545 -0.259665
v 0.266448 0.181994 0.000025
v 0.261812 0.179258 0.052102
v 0.264009 0.182508 0.034782
v 0.257216 0.182508 0.068947
v 0.263242 0.184447 0.034682
v 0.256469 0.184447 0.068747
v 0.262223 0.186263 0.034547
v 0.255475 0.186263 0.068481
v 0.260971 0.187924 0.034382
v 0.254256 0.187924 0.068154
v 0.259507 0.189394 0.034189
v 0.252829 0.189394 0.067771
v 0.257057 0.191115 0.033866
v 0.250442 0.191115 0.067131
v 0.253566 0.192518 0.033406
v 0.247041 0.192518 0.066220
v 0.247152 0.193003 0.049186
v 0.232822 0.193003 0.096464
v 0.265449 0.184592 0.000025
v 0.263999 0.186967 0.000025
v 0.262147 0.189040 0.000025
v 0.259941 0.190728 0.000025
v 0.257452 0.191972 0.000025
v 0.254773 0.192740 0.000025
v 0.252000 0.193003 0.000025
v 0.209516 0.193003 0.140021
v 0.221490 0.192518 0.127901
v 0.236295 0.192518 0.097903
v 0.239549 0.191115 0.099251
v 0.241832 0.189394 0.100197
v 0.243196 0.187924 0.100762
v 0.244363 0.186263 0.101246
v 0.245313 0.184447 0.101640
v 0.246027 0.182508 0.101936
v 0.246631 0.179258 0.102185
v 0.189093 0.192518 0.172227
v 0.178189 0.193003 0.178225
v 0.148017 0.192518 0.208626
v 0.140018 0.193003 0.209564
v 0.100076 0.192518 0.235379
v 0.096433 0.193003 0.232831
v 0.047547 0.192518 0.251329
v 0.049161 0.193003 0.247187
v -0.000007 0.193003 0.252011
v -0.007181 0.192518 0.255672
v -0.049171 0.193003 0.247203
v -0.061570 0.192518 0.248286
v -0.096430 0.193003 0.232837
v -0.113113 0.192518 0.229396
v -0.140007 0.193003 0.209549
v -0.159470 0.192518 0.199987
v -0.178187 0.193003 0.178207
v -0.199951 0.192518 0.159471
v -0.209529 0.193003 0.140016
v -0.230446 0.192518 0.111000
v -0.232825 0.193003 0.096467
v -0.241402 0.192518 0.084501
v -0.247137 0.193003 0.049185
v -0.249326 0.192518 0.056935
v -0.254605 0.192775 0.000023
v -0.257263 0.192050 0.000023
v -0.252000 0.193003 0.000023
v -0.252759 0.191115 0.057719
v -0.259830 0.190797 0.000023
v -0.255168 0.189394 0.058269
v -0.262153 0.189044 0.000023
v -0.256608 0.187924 0.058598
v -0.264094 0.186876 0.000023
v -0.257839 0.186263 0.058880
v -0.265557 0.184422 0.000023
v -0.258842 0.184447 0.059109
v -0.259595 0.182508 0.059281
v -0.250616 0.184447 0.087726
v -0.251346 0.182508 0.087981
v -0.239243 0.184447 0.115235
v -0.239939 0.182508 0.115570
v -0.207584 0.184447 0.165556
v -0.208188 0.182508 0.166038
v -0.165557 0.184447 0.207619
v -0.166039 0.182508 0.208223
v -0.117431 0.184447 0.238151
v -0.117773 0.182508 0.238844
v -0.063921 0.184447 0.257762
v -0.064107 0.182508 0.258512
v -0.007456 0.184447 0.265430
v -0.007477 0.182508 0.266203
v 0.049362 0.184447 0.260921
v 0.049506 0.182508 0.261681
v 0.103897 0.184447 0.244362
v 0.104200 0.182508 0.245073
v 0.153668 0.184447 0.216589
v 0.154115 0.182508 0.217220
v 0.196310 0.184447 0.178801
v 0.196882 0.182508 0.179321
v 0.229942 0.184447 0.132784
v 0.230612 0.182508 0.133170
v -0.266502 0.181835 0.000023
v -0.261796 0.179258 0.052101
v -0.246635 0.179258 0.102188
v -0.221958 0.179258 0.148320
v -0.188756 0.179258 0.188776
v -0.148311 0.179258 0.221977
v -0.102150 0.179258 0.246647
v -0.052088 0.179258 0.261864
v -0.000008 0.179258 0.266957
v 0.052077 0.179258 0.261848
v 0.102153 0.179258 0.246640
v 0.148323 0.179258 0.221993
v 0.188758 0.179258 0.188795
v 0.221944 0.179258 0.148325
v 0.224539 0.191115 0.129662
v 0.191696 0.191115 0.174598
v 0.150055 0.191115 0.211499
v 0.101454 0.191115 0.238619
v 0.048202 0.191115 0.254789
v -0.007280 0.191115 0.259192
v -0.062418 0.191115 0.251704
v -0.114671 0.191115 0.232554
v -0.161666 0.191115 0.202740
v -0.202704 0.191115 0.161666
v -0.233619 0.191115 0.112528
v -0.244726 0.191115 0.085664
v 0.226679 0.189394 0.130898
v 0.193523 0.189394 0.176262
v 0.151486 0.189394 0.213515
v 0.102422 0.189394 0.240893
v 0.048661 0.189394 0.257218
v -0.007350 0.189394 0.261662
v -0.063013 0.189394 0.254103
v -0.115764 0.189394 0.234771
v -0.163207 0.189394 0.204672
v -0.204637 0.189394 0.163207
v -0.235846 0.189394 0.113600
v -0.247059 0.189394 0.086481
v 0.227958 0.187924 0.131638
v 0.194616 0.187924 0.177257
v 0.152341 0.187924 0.214720
v 0.103000 0.187924 0.242253
v 0.048936 0.187924 0.258669
v -0.007391 0.187924 0.263139
v -0.063369 0.187924 0.255537
v -0.116417 0.187924 0.236095
v -0.164128 0.187924 0.205827
v -0.205792 0.187924 0.164127
v -0.237177 0.187924 0.114241
v -0.248453 0.187924 0.086969
v 0.229052 0.186263 0.132270
v 0.195550 0.186263 0.178108
v 0.153072 0.186263 0.215750
v 0.103495 0.186263 0.243415
v 0.049171 0.186263 0.259910
v -0.007427 0.186263 0.264402
v -0.063673 0.186263 0.256764
v -0.116976 0.186263 0.237228
v -0.164916 0.186263 0.206815
v -0.206780 0.186263 0.164915
v -0.238316 0.186263 0.114788
v -0.249646 0.186263 0.087386
v 0.259595 0.182508 -0.059235
v 0.258841 0.184447 -0.059063
v 0.257839 0.186263 -0.058834
v 0.249645 0.186263 -0.087341
v 0.248453 0.187924 -0.086924
v 0.237176 0.187924 -0.114197
v 0.235845 0.189394 -0.113556
v 0.204635 0.189394 -0.163164
v 0.202703 0.191115 -0.161623
v 0.161664 0.191115 -0.202696
v 0.159469 0.192518 -0.199943
v 0.113111 0.192518 -0.229351
v 0.140005 0.193003 -0.209505
v 0.096428 0.193003 -0.232792
v 0.061568 0.192518 -0.248241
v 0.049169 0.193003 -0.247157
v 0.007179 0.192518 -0.255626
v 0.000005 0.193003 -0.251965
v -0.047550 0.192518 -0.251283
v -0.049164 0.193003 -0.247141
v -0.096435 0.193003 -0.232785
v -0.100079 0.192518 -0.235332
v -0.140020 0.193003 -0.209517
v -0.148019 0.192518 -0.208579
v -0.178190 0.193003 -0.178178
v -0.189094 0.192518 -0.172179
v -0.209518 0.193003 -0.139974
v -0.221491 0.192518 -0.127854
v -0.232823 0.193003 -0.096416
v -0.236296 0.192518 -0.097855
v -0.247041 0.192518 -0.066172
v -0.239550 0.191115 -0.099202
v -0.250443 0.191115 -0.067083
v -0.241833 0.189394 -0.100149
v -0.252830 0.189394 -0.067723
v -0.243197 0.187924 -0.100714
v -0.254256 0.187924 -0.068106
v -0.244364 0.186263 -0.101198
v -0.255476 0.186263 -0.068433
v -0.245314 0.184447 -0.101592
v -0.256469 0.184447 -0.068699
v -0.246028 0.182508 -0.101887
v -0.257216 0.182508 -0.068899
v 0.251345 0.182508 -0.087936
v 0.239938 0.182508 -0.115527
v 0.208187 0.182508 -0.165995
v 0.166038 0.182508 -0.208179
v 0.117770 0.182508 -0.238799
v 0.064104 0.182508 -0.258467
v 0.007475 0.182508 -0.266157
v -0.049509 0.182508 -0.261634
v -0.104202 0.182508 -0.245026
v -0.154117 0.182508 -0.217172
v -0.196883 0.182508 -0.179274
v -0.230613 0.182508 -0.133122
v -0.264009 0.182508 -0.034734
v -0.263243 0.184447 -0.034634
v -0.262223 0.186263 -0.034499
v -0.260971 0.187924 -0.034334
v -0.259507 0.189394 -0.034141
v -0.257057 0.191115 -0.033818
v -0.253566 0.192518 -0.033358
v -0.247152 0.193003 -0.049138
v 0.178185 0.193003 -0.178163
v 0.199950 0.192518 -0.159428
v 0.233618 0.191115 -0.112484
v 0.247058 0.189394 -0.086436
v 0.256608 0.187924 -0.058552
v 0.209528 0.193003 -0.139973
v 0.230445 0.192518 -0.110956
v 0.244725 0.191115 -0.085620
v 0.255168 0.189394 -0.058223
v 0.232824 0.193003 -0.096423
v 0.241402 0.192518 -0.084457
v 0.252759 0.191115 -0.057673
v 0.247137 0.193003 -0.049139
v 0.249326 0.192518 -0.056889
v 0.250616 0.184447 -0.087681
v 0.239242 0.184447 -0.115191
v 0.207583 0.184447 -0.165512
v 0.165556 0.184447 -0.207574
v 0.117428 0.184447 -0.238106
v 0.063918 0.184447 -0.257717
v 0.007453 0.184447 -0.265384
v -0.049365 0.184447 -0.260875
v -0.103900 0.184447 -0.244315
v -0.153670 0.184447 -0.216542
v -0.196312 0.184447 -0.178753
v -0.229944 0.184447 -0.132736
v 0.238315 0.186263 -0.114745
v 0.205791 0.187924 -0.164084
v 0.163205 0.189394 -0.204628
v 0.114668 0.191115 -0.232509
v 0.206778 0.186263 -0.164871
v 0.164914 0.186263 -0.206770
v 0.116974 0.186263 -0.237184
v 0.063671 0.186263 -0.256719
v 0.007424 0.186263 -0.264356
v -0.049174 0.186263 -0.259864
v -0.103497 0.186263 -0.243368
v -0.153074 0.186263 -0.215703
v -0.195551 0.186263 -0.178061
v -0.229053 0.186263 -0.132222
v 0.164127 0.187924 -0.205783
v 0.115762 0.189394 -0.234726
v 0.062416 0.191115 -0.251659
v 0.116415 0.187924 -0.236051
v 0.063366 0.187924 -0.255492
v 0.007389 0.187924 -0.263094
v -0.048939 0.187924 -0.258623
v -0.103003 0.187924 -0.242206
v -0.152343 0.187924 -0.214672
v -0.194617 0.187924 -0.177210
v -0.227959 0.187924 -0.131590
v 0.063011 0.189394 -0.254058
v 0.007278 0.191115 -0.259146
v 0.007347 0.189394 -0.261617
v -0.048664 0.189394 -0.257171
v -0.102424 0.189394 -0.240847
v -0.151488 0.189394 -0.213467
v -0.193525 0.189394 -0.176215
v -0.226680 0.189394 -0.130851
v -0.048204 0.191115 -0.254743
v -0.101457 0.191115 -0.238572
v -0.150057 0.191115 -0.211451
v -0.191698 0.191115 -0.174550
v -0.224540 0.191115 -0.129614
v 0.261317 0.164093 0.055742
v 0.259688 0.150545 0.055394
v 0.240907 0.150545 0.111682
v 0.237663 0.137019 0.110178
v 0.205778 0.137019 0.162112
v 0.203586 0.129512 0.160385
v 0.160362 0.129512 0.203609
v 0.158844 0.123869 0.201681
v 0.107950 0.123869 0.232927
v 0.141070 0.118094 0.211139
v 0.107190 0.120086 0.231288
v 0.097159 0.118094 0.234582
v 0.053532 0.123869 0.251085
v 0.108982 0.129512 0.235153
v 0.054044 0.129512 0.253484
v 0.110155 0.137019 0.237686
v 0.054626 0.137019 0.256214
v 0.111659 0.150545 0.240929
v 0.055371 0.150545 0.259710
v 0.112359 0.164093 0.242441
v 0.055719 0.164093 0.261340
v 0.242418 0.164093 0.112382
v 0.208587 0.150545 0.164325
v 0.162089 0.137019 0.205801
v 0.209896 0.164093 0.165356
v 0.164302 0.150545 0.208610
v 0.165333 0.164093 0.209919
v -0.000007 0.164093 0.267214
v -0.098352 0.164093 0.248454
v -0.055719 0.164093 0.261340
v -0.055371 0.150545 0.259710
v -0.000006 0.150545 0.265548
v -0.054626 0.137019 0.256214
v -0.000004 0.137019 0.261973
v -0.054044 0.129512 0.253484
v -0.000004 0.129512 0.259182
v -0.053532 0.123869 0.251085
v -0.000003 0.123869 0.256728
v -0.053155 0.120086 0.249318
v -0.000003 0.120086 0.254922
v -0.049538 0.118094 0.249064
v -0.000003 0.118094 0.253907
v -0.139612 0.164093 0.227838
v -0.177432 0.164093 0.199795
v -0.209896 0.164093 0.165356
v -0.235542 0.164093 0.126162
v -0.253580 0.164093 0.084216
v -0.263942 0.164093 0.041566
v -0.262296 0.150545 0.041307
v -0.258764 0.137019 0.040751
v -0.256007 0.129512 0.040317
v -0.253584 0.123869 0.039936
v -0.245957 0.129512 0.081685
v -0.243628 0.123869 0.080912
v -0.228461 0.129512 0.122370
v -0.226299 0.123869 0.121211
v -0.203586 0.129512 0.160385
v -0.201659 0.123869 0.158867
v -0.172098 0.129512 0.193790
v -0.170469 0.123869 0.191955
v -0.135415 0.129512 0.220989
v -0.134133 0.123869 0.218897
v -0.095395 0.129512 0.240986
v -0.094492 0.123869 0.238705
v -0.251799 0.120087 0.039655
v -0.248996 0.118094 0.049557
v -0.241913 0.120086 0.080342
v -0.234575 0.118094 0.097197
v -0.224706 0.120086 0.120358
v -0.211104 0.118094 0.141074
v -0.200239 0.120086 0.157749
v -0.179524 0.118094 0.179551
v -0.169269 0.120086 0.190604
v -0.141057 0.118094 0.211128
v -0.133189 0.120086 0.217357
v -0.097153 0.118094 0.234591
v -0.093827 0.120086 0.237025
v 0.049536 0.118094 0.249046
v 0.053155 0.120086 0.249318
v 0.157726 0.120086 0.200262
v 0.179533 0.118094 0.179565
v 0.201659 0.123869 0.158867
v 0.235130 0.129512 0.109004
v 0.256191 0.137019 0.054649
v 0.200239 0.120086 0.157749
v 0.211102 0.118094 0.141075
v 0.232905 0.123869 0.107973
v 0.253461 0.129512 0.054067
v 0.231265 0.120086 0.107213
v 0.234568 0.118094 0.097188
v 0.251062 0.123869 0.053555
v 0.249295 0.120087 0.053178
v 0.248992 0.118094 0.049552
v -0.097738 0.150545 0.246905
v -0.138741 0.150545 0.226417
v -0.176326 0.150545 0.198549
v -0.208587 0.150545 0.164325
v -0.234074 0.150545 0.125375
v -0.251999 0.150545 0.083691
v -0.096422 0.137019 0.243581
v -0.136873 0.137019 0.223369
v -0.173952 0.137019 0.195876
v -0.205778 0.137019 0.162112
v -0.230922 0.137019 0.123687
v -0.248605 0.137019 0.082564
v -0.228498 0.193003 -0.045428
v -0.215262 0.193003 -0.089141
v -0.193728 0.193003 -0.129415
v -0.164759 0.193003 -0.164738
v -0.129462 0.193003 -0.193715
v -0.089165 0.193003 -0.215228
v -0.045462 0.193003 -0.228503
v -0.000001 0.193003 -0.232964
v 0.045458 0.193003 -0.228520
v 0.089154 0.193003 -0.215239
v 0.129444 0.193003 -0.193708
v 0.164745 0.193003 -0.164730
v 0.193726 0.193003 -0.129420
v 0.215266 0.193003 -0.089155
v 0.228501 0.193003 -0.045436
v 0.668043 -0.183119 0.065819
v 0.667237 -0.183433 0.075197
v 0.668400 -0.183751 0.065849
v 0.658734 -0.183751 0.131049
v 0.654630 -0.183433 0.149433
v 0.658381 -0.183119 0.130984
v 0.642374 -0.183119 0.194885
v 0.623896 -0.183433 0.248250
v 0.620183 -0.183119 0.256910
v 0.592018 -0.183119 0.316461
v 0.578341 -0.183433 0.341171
v 0.558147 -0.183119 0.372965
v 0.519049 -0.183433 0.425994
v 0.518907 -0.183119 0.425879
v 0.474664 -0.183119 0.474686
v 0.447429 -0.183433 0.500689
v 0.425857 -0.183119 0.518929
v 0.365180 -0.183433 0.563496
v 0.372942 -0.183119 0.558169
v 0.316438 -0.183119 0.592039
v 0.274259 -0.183433 0.612923
v 0.256888 -0.183119 0.620204
v 0.176822 -0.183433 0.647785
v 0.194863 -0.183119 0.642396
v 0.130962 -0.183119 0.658405
v 0.075182 -0.183433 0.667262
v 0.065796 -0.183119 0.668069
v -0.000001 -0.183119 0.671306
v -0.028241 -0.183433 0.670892
v -0.065795 -0.183119 0.668065
v -0.130995 -0.183433 0.658583
v -0.130959 -0.183119 0.658403
v -0.194864 -0.183119 0.642404
v -0.230638 -0.183433 0.630642
v -0.256890 -0.183119 0.620210
v -0.324793 -0.183433 0.587694
v -0.316434 -0.183119 0.592030
v -0.372942 -0.183119 0.558168
v -0.411250 -0.183433 0.530821
v -0.425860 -0.183119 0.518938
v -0.487924 -0.183433 0.461318
v -0.474666 -0.183119 0.474693
v -0.518905 -0.183119 0.425878
v -0.553010 -0.183433 0.380858
v -0.558144 -0.183119 0.372962
v -0.592016 -0.183119 0.316462
v -0.604969 -0.183433 0.291362
v -0.620182 -0.183119 0.256913
v -0.633780 -0.183433 0.221795
v -0.642373 -0.183119 0.194886
v -0.654628 -0.183433 0.149439
v -0.658380 -0.183119 0.130984
v -0.667236 -0.183433 0.075202
v -0.668043 -0.183119 0.065819
v 0.642718 -0.183751 0.194984
v 0.620516 -0.183751 0.257043
v 0.592336 -0.183751 0.316627
v 0.558447 -0.183751 0.373161
v 0.519186 -0.183751 0.426104
v 0.474919 -0.183751 0.474938
v 0.426086 -0.183751 0.519204
v 0.373143 -0.183751 0.558466
v 0.316609 -0.183751 0.592355
v 0.257026 -0.183751 0.620535
v 0.194968 -0.183751 0.642738
v 0.131032 -0.183751 0.658756
v 0.065832 -0.183751 0.668426
v 0.056094 0.087323 0.005826
v 0.031725 0.087777 0.003305
v 0.128087 0.084393 0.013273
v 0.236670 0.073967 0.024506
v 0.169518 0.081401 0.017559
v 0.125939 0.084393 0.026876
v 0.055153 0.087323 0.011783
v 0.053520 0.087323 0.017793
v 0.030269 0.087777 0.010073
v 0.028937 0.087777 0.013435
v 0.306674 0.061841 0.031748
v 0.352918 0.050608 0.036532
v 0.418764 0.028591 0.043344
v 0.477827 0.000591 0.049454
v 0.528776 -0.032109 0.054724
v 0.571775 -0.067520 0.059172
v 0.607658 -0.103578 0.062885
v 0.637282 -0.138797 0.065949
v 0.626598 -0.138797 0.133628
v 0.597470 -0.103578 0.127417
v 0.579780 -0.103578 0.192520
v 0.545544 -0.067520 0.181153
v 0.521531 -0.067520 0.241749
v 0.482310 -0.032109 0.223571
v 0.453256 -0.032109 0.277792
v 0.409583 0.000591 0.251028
v 0.377367 0.000591 0.297271
v 0.330721 0.028591 0.260529
v 0.339678 0.000591 0.339700
v 0.297691 0.028591 0.297714
v 0.297248 0.000591 0.377390
v 0.260506 0.028591 0.330744
v 0.219979 0.028591 0.358978
v 0.185390 0.050608 0.302536
v 0.149201 0.050608 0.321928
v 0.129651 0.061841 0.279748
v 0.097150 0.061841 0.292627
v 0.074974 0.073967 0.225835
v 0.049617 0.073967 0.232725
v 0.035539 0.081401 0.166699
v 0.017537 0.081401 0.169541
v 0.013251 0.084393 0.128110
v -0.000000 0.084393 0.128793
v 0.000000 0.087323 0.056416
v -0.005803 0.087323 0.056117
v -0.003282 0.087777 0.031747
v -0.006651 0.087777 0.031216
v 0.608045 -0.138797 0.201904
v 0.554260 -0.103578 0.256919
v 0.490114 -0.067520 0.300380
v 0.417605 -0.032109 0.328965
v 0.375897 -0.032109 0.375919
v 0.328943 -0.032109 0.417627
v 0.251005 0.000591 0.409606
v 0.177038 0.028591 0.381988
v 0.111799 0.050608 0.336749
v 0.064294 0.061841 0.301555
v 0.024483 0.073967 0.236693
v -0.000000 0.081401 0.170446
v -0.013250 0.084393 0.128110
v -0.011760 0.087323 0.055176
v -0.009201 0.087777 0.030561
v 0.581281 -0.138797 0.269443
v 0.520872 -0.103578 0.319229
v 0.451563 -0.067520 0.355714
v 0.406464 -0.067520 0.406487
v 0.355692 -0.067520 0.451586
v 0.277769 -0.032109 0.453279
v 0.202008 0.000591 0.435861
v 0.132658 0.028591 0.399575
v 0.073989 0.050608 0.347024
v 0.031725 0.061841 0.306697
v -0.000000 0.073967 0.237956
v -0.017536 0.081401 0.169541
v -0.026853 0.084393 0.125962
v -0.016268 0.087323 0.054018
v -0.011740 0.087777 0.029677
v 0.546265 -0.138797 0.334791
v 0.479902 -0.103578 0.378036
v 0.431972 -0.103578 0.431995
v 0.378014 -0.103578 0.479925
v 0.300357 -0.067520 0.490137
v 0.223548 -0.032109 0.482333
v 0.151369 0.000591 0.455928
v 0.087793 0.028591 0.411766
v 0.036509 0.050608 0.352941
v -0.000000 0.061841 0.308334
v -0.024483 0.073967 0.236693
v -0.035539 0.081401 0.166699
v -0.037148 0.084393 0.123319
v -0.020758 0.087323 0.052457
v -0.014238 0.087777 0.028562
v 0.503298 -0.138797 0.396465
v 0.453032 -0.138797 0.453054
v 0.396442 -0.138797 0.503320
v 0.319206 -0.103578 0.520895
v 0.241726 -0.067520 0.521553
v 0.167509 -0.032109 0.504540
v 0.100176 0.000591 0.469838
v 0.043321 0.028591 0.418787
v -0.000000 0.050608 0.354824
v -0.031725 0.061841 0.306697
v -0.049617 0.073967 0.232725
v -0.049164 0.081401 0.163200
v -0.047400 0.084393 0.119752
v -0.025176 0.087323 0.050484
v -0.016665 0.087777 0.027217
v 0.334768 -0.138797 0.546288
v 0.269420 -0.138797 0.581304
v 0.201882 -0.138797 0.608068
v 0.133605 -0.138797 0.626620
v 0.065926 -0.138797 0.637305
v -0.000001 -0.138797 0.640706
v -0.065926 -0.138797 0.637305
v -0.133605 -0.138797 0.626620
v -0.184827 -0.138797 0.613467
v -0.235832 -0.138797 0.595723
v -0.224869 -0.103578 0.568031
v -0.272725 -0.103578 0.546668
v -0.256620 -0.067520 0.514388
v -0.300357 -0.067520 0.490137
v -0.277769 -0.032109 0.453279
v -0.316501 -0.032109 0.427134
v -0.286005 0.000591 0.385980
v -0.319001 0.000591 0.359189
v -0.279570 0.028591 0.314793
v -0.306366 0.028591 0.288778
v -0.258194 0.050608 0.243374
v -0.278719 0.050608 0.219567
v -0.242198 0.061841 0.190800
v -0.258055 0.061841 0.168734
v -0.199149 0.073967 0.130222
v -0.209778 0.073967 0.112295
v -0.150252 0.081401 0.080449
v -0.156609 0.081401 0.067237
v -0.118332 0.084393 0.050809
v -0.122211 0.084393 0.040599
v -0.053520 0.087323 0.017793
v -0.054812 0.087323 0.013285
v -0.030999 0.087777 0.007523
v -0.031506 0.087777 0.004982
v -0.286020 -0.138797 0.573318
v -0.319206 -0.103578 0.520895
v -0.342238 -0.067520 0.461866
v -0.353016 -0.032109 0.397486
v -0.349577 0.000591 0.329504
v -0.330721 0.028591 0.260529
v -0.296967 0.050608 0.194174
v -0.271837 0.061841 0.145488
v -0.218646 0.073967 0.093863
v -0.161741 0.081401 0.053724
v -0.125159 0.084393 0.030305
v -0.055707 0.087323 0.008791
v -0.031800 0.087777 0.002474
v -0.334768 -0.138797 0.546288
v -0.363716 -0.103578 0.490850
v -0.381722 -0.067520 0.429807
v -0.386851 -0.032109 0.364636
v -0.377367 0.000591 0.297271
v -0.352374 0.028591 0.230397
v -0.312834 0.050608 0.167410
v -0.283319 0.061841 0.121619
v -0.225812 0.073967 0.074996
v -0.165644 0.081401 0.040101
v -0.127204 0.084393 0.020044
v -0.056226 0.087323 0.004357
v -0.381447 -0.138797 0.514778
v -0.405678 -0.103578 0.456778
v -0.418309 -0.067520 0.394286
v -0.417604 -0.032109 0.328966
v -0.402073 0.000591 0.262890
v -0.371213 0.028591 0.198619
v -0.326041 0.050608 0.139955
v -0.292605 0.061841 0.097173
v -0.231260 0.073967 0.055977
v -0.168351 0.081401 0.026520
v -0.128390 0.084393 0.009920
v -0.425455 -0.138797 0.479046
v -0.444561 -0.103578 0.419028
v -0.451563 -0.067520 0.355714
v -0.444945 -0.032109 0.290919
v -0.423583 0.000591 0.226604
v -0.386873 0.028591 0.166063
v -0.336727 0.050608 0.111822
v -0.299664 0.061841 0.072527
v -0.235039 0.073967 0.037017
v -0.169919 0.081401 0.013121
v -0.466234 -0.138797 0.439455
v -0.479902 -0.103578 0.378036
v -0.481127 -0.067520 0.314574
v -0.468764 -0.032109 0.250736
v -0.441438 0.000591 0.189482
v -0.399552 0.028591 0.132681
v -0.344851 0.050608 0.083460
v -0.304561 0.061841 0.047959
v -0.237229 0.073967 0.018309
v -0.503298 -0.138797 0.396465
v -0.511321 -0.103578 0.334314
v -0.506899 -0.067520 0.271094
v -0.488507 -0.032109 0.209683
v -0.455905 0.000591 0.151391
v -0.409192 0.028591 0.099028
v -0.350486 0.050608 0.055188
v -0.307399 0.061841 0.023718
v -0.536249 -0.138797 0.350611
v -0.538727 -0.103578 0.288073
v -0.528232 -0.067520 0.226732
v -0.504517 -0.032109 0.167531
v -0.466905 0.000591 0.112992
v -0.415879 0.028591 0.065480
v -0.353752 0.050608 0.027291
v -0.565009 -0.138797 0.302083
v -0.561382 -0.103578 0.240960
v -0.545544 -0.067520 0.181153
v -0.516690 -0.032109 0.125037
v -0.474535 0.000591 0.074712
v -0.419753 0.028591 0.032379
v -0.588750 -0.138797 0.252706
v -0.608045 -0.138797 0.201904
v -0.622715 -0.138797 0.150690
v -0.632892 -0.138797 0.099637
v -0.638788 -0.138797 0.049263
v -0.609094 -0.103578 0.046974
v -0.573127 -0.067520 0.044201
v -0.530026 -0.032109 0.040879
v -0.478956 0.000591 0.036942
v -0.030269 0.087777 0.010073
v -0.029309 0.087777 0.012602
v -0.028117 0.087777 0.015078
v -0.026695 0.087777 0.017476
v -0.025055 0.087777 0.019758
v -0.023210 0.087777 0.021898
v -0.021180 0.087777 0.023869
v -0.018989 0.087777 0.025648
v 0.000000 0.087777 0.031917
v 0.003282 0.087777 0.031747
v 0.006651 0.087777 0.031216
v 0.010050 0.087777 0.030292
v 0.013412 0.087777 0.028960
v 0.016665 0.087777 0.027217
v 0.019735 0.087777 0.025078
v 0.025055 0.087777 0.019758
v 0.027194 0.087777 0.016688
v 0.031193 0.087777 0.006674
v 0.022552 0.087777 0.022575
v 0.034895 0.087323 0.044323
v 0.029466 0.087323 0.048105
v 0.023714 0.087323 0.051187
v 0.017770 0.087323 0.053543
v 0.011760 0.087323 0.055176
v 0.005803 0.087323 0.056117
v 0.562189 -0.067520 0.119894
v 0.519911 -0.032109 0.110880
v 0.469816 0.000591 0.100198
v 0.411743 0.028591 0.087816
v 0.347001 0.050608 0.074011
v 0.301533 0.061841 0.064317
v 0.232702 0.073967 0.049640
v 0.166676 0.081401 0.035562
v 0.504517 -0.032109 0.167531
v 0.455905 0.000591 0.151391
v 0.399552 0.028591 0.132681
v 0.336727 0.050608 0.111822
v 0.292605 0.061841 0.097173
v 0.225812 0.073967 0.074996
v 0.161741 0.081401 0.053724
v 0.122211 0.084393 0.040599
v 0.435838 0.000591 0.202031
v 0.381965 0.028591 0.177061
v 0.321905 0.050608 0.149224
v 0.279725 0.061841 0.129674
v 0.215873 0.073967 0.100078
v 0.154622 0.081401 0.071689
v 0.116831 0.084393 0.054173
v 0.051165 0.087323 0.023737
v 0.358956 0.028591 0.220002
v 0.302514 0.050608 0.185413
v 0.262875 0.061841 0.161121
v 0.202868 0.073967 0.124347
v 0.145308 0.081401 0.089072
v 0.109793 0.084393 0.067308
v 0.048082 0.087323 0.029489
v 0.278719 0.050608 0.219567
v 0.242198 0.061841 0.190800
v 0.186912 0.073967 0.147251
v 0.133878 0.081401 0.105477
v 0.101157 0.084393 0.079704
v 0.044300 0.087323 0.034918
v 0.250882 0.050608 0.250905
v 0.218009 0.061841 0.218031
v 0.168244 0.073967 0.168267
v 0.120507 0.081401 0.120530
v 0.091054 0.084393 0.091077
v 0.039876 0.087323 0.039899
v 0.219544 0.050608 0.278742
v 0.190777 0.061841 0.242221
v 0.147228 0.073967 0.186934
v 0.105454 0.081401 0.133901
v 0.079681 0.084393 0.101180
v 0.161098 0.061841 0.262897
v 0.124324 0.073967 0.202891
v 0.089049 0.081401 0.145330
v 0.067285 0.084393 0.109816
v 0.256896 -0.103578 0.554283
v 0.181130 -0.067520 0.545566
v 0.110857 -0.032109 0.519934
v 0.049431 0.000591 0.477850
v -0.000000 0.028591 0.421022
v -0.036509 0.050608 0.352941
v -0.064294 0.061841 0.301555
v -0.068640 0.073967 0.227840
v -0.062732 0.081401 0.158480
v -0.057487 0.084393 0.115249
v -0.029466 0.087323 0.048105
v 0.100056 0.073967 0.215895
v 0.071666 0.081401 0.154645
v 0.054151 0.084393 0.116854
v 0.192497 -0.103578 0.579803
v 0.119872 -0.067520 0.562212
v 0.054702 -0.032109 0.528799
v -0.000000 0.000591 0.480400
v -0.043321 0.028591 0.418787
v -0.073988 0.050608 0.347024
v -0.088943 0.061841 0.295226
v -0.087582 0.073967 0.221250
v -0.076082 0.081401 0.152521
v -0.067285 0.084393 0.109816
v -0.033575 0.087323 0.045332
v 0.053701 0.081401 0.161764
v 0.040576 0.084393 0.122233
v 0.127394 -0.103578 0.597493
v 0.059150 -0.067520 0.571798
v -0.000000 -0.032109 0.531621
v -0.049431 0.000591 0.477850
v -0.087793 0.028591 0.411766
v -0.102354 0.050608 0.339740
v -0.113487 0.061841 0.286687
v -0.106220 0.073967 0.212930
v -0.089049 0.081401 0.145331
v -0.076667 0.084393 0.103483
v -0.037449 0.087323 0.042187
v 0.026853 0.084393 0.125962
v 0.062862 -0.103578 0.607681
v -0.000000 -0.067520 0.574850
v -0.054701 -0.032109 0.528799
v -0.100175 0.000591 0.469839
v -0.121451 0.028591 0.403123
v -0.130600 0.050608 0.329913
v -0.137639 0.061841 0.275905
v -0.124324 0.073967 0.202891
v -0.101466 0.081401 0.136949
v -0.085512 0.084393 0.096301
v -0.041038 0.087323 0.038702
v -0.000001 -0.103578 0.610924
v -0.059149 -0.067520 0.571798
v -0.110857 -0.032109 0.519934
v -0.138581 0.000591 0.459976
v -0.154967 0.028591 0.391463
v -0.158394 0.050608 0.317505
v -0.161098 0.061841 0.262898
v -0.141660 0.073967 0.191189
v -0.113172 0.081401 0.127444
v -0.093708 0.084393 0.088344
v -0.044300 0.087323 0.034918
v -0.062861 -0.103578 0.607681
v -0.119871 -0.067520 0.562212
v -0.153357 -0.032109 0.509020
v -0.176824 0.000591 0.446672
v -0.187947 0.028591 0.376740
v -0.185390 0.050608 0.302537
v -0.183561 0.061841 0.247734
v -0.158003 0.073967 0.177919
v -0.124019 0.081401 0.116913
v -0.101157 0.084393 0.079704
v -0.047201 0.087323 0.030882
v -0.127394 -0.103578 0.597493
v -0.165828 -0.067520 0.550411
v -0.195678 -0.032109 0.494297
v -0.214455 0.000591 0.429873
v -0.219979 0.028591 0.358978
v -0.211240 0.050608 0.285087
v -0.204738 0.061841 0.230539
v -0.173147 0.073967 0.163217
v -0.133878 0.081401 0.105477
v -0.107780 0.084393 0.070487
v -0.049715 0.087323 0.026642
v -0.176235 -0.103578 0.584951
v -0.211591 -0.067520 0.534490
v -0.237322 -0.032109 0.475707
v -0.251005 0.000591 0.409606
v -0.250652 0.028591 0.338273
v -0.235611 0.050608 0.265299
v -0.224362 0.061841 0.211487
v -0.186911 0.073967 0.147251
v -0.142643 0.081401 0.093280
v -0.113527 0.084393 0.060796
v -0.051822 0.087323 0.022264
v -0.579780 -0.103578 0.192520
v -0.558706 -0.067520 0.135203
v -0.525133 -0.032109 0.082676
v -0.593768 -0.103578 0.143687
v -0.567836 -0.067520 0.089397
v -0.603472 -0.103578 0.095006
v 0.246650 0.115997 0.056320
v 0.246114 0.113792 0.056197
v 0.245920 0.110589 0.056153
v 0.246398 0.107412 0.056262
v 0.247520 0.104410 0.056518
v 0.249242 0.101731 0.056911
v 0.251171 0.099756 0.057351
v 0.232148 0.099756 0.111818
v 0.235156 0.097644 0.113267
v 0.204046 0.097644 0.162746
v 0.205489 0.096930 0.163896
v 0.163897 0.096930 0.205541
v 0.187219 0.096469 0.187251
v 0.147109 0.096469 0.220177
v 0.114043 0.096930 0.236822
v 0.101319 0.096469 0.244623
v 0.058491 0.096930 0.256281
v 0.051656 0.096469 0.259707
v -0.000003 0.096930 0.262852
v -0.000003 0.096469 0.264776
v -0.051659 0.096469 0.259725
v -0.058491 0.096930 0.256300
v -0.101312 0.096469 0.244632
v -0.114032 0.096930 0.236826
v -0.147096 0.096469 0.220165
v -0.163882 0.096930 0.205527
v -0.187210 0.096469 0.187236
v -0.205484 0.096930 0.163891
v -0.220141 0.096469 0.147112
v -0.236825 0.096930 0.114077
v -0.244618 0.096469 0.101357
v -0.256229 0.096930 0.058513
v -0.259656 0.096469 0.051677
v -0.254431 0.097644 0.058102
v -0.251176 0.099756 0.057359
v -0.249246 0.101731 0.056919
v -0.247524 0.104410 0.056526
v -0.246402 0.107412 0.056270
v -0.227742 0.107412 0.109703
v -0.227300 0.110589 0.109490
v -0.197220 0.110589 0.157300
v -0.197376 0.113792 0.157425
v -0.157415 0.113792 0.197418
v -0.157758 0.115997 0.197847
v -0.109771 0.115997 0.227977
v -0.056305 0.115997 0.246723
v -0.000003 0.115997 0.253030
v 0.056306 0.115997 0.246705
v 0.109781 0.115997 0.227973
v 0.157772 0.115997 0.197861
v 0.197810 0.115997 0.157772
v 0.227969 0.115997 0.109805
v -0.197806 0.115997 0.157767
v -0.227480 0.113792 0.109577
v -0.245924 0.110589 0.056160
v -0.227975 0.115997 0.109815
v -0.246118 0.113792 0.056205
v -0.246654 0.115997 0.056327
v 0.220139 0.096469 0.147113
v 0.236818 0.096930 0.114067
v 0.254427 0.097644 0.058094
v 0.244609 0.096469 0.101347
v 0.256225 0.096930 0.058505
v 0.259652 0.096469 0.051672
v 0.227474 0.113792 0.109567
v 0.197380 0.113792 0.157430
v 0.157430 0.113792 0.197431
v 0.109542 0.113792 0.227478
v 0.056183 0.113792 0.246169
v -0.000003 0.113792 0.252481
v -0.056183 0.113792 0.246187
v -0.109532 0.113792 0.227482
v 0.227294 0.110589 0.109480
v 0.197224 0.110589 0.157305
v 0.157305 0.110589 0.197275
v 0.109456 0.110589 0.227298
v 0.056139 0.110589 0.245975
v -0.000003 0.110589 0.252281
v -0.056139 0.110589 0.245993
v -0.109446 0.110589 0.227302
v -0.157291 0.110589 0.197261
v 0.227736 0.107412 0.109693
v 0.197608 0.107412 0.157611
v 0.157611 0.107412 0.197659
v 0.109669 0.107412 0.227740
v 0.056248 0.107412 0.246453
v -0.000003 0.107412 0.252771
v -0.056248 0.107412 0.246471
v -0.109659 0.107412 0.227744
v -0.157596 0.107412 0.197645
v -0.197603 0.107412 0.157606
v 0.228773 0.104410 0.110193
v 0.198508 0.104410 0.158329
v 0.158329 0.104410 0.198559
v 0.110168 0.104410 0.228777
v 0.056504 0.104410 0.247576
v -0.000003 0.104410 0.253923
v -0.056504 0.104410 0.247594
v -0.110158 0.104410 0.228781
v -0.158314 0.104410 0.198545
v -0.198503 0.104410 0.158324
v -0.228779 0.104410 0.110202
v 0.230364 0.101731 0.110959
v 0.199889 0.101731 0.159430
v 0.159430 0.101731 0.199940
v 0.110935 0.101731 0.230368
v 0.056897 0.101731 0.249298
v -0.000003 0.101731 0.255689
v -0.056897 0.101731 0.249316
v -0.110924 0.101731 0.230372
v -0.159416 0.101731 0.199926
v -0.199884 0.101731 0.159425
v -0.230370 0.101731 0.110969
v 0.201436 0.099756 0.160664
v 0.162746 0.097644 0.204098
v 0.160664 0.099756 0.201487
v 0.111793 0.099756 0.232151
v 0.057338 0.099756 0.251227
v -0.000003 0.099756 0.257668
v -0.057338 0.099756 0.251245
v -0.111783 0.099756 0.232155
v -0.160649 0.099756 0.201473
v -0.201431 0.099756 0.160659
v -0.232154 0.099756 0.111828
v 0.113242 0.097644 0.235160
v 0.058081 0.097644 0.254483
v -0.000003 0.097644 0.261007
v -0.058081 0.097644 0.254501
v -0.113232 0.097644 0.235164
v -0.162731 0.097644 0.204084
v -0.204042 0.097644 0.162741
v -0.235162 0.097644 0.113277
v 0.695509 -0.162149 0.068531
v 0.677523 -0.136760 0.070112
v 0.631832 -0.081419 0.065385
v 0.596893 -0.047226 0.061771
v 0.558823 -0.016399 0.057833
v 0.517435 0.010859 0.053551
v 0.472669 0.034486 0.048920
v 0.508759 0.010859 0.108502
v 0.464745 0.034486 0.099117
v 0.493696 0.010859 0.163938
v 0.450984 0.034486 0.149758
v 0.471965 0.010859 0.218776
v 0.431134 0.034486 0.199851
v 0.443534 0.010859 0.271834
v 0.405162 0.034486 0.248319
v 0.408647 0.010859 0.321910
v 0.373294 0.034486 0.294062
v 0.367828 0.010859 0.367864
v 0.336005 0.034486 0.336041
v 0.321887 0.010859 0.408670
v 0.294039 0.034486 0.373316
v 0.271811 0.010859 0.443557
v 0.248296 0.034486 0.405185
v 0.218753 0.010859 0.471988
v 0.199828 0.034486 0.431156
v 0.163916 0.010859 0.493719
v 0.149735 0.034486 0.451007
v 0.108479 0.010859 0.508782
v 0.099094 0.034486 0.464768
v 0.053528 0.010859 0.517458
v 0.048897 0.034486 0.472692
v -0.000006 0.034486 0.475215
v -0.000005 0.054615 0.426940
v -0.043930 0.054615 0.424673
v -0.038649 0.071492 0.373631
v -0.089027 0.054615 0.417554
v -0.078326 0.071492 0.367367
v -0.123159 0.054615 0.408789
v -0.108355 0.071492 0.359656
v -0.157146 0.054615 0.396965
v -0.138257 0.071492 0.349253
v -0.190589 0.054615 0.382036
v -0.167680 0.071492 0.336119
v -0.223071 0.054615 0.364024
v -0.196259 0.071492 0.320272
v -0.254176 0.054615 0.343028
v -0.223625 0.071492 0.301799
v -0.283500 0.054615 0.319218
v -0.249424 0.071492 0.280851
v -0.310673 0.054615 0.292837
v -0.273331 0.071492 0.257641
v -0.335370 0.054615 0.264191
v -0.295060 0.071493 0.232438
v -0.357327 0.054615 0.233636
v -0.314377 0.071493 0.205556
v -0.331140 0.071493 0.177288
v -0.283421 0.085377 0.151773
v -0.295430 0.085377 0.126817
v -0.305112 0.085377 0.101325
v -0.312473 0.085377 0.075627
v -0.317580 0.085377 0.050008
v -0.371034 0.071493 0.058422
v -0.374491 0.071493 0.028890
v -0.425654 0.054615 0.032834
v 0.424651 0.054615 0.043953
v 0.417531 0.054615 0.089050
v 0.405169 0.054615 0.134546
v 0.387334 0.054615 0.179550
v 0.364002 0.054615 0.223094
v 0.335370 0.054615 0.264191
v 0.301870 0.054615 0.301905
v 0.264168 0.054615 0.335393
v 0.223071 0.054615 0.364024
v 0.179527 0.054615 0.387357
v 0.134523 0.054615 0.405191
v 0.089027 0.054615 0.417554
v 0.043930 0.054615 0.424673
v -0.000005 0.071492 0.375625
v -0.033081 0.085377 0.319806
v -0.067042 0.085377 0.314444
v -0.092745 0.085377 0.307844
v -0.118339 0.085377 0.298940
v -0.143523 0.085377 0.287697
v -0.167984 0.085377 0.274134
v -0.191407 0.085377 0.258323
v -0.213490 0.085377 0.240393
v -0.233952 0.085377 0.220526
v -0.252551 0.085377 0.198954
v -0.269085 0.085377 0.175945
v 0.373608 0.071493 0.038672
v 0.367345 0.071493 0.078349
v 0.356468 0.071493 0.118376
v 0.340778 0.071493 0.157971
v 0.320249 0.071493 0.196281
v 0.295060 0.071493 0.232438
v 0.265585 0.071492 0.265619
v 0.232415 0.071492 0.295082
v 0.196259 0.071492 0.320272
v 0.157948 0.071492 0.340800
v 0.118354 0.071492 0.356491
v 0.078326 0.071492 0.367367
v 0.038649 0.071492 0.373631
v -0.000004 0.085377 0.321512
v 0.319783 0.085377 0.033104
v 0.314421 0.085377 0.067065
v 0.305112 0.085377 0.101325
v 0.291682 0.085377 0.135216
v 0.274111 0.085377 0.168007
v 0.252551 0.085377 0.198954
v 0.227322 0.085377 0.227355
v 0.198931 0.085377 0.252573
v 0.167984 0.085377 0.274134
v 0.135193 0.085377 0.291705
v 0.101302 0.085377 0.305135
v 0.067042 0.085377 0.314444
v 0.033081 0.085377 0.319806
v -0.320539 0.085377 0.024731
v -0.473786 0.034486 0.036544
v -0.518657 0.010859 0.040003
v -0.560143 -0.016399 0.043201
v -0.513870 0.010859 0.080903
v -0.554973 -0.016399 0.087373
v -0.505607 0.010859 0.122356
v -0.546049 -0.016399 0.132141
v -0.493696 0.010859 0.163938
v -0.533185 -0.016399 0.177050
v -0.478029 0.010859 0.205186
v -0.516266 -0.016399 0.221597
v -0.495386 -0.016399 0.265008
v -0.529158 -0.047226 0.283018
v -0.502263 -0.047226 0.328392
v -0.531663 -0.081419 0.347613
v -0.471400 -0.047226 0.371340
v -0.498994 -0.081419 0.393075
v -0.436685 -0.047226 0.411605
v -0.462247 -0.081419 0.435697
v -0.398491 -0.047226 0.448687
v -0.421817 -0.081419 0.474949
v -0.357272 -0.047226 0.482154
v -0.378185 -0.081419 0.510376
v -0.313551 -0.047226 0.511667
v -0.331905 -0.081419 0.541616
v -0.267893 -0.047226 0.536984
v -0.283575 -0.081419 0.568415
v -0.220886 -0.047226 0.557969
v -0.233815 -0.081419 0.590628
v -0.173113 -0.047226 0.574589
v -0.183246 -0.081419 0.608221
v -0.125137 -0.047226 0.586909
v -0.132462 -0.081419 0.621262
v -0.061748 -0.047226 0.596916
v -0.065362 -0.081419 0.631855
v -0.000008 -0.081419 0.635227
v -0.000009 -0.136760 0.681162
v 0.070089 -0.136760 0.677546
v 0.068492 -0.162149 0.695544
v 0.136336 -0.162149 0.685477
v -0.598304 -0.047226 0.046142
v -0.592781 -0.047226 0.093324
v -0.583249 -0.047226 0.141142
v -0.569509 -0.047226 0.189110
v -0.551437 -0.047226 0.236691
v -0.560156 -0.081419 0.299539
v -0.570110 -0.136760 0.372749
v -0.535078 -0.136760 0.421498
v -0.495674 -0.136760 0.467203
v -0.452320 -0.136760 0.509293
v -0.405534 -0.136760 0.547282
v -0.355907 -0.136760 0.580781
v -0.304081 -0.136760 0.609518
v -0.250724 -0.136760 0.633338
v -0.196498 -0.136760 0.652203
v -0.142041 -0.136760 0.666187
v -0.070089 -0.136760 0.677546
v -0.068510 -0.162149 0.695519
v -0.000009 -0.162149 0.698891
v -0.633325 -0.081419 0.048842
v -0.627479 -0.081419 0.098785
v -0.617390 -0.081419 0.149402
v -0.602845 -0.081419 0.200178
v -0.583715 -0.081419 0.250545
v -0.600701 -0.136760 0.321128
v -0.616363 -0.162149 0.329461
v -0.581099 -0.162149 0.388285
v -0.679124 -0.136760 0.052372
v -0.672855 -0.136760 0.105927
v -0.662036 -0.136760 0.160204
v -0.646440 -0.136760 0.214652
v -0.625926 -0.136760 0.268661
v -0.695509 -0.162149 0.068522
v -0.685451 -0.162149 0.136362
v -0.668787 -0.162149 0.202889
v -0.645685 -0.162149 0.267464
v -0.540248 -0.162149 0.443377
v -0.494190 -0.162149 0.494201
v -0.443378 -0.162149 0.540266
v -0.388284 -0.162149 0.581109
v -0.329454 -0.162149 0.616364
v -0.267461 -0.162149 0.645706
v -0.202887 -0.162149 0.668822
v -0.136354 -0.162149 0.685476
v 0.142041 -0.136760 0.666187
v 0.202865 -0.162149 0.668804
v 0.214629 -0.136760 0.646463
v 0.267440 -0.162149 0.645703
v 0.286433 -0.136760 0.618009
v 0.329440 -0.162149 0.616384
v 0.355907 -0.136760 0.580781
v 0.388267 -0.162149 0.581121
v 0.421475 -0.136760 0.535101
v 0.443358 -0.162149 0.540267
v 0.481632 -0.136760 0.481667
v 0.494173 -0.162149 0.494207
v 0.540236 -0.162149 0.443395
v 0.535078 -0.136760 0.421498
v 0.581090 -0.162149 0.388305
v 0.580759 -0.136760 0.355930
v 0.616355 -0.162149 0.329478
v 0.617986 -0.136760 0.286455
v 0.645678 -0.162149 0.267479
v 0.646440 -0.136760 0.214652
v 0.668782 -0.162149 0.202905
v 0.666164 -0.136760 0.142064
v 0.685449 -0.162149 0.136376
v 0.549454 -0.016399 0.117179
v 0.533185 -0.016399 0.177050
v 0.509716 -0.016399 0.236273
v 0.479011 -0.016399 0.293576
v 0.441334 -0.016399 0.347657
v 0.397250 -0.016399 0.397286
v 0.347634 -0.016399 0.441357
v 0.293553 -0.016399 0.479034
v 0.236250 -0.016399 0.509739
v 0.177027 -0.016399 0.533208
v 0.117156 -0.016399 0.549477
v 0.057810 -0.016399 0.558846
v -0.000007 0.010859 0.520219
v -0.048897 0.034486 0.472692
v -0.099094 0.034486 0.464768
v -0.137085 0.034486 0.455012
v -0.174916 0.034486 0.441851
v -0.212140 0.034486 0.425233
v -0.248296 0.034486 0.405185
v -0.282918 0.034486 0.381814
v -0.315558 0.034486 0.355312
v -0.345804 0.034486 0.325948
v -0.373294 0.034486 0.294062
v -0.397733 0.034486 0.260052
v -0.376397 0.054615 0.201476
v -0.345156 0.071493 0.148159
v -0.356468 0.071493 0.118376
v -0.365068 0.071493 0.088352
v 0.586886 -0.047226 0.125160
v 0.569509 -0.047226 0.189110
v 0.544441 -0.047226 0.252368
v 0.511644 -0.047226 0.313574
v 0.471400 -0.047226 0.371340
v 0.424313 -0.047226 0.424349
v 0.371317 -0.047226 0.471423
v 0.313551 -0.047226 0.511667
v 0.252345 -0.047226 0.544464
v 0.189087 -0.047226 0.569532
v 0.125137 -0.047226 0.586909
v 0.061748 -0.047226 0.596916
v -0.000007 -0.016399 0.561828
v -0.053528 0.010859 0.517458
v -0.108479 0.010859 0.508782
v -0.150068 0.010859 0.498103
v -0.191481 0.010859 0.483695
v -0.232231 0.010859 0.465504
v -0.271811 0.010859 0.443557
v -0.309712 0.010859 0.417973
v -0.345444 0.010859 0.388961
v -0.378554 0.010859 0.356815
v -0.408647 0.010859 0.321910
v -0.435402 0.010859 0.284679
v -0.418977 0.034486 0.224223
v -0.392311 0.054615 0.168397
v -0.405169 0.054615 0.134546
v -0.414944 0.054615 0.100420
v -0.421725 0.054615 0.066400
v 0.621239 -0.081419 0.132485
v 0.602845 -0.081419 0.200178
v 0.576310 -0.081419 0.267139
v 0.541593 -0.081419 0.331928
v 0.498994 -0.081419 0.393075
v 0.449151 -0.081419 0.449186
v 0.393052 -0.081419 0.499016
v 0.331905 -0.081419 0.541616
v 0.267116 -0.081419 0.576333
v 0.200155 -0.081419 0.602868
v 0.132462 -0.081419 0.621262
v 0.065362 -0.081419 0.631855
v -0.000008 -0.047226 0.600101
v -0.057810 -0.016399 0.558846
v -0.117156 -0.016399 0.549477
v -0.162072 -0.016399 0.537943
v -0.206797 -0.016399 0.522383
v -0.250807 -0.016399 0.502736
v -0.293553 -0.016399 0.479034
v -0.334485 -0.016399 0.451404
v -0.373075 -0.016399 0.420071
v -0.408833 -0.016399 0.385354
v -0.441334 -0.016399 0.347657
v -0.470228 -0.016399 0.307448
v -0.458677 0.010859 0.245419
v -0.436673 0.034486 0.187437
v -0.450984 0.034486 0.149758
v -0.461865 0.034486 0.111772
v -0.469413 0.034486 0.073906
v 0.696797 -0.163829 0.068657
v 0.695092 -0.163010 0.078348
v 0.686719 -0.163829 0.136628
v 0.681957 -0.163010 0.155684
v 0.670022 -0.163829 0.203279
v 0.667931 -0.163010 0.207772
v 0.649938 -0.163010 0.258625
v 0.628080 -0.163010 0.307942
v 0.602480 -0.163010 0.355425
v 0.573299 -0.163010 0.400797
v 0.540713 -0.163010 0.443784
v 0.504905 -0.163010 0.484130
v 0.541239 -0.163829 0.444213
v 0.495092 -0.163829 0.495120
v 0.466099 -0.163010 0.521598
v 0.444183 -0.163829 0.541265
v 0.424521 -0.163010 0.555967
v 0.388991 -0.163829 0.582194
v 0.380414 -0.163010 0.587026
v 0.330056 -0.163829 0.617523
v 0.334048 -0.163010 0.614600
v 0.285696 -0.163010 0.638514
v 0.235643 -0.163010 0.658625
v 0.184191 -0.163010 0.674828
v 0.131642 -0.163010 0.687022
v 0.078308 -0.163010 0.695127
v 0.136596 -0.163829 0.686746
v 0.068627 -0.163829 0.696832
v 0.024511 -0.163010 0.699086
v -0.029431 -0.163010 0.698882
v -0.083199 -0.163010 0.694538
v -0.136470 -0.163010 0.686081
v -0.188939 -0.163010 0.673535
v -0.240279 -0.163010 0.656970
v -0.290184 -0.163010 0.636487
v -0.338363 -0.163010 0.612221
v -0.384538 -0.163010 0.584331
v -0.428429 -0.163010 0.552974
v -0.469764 -0.163010 0.518315
v -0.508303 -0.163010 0.480568
v -0.543822 -0.163010 0.439965
v -0.576105 -0.163010 0.396746
v -0.604966 -0.163010 0.351173
v -0.630232 -0.163010 0.303514
v -0.660243 -0.163010 0.231043
v -0.681960 -0.163010 0.155669
v -0.695093 -0.163010 0.078338
v 0.203247 -0.163829 0.670041
v 0.267942 -0.163829 0.646897
v 0.582169 -0.163829 0.389022
v 0.617498 -0.163829 0.330086
v 0.646876 -0.163829 0.267973
v 0.215000 0.186367 -0.049058
v 0.216834 0.188647 -0.049477
v 0.218685 0.190241 -0.049899
v 0.221455 0.191814 -0.050531
v 0.224489 0.192749 -0.051224
v 0.207488 0.192749 -0.099905
v 0.204683 0.191814 -0.098555
v 0.177596 0.191814 -0.141607
v 0.175374 0.190241 -0.139836
v 0.139867 0.190242 -0.175371
v 0.138684 0.188648 -0.173886
v 0.096498 0.188648 -0.200374
v 0.095682 0.186367 -0.198679
v 0.049078 0.186367 -0.215019
v -0.000001 0.186367 -0.220516
v -0.049082 0.186367 -0.215002
v -0.095695 0.186367 -0.198673
v -0.137527 0.186367 -0.172425
v -0.172426 0.186367 -0.137480
v -0.198714 0.186367 -0.095669
v -0.214997 0.186367 -0.049049
v 0.180029 0.192749 -0.143548
v 0.141639 0.191814 -0.177593
v 0.097321 0.190242 -0.202084
v 0.049496 0.188648 -0.216853
v 0.143579 0.192750 -0.180026
v 0.098554 0.191814 -0.204644
v 0.049919 0.190242 -0.218704
v -0.000001 0.188648 -0.222397
v 0.099904 0.192750 -0.207448
v 0.050551 0.191814 -0.221475
v -0.000001 0.190242 -0.224295
v -0.049501 0.188648 -0.216836
v 0.051243 0.192750 -0.224509
v -0.000001 0.191814 -0.227137
v -0.049923 0.190242 -0.218687
v -0.096511 0.188648 -0.200368
v -0.000001 0.192750 -0.230249
v -0.050556 0.191814 -0.221457
v -0.097335 0.190242 -0.202078
v -0.138700 0.188648 -0.173896
v -0.051248 0.192750 -0.224492
v -0.099918 0.192750 -0.207442
v -0.143597 0.192750 -0.180036
v -0.180036 0.192749 -0.143549
v -0.207484 0.192749 -0.099892
v -0.224486 0.192749 -0.051215
v -0.221452 0.191814 -0.050523
v -0.204680 0.191814 -0.098542
v -0.177603 0.191814 -0.141608
v -0.141656 0.191814 -0.177603
v -0.098568 0.191814 -0.204639
v -0.218681 0.190241 -0.049890
v -0.216831 0.188647 -0.049468
v 0.137511 0.186367 -0.172415
v 0.173890 0.188647 -0.138652
v 0.202123 0.190241 -0.097322
v 0.172419 0.186367 -0.137479
v 0.200413 0.188647 -0.096498
v 0.198717 0.186367 -0.095681
v -0.139884 0.190242 -0.175381
v -0.175381 0.190241 -0.139837
v -0.202119 0.190241 -0.097309
v -0.173897 0.188647 -0.138653
v -0.200409 0.188647 -0.096485
v 0.210819 0.177038 0.044974
v 0.195572 0.177038 0.090669
v 0.169335 0.177038 0.133406
v 0.133383 0.177038 0.169358
v 0.090647 0.177038 0.195595
v 0.044951 0.177038 0.210842
v -0.000002 0.177038 0.215581
v -0.044951 0.177038 0.210842
v -0.079346 0.177038 0.200446
v -0.043909 0.170802 0.205952
v -0.077506 0.170802 0.195798
v -0.042566 0.165074 0.199656
v -0.075136 0.165074 0.189812
v -0.040918 0.159866 0.191925
v -0.072226 0.159866 0.182462
v -0.037280 0.151992 0.174863
v -0.065804 0.151992 0.166242
v -0.032733 0.145694 0.153536
v -0.057778 0.145694 0.145966
v -0.025915 0.139843 0.121564
v -0.045744 0.139843 0.115571
v -0.018056 0.135944 0.084706
v -0.031872 0.135944 0.080530
v 0.205930 0.170802 0.043932
v 0.199633 0.165074 0.042589
v 0.191902 0.159866 0.040941
v 0.174840 0.151992 0.037303
v 0.153513 0.145694 0.032755
v 0.121542 0.139843 0.025938
v 0.084683 0.135944 0.018079
v -0.085534 0.135944 0.013485
v -0.122762 0.139843 0.019345
v -0.155055 0.145694 0.024428
v -0.176596 0.151992 0.027818
v -0.193829 0.159866 0.030531
v -0.201638 0.165074 0.031760
v -0.207998 0.170802 0.032761
v -0.212937 0.177038 0.033538
v -0.204577 0.177038 0.067946
v -0.190025 0.177038 0.101786
v -0.169335 0.177038 0.133406
v -0.143145 0.177038 0.161190
v -0.112633 0.177038 0.183814
v 0.078559 0.135944 0.036434
v 0.068019 0.135944 0.053601
v 0.053578 0.135944 0.068042
v 0.036411 0.135944 0.078582
v 0.018056 0.135944 0.084706
v -0.000000 0.135944 0.086610
v -0.045243 0.135944 0.073849
v -0.057499 0.135944 0.064762
v -0.068019 0.135944 0.053601
v -0.076331 0.135944 0.040900
v -0.082176 0.135944 0.027307
v -0.000001 0.139843 0.124297
v 0.025915 0.139843 0.121564
v 0.032733 0.145694 0.153536
v 0.052260 0.139843 0.112774
v 0.066007 0.145694 0.142434
v 0.076898 0.139843 0.097648
v 0.097126 0.145694 0.123328
v 0.097625 0.139843 0.076921
v 0.123305 0.145694 0.097149
v 0.112751 0.139843 0.052282
v 0.142411 0.145694 0.066029
v 0.162195 0.151992 0.075199
v 0.140436 0.151992 0.110643
v 0.110620 0.151992 0.140459
v 0.075177 0.151992 0.162218
v 0.037280 0.151992 0.174863
v -0.000001 0.145694 0.156987
v 0.178023 0.159866 0.082535
v 0.154140 0.159866 0.121437
v 0.121414 0.159866 0.154163
v 0.082513 0.159866 0.178046
v 0.040918 0.159866 0.191925
v -0.000001 0.151992 0.178793
v 0.185195 0.165074 0.085860
v 0.160350 0.165074 0.126329
v 0.126306 0.165074 0.160373
v 0.085837 0.165074 0.185218
v 0.042566 0.165074 0.199656
v -0.000002 0.159866 0.196238
v 0.191036 0.170802 0.088567
v 0.165407 0.170802 0.130312
v 0.130290 0.170802 0.165430
v 0.088544 0.170802 0.191059
v 0.043909 0.170802 0.205952
v -0.000002 0.165074 0.204144
v -0.199832 0.170802 0.066371
v -0.185618 0.170802 0.099426
v -0.165407 0.170802 0.130312
v -0.139825 0.170802 0.157452
v -0.110020 0.170802 0.179551
v -0.193722 0.165074 0.064342
v -0.179942 0.165074 0.096386
v -0.160350 0.165074 0.126329
v -0.135549 0.165074 0.152639
v -0.106657 0.165074 0.174062
v -0.186220 0.159866 0.061851
v -0.172974 0.159866 0.092655
v -0.154140 0.159866 0.121437
v -0.130300 0.159866 0.146728
v -0.102526 0.159866 0.167322
v -0.169663 0.151992 0.056354
v -0.157595 0.151992 0.084419
v -0.140436 0.151992 0.110643
v -0.118715 0.151992 0.133685
v -0.093411 0.151992 0.152448
v -0.148968 0.145694 0.049483
v -0.138372 0.145694 0.074124
v -0.123305 0.145694 0.097149
v -0.104234 0.145694 0.117381
v -0.082016 0.145694 0.133855
v -0.117943 0.139843 0.039182
v -0.109553 0.139843 0.058691
v -0.097625 0.139843 0.076921
v -0.082526 0.139843 0.092939
v -0.064935 0.139843 0.105982
v -0.000002 0.170802 0.210582
v 0.054000 -0.167358 0.700558
v 0.109243 -0.167358 0.694092
v 0.054119 -0.171545 0.702103
v 0.109484 -0.171545 0.695623
v 0.054153 -0.176023 0.702542
v 0.109552 -0.176023 0.696057
v 0.054100 -0.180359 0.701861
v 0.109446 -0.180359 0.695382
v 0.054021 -0.183045 0.700840
v 0.109287 -0.183045 0.694371
v 0.053907 -0.185574 0.699363
v 0.109057 -0.185574 0.692908
v 0.053758 -0.187883 0.697424
v 0.108754 -0.187883 0.690987
v 0.053577 -0.189852 0.695080
v 0.108389 -0.189852 0.688665
v 0.053330 -0.191631 0.691865
v 0.107887 -0.191631 0.685479
v 0.053065 -0.192682 0.688429
v 0.107351 -0.192682 0.682074
v 0.052869 -0.192988 0.685891
v 0.106956 -0.192988 0.679560
v 0.052625 -0.192847 0.682723
v 0.106462 -0.192847 0.676421
v 0.052378 -0.192097 0.679523
v 0.105963 -0.192097 0.673251
v 0.052143 -0.190730 0.676467
v 0.105486 -0.190730 0.670223
v 0.051931 -0.188803 0.673726
v 0.105059 -0.188803 0.667508
v 0.051754 -0.186421 0.671429
v 0.104700 -0.186421 0.665231
v 0.158361 -0.186421 0.654535
v 0.212190 -0.186421 0.639116
v 0.265586 -0.186421 0.618836
v 0.317438 -0.186421 0.593907
v 0.368490 -0.186421 0.563654
v 0.369751 -0.188803 0.565582
v 0.418111 -0.188803 0.530830
v 0.419812 -0.190730 0.532989
v 0.465337 -0.190730 0.493741
v 0.467439 -0.192097 0.495971
v 0.509553 -0.192097 0.452594
v 0.511952 -0.192847 0.454725
v 0.550141 -0.192847 0.407692
v 0.552694 -0.192988 0.409584
v 0.586526 -0.192988 0.359464
v 0.588696 -0.192682 0.360794
v 0.617826 -0.192682 0.308260
v 0.620910 -0.191631 0.309799
v 0.645175 -0.191631 0.255442
v 0.648174 -0.189851 0.256629
v 0.667481 -0.189851 0.201131
v 0.669732 -0.187883 0.201809
v 0.684092 -0.187883 0.145887
v 0.685994 -0.185574 0.146293
v 0.697692 -0.185574 0.072198
v 0.699165 -0.183045 0.072351
v 0.702896 -0.183045 0.000025
v 0.703920 -0.180359 0.000025
v 0.700183 -0.180359 -0.072410
v 0.700863 -0.176023 -0.072481
v 0.689113 -0.176023 -0.146912
v 0.688682 -0.171545 -0.146820
v 0.668291 -0.171545 -0.221862
v 0.666821 -0.167358 -0.221373
v 0.637470 -0.167358 -0.295440
v 0.599069 -0.167358 -0.367105
v 0.551948 -0.167358 -0.434741
v 0.496823 -0.167358 -0.496800
v 0.434764 -0.167358 -0.551925
v 0.367128 -0.167358 -0.599046
v 0.295463 -0.167358 -0.637447
v 0.221396 -0.167358 -0.666798
v 0.146520 -0.167358 -0.687144
v 0.072299 -0.167358 -0.698861
v 0.416685 -0.186421 0.529020
v 0.463451 -0.188803 0.491740
v 0.507261 -0.190730 0.450558
v 0.547562 -0.192097 0.405781
v 0.583817 -0.192847 0.357804
v 0.615548 -0.192988 0.307124
v 0.641971 -0.192682 0.254173
v 0.664394 -0.191631 0.200200
v 0.681793 -0.189851 0.145397
v 0.695757 -0.187883 0.071998
v 0.701415 -0.185574 0.000024
v 0.699165 -0.183045 -0.072305
v 0.688444 -0.180359 -0.146769
v 0.668709 -0.176023 -0.222000
v 0.638876 -0.171545 -0.296092
v 0.461871 -0.186421 0.490064
v 0.505206 -0.188803 0.448733
v 0.545099 -0.190730 0.403956
v 0.581080 -0.192097 0.356127
v 0.612705 -0.192847 0.305705
v 0.639604 -0.192988 0.253236
v 0.661093 -0.192682 0.199206
v 0.678639 -0.191631 0.144724
v 0.693419 -0.189851 0.071756
v 0.699470 -0.187883 0.000023
v 0.697692 -0.185574 -0.072153
v 0.687443 -0.183045 -0.146556
v 0.668060 -0.180359 -0.221785
v 0.639275 -0.176023 -0.296277
v 0.600390 -0.171545 -0.367915
v 0.503483 -0.186421 0.447203
v 0.542891 -0.188803 0.402320
v 0.578467 -0.190730 0.354525
v 0.609833 -0.192097 0.304273
v 0.636650 -0.192847 0.252067
v 0.658657 -0.192988 0.198472
v 0.675269 -0.192682 0.144006
v 0.690211 -0.191631 0.071425
v 0.697120 -0.189851 0.000023
v 0.695757 -0.187883 -0.071953
v 0.685994 -0.185574 -0.146247
v 0.667089 -0.183045 -0.221462
v 0.638654 -0.180359 -0.295989
v 0.600765 -0.176023 -0.368144
v 0.553165 -0.171545 -0.435700
v 0.541040 -0.186421 0.400948
v 0.576123 -0.188803 0.353089
v 0.607090 -0.190730 0.302904
v 0.633666 -0.192097 0.250885
v 0.655614 -0.192847 0.197555
v 0.672779 -0.192988 0.143475
v 0.686783 -0.192682 0.071070
v 0.693895 -0.191631 0.000022
v 0.693419 -0.189851 -0.071711
v 0.684092 -0.187883 -0.145841
v 0.665683 -0.185574 -0.220995
v 0.637726 -0.183045 -0.295559
v 0.600182 -0.180359 -0.367787
v 0.553511 -0.176023 -0.435972
v 0.497918 -0.171545 -0.497896
v 0.574158 -0.186421 0.351885
v 0.604630 -0.188803 0.301677
v 0.630816 -0.190730 0.249757
v 0.652541 -0.192097 0.196629
v 0.669672 -0.192847 0.142812
v 0.684251 -0.192988 0.070808
v 0.690448 -0.192682 0.000021
v 0.690211 -0.191631 -0.071379
v 0.681793 -0.189851 -0.145351
v 0.663837 -0.187883 -0.220383
v 0.636382 -0.185574 -0.294936
v 0.599310 -0.183044 -0.367253
v 0.552974 -0.180359 -0.435549
v 0.498229 -0.176023 -0.498208
v 0.435722 -0.171545 -0.553142
v 0.602569 -0.186421 0.300648
v 0.628260 -0.188803 0.248745
v 0.649606 -0.190730 0.195745
v 0.666533 -0.192097 0.142143
v 0.681091 -0.192847 0.070481
v 0.687903 -0.192988 0.000021
v 0.686783 -0.192682 -0.071024
v 0.678639 -0.191631 -0.144679
v 0.661606 -0.189851 -0.219642
v 0.634617 -0.187883 -0.294118
v 0.598047 -0.185574 -0.366478
v 0.552170 -0.183044 -0.434916
v 0.497745 -0.180359 -0.497725
v 0.435995 -0.176023 -0.553488
v 0.367937 -0.171545 -0.600367
v 0.626118 -0.186421 0.247897
v 0.646974 -0.188803 0.194952
v 0.663535 -0.190730 0.141504
v 0.677899 -0.192097 0.070151
v 0.684726 -0.192847 0.000020
v 0.684251 -0.192988 -0.070762
v 0.675269 -0.192682 -0.143960
v 0.658546 -0.191631 -0.218626
v 0.632485 -0.189851 -0.293130
v 0.596388 -0.187883 -0.365462
v 0.551006 -0.185574 -0.433999
v 0.497021 -0.183044 -0.497001
v 0.435572 -0.180359 -0.552951
v 0.368167 -0.176023 -0.600742
v 0.296115 -0.171545 -0.638853
v 0.644768 -0.186421 0.194287
v 0.660847 -0.188803 0.140931
v 0.674849 -0.190730 0.069835
v 0.681516 -0.192097 0.000020
v 0.681091 -0.192847 -0.070435
v 0.672779 -0.192988 -0.143429
v 0.655275 -0.192682 -0.217540
v 0.629559 -0.191631 -0.291774
v 0.594384 -0.189851 -0.364234
v 0.549478 -0.187883 -0.432795
v 0.495973 -0.185574 -0.495954
v 0.434939 -0.183044 -0.552147
v 0.367810 -0.180359 -0.600159
v 0.296300 -0.176023 -0.639252
v 0.221884 -0.171545 -0.668268
v 0.658593 -0.186421 0.140450
v 0.669823 -0.186421 0.069315
v 0.673398 -0.186421 0.000018
v 0.669823 -0.186421 -0.069270
v 0.658593 -0.186421 -0.140404
v 0.639093 -0.186421 -0.212167
v 0.610963 -0.186421 -0.283155
v 0.574158 -0.186421 -0.351839
v 0.528997 -0.186421 -0.416663
v 0.476160 -0.186421 -0.476146
v 0.416685 -0.186421 -0.528974
v 0.351862 -0.186421 -0.574136
v 0.283177 -0.186421 -0.610940
v 0.212190 -0.186421 -0.639070
v 0.140427 -0.186421 -0.658570
v 0.069293 -0.186421 -0.669800
v 0.069530 -0.188803 -0.672092
v 0.140908 -0.188803 -0.660824
v 0.212916 -0.188803 -0.641257
v 0.284146 -0.188803 -0.613030
v 0.353066 -0.188803 -0.576100
v 0.418111 -0.188803 -0.530784
v 0.477790 -0.188803 -0.477775
v 0.530807 -0.188803 -0.418088
v 0.576123 -0.188803 -0.353043
v 0.613053 -0.188803 -0.284123
v 0.641280 -0.188803 -0.212893
v 0.660847 -0.188803 -0.140885
v 0.672115 -0.188803 -0.069507
v 0.675702 -0.188803 0.000019
v 0.672115 -0.188803 0.069553
v 0.069813 -0.190730 -0.674827
v 0.070128 -0.192097 -0.677876
v 0.070458 -0.192847 -0.681068
v 0.070785 -0.192988 -0.684229
v 0.142789 -0.192847 -0.669649
v 0.143452 -0.192988 -0.672757
v 0.215759 -0.192847 -0.649821
v 0.216761 -0.192988 -0.652837
v 0.287941 -0.192847 -0.621217
v 0.289277 -0.192988 -0.624100
v 0.357781 -0.192847 -0.583794
v 0.359441 -0.192988 -0.586503
v 0.423695 -0.192847 -0.537873
v 0.425661 -0.192988 -0.540369
v 0.484171 -0.192847 -0.484154
v 0.486418 -0.192988 -0.486401
v 0.537896 -0.192847 -0.423672
v 0.540392 -0.192988 -0.425638
v 0.583817 -0.192847 -0.357758
v 0.586526 -0.192988 -0.359418
v 0.621240 -0.192847 -0.287918
v 0.624123 -0.192988 -0.289254
v 0.649844 -0.192847 -0.215737
v 0.652859 -0.192988 -0.216738
v 0.669672 -0.192847 -0.142766
v 0.071047 -0.192682 -0.686760
v 0.143983 -0.192682 -0.675246
v 0.217563 -0.192682 -0.655252
v 0.290347 -0.192682 -0.626409
v 0.360771 -0.192682 -0.588673
v 0.427236 -0.192682 -0.542368
v 0.488218 -0.192682 -0.488200
v 0.542391 -0.192682 -0.427213
v 0.588696 -0.192682 -0.360748
v 0.626432 -0.192682 -0.290324
v 0.071402 -0.191631 -0.690188
v 0.144701 -0.191631 -0.678617
v 0.218649 -0.191631 -0.658523
v 0.291797 -0.191631 -0.629536
v 0.362572 -0.191631 -0.591612
v 0.429369 -0.191631 -0.545076
v 0.490655 -0.191631 -0.490637
v 0.545099 -0.191631 -0.429346
v 0.591635 -0.191631 -0.362549
v 0.071734 -0.189851 -0.693396
v 0.145374 -0.189851 -0.681770
v 0.219665 -0.189851 -0.661583
v 0.293153 -0.189851 -0.632462
v 0.364257 -0.189851 -0.594361
v 0.431364 -0.189851 -0.547609
v 0.492936 -0.189851 -0.492917
v 0.547632 -0.189851 -0.431341
v 0.071975 -0.187883 -0.695734
v 0.072176 -0.185574 -0.697669
v 0.072328 -0.183044 -0.699142
v 0.072433 -0.180359 -0.700160
v 0.072504 -0.176023 -0.700840
v 0.072458 -0.171545 -0.700402
v 0.687167 -0.167358 -0.146497
v 0.700425 -0.171545 -0.072435
v 0.704603 -0.176023 0.000026
v 0.700183 -0.180359 0.072456
v 0.687443 -0.183045 0.146601
v 0.671594 -0.185574 0.202370
v 0.650359 -0.187883 0.257494
v 0.623795 -0.189851 0.311238
v 0.591635 -0.191631 0.362595
v 0.554739 -0.192682 0.411099
v 0.514328 -0.192988 0.456835
v 0.469640 -0.192847 0.498307
v 0.421709 -0.192097 0.535397
v 0.371255 -0.190730 0.567883
v 0.318524 -0.188803 0.595939
v 0.698884 -0.167358 -0.072276
v 0.704163 -0.171545 0.000027
v 0.700863 -0.176023 0.072526
v 0.688444 -0.180359 0.146815
v 0.673013 -0.183045 0.202797
v 0.652167 -0.185574 0.258210
v 0.625899 -0.187883 0.312288
v 0.594384 -0.189851 0.364280
v 0.557508 -0.191631 0.413151
v 0.516231 -0.192682 0.458525
v 0.471820 -0.192988 0.500619
v 0.423695 -0.192847 0.537919
v 0.372932 -0.192097 0.570449
v 0.319820 -0.190730 0.598363
v 0.266494 -0.188803 0.620953
v 0.702614 -0.167358 0.000028
v 0.700425 -0.171545 0.072481
v 0.689113 -0.176023 0.146957
v 0.673992 -0.180359 0.203092
v 0.653545 -0.183045 0.258755
v 0.627639 -0.185574 0.313156
v 0.596388 -0.187883 0.365508
v 0.560099 -0.189851 0.415071
v 0.518808 -0.191631 0.460814
v 0.473565 -0.192682 0.502471
v 0.425661 -0.192988 0.540415
v 0.374688 -0.192847 0.573135
v 0.321264 -0.192097 0.601067
v 0.267578 -0.190730 0.623479
v 0.212916 -0.188803 0.641303
v 0.698884 -0.167358 0.072322
v 0.687167 -0.167358 0.146543
v 0.672742 -0.167358 0.202716
v 0.653282 -0.167358 0.258651
v 0.654723 -0.171545 0.259222
v 0.630098 -0.171545 0.314383
v 0.630492 -0.176023 0.314579
v 0.600765 -0.176023 0.368190
v 0.600182 -0.180359 0.367833
v 0.565562 -0.180359 0.419120
v 0.564740 -0.183045 0.418510
v 0.525538 -0.183045 0.466791
v 0.524431 -0.185574 0.465808
v 0.481087 -0.185574 0.510452
v 0.479753 -0.187883 0.509037
v 0.432818 -0.187883 0.549501
v 0.431364 -0.189852 0.547655
v 0.381471 -0.189852 0.583509
v 0.379706 -0.191631 0.580810
v 0.327099 -0.191631 0.611984
v 0.325474 -0.192682 0.608944
v 0.272310 -0.192682 0.634504
v 0.271306 -0.192988 0.632165
v 0.216761 -0.192988 0.652882
v 0.215759 -0.192847 0.649867
v 0.161025 -0.192847 0.665545
v 0.160270 -0.192097 0.662426
v 0.628712 -0.167358 0.313691
v 0.600390 -0.171545 0.367960
v 0.566112 -0.176023 0.419527
v 0.526303 -0.180359 0.467471
v 0.482103 -0.183045 0.511530
v 0.434022 -0.185574 0.551029
v 0.382757 -0.187883 0.585476
v 0.328618 -0.189852 0.614828
v 0.273669 -0.191631 0.637671
v 0.217563 -0.192682 0.655298
v 0.161772 -0.192988 0.668634
v 0.599069 -0.167358 0.367151
v 0.565758 -0.171545 0.419265
v 0.526814 -0.176023 0.467925
v 0.482805 -0.180359 0.512275
v 0.434939 -0.183045 0.552193
v 0.383821 -0.185574 0.587104
v 0.329726 -0.187883 0.616901
v 0.274941 -0.189852 0.640634
v 0.218649 -0.191631 0.658569
v 0.162371 -0.192682 0.671107
v 0.564513 -0.167358 0.418342
v 0.526485 -0.171545 0.467633
v 0.483274 -0.176023 0.512772
v 0.435572 -0.180359 0.552997
v 0.384632 -0.183045 0.588344
v 0.330643 -0.185574 0.618617
v 0.275868 -0.187883 0.642794
v 0.219665 -0.189852 0.661629
v 0.163181 -0.191631 0.674457
v 0.525327 -0.167358 0.466604
v 0.482972 -0.171545 0.512452
v 0.435995 -0.176023 0.553534
v 0.385192 -0.180359 0.589200
v 0.331341 -0.183045 0.619923
v 0.276635 -0.185574 0.644581
v 0.220406 -0.187883 0.663860
v 0.163940 -0.189852 0.677592
v 0.481910 -0.167358 0.511325
v 0.435722 -0.171545 0.553188
v 0.385566 -0.176023 0.589773
v 0.331823 -0.180359 0.620826
v 0.277220 -0.183045 0.645943
v 0.221018 -0.185574 0.665706
v 0.164492 -0.187883 0.679876
v 0.434764 -0.167358 0.551971
v 0.385325 -0.171545 0.589404
v 0.332145 -0.176023 0.621429
v 0.277623 -0.180359 0.646883
v 0.221485 -0.183045 0.667112
v 0.164950 -0.185574 0.681767
v 0.384477 -0.167358 0.588108
v 0.331937 -0.171545 0.621041
v 0.277893 -0.176023 0.647511
v 0.221808 -0.180359 0.668083
v 0.165298 -0.183045 0.683206
v 0.331206 -0.167358 0.619675
v 0.277719 -0.171545 0.647107
v 0.222023 -0.176023 0.668732
v 0.165539 -0.180359 0.684201
v 0.277108 -0.167358 0.645683
v 0.221396 -0.167358 0.666844
v 0.165232 -0.167358 0.682932
v 0.158903 -0.188803 0.656775
v 0.159549 -0.190730 0.659446
v 0.213782 -0.190730 0.643911
v 0.165699 -0.176023 0.684865
v 0.165596 -0.171545 0.684438
v 0.214748 -0.192097 0.646821
v 0.270053 -0.192847 0.629245
v 0.324275 -0.192988 0.606700
v 0.377820 -0.192682 0.577925
v 0.429369 -0.191631 0.545122
v 0.478141 -0.189852 0.507326
v 0.522976 -0.187883 0.464516
v 0.563550 -0.185574 0.417628
v 0.599310 -0.183045 0.367298
v 0.629880 -0.180359 0.314274
v 0.655132 -0.176023 0.259384
v 0.674226 -0.171545 0.203163
v 0.221884 -0.171545 0.668314
v 0.268787 -0.192097 0.626296
v 0.322777 -0.192847 0.603897
v 0.376427 -0.192988 0.575795
v 0.427236 -0.192682 0.542414
v 0.475929 -0.191631 0.504980
v 0.521219 -0.189851 0.462955
v 0.561987 -0.187883 0.416471
v 0.598047 -0.185574 0.366524
v 0.628964 -0.183045 0.313817
v 0.654496 -0.180359 0.259132
v 0.674647 -0.176023 0.203290
v 0.688682 -0.171545 0.146866
v 0.678451 -0.190730 0.000019
v 0.677899 -0.192097 -0.070105
v 0.674849 -0.190730 -0.069790
v 0.663535 -0.190730 -0.141458
v 0.643889 -0.190730 -0.213759
v 0.615547 -0.190730 -0.285279
v 0.578467 -0.190730 -0.354479
v 0.532967 -0.190730 -0.419789
v 0.479733 -0.190730 -0.479718
v 0.419812 -0.190730 -0.532944
v 0.354502 -0.190730 -0.578444
v 0.285302 -0.190730 -0.615524
v 0.213782 -0.190730 -0.643866
v 0.141481 -0.190730 -0.663512
v 0.666533 -0.192097 -0.142097
v 0.646798 -0.192097 -0.214725
v 0.618328 -0.192097 -0.286568
v 0.581080 -0.192097 -0.356081
v 0.535375 -0.192097 -0.421686
v 0.481901 -0.192097 -0.481885
v 0.421709 -0.192097 -0.535352
v 0.356104 -0.192097 -0.581057
v 0.286591 -0.192097 -0.618305
v 0.214748 -0.192097 -0.646775
v 0.142120 -0.192097 -0.666510
v 0.494598 -0.187883 -0.494579
v 0.432818 -0.187883 -0.549456
v 0.365485 -0.187883 -0.596365
v 0.294141 -0.187883 -0.634595
v 0.220406 -0.187883 -0.663814
v 0.145864 -0.187883 -0.684069
v 0.434022 -0.185574 -0.550983
v 0.367275 -0.183044 -0.599287
v 0.296012 -0.180359 -0.638632
v 0.222023 -0.176023 -0.668686
v 0.146843 -0.171545 -0.688659
v 0.366501 -0.185574 -0.598024
v 0.294959 -0.185574 -0.636359
v 0.221018 -0.185574 -0.665660
v 0.146270 -0.185574 -0.685971
v 0.295582 -0.183044 -0.637703
v 0.221808 -0.180359 -0.668037
v 0.146935 -0.176023 -0.689090
v 0.221485 -0.183044 -0.667066
v 0.146579 -0.183044 -0.687420
v 0.146792 -0.180359 -0.688421
# 4066 vertices

vt 0.88635 -1.40842
vt 0.95412 -0.00002
vt 0.95415 -1.34258
vt 0.87815 0.00000
vt 0.81855 -1.40842
vt 0.80214 0.00000
vt 0.72613 0.00000
vt 0.75111 -1.40842
vt 0.65012 0.00000
vt 0.68367 -1.40842
vt 0.57412 0.00000
vt 0.61622 -1.40842
vt 0.54878 -1.40842
vt 0.61622 -2.81684
vt 0.54878 -2.81684
vt 0.61622 -4.22526
vt 0.54878 -4.22526
vt 0.61622 -5.63368
vt 0.54878 -5.63368
vt 0.61622 -7.04210
vt 0.54878 -7.04210
vt 0.61622 -8.45052
vt 0.54878 -8.45052
vt 0.61622 -9.85893
vt 0.54878 -9.85894
vt 0.61622 -11.26736
vt 0.54878 -11.26736
vt 0.61622 -12.67578
vt 0.54878 -12.67578
vt 0.61622 -14.08420
vt 0.54878 -14.08420
vt 0.61622 -15.49262
vt 0.54878 -15.49262
vt 0.61622 -16.90104
vt 0.54878 -16.90104
vt 0.61622 -18.30946
vt 0.54878 -18.30946
vt 0.61622 -19.71788
vt 0.54878 -19.71788
vt 0.61622 -21.12630
vt 0.54878 -21.12630
vt 0.61622 -22.53472
vt 0.54878 -22.53472
vt 0.61622 -23.59104
vt 0.54878 -23.59104
vt 0.61622 -24.64735
vt 0.54878 -24.64735
vt 0.61622 -25.70367
vt 0.54878 -25.70367
vt 0.61622 -26.75998
vt 0.54878 -26.75998
vt 0.61622 -27.81630
vt 0.54878 -27.81630
vt 0.61622 -28.87261
vt 0.54878 -28.87261
vt 0.61622 -29.92893
vt 0.54878 -29.92893
vt 0.61622 -30.98524
vt 0.54878 -30.98524
vt 0.61622 -32.04156
vt 0.54878 -32.04156
vt 0.61622 -33.10743
vt 0.54878 -33.10743
vt 0.61622 -34.15419
vt 0.54878 -34.15419
vt 0.61622 -35.21051
vt 0.54878 -35.21051
vt 0.61622 -36.26682
vt 0.54878 -36.26682
vt 0.61622 -37.32314
vt 0.54878 -37.32314
vt 0.61622 -38.37945
vt 0.54878 -38.37945
vt 0.57412 -39.43577
vt 0.49811 -39.43577
vt 0.49424 -38.37945
vt 0.42210 -39.43577
vt 0.42017 -38.37945
vt 0.34610 -39.43577
vt 0.34610 -38.37945
vt 0.28455 -38.37945
vt 0.28455 -37.32314
vt 0.22300 -37.32314
vt 0.22300 -36.26682
vt 0.16145 -36.26682
vt 0.16145 -35.21051
vt 0.09990 -35.21051
vt 0.09990 -34.15419
vt 0.00943 -34.15419
vt 0.00943 -33.10748
vt -0.08103 -33.10749
vt -0.08103 -32.04156
vt -0.17150 -32.04156
vt -0.17150 -30.98524
vt -0.26196 -31.92107
vt -0.26196 -30.74609
vt -0.17150 -29.92893
vt -0.26196 -29.57682
vt -0.17150 -28.87261
vt -0.26195 -28.40755
vt -0.17150 -27.81630
vt -0.26196 -27.23259
vt -0.17150 -26.75998
vt -0.26194 -26.04617
vt -0.17150 -25.70367
vt -0.26195 -24.84239
vt -0.17150 -24.64735
vt -0.26196 -23.61486
vt -0.17150 -23.59104
vt -0.17150 -22.53472
vt -0.08103 -23.59104
vt -0.08103 -22.53472
vt 0.00943 -23.59104
vt 0.00943 -22.53472
vt 0.09990 -23.59104
vt 0.09990 -22.53472
vt 0.16145 -23.59104
vt 0.16145 -22.53472
vt 0.22300 -23.59104
vt 0.22300 -22.53472
vt 0.28455 -23.59104
vt 0.28455 -22.53472
vt 0.34610 -23.59104
vt 0.34610 -22.53472
vt 0.42017 -23.59104
vt 0.42017 -22.53472
vt 0.49424 -23.59104
vt 0.49424 -22.53472
vt 0.49811 0.00000
vt 0.49424 -1.40842
vt 0.49424 -2.81684
vt 0.49424 -4.22526
vt 0.49424 -5.63368
vt 0.49424 -7.04210
vt 0.49424 -8.45052
vt 0.49424 -9.85894
vt 0.49424 -11.26736
vt 0.49424 -12.67578
vt 0.49424 -14.08420
vt 0.49424 -15.49262
vt 0.49424 -16.90104
vt 0.49424 -18.30946
vt 0.49424 -19.71788
vt 0.49424 -21.12630
vt 0.42210 0.00000
vt 0.42017 -1.40842
vt 0.42017 -2.81684
vt 0.42017 -4.22526
vt 0.42017 -5.63368
vt 0.42017 -7.04210
vt 0.42017 -8.45052
vt 0.42017 -9.85895
vt 0.42017 -11.26736
vt 0.42017 -12.67578
vt 0.42017 -14.08420
vt 0.42017 -15.49262
vt 0.42017 -16.90104
vt 0.42017 -18.30946
vt 0.42017 -19.71788
vt 0.42017 -21.12630
vt 0.34610 0.00000
vt 0.34610 -1.40842
vt 0.34610 -2.81684
vt 0.34610 -4.22526
vt 0.34610 -5.63368
vt 0.34610 -7.04210
vt 0.34610 -8.45052
vt 0.34610 -9.85896
vt 0.34610 -11.26736
vt 0.34610 -12.67578
vt 0.34610 -14.08420
vt 0.34610 -15.49262
vt 0.34610 -16.90104
vt 0.34610 -18.30946
vt 0.34610 -19.71788
vt 0.34610 -21.12630
vt 0.28455 -1.40842
vt 0.27009 0.00000
vt 0.22300 -1.40842
vt 0.19408 0.00000
vt 0.16145 -1.40842
vt 0.11807 0.00000
vt 0.09990 -1.40842
vt 0.04207 0.00000
vt 0.00943 -1.40842
vt -0.03394 0.00000
vt -0.08103 -1.40842
vt -0.10995 0.00000
vt -0.17150 -1.40842
vt -0.18596 0.00000
vt -0.26196 -1.34262
vt -0.26196 -0.00001
vt -0.26190 -2.63883
vt -0.17150 -2.81684
vt -0.08103 -2.81684
vt -0.08103 -4.22526
vt 0.00943 -4.22526
vt 0.00943 -5.63368
vt 0.09990 -5.63368
vt 0.09990 -7.04210
vt 0.16145 -7.04210
vt 0.16145 -8.45052
vt 0.22300 -8.45052
vt 0.22300 -9.85897
vt 0.28455 -9.85896
vt 0.28455 -11.26736
vt -0.26173 -3.89698
vt -0.17150 -4.22526
vt -0.08103 -5.63368
vt 0.00943 -7.04210
vt 0.09990 -8.45052
vt 0.16145 -9.85898
vt 0.22300 -11.26736
vt 0.28455 -12.67578
vt -0.26185 -5.12456
vt -0.17150 -5.63368
vt -0.08103 -7.04210
vt 0.00943 -8.45052
vt 0.09990 -9.85898
vt 0.16145 -11.26736
vt 0.22300 -12.67578
vt 0.28455 -14.08420
vt -0.26196 -6.32840
vt -0.17150 -7.04210
vt -0.08103 -8.45052
vt 0.00943 -9.85899
vt 0.09990 -11.26736
vt 0.16145 -12.67578
vt 0.22300 -14.08420
vt 0.28455 -15.49262
vt -0.26196 -7.51481
vt -0.17150 -8.45052
vt -0.08103 -9.85900
vt 0.00943 -11.26736
vt 0.09990 -12.67578
vt 0.16145 -14.08420
vt 0.22300 -15.49262
vt 0.28455 -16.90104
vt -0.26181 -8.68972
vt -0.17150 -9.85901
vt -0.08103 -11.26736
vt 0.00943 -12.67578
vt 0.09990 -14.08420
vt 0.16145 -15.49262
vt 0.22300 -16.90104
vt 0.28455 -18.30946
vt -0.26192 -9.85902
vt -0.26196 -11.02837
vt -0.17150 -11.26736
vt -0.26196 -12.20337
vt -0.17150 -12.67578
vt -0.26196 -13.38975
vt -0.17150 -14.08420
vt -0.26195 -14.59350
vt -0.17150 -15.49262
vt -0.26196 -15.82104
vt -0.17150 -16.90104
vt -0.26196 -17.07915
vt -0.17150 -18.30946
vt -0.26196 -18.37533
vt -0.17150 -19.71788
vt -0.26196 -19.71788
vt -0.26196 -21.06048
vt -0.17150 -21.12630
vt -0.26196 -22.35673
vt -0.26196 -33.10750
vt -0.17150 -33.10749
vt -0.08103 -34.15419
vt 0.00943 -35.21051
vt 0.09990 -36.26682
vt 0.16145 -37.32314
vt 0.22300 -38.37945
vt 0.27009 -39.43577
vt -0.17150 -34.15419
vt -0.26196 -34.31126
vt -0.17150 -35.21051
vt -0.26196 -35.53878
vt -0.17150 -36.26682
vt -0.26193 -36.79695
vt -0.17150 -37.32314
vt -0.26188 -38.09321
vt -0.17150 -38.37945
vt -0.18596 -39.43577
vt -0.10995 -39.43577
vt -0.26196 -39.43577
vt -0.08103 -38.37945
vt -0.03394 -39.43577
vt 0.00943 -38.37945
vt 0.04207 -39.43577
vt 0.09990 -38.37945
vt 0.11807 -39.43577
vt 0.16145 -38.37945
vt 0.19408 -39.43577
vt 0.65012 -39.43577
vt 0.72613 -39.43577
vt 0.68367 -38.37945
vt 0.80214 -39.43577
vt 0.75111 -38.37945
vt 0.87815 -39.43577
vt 0.81855 -38.37945
vt 0.95412 -39.43577
vt 0.88635 -38.37945
vt 0.95415 -38.09315
vt 0.88635 -37.32314
vt 0.95414 -36.79688
vt 0.88635 -36.26682
vt 0.95415 -35.53874
vt 0.88635 -35.21051
vt 0.95415 -34.31119
vt 0.88635 -34.15419
vt 0.95415 -33.10740
vt 0.88635 -33.10741
vt 0.88635 -32.04156
vt 0.81855 -32.04156
vt 0.81855 -30.98524
vt 0.75111 -30.98524
vt 0.75111 -29.92893
vt 0.68367 -29.92893
vt 0.68367 -28.87261
vt 0.95415 -31.92097
vt 0.88635 -30.98524
vt 0.81855 -29.92893
vt 0.75111 -28.87261
vt 0.68367 -27.81630
vt 0.95415 -30.74600
vt 0.88635 -29.92893
vt 0.81855 -28.87261
vt 0.75111 -27.81630
vt 0.68367 -26.75998
vt 0.95415 -29.57670
vt 0.88635 -28.87261
vt 0.81855 -27.81630
vt 0.75111 -26.75998
vt 0.68367 -25.70367
vt 0.95415 -28.40741
vt 0.88635 -27.81630
vt 0.81855 -26.75998
vt 0.75111 -25.70367
vt 0.68367 -24.64735
vt 0.95415 -27.23243
vt 0.88635 -26.75998
vt 0.81855 -25.70367
vt 0.75111 -24.64735
vt 0.68367 -23.59104
vt 0.95414 -26.04601
vt 0.88635 -25.70367
vt 0.81855 -24.64735
vt 0.75111 -23.59104
vt 0.68367 -22.53472
vt 0.95414 -24.84223
vt 0.88635 -24.64735
vt 0.81855 -23.59104
vt 0.75111 -22.53472
vt 0.68367 -21.12630
vt 0.95415 -23.61471
vt 0.88635 -23.59104
vt 0.81855 -22.53472
vt 0.75111 -21.12630
vt 0.68367 -19.71788
vt 0.88635 -22.53472
vt 0.95415 -22.35663
vt 0.88635 -21.12630
vt 0.95415 -21.06045
vt 0.88635 -19.71788
vt 0.95415 -19.71788
vt 0.95415 -18.37530
vt 0.88635 -18.30946
vt 0.95415 -17.07906
vt 0.88635 -16.90104
vt 0.95415 -15.82090
vt 0.88635 -15.49262
vt 0.95414 -14.59334
vt 0.88635 -14.08420
vt 0.95415 -13.38958
vt 0.88635 -12.67578
vt 0.95415 -12.20321
vt 0.88635 -11.26736
vt 0.95415 -11.02824
vt 0.88635 -9.85890
vt 0.95413 -9.85890
vt 0.95405 -8.68961
vt 0.88635 -8.45052
vt 0.95415 -7.51471
vt 0.88635 -7.04210
vt 0.95415 -6.32831
vt 0.88635 -5.63368
vt 0.95409 -5.12451
vt 0.88635 -4.22526
vt 0.95408 -3.89696
vt 0.88635 -2.81684
vt 0.95415 -2.63879
vt 0.00943 -2.81684
vt 0.09990 -2.81684
vt 0.16145 -2.81684
vt 0.22300 -2.81684
vt 0.28455 -2.81684
vt 0.68367 -2.81684
vt 0.68367 -4.22526
vt 0.68367 -5.63368
vt 0.68367 -7.04210
vt 0.68367 -8.45052
vt 0.68367 -9.85892
vt 0.68367 -11.26736
vt 0.68367 -12.67578
vt 0.68367 -14.08420
vt 0.68367 -15.49262
vt 0.68367 -16.90104
vt 0.68367 -18.30946
vt 0.75111 -2.81684
vt 0.75111 -4.22526
vt 0.75111 -5.63368
vt 0.75111 -7.04210
vt 0.75111 -8.45052
vt 0.75111 -9.85892
vt 0.75111 -11.26736
vt 0.75111 -12.67578
vt 0.75111 -14.08420
vt 0.75111 -15.49262
vt 0.75111 -16.90104
vt 0.75111 -18.30946
vt 0.75111 -19.71788
vt 0.81855 -2.81684
vt 0.81855 -4.22526
vt 0.81855 -5.63368
vt 0.81855 -7.04210
vt 0.81855 -8.45052
vt 0.81855 -9.85891
vt 0.81855 -11.26736
vt 0.81855 -12.67578
vt 0.81855 -14.08420
vt 0.81855 -15.49262
vt 0.81855 -16.90104
vt 0.81855 -18.30946
vt 0.81855 -19.71788
vt 0.81855 -21.12630
vt 0.09990 -4.22526
vt 0.16145 -4.22526
vt 0.22300 -4.22526
vt 0.28455 -4.22526
vt 0.16145 -5.63368
vt 0.22300 -5.63368
vt 0.28455 -5.63368
vt 0.22300 -7.04210
vt 0.28455 -7.04210
vt 0.28455 -8.45052
vt -0.08103 -12.67578
vt 0.00943 -14.08420
vt 0.09990 -15.49262
vt 0.16145 -16.90104
vt 0.22300 -18.30946
vt 0.28455 -19.71788
vt -0.08103 -14.08420
vt 0.00943 -15.49262
vt 0.09990 -16.90104
vt 0.16145 -18.30946
vt 0.22300 -19.71788
vt 0.28455 -21.12630
vt -0.08103 -15.49262
vt 0.00943 -16.90104
vt 0.09990 -18.30946
vt 0.16145 -19.71788
vt 0.22300 -21.12630
vt -0.08103 -16.90104
vt 0.00943 -18.30946
vt 0.09990 -19.71788
vt 0.16145 -21.12630
vt -0.08103 -18.30946
vt 0.00943 -19.71788
vt 0.09990 -21.12630
vt -0.08103 -19.71788
vt 0.00943 -21.12630
vt -0.08103 -21.12630
vt 0.49424 -24.64735
vt 0.49424 -25.70367
vt 0.49424 -26.75998
vt 0.49424 -27.81630
vt 0.49424 -28.87261
vt 0.49424 -29.92893
vt 0.49424 -30.98524
vt 0.49424 -32.04156
vt 0.49424 -33.10744
vt 0.49424 -34.15419
vt 0.49424 -35.21051
vt 0.49424 -36.26682
vt 0.49424 -37.32314
vt 0.42017 -24.64735
vt 0.42017 -25.70367
vt 0.42017 -26.75998
vt 0.42017 -27.81630
vt 0.42017 -28.87261
vt 0.42017 -29.92893
vt 0.42017 -30.98524
vt 0.42017 -32.04156
vt 0.42017 -33.10744
vt 0.42017 -34.15419
vt 0.42017 -35.21051
vt 0.42017 -36.26682
vt 0.42017 -37.32314
vt 0.34610 -24.64735
vt 0.34610 -25.70367
vt 0.34610 -26.75998
vt 0.34610 -27.81630
vt 0.34610 -28.87261
vt 0.34610 -29.92893
vt 0.34610 -30.98524
vt 0.34610 -32.04156
vt 0.34610 -33.10745
vt 0.34610 -34.15419
vt 0.34610 -35.21051
vt 0.34610 -36.26682
vt 0.34610 -37.32314
vt 0.28455 -24.64735
vt 0.28455 -25.70367
vt 0.28455 -26.75998
vt 0.28455 -27.81630
vt 0.28455 -28.87261
vt 0.28455 -29.92893
vt 0.28455 -30.98524
vt 0.28455 -32.04156
vt 0.28455 -33.10746
vt 0.28455 -34.15419
vt 0.28455 -35.21051
vt 0.28455 -36.26682
vt 0.22300 -24.64735
vt 0.22300 -25.70367
vt 0.22300 -26.75998
vt 0.22300 -27.81630
vt 0.22300 -28.87261
vt 0.22300 -29.92893
vt 0.22300 -30.98524
vt 0.22300 -32.04156
vt 0.22300 -33.10746
vt 0.22300 -34.15419
vt 0.22300 -35.21051
vt 0.16145 -24.64735
vt 0.16145 -25.70367
vt 0.16145 -26.75998
vt 0.16145 -27.81630
vt 0.16145 -28.87261
vt 0.16145 -29.92893
vt 0.16145 -30.98524
vt 0.16145 -32.04156
vt 0.16145 -33.10747
vt 0.16145 -34.15419
vt 0.09990 -24.64735
vt 0.09990 -25.70367
vt 0.09990 -26.75998
vt 0.09990 -27.81630
vt 0.09990 -28.87261
vt 0.09990 -29.92893
vt 0.09990 -30.98524
vt 0.09990 -32.04156
vt 0.09990 -33.10747
vt 0.00943 -24.64735
vt 0.00943 -25.70367
vt 0.00943 -26.75998
vt 0.00943 -27.81630
vt 0.00943 -28.87261
vt 0.00943 -29.92893
vt 0.00943 -30.98524
vt 0.00943 -32.04156
vt -0.08103 -24.64735
vt -0.08103 -25.70367
vt -0.08103 -26.75998
vt -0.08103 -27.81630
vt -0.08103 -28.87261
vt -0.08103 -29.92893
vt -0.08103 -30.98524
vt 0.68367 -30.98524
vt 0.68367 -32.04156
vt 0.68367 -33.10743
vt 0.68367 -34.15419
vt 0.68367 -35.21051
vt 0.68367 -36.26682
vt 0.68367 -37.32314
vt 0.75111 -32.04156
vt 0.81855 -33.10741
vt 0.75111 -33.10742
vt 0.75111 -34.15419
vt 0.75111 -35.21051
vt 0.75111 -36.26682
vt 0.75111 -37.32314
vt -0.08103 -35.21051
vt 0.00943 -36.26682
vt 0.09990 -37.32314
vt 0.81855 -34.15419
vt 0.81855 -35.21051
vt 0.81855 -36.26682
vt 0.81855 -37.32314
vt -0.08103 -36.26682
vt 0.00943 -37.32314
vt -0.08103 -37.32314
vt -0.66447 8.82697
vt -0.37175 8.37815
vt -0.67009 8.37814
vt -0.37203 8.93884
vt -0.66447 9.27580
vt -0.37163 9.46696
vt -0.66447 9.72463
vt -0.37184 9.97464
vt -0.66447 10.17346
vt -0.37186 10.47273
vt -0.66447 10.62229
vt -0.37178 10.97074
vt -0.66447 11.07111
vt -0.37182 11.47862
vt -0.66447 11.51994
vt -0.37145 12.00662
vt -0.66447 11.96877
vt -0.66447 12.56722
vt -0.95749 12.56722
vt -0.95749 13.16565
vt -1.25051 13.16565
vt -1.25051 13.76409
vt -1.54353 13.76409
vt -1.54353 14.36253
vt -2.05804 14.36253
vt -2.05804 14.96097
vt -2.57255 14.96097
vt -2.57255 15.55940
vt -3.21568 15.55940
vt -3.21568 16.15784
vt -3.85882 16.15784
vt -3.35509 16.75628
vt -3.95176 16.75628
vt -0.37191 12.56722
vt -0.37168 13.12789
vt -0.66447 13.16565
vt -0.37189 13.65597
vt -0.66447 13.76409
vt -0.37156 14.16380
vt -0.66447 14.36253
vt -0.37165 14.66173
vt -0.66447 14.96097
vt -0.37186 15.15985
vt -0.66447 15.55940
vt -0.37177 15.66758
vt -0.66447 16.15784
vt -0.37208 16.19567
vt -0.67009 16.75628
vt -0.37175 16.75628
vt -0.95749 16.15784
vt -0.96842 16.75628
vt -1.25051 16.15784
vt -1.26675 16.75628
vt -1.54353 16.15784
vt -1.56509 16.75628
vt -2.05804 16.15784
vt -2.16175 16.75628
vt -2.57255 16.15784
vt -2.75842 16.75628
vt -5.14509 16.75628
vt -3.85882 8.82697
vt -3.95176 8.37814
vt -5.14509 8.82697
vt -3.35509 8.37814
vt -3.21568 8.82697
vt -2.75842 8.37814
vt -2.57255 8.82697
vt -2.16175 8.37814
vt -2.05804 8.82697
vt -1.56509 8.37814
vt -1.54353 8.82697
vt -1.26675 8.37814
vt -1.25051 8.82697
vt -0.96842 8.37814
vt -0.95749 8.82697
vt -3.85882 15.55940
vt -5.14509 16.15784
vt -3.85882 14.96097
vt -5.14509 15.55940
vt -3.85882 14.36253
vt -5.14509 14.96097
vt -3.85882 13.76409
vt -5.14509 14.36253
vt -3.85882 13.16565
vt -5.14509 13.76409
vt -3.85882 12.56721
vt -5.14509 13.16565
vt -3.85882 11.96877
vt -5.14509 12.56721
vt -3.85882 11.51994
vt -5.14509 11.96877
vt -3.85882 11.07111
vt -5.14509 11.51994
vt -3.85882 10.62229
vt -5.14509 11.07111
vt -3.85882 10.17346
vt -5.14509 10.62229
vt -3.85882 9.72463
vt -5.14509 10.17346
vt -3.85882 9.27580
vt -5.14509 9.72463
vt -5.14509 9.27580
vt -0.95749 9.27580
vt -0.95749 9.72463
vt -0.95749 10.17346
vt -0.95749 10.62229
vt -0.95749 11.07111
vt -0.95749 11.51994
vt -0.95749 11.96877
vt -1.25051 9.27580
vt -1.25051 9.72463
vt -1.25051 10.17346
vt -1.25051 10.62229
vt -1.25051 11.07111
vt -1.25051 11.51994
vt -1.25051 11.96877
vt -1.25051 12.56722
vt -1.54353 9.27580
vt -1.54353 9.72463
vt -1.54353 10.17346
vt -1.54353 10.62229
vt -1.54353 11.07111
vt -1.54353 11.51994
vt -1.54353 11.96877
vt -1.54353 12.56722
vt -1.54353 13.16565
vt -2.05804 9.27580
vt -2.05804 9.72463
vt -2.05804 10.17346
vt -2.05804 10.62229
vt -2.05804 11.07111
vt -2.05804 11.51994
vt -2.05804 11.96877
vt -2.05804 12.56722
vt -2.05804 13.16565
vt -2.05804 13.76409
vt -2.57255 9.27580
vt -2.57255 9.72463
vt -2.57255 10.17346
vt -2.57255 10.62229
vt -2.57255 11.07111
vt -2.57255 11.51994
vt -2.57255 11.96877
vt -2.57255 12.56721
vt -2.57255 13.16565
vt -2.57255 13.76409
vt -2.57255 14.36253
vt -3.21568 9.27580
vt -3.21568 9.72463
vt -3.21568 10.17346
vt -3.21568 10.62229
vt -3.21568 11.07111
vt -3.21568 11.51994
vt -3.21568 11.96877
vt -3.21568 12.56721
vt -3.21568 13.16565
vt -3.21568 13.76409
vt -3.21568 14.36253
vt -3.21568 14.96097
vt -0.95749 13.76409
vt -1.25051 14.36253
vt -1.54353 14.96097
vt -2.05804 15.55940
vt -0.95749 14.36253
vt -1.25051 14.96097
vt -1.54353 15.55940
vt -0.95749 14.96097
vt -1.25051 15.55940
vt -0.95749 15.55940
vt -0.30855 0.00000
vt -0.35263 -0.88247
vt -0.35263 -0.00002
vt -0.29348 -1.00849
vt -0.23434 -1.00849
vt -0.23434 -2.01699
vt -0.18471 -2.01699
vt -0.18471 -3.02548
vt -0.11965 -3.02548
vt -0.11965 -4.03397
vt -0.05459 -4.03397
vt -0.05459 -5.04247
vt -0.00000 -4.41216
vt -0.00000 -5.29459
vt -0.05459 -6.05096
vt -0.00000 -6.17702
vt -0.05459 -7.05946
vt -0.00000 -7.05945
vt -0.00000 -7.94188
vt -0.05459 -8.06795
vt -0.00000 -8.82432
vt -0.05459 -9.07644
vt -0.00000 -9.70675
vt -0.05459 -10.08493
vt -0.00000 -10.58918
vt -0.05459 -11.09343
vt -0.00000 -11.47161
vt -0.05459 -12.10192
vt -0.00000 -12.35404
vt -0.05459 -13.11041
vt -0.00000 -13.23647
vt -0.04241 -14.11891
vt -0.00000 -14.11891
vt -0.35263 -1.76490
vt -0.29348 -2.01699
vt -0.23434 -3.02548
vt -0.18471 -4.03397
vt -0.11965 -5.04247
vt -0.35263 -2.64733
vt -0.29348 -3.02548
vt -0.23434 -4.03397
vt -0.18471 -5.04247
vt -0.11965 -6.05096
vt -0.35263 -3.52975
vt -0.29348 -4.03397
vt -0.23434 -5.04247
vt -0.18471 -6.05096
vt -0.11965 -7.05946
vt -0.35263 -4.41218
vt -0.29348 -5.04247
vt -0.23434 -6.05096
vt -0.18471 -7.05946
vt -0.11965 -8.06795
vt -0.35263 -5.29461
vt -0.29348 -6.05096
vt -0.23434 -7.05947
vt -0.18471 -8.06795
vt -0.11965 -9.07644
vt -0.35263 -6.17704
vt -0.29348 -7.05947
vt -0.23434 -8.06795
vt -0.18471 -9.07644
vt -0.11965 -10.08493
vt -0.35263 -7.05947
vt -0.35263 -7.94190
vt -0.29348 -8.06795
vt -0.35263 -8.82433
vt -0.29348 -9.07644
vt -0.35263 -9.70676
vt -0.29348 -10.08493
vt -0.35263 -10.58919
vt -0.29348 -11.09343
vt -0.35263 -11.47162
vt -0.29348 -12.10192
vt -0.35263 -12.35405
vt -0.29348 -13.11041
vt -0.35263 -13.23648
vt -0.26646 -14.11891
vt -0.31024 -14.11891
vt -0.35263 -14.11891
vt -0.22166 -14.11891
vt -0.23434 -13.11041
vt -0.23434 -12.10192
vt -0.23434 -11.09343
vt -0.23434 -10.08493
vt -0.23434 -9.07644
vt -0.17631 -14.11891
vt -0.18471 -13.11041
vt -0.18471 -12.10192
vt -0.18471 -11.09343
vt -0.18471 -10.08493
vt -0.13099 -14.11891
vt -0.11965 -13.11041
vt -0.11965 -12.10192
vt -0.11965 -11.09343
vt -0.08621 -14.11891
vt -0.00000 -3.52973
vt -0.05459 -3.02548
vt -0.11965 -2.01699
vt -0.18471 -1.00849
vt -0.26447 0.00000
vt -0.00000 -2.64729
vt -0.05459 -2.01699
vt -0.11965 -1.00849
vt -0.22039 0.00000
vt -0.00000 -1.76486
vt -0.05459 -1.00849
vt -0.13224 0.00000
vt -0.17631 0.00000
vt -0.00000 -0.88243
vt -0.08816 0.00000
vt -0.04408 0.00000
vt -0.00000 0.00000
vt 0.00000 1.37352
vt 0.04245 0.00000
vt 0.00000 0.00006
vt 0.02118 1.56961
vt 0.00000 2.74692
vt 0.02118 3.13922
vt 0.00000 4.12033
vt 0.02118 4.70882
vt 0.00000 5.49373
vt 0.02118 6.27843
vt 0.00000 6.86713
vt 0.02118 7.35754
vt 0.00000 8.24053
vt 0.02118 8.43664
vt 0.00000 9.61394
vt 0.02118 9.51575
vt 0.02118 10.59485
vt 0.04245 9.61387
vt 0.04245 10.98728
vt 0.04245 1.37341
vt 0.04245 2.74682
vt 0.04245 4.12023
vt 0.04245 5.49364
vt 0.04245 6.86705
vt 0.04245 8.24046
vt 0.02118 11.67396
vt 0.04245 12.36069
vt 0.02118 12.75306
vt 0.04245 13.73410
vt 0.02118 13.83217
vt 0.02118 14.91127
vt 0.00000 13.73415
vt 0.00000 15.10755
vt 0.02118 15.99038
vt 0.00000 16.48095
vt 0.02118 17.06948
vt 0.00000 17.85436
vt 0.02118 18.14859
vt 0.00000 19.22776
vt 0.02118 19.22775
vt 0.02118 20.30680
vt 0.04245 19.22775
vt 0.04245 20.60116
vt 0.04245 15.10751
vt 0.04245 16.48092
vt 0.04245 17.85434
vt 0.02118 21.38591
vt 0.04245 21.97457
vt 0.02118 22.46501
vt 0.04245 23.34797
vt 0.02118 23.54412
vt 0.04245 24.72137
vt 0.02118 24.62322
vt 0.02118 25.70233
vt 0.00000 24.72137
vt 0.00000 26.09478
vt 0.02118 26.78143
vt 0.00000 27.46818
vt 0.02118 27.86054
vt 0.00000 28.84158
vt 0.02118 28.93964
vt 0.02118 30.01875
vt 0.04245 28.84158
vt 0.04245 30.21499
vt 0.04245 26.09478
vt 0.04245 27.46818
vt 0.02118 31.09785
vt 0.04245 31.58839
vt 0.02118 32.17696
vt 0.04245 32.96179
vt 0.02118 33.25607
vt 0.04245 34.33520
vt 0.02118 34.33520
vt 0.02118 35.41428
vt 0.00000 34.33520
vt 0.00000 35.70860
vt 0.02118 36.49338
vt 0.00000 37.08200
vt 0.02118 37.57249
vt 0.00000 38.45541
vt 0.02118 38.65159
vt 0.00000 39.82881
vt 0.02118 39.73070
vt 0.02118 40.80980
vt 0.04245 39.82881
vt 0.04245 41.20221
vt 0.04245 35.70860
vt 0.04245 37.08200
vt 0.04245 38.45541
vt 0.02118 42.37941
vt 0.04245 42.57561
vt 0.00000 43.94902
vt 0.04245 43.94902
vt 0.00000 42.57561
vt 0.00000 41.20221
vt 0.00000 32.96179
vt 0.00000 31.58839
vt 0.00000 30.21499
vt 0.00000 23.34797
vt 0.00000 21.97457
vt 0.00000 20.60116
vt 0.00000 12.36074
vt 0.00000 10.98734
vt -9.13254 30.30864
vt -10.13630 29.51803
vt -10.13632 31.49330
vt -8.87230 29.51798
vt -8.12877 30.30864
vt -7.60831 29.51798
vt -7.12500 30.30864
vt -6.34431 29.51798
vt -6.12123 30.30864
vt -5.08032 29.51798
vt -5.11745 30.30864
vt -4.11368 30.30864
vt -5.11745 31.09930
vt -4.11368 31.09930
vt -5.11745 31.88997
vt -4.11368 31.88997
vt -5.11745 32.68063
vt -4.11368 32.68063
vt -5.11745 33.47128
vt -4.11368 33.47128
vt -4.11368 34.25766
vt -3.10991 34.25695
vt -3.10991 35.05260
vt -2.10614 35.05260
vt -3.10991 35.84327
vt -2.10614 35.84327
vt -3.10991 36.63393
vt -2.10614 36.63393
vt -3.10991 37.42459
vt -2.10614 37.42459
vt -3.10991 38.21525
vt -2.10614 38.21525
vt -3.10991 39.00591
vt -2.10614 39.00591
vt -3.10991 39.79657
vt -2.10614 39.79657
vt -3.10991 40.58723
vt -2.10614 40.58723
vt -3.10991 41.37789
vt -2.10614 41.37789
vt -3.10991 42.16855
vt -2.10614 42.16855
vt -3.10991 43.22276
vt -2.10614 43.22276
vt -2.10614 44.27697
vt -0.64486 44.27697
vt -0.64486 45.33119
vt -0.02427 45.28189
vt -0.02431 46.25215
vt -3.81632 29.51798
vt -3.10991 30.30864
vt -3.10991 31.09930
vt -3.10991 31.88997
vt -3.10991 32.68063
vt -3.10991 33.47128
vt -2.10614 34.25623
vt -0.64486 35.05260
vt -0.64486 35.84327
vt -0.64486 36.63393
vt -0.64486 37.42459
vt -0.64486 38.21525
vt -0.64486 39.00591
vt -0.64486 39.79657
vt -0.64486 40.58723
vt -0.64486 41.37789
vt -0.64486 42.16855
vt -0.64486 43.22276
vt -0.02452 43.27203
vt -0.02445 44.27697
vt -2.55232 29.51798
vt -2.10614 30.30864
vt -2.10614 31.09930
vt -2.10614 31.88997
vt -2.10614 32.68063
vt -2.10614 33.47128
vt -0.64486 34.25519
vt -0.02431 34.25475
vt -0.02439 35.14276
vt -1.28833 29.51798
vt -0.64486 30.30864
vt -0.64486 31.09930
vt -0.64486 31.88997
vt -0.64486 32.68063
vt -0.64486 33.47128
vt -0.02433 29.51798
vt -0.02439 30.52291
vt -0.02434 31.49315
vt -0.02434 32.43489
vt -0.02430 33.35373
vt -0.02435 36.02224
vt -0.02431 36.89751
vt -0.02421 37.77274
vt -0.02438 38.65216
vt -0.02445 39.54018
vt -0.02425 40.44124
vt -0.02415 41.36010
vt -0.02429 42.30183
vt -0.64486 46.38540
vt -0.02440 47.19390
vt -0.64486 47.43962
vt -0.02437 48.11271
vt -0.64486 48.49383
vt -0.02434 49.01373
vt -0.64486 49.54804
vt -0.02438 49.90178
vt -0.64486 50.60226
vt -0.02434 50.78127
vt -0.64486 51.65647
vt -0.02439 51.65648
vt -0.02432 52.53168
vt -0.64486 52.71069
vt -0.02435 53.41115
vt -0.64486 53.76490
vt -0.02431 54.29919
vt -0.64486 54.81911
vt -0.02432 55.20023
vt -0.64486 55.87333
vt -0.02434 56.11905
vt -0.64486 56.92754
vt -0.02433 57.06077
vt -0.64486 57.98175
vt -0.02438 58.03102
vt -0.02433 59.03596
vt -1.28833 59.03596
vt -2.10614 57.98175
vt -2.10614 56.92754
vt -2.10614 55.87333
vt -2.10614 54.81911
vt -2.10614 53.76490
vt -2.10614 52.71069
vt -2.10614 51.65646
vt -2.10614 50.60226
vt -2.10614 49.54804
vt -2.10614 48.49383
vt -2.10614 47.43962
vt -2.10614 46.38540
vt -2.10614 45.33119
vt -3.10991 44.27697
vt -4.11368 43.22276
vt -4.11368 42.16855
vt -4.11368 41.37789
vt -4.11368 40.58723
vt -4.11368 39.79657
vt -4.11368 39.00591
vt -4.11368 38.21525
vt -4.11368 37.42459
vt -4.11368 36.63393
vt -4.11368 35.84327
vt -4.11368 35.05260
vt -5.11745 34.25837
vt -6.12123 33.47128
vt -6.12123 32.68063
vt -6.12123 31.88997
vt -6.12123 31.09930
vt -2.55232 59.03596
vt -3.10991 57.98175
vt -3.10991 56.92754
vt -3.10991 55.87333
vt -3.10991 54.81911
vt -3.10991 53.76490
vt -3.10991 52.71069
vt -3.10991 51.65646
vt -3.10991 50.60226
vt -3.10991 49.54804
vt -3.10991 48.49383
vt -3.10991 47.43962
vt -3.10991 46.38540
vt -3.10991 45.33119
vt -4.11368 44.27698
vt -5.11745 43.22276
vt -5.11745 42.16855
vt -5.11745 41.37789
vt -5.11745 40.58723
vt -5.11745 39.79657
vt -5.11745 39.00591
vt -5.11745 38.21525
vt -5.11745 37.42459
vt -5.11745 36.63393
vt -5.11745 35.84327
vt -5.11745 35.05260
vt -6.12123 34.25909
vt -7.12500 33.47128
vt -7.12500 32.68063
vt -7.12500 31.88997
vt -7.12500 31.09930
vt -3.81632 59.03596
vt -4.11368 57.98175
vt -4.11368 56.92754
vt -4.11368 55.87333
vt -4.11368 54.81911
vt -4.11368 53.76490
vt -4.11368 52.71069
vt -4.11368 51.65645
vt -4.11368 50.60226
vt -4.11368 49.54804
vt -4.11368 48.49383
vt -4.11368 47.43962
vt -4.11368 46.38540
vt -4.11368 45.33119
vt -5.11745 44.27698
vt -6.12123 43.22276
vt -6.12123 42.16855
vt -6.12123 41.37789
vt -6.12123 40.58723
vt -6.12123 39.79657
vt -6.12123 39.00591
vt -6.12123 38.21525
vt -6.12123 37.42459
vt -6.12123 36.63393
vt -6.12123 35.84327
vt -6.12123 35.05260
vt -7.12500 34.25980
vt -8.12877 33.47128
vt -8.12877 32.68063
vt -8.12877 31.88997
vt -8.12877 31.09930
vt -5.08032 59.03596
vt -5.11745 57.98175
vt -5.11745 56.92754
vt -5.11745 55.87333
vt -5.11745 54.81911
vt -5.11745 53.76490
vt -5.11745 52.71069
vt -5.11745 51.65644
vt -5.11745 50.60226
vt -5.11745 49.54804
vt -5.11745 48.49383
vt -5.11745 47.43962
vt -5.11745 46.38540
vt -5.11745 45.33119
vt -6.12123 44.27698
vt -7.12500 43.22276
vt -7.12500 42.16855
vt -7.12500 41.37789
vt -7.12500 40.58723
vt -7.12500 39.79657
vt -7.12500 39.00591
vt -7.12500 38.21525
vt -7.12500 37.42459
vt -7.12500 36.63393
vt -7.12500 35.84327
vt -7.12500 35.05260
vt -8.12877 34.26052
vt -9.13254 33.47128
vt -9.13254 32.68063
vt -9.13254 31.88997
vt -9.13254 31.09930
vt -6.12123 57.98175
vt -6.34431 59.03596
vt -7.12500 57.98175
vt -7.60831 59.03596
vt -8.12877 57.98175
vt -8.87230 59.03596
vt -9.13254 57.98175
vt -10.13630 59.03596
vt -10.13632 57.06079
vt -9.13254 55.87333
vt -10.13632 55.20024
vt -9.13254 56.92754
vt -8.12877 56.92754
vt -7.12500 56.92754
vt -6.12123 56.92754
vt -9.13254 54.81911
vt -10.13632 53.41139
vt -9.13254 53.76490
vt -9.13254 52.71069
vt -8.12877 52.71069
vt -8.12877 51.65643
vt -7.12500 51.65643
vt -7.12500 50.60226
vt -6.12123 50.60226
vt -6.12123 49.54804
vt -10.13616 51.65641
vt -9.13254 51.65642
vt -8.12877 50.60226
vt -7.12500 49.54804
vt -6.12123 48.49383
vt -9.13254 50.60226
vt -10.13605 49.90210
vt -9.13254 49.54804
vt -9.13254 48.49383
vt -8.12877 48.49383
vt -8.12877 47.43962
vt -7.12500 47.43962
vt -7.12500 46.38540
vt -6.12123 46.38540
vt -6.12123 45.33119
vt -10.13632 48.11286
vt -9.13254 47.43962
vt -8.12877 46.38540
vt -7.12500 45.33119
vt -7.12500 44.27699
vt -10.13618 46.25231
vt -9.13254 46.38540
vt -8.12877 45.33119
vt -8.12877 44.27699
vt -8.12877 43.22276
vt -9.13254 45.33119
vt -10.13632 44.27699
vt -9.13254 44.27699
vt -9.13254 43.22276
vt -10.13586 42.30186
vt -9.13254 42.16855
vt -8.12877 42.16855
vt -8.12877 41.37789
vt -9.13254 41.37789
vt -10.13625 40.44152
vt -9.13254 40.58723
vt -9.13254 39.79657
vt -8.12877 39.79657
vt -8.12877 39.00591
vt -10.13611 38.65217
vt -9.13254 39.00591
vt -8.12877 38.21525
vt -9.13254 37.42459
vt -10.13632 36.89769
vt -9.13254 38.21525
vt -9.13254 35.84327
vt -10.13632 35.14272
vt -9.13254 36.63393
vt -8.12877 36.63393
vt -8.12877 37.42459
vt -9.13254 34.26123
vt -10.13632 33.35392
vt -9.13254 35.05260
vt -8.12877 35.05260
vt -8.12877 35.84327
vt -8.12877 40.58723
vt -6.12123 47.43962
vt -7.12500 48.49383
vt -8.12877 49.54804
vt -6.12123 51.65644
vt -6.12123 52.71069
vt -6.12123 53.76490
vt -6.12123 54.81911
vt -6.12123 55.87333
vt -7.12500 52.71069
vt -8.12877 53.76490
vt -7.12500 53.76490
vt -7.12500 54.81911
vt -7.12500 55.87333
vt -8.12877 54.81911
vt -8.12877 55.87333
vt 0.00000 0.99702
vt 0.07040 0.00000
vt 0.04555 1.13945
vt 0.00000 1.99403
vt 0.04555 2.27890
vt 0.00000 2.99105
vt 0.04555 3.41834
vt 0.00000 3.98807
vt 0.04555 4.55779
vt 0.00000 4.98508
vt 0.04555 5.69724
vt 0.00000 5.98210
vt 0.04555 6.83669
vt 0.00000 6.97912
vt 0.04555 7.97614
vt 0.00000 7.97614
vt 0.00000 8.97315
vt 0.04555 9.11558
vt 0.00000 9.97017
vt 0.04555 10.25503
vt 0.00000 10.96719
vt 0.04555 11.39448
vt 0.00000 11.96420
vt 0.04555 12.53393
vt 0.00000 12.96122
vt 0.04555 13.67338
vt 0.00000 13.95824
vt 0.04555 14.81282
vt 0.00000 14.95525
vt 0.00000 15.95227
vt 0.09110 14.81282
vt 0.06947 15.95227
vt 0.15548 14.81282
vt 0.14092 15.95227
vt 0.21986 14.81282
vt 0.21227 15.95227
vt 0.28424 14.81282
vt 0.28160 15.95227
vt 0.34863 14.81282
vt 0.40469 14.81282
vt 0.40469 13.67338
vt 0.48393 13.67338
vt 0.48393 12.53393
vt 0.52355 12.53393
vt 0.52355 11.39448
vt 0.56317 11.96420
vt 0.56317 10.96719
vt 0.52355 10.25503
vt 0.56317 9.97017
vt 0.52355 9.11558
vt 0.56317 8.97315
vt 0.52355 7.97614
vt 0.56317 7.97614
vt 0.56317 6.97912
vt 0.52355 6.83669
vt 0.56317 5.98210
vt 0.52355 5.69724
vt 0.56317 4.98508
vt 0.52355 4.55779
vt 0.56317 3.98807
vt 0.52355 3.41834
vt 0.56317 2.99105
vt 0.52355 2.27890
vt 0.56317 1.99403
vt 0.52355 1.13945
vt 0.56317 0.99702
vt 0.56317 0.00000
vt 0.48393 1.13945
vt 0.49277 0.00000
vt 0.40469 1.13945
vt 0.42238 0.00000
vt 0.34863 1.13945
vt 0.35198 0.00000
vt 0.28424 1.13945
vt 0.21986 1.13945
vt 0.21986 2.27890
vt 0.15548 2.27890
vt 0.15548 3.41834
vt 0.09110 3.41834
vt 0.09110 4.55779
vt 0.14079 0.00000
vt 0.09110 1.13945
vt 0.09110 2.27890
vt 0.21119 0.00000
vt 0.15548 1.13945
vt 0.28158 0.00000
vt 0.56317 12.96122
vt 0.52355 13.67338
vt 0.48393 14.81282
vt 0.35106 15.95227
vt 0.56317 13.95824
vt 0.52355 14.81282
vt 0.49373 15.95227
vt 0.42242 15.95227
vt 0.56317 14.95525
vt 0.56317 15.95227
vt 0.48393 2.27890
vt 0.48393 3.41834
vt 0.48393 4.55779
vt 0.48393 5.69724
vt 0.48393 6.83669
vt 0.48393 7.97614
vt 0.48393 9.11558
vt 0.48393 10.25503
vt 0.48393 11.39448
vt 0.40469 2.27890
vt 0.40469 3.41834
vt 0.40469 4.55779
vt 0.40469 5.69724
vt 0.40469 6.83669
vt 0.40469 7.97614
vt 0.40469 9.11558
vt 0.40469 10.25503
vt 0.40469 11.39448
vt 0.40469 12.53393
vt 0.34863 2.27890
vt 0.34863 3.41834
vt 0.34863 4.55779
vt 0.34863 5.69724
vt 0.34863 6.83669
vt 0.34863 7.97614
vt 0.34863 9.11558
vt 0.34863 10.25503
vt 0.34863 11.39448
vt 0.34863 12.53393
vt 0.34863 13.67338
vt 0.28424 2.27890
vt 0.28424 3.41834
vt 0.28424 4.55779
vt 0.28424 5.69724
vt 0.28424 6.83669
vt 0.28424 7.97614
vt 0.28424 9.11558
vt 0.28424 10.25503
vt 0.28424 11.39448
vt 0.28424 12.53393
vt 0.28424 13.67338
vt 0.21986 3.41834
vt 0.15548 4.55779
vt 0.09110 5.69724
vt 0.21986 4.55779
vt 0.21986 5.69724
vt 0.21986 6.83669
vt 0.21986 7.97614
vt 0.21986 9.11558
vt 0.21986 10.25503
vt 0.21986 11.39448
vt 0.21986 12.53393
vt 0.21986 13.67338
vt 0.15548 5.69724
vt 0.09110 6.83669
vt 0.15548 6.83669
vt 0.15548 7.97614
vt 0.15548 9.11558
vt 0.15548 10.25503
vt 0.15548 11.39448
vt 0.15548 12.53393
vt 0.15548 13.67338
vt 0.09110 7.97614
vt 0.09110 9.11558
vt 0.09110 10.25503
vt 0.09110 11.39448
vt 0.09110 12.53393
vt 0.09110 13.67338
vt 0.01564 23.35184
vt 1.16995 22.58294
vt 0.01556 22.58297
vt 1.85170 23.18785
vt 1.85170 23.79275
vt 3.23736 23.18785
vt 3.23736 23.79275
vt 4.62302 23.18785
vt 4.62302 23.79275
vt 6.00868 23.18785
vt 6.00868 23.79275
vt 7.39435 23.18785
vt 7.39435 23.79275
vt 8.78079 23.18785
vt 8.78079 23.79275
vt 10.16723 23.18785
vt 10.16723 23.79275
vt 11.09152 23.18785
vt 11.09152 23.79275
vt 12.47796 23.18785
vt 12.47796 23.79275
vt 13.86440 23.18785
vt 13.86440 23.79275
vt 14.78869 23.18785
vt 14.78869 23.79275
vt 16.63728 23.18785
vt 16.63728 23.79275
vt 17.37671 23.18785
vt 17.37671 23.79275
vt 18.48587 23.18785
vt 2.32435 22.58294
vt 3.47874 22.58294
vt 4.63313 22.58294
vt 5.78753 22.58294
vt 6.94192 22.58294
vt 8.09632 22.58294
vt 9.25071 22.58294
vt 10.40511 22.58294
vt 11.55950 22.58294
vt 13.86829 22.58294
vt 15.02268 22.58294
vt 16.17708 22.58294
vt 17.33147 22.58294
vt 18.48587 22.58294
vt 17.33147 45.16589
vt 16.63728 44.35936
vt 16.17708 45.16589
vt 17.37671 44.35936
vt 18.48587 44.35936
vt 14.78869 44.35936
vt 15.02268 45.16589
vt 13.86829 45.16589
vt 12.47796 44.35936
vt 11.55950 45.16589
vt 13.86440 44.35936
vt 14.78869 43.55282
vt 16.63728 43.55282
vt 16.63728 42.74629
vt 17.37671 42.74629
vt 17.37671 41.93975
vt 18.48587 41.93975
vt 11.09152 44.35936
vt 10.40511 45.16589
vt 10.16723 44.35936
vt 9.25071 45.16589
vt 8.78079 44.35936
vt 8.09632 45.16589
vt 7.39435 44.35936
vt 6.94192 45.16589
vt 6.00868 44.35936
vt 5.78753 45.16589
vt 4.62302 44.35936
vt 4.63313 45.16589
vt 3.47874 45.16589
vt 3.23736 44.35936
vt 2.32435 45.16589
vt 1.85170 44.35936
vt 1.16995 45.16589
vt 0.01564 44.39707
vt 0.01556 45.16589
vt 0.01556 43.65481
vt 1.85170 43.55282
vt 3.23736 43.55282
vt 3.23736 42.74629
vt 4.62302 42.74629
vt 4.62302 41.93975
vt 6.00868 41.93975
vt 6.00868 41.13322
vt 7.39435 41.13322
vt 7.39435 40.32669
vt 8.78079 40.32669
vt 7.39435 39.52020
vt 8.78079 39.52019
vt 7.39435 38.71362
vt 8.78079 38.71362
vt 8.78079 37.90709
vt 10.16723 37.90709
vt 10.16723 37.10056
vt 11.09152 37.10056
vt 11.09152 36.29402
vt 12.47796 36.29402
vt 12.47796 35.48749
vt 13.86440 35.48749
vt 13.86440 34.68095
vt 14.78869 34.68095
vt 14.78869 33.87442
vt 16.63728 33.87442
vt 16.63728 33.06789
vt 17.37671 33.06789
vt 17.37671 32.26135
vt 18.48587 32.26135
vt 0.01557 42.93436
vt 1.85170 42.74629
vt 3.23736 41.93975
vt 4.62302 41.13322
vt 6.00868 40.32669
vt 6.00868 39.52020
vt 6.00868 38.71362
vt 7.39435 37.90709
vt 8.78079 37.10056
vt 10.16723 36.29402
vt 11.09152 35.48749
vt 12.47796 34.68095
vt 13.86440 33.87442
vt 14.78869 33.06789
vt 16.63728 32.26135
vt 17.37671 31.65645
vt 18.48587 31.65645
vt 0.01556 42.23143
vt 1.85170 41.93975
vt 3.23736 41.13322
vt 4.62302 40.32669
vt 4.62302 39.52021
vt 4.62302 38.71362
vt 6.00868 37.90709
vt 7.39435 37.10056
vt 8.78079 36.29402
vt 10.16723 35.48749
vt 11.09152 34.68095
vt 12.47796 33.87442
vt 13.86440 33.06789
vt 14.78869 32.26135
vt 16.63728 31.65645
vt 17.37671 31.05155
vt 18.48587 31.05155
vt 0.01556 41.54208
vt 1.85170 41.13322
vt 3.23736 40.32669
vt 3.23736 39.52021
vt 3.23736 38.71362
vt 4.62302 37.90709
vt 6.00868 37.10056
vt 7.39435 36.29402
vt 8.78079 35.48749
vt 10.16723 34.68095
vt 11.09152 33.87442
vt 12.47796 33.06789
vt 13.86440 32.26135
vt 14.78869 31.65645
vt 16.63728 31.05155
vt 17.37671 30.44665
vt 18.48587 30.44665
vt 0.01559 40.86267
vt 1.85170 40.32669
vt 1.85170 39.52022
vt 1.85170 38.71362
vt 3.23736 37.90709
vt 4.62302 37.10056
vt 6.00868 36.29402
vt 7.39435 35.48749
vt 8.78079 34.68095
vt 10.16723 33.87442
vt 11.09152 33.06789
vt 12.47796 32.26135
vt 13.86440 31.65645
vt 14.78869 31.05155
vt 16.63728 30.44665
vt 17.37671 29.84175
vt 18.48587 29.84175
vt 0.01556 40.18982
vt 0.01562 39.52022
vt 0.01556 38.85063
vt 0.01561 38.17777
vt 1.85170 37.90709
vt 0.01556 37.49836
vt 1.85170 37.10056
vt 0.01556 36.80901
vt 1.85170 36.29402
vt 0.01558 36.10606
vt 1.85170 35.48749
vt 0.01556 35.38558
vt 1.85170 34.68095
vt 0.01558 34.64326
vt 1.85170 33.87441
vt 0.01556 33.87441
vt 0.01565 33.10560
vt 1.85170 33.06789
vt 0.01558 32.36333
vt 1.85170 32.26135
vt 0.01556 31.64284
vt 1.85170 31.65645
vt 1.85170 31.05155
vt 3.23736 31.05155
vt 3.23736 30.44665
vt 4.62302 30.44665
vt 4.62302 29.84175
vt 6.00868 29.84175
vt 6.00868 29.23685
vt 7.39435 29.23685
vt 7.39435 28.63195
vt 8.78079 28.63195
vt 8.78079 28.02705
vt 10.16723 28.02705
vt 10.16723 27.42215
vt 11.09152 27.42215
vt 11.09152 26.81725
vt 12.47796 26.81725
vt 12.47796 26.21058
vt 13.86440 26.21099
vt 13.86440 25.60745
vt 14.78869 25.60745
vt 14.78869 25.00255
vt 16.63728 25.00255
vt 16.63728 24.39765
vt 17.37671 24.39765
vt 18.48587 23.79275
vt 0.01556 30.93988
vt 1.85170 30.44665
vt 3.23736 29.84175
vt 4.62302 29.23685
vt 6.00868 28.63195
vt 7.39435 28.02705
vt 8.78079 27.42215
vt 10.16723 26.81725
vt 11.09152 26.21017
vt 12.47796 25.60745
vt 13.86440 25.00255
vt 14.78869 24.39765
vt 0.01574 30.25052
vt 1.85170 29.84175
vt 3.23736 29.23685
vt 4.62302 28.63195
vt 6.00868 28.02705
vt 7.39435 27.42215
vt 8.78079 26.81725
vt 10.16723 26.20990
vt 11.09152 25.60745
vt 12.47796 25.00255
vt 13.86440 24.39765
vt 0.01563 29.57114
vt 1.85170 29.23685
vt 3.23736 28.63195
vt 4.62302 28.02705
vt 6.00868 27.42215
vt 7.39435 26.81725
vt 8.78079 26.20949
vt 10.16723 25.60745
vt 11.09152 25.00255
vt 12.47796 24.39765
vt 0.01556 28.89834
vt 1.85170 28.63195
vt 3.23736 28.02705
vt 4.62302 27.42215
vt 6.00868 26.81725
vt 7.39435 26.20908
vt 8.78079 25.60745
vt 10.16723 25.00255
vt 11.09152 24.39765
vt 0.01556 28.22874
vt 1.85170 28.02705
vt 3.23736 27.42215
vt 4.62302 26.81725
vt 6.00868 26.20867
vt 7.39435 25.60745
vt 8.78079 25.00255
vt 10.16723 24.39765
vt 0.01558 27.55912
vt 1.85170 27.42215
vt 3.23736 26.81725
vt 4.62302 26.20826
vt 6.00868 25.60745
vt 7.39435 25.00255
vt 8.78079 24.39765
vt 0.01566 26.88628
vt 1.85170 26.81725
vt 3.23736 26.20785
vt 4.62302 25.60745
vt 6.00868 25.00255
vt 7.39435 24.39765
vt 0.01556 26.20690
vt 1.85170 26.20745
vt 3.23736 25.60745
vt 4.62302 25.00255
vt 6.00868 24.39765
vt 1.85170 25.60745
vt 0.01556 25.51757
vt 1.85170 25.00255
vt 0.01558 24.81462
vt 1.85170 24.39765
vt 0.01557 24.09413
vt 17.37671 25.00255
vt 18.48587 24.39765
vt 17.37671 25.60745
vt 18.48587 25.00255
vt 17.37671 26.21202
vt 18.48587 25.60745
vt 17.37671 26.81725
vt 18.48587 26.21235
vt 17.37671 27.42215
vt 18.48587 26.81725
vt 17.37671 28.02705
vt 18.48587 27.42215
vt 17.37671 28.63195
vt 18.48587 28.02705
vt 17.37671 29.23685
vt 18.48587 28.63195
vt 18.48587 29.23685
vt 17.37671 33.87442
vt 18.48587 33.06789
vt 17.37671 34.68095
vt 18.48587 33.87442
vt 17.37671 35.48749
vt 18.48587 34.68095
vt 17.37671 36.29402
vt 18.48587 35.48749
vt 17.37671 37.10056
vt 18.48587 36.29402
vt 17.37671 37.90709
vt 18.48587 37.10056
vt 17.37671 38.71362
vt 18.48587 37.90709
vt 17.37671 41.13322
vt 18.48587 40.32669
vt 17.37671 40.32669
vt 18.48587 41.13322
vt 17.37671 43.55282
vt 18.48587 42.74629
vt 18.48587 43.55282
vt 17.37671 39.52016
vt 18.48587 39.52015
vt 16.63728 38.71362
vt 16.63728 37.90709
vt 16.63728 37.10056
vt 16.63728 36.29402
vt 16.63728 35.48749
vt 16.63728 34.68095
vt 4.62302 43.55282
vt 6.00868 43.55282
vt 7.39435 43.55282
vt 8.78079 43.55282
vt 10.16723 43.55282
vt 11.09152 43.55282
vt 12.47796 43.55282
vt 13.86440 43.55282
vt 6.00868 42.74629
vt 7.39435 42.74629
vt 8.78079 42.74629
vt 10.16723 42.74629
vt 11.09152 42.74629
vt 12.47796 42.74629
vt 13.86440 42.74629
vt 14.78869 42.74629
vt 7.39435 41.93975
vt 8.78079 41.93975
vt 10.16723 41.93975
vt 11.09152 41.93975
vt 12.47796 41.93975
vt 13.86440 41.93975
vt 14.78869 41.93975
vt 16.63728 41.93975
vt 8.78079 41.13322
vt 10.16723 41.13322
vt 11.09152 41.13322
vt 12.47796 41.13322
vt 13.86440 41.13322
vt 14.78869 41.13322
vt 16.63728 41.13322
vt 10.16723 40.32669
vt 11.09152 40.32669
vt 12.47796 40.32669
vt 13.86440 40.32669
vt 14.78869 40.32669
vt 16.63728 40.32669
vt 10.16723 39.52019
vt 11.09152 39.52018
vt 12.47796 39.52018
vt 13.86440 39.52017
vt 14.78869 39.52017
vt 16.63728 39.52016
vt 10.16723 38.71362
vt 11.09152 38.71362
vt 12.47796 38.71362
vt 13.86440 38.71362
vt 14.78869 38.71362
vt 11.09152 37.90709
vt 12.47796 37.90709
vt 13.86440 37.90709
vt 14.78869 37.90709
vt 3.23736 37.10056
vt 4.62302 36.29402
vt 6.00868 35.48749
vt 7.39435 34.68095
vt 8.78079 33.87442
vt 10.16723 33.06789
vt 11.09152 32.26135
vt 12.47796 31.65645
vt 13.86440 31.05155
vt 14.78869 30.44665
vt 16.63728 29.84175
vt 12.47796 37.10056
vt 13.86440 37.10056
vt 14.78869 37.10056
vt 3.23736 36.29402
vt 4.62302 35.48749
vt 6.00868 34.68095
vt 7.39435 33.87442
vt 8.78079 33.06789
vt 10.16723 32.26135
vt 11.09152 31.65645
vt 12.47796 31.05155
vt 13.86440 30.44665
vt 14.78869 29.84175
vt 16.63728 29.23685
vt 13.86440 36.29402
vt 14.78869 36.29402
vt 3.23736 35.48749
vt 4.62302 34.68095
vt 6.00868 33.87442
vt 7.39435 33.06789
vt 8.78079 32.26135
vt 10.16723 31.65645
vt 11.09152 31.05155
vt 12.47796 30.44665
vt 13.86440 29.84175
vt 14.78869 29.23685
vt 16.63728 28.63195
vt 14.78869 35.48749
vt 3.23736 34.68095
vt 4.62302 33.87441
vt 6.00868 33.06789
vt 7.39435 32.26135
vt 8.78079 31.65645
vt 10.16723 31.05155
vt 11.09152 30.44665
vt 12.47796 29.84175
vt 13.86440 29.23685
vt 14.78869 28.63195
vt 16.63728 28.02705
vt 3.23736 33.87441
vt 4.62302 33.06789
vt 6.00868 32.26135
vt 7.39435 31.65645
vt 8.78079 31.05155
vt 10.16723 30.44665
vt 11.09152 29.84175
vt 12.47796 29.23685
vt 13.86440 28.63195
vt 14.78869 28.02705
vt 16.63728 27.42215
vt 3.23736 33.06789
vt 4.62302 32.26135
vt 6.00868 31.65645
vt 7.39435 31.05155
vt 8.78079 30.44665
vt 10.16723 29.84175
vt 11.09152 29.23685
vt 12.47796 28.63195
vt 13.86440 28.02705
vt 14.78869 27.42215
vt 16.63728 26.81725
vt 3.23736 32.26135
vt 4.62302 31.65645
vt 6.00868 31.05155
vt 7.39435 30.44665
vt 8.78079 29.84175
vt 10.16723 29.23685
vt 11.09152 28.63195
vt 12.47796 28.02705
vt 13.86440 27.42215
vt 14.78869 26.81725
vt 16.63728 26.21180
vt 3.23736 31.65645
vt 4.62302 31.05155
vt 6.00868 30.44665
vt 7.39435 29.84175
vt 8.78079 29.23685
vt 10.16723 28.63195
vt 11.09152 28.02705
vt 12.47796 27.42215
vt 13.86440 26.81725
vt 14.78869 26.21126
vt 16.63728 25.60745
vt 3.23736 25.00255
vt 4.62302 24.39765
vt 3.23736 24.39765
vt 0.00000 1.31837
vt 0.01454 0.00000
vt 0.00727 1.50672
vt 0.00000 2.63674
vt 0.00727 3.01345
vt 0.00000 3.95512
vt 0.00727 4.52017
vt 0.00000 5.27349
vt 0.00727 6.02689
vt 0.00000 6.59186
vt 0.00727 8.09864
vt 0.00000 7.91023
vt 0.00000 9.22861
vt 0.00727 10.17038
vt 0.00000 10.54698
vt 0.00000 11.86535
vt 0.00727 12.24213
vt 0.00000 13.18372
vt 0.00727 14.31387
vt 0.00000 14.50210
vt 0.00000 15.82047
vt 0.00727 16.38561
vt 0.00000 17.13884
vt 0.00727 18.45721
vt 0.00000 18.45721
vt 0.00000 19.77559
vt 0.00727 20.52910
vt 0.00000 21.09396
vt 0.00727 22.60085
vt 0.00000 22.41235
vt 0.00000 23.73075
vt 0.00727 24.67259
vt 0.00000 25.04914
vt 0.00000 26.36753
vt 0.00727 26.74434
vt 0.00000 27.68592
vt 0.00727 28.81608
vt 0.00000 29.00432
vt 0.00000 30.32271
vt 0.00727 30.88783
vt 0.00000 31.64110
vt 0.00727 32.95950
vt 0.00000 32.95950
vt 0.00000 34.27789
vt 0.00727 35.03131
vt 0.00000 35.59628
vt 0.00727 37.10306
vt 0.00000 36.91468
vt 0.00000 38.23307
vt 0.00727 39.17480
vt 0.00000 39.55146
vt 0.00727 40.68153
vt 0.00000 40.86986
vt 0.00000 42.18825
vt 0.01454 40.86986
vt 0.01454 42.18825
vt 0.01454 1.31837
vt 0.01454 2.63674
vt 0.01454 3.95512
vt 0.01454 5.27349
vt 0.01454 6.59186
vt 0.01454 7.91023
vt 0.01454 9.22861
vt 0.01454 10.54698
vt 0.01454 11.86535
vt 0.01454 13.18372
vt 0.01454 14.50210
vt 0.01454 15.82047
vt 0.01454 17.13884
vt 0.01454 18.45721
vt 0.01454 19.77559
vt 0.01454 21.09396
vt 0.01454 22.41235
vt 0.01454 23.73075
vt 0.01454 25.04914
vt 0.01454 26.36753
vt 0.01454 27.68592
vt 0.01454 29.00432
vt 0.01454 30.32271
vt 0.01454 31.64110
vt 0.01454 32.95950
vt 0.01454 34.27789
vt 0.01454 35.59628
vt 0.01454 36.91468
vt 0.01454 38.23307
vt 0.01454 39.55146
vt -0.37403 14.99860
vt -0.41490 15.80206
vt -0.37403 16.00226
vt -0.49249 15.80206
vt -0.68674 14.99857
vt -0.60817 15.80206
vt -0.76195 15.80206
vt -0.76195 16.60556
vt -1.03873 16.60556
vt -1.03873 17.40905
vt -1.31551 17.40905
vt -1.31551 18.21255
vt -1.62488 17.85656
vt -1.62489 18.74825
vt -1.31551 19.01604
vt -1.62488 19.63978
vt -1.31551 19.81954
vt -1.62488 20.54900
vt -1.31551 20.62303
vt -1.62483 21.49422
vt -1.31551 21.42653
vt -1.31551 22.49779
vt -1.03873 21.42653
vt -1.03873 22.49781
vt -0.76195 21.42653
vt -0.76195 22.49783
vt -0.60817 21.42653
vt -0.60817 22.49784
vt -0.49249 21.42653
vt -0.49249 22.49785
vt -0.41490 21.42653
vt -0.41490 22.49786
vt -0.37424 21.49426
vt -0.37403 22.49786
vt -0.41490 16.60556
vt -0.37403 16.94767
vt -0.49249 16.60556
vt -0.41490 17.40905
vt -0.37403 17.85659
vt -0.49249 17.40905
vt -0.41490 18.21255
vt -0.37403 18.74832
vt -0.49249 18.21255
vt -0.41490 19.01604
vt -0.37412 19.63980
vt -0.41490 19.81954
vt -0.37406 20.54899
vt -0.41490 20.62303
vt -0.37409 23.50155
vt -0.41490 23.56918
vt -0.49249 23.56918
vt -0.37403 24.44693
vt -0.49249 24.64050
vt -0.41490 24.64050
vt -0.37416 25.35607
vt -0.41490 25.71183
vt -0.37410 26.24747
vt -0.49249 25.71183
vt -0.60817 25.71183
vt -0.60817 24.64050
vt -0.76195 25.71183
vt -0.76195 24.64050
vt -1.03873 25.71183
vt -1.03873 24.64050
vt -1.31551 25.71183
vt -1.31551 24.64050
vt -1.62484 25.35607
vt -1.62489 24.44692
vt -0.41490 26.78316
vt -0.37403 27.13920
vt -0.49249 26.78316
vt -0.60817 26.78316
vt -0.76195 26.78316
vt -1.03873 26.78316
vt -1.31551 26.78316
vt -1.62486 26.24737
vt -0.41490 27.85448
vt -0.37403 28.04814
vt -0.49249 27.85448
vt -0.60817 27.85448
vt -0.76195 27.85448
vt -1.03873 27.85448
vt -1.31551 27.85448
vt -1.62489 27.13907
vt -0.41490 28.92581
vt -0.37403 28.99352
vt -0.49249 28.92581
vt -0.37403 29.99714
vt -0.68674 29.99714
vt -0.60817 28.92581
vt -0.76195 28.92581
vt -0.99945 29.99714
vt -1.03873 28.92581
vt -1.31216 29.99714
vt -1.31551 28.92581
vt -1.62488 28.99353
vt -1.62486 28.04812
vt -1.62487 29.99714
vt -1.31551 23.56918
vt -1.62486 23.50148
vt -1.62489 22.49777
vt -1.62486 16.94773
vt -1.31551 16.60556
vt -1.03873 15.80206
vt -0.99945 14.99857
vt -1.62489 16.00229
vt -1.31551 15.80206
vt -1.31216 14.99857
vt -1.62487 14.99857
vt -0.60817 16.60556
vt -0.60817 17.40905
vt -0.60817 18.21255
vt -0.60817 19.01604
vt -0.49249 19.01604
vt -0.60817 19.81954
vt -0.49249 19.81954
vt -0.60817 20.62303
vt -0.49249 20.62303
vt -0.76195 17.40905
vt -1.03873 18.21255
vt -0.76195 18.21255
vt -0.76195 19.01604
vt -0.76195 19.81954
vt -0.76195 20.62303
vt -1.03873 19.01604
vt -1.03873 19.81954
vt -1.03873 20.62303
vt -0.60817 23.56918
vt -0.76195 23.56918
vt -1.03873 23.56918
vt -0.00000 -1.02958
vt -0.05564 0.00000
vt -0.06637 -0.68639
vt -0.06637 -1.37278
vt -0.10807 -0.68639
vt -0.10807 -1.37278
vt -0.14976 -0.68639
vt -0.14976 -1.37278
vt -0.19146 -0.68639
vt -0.19146 -1.37278
vt -0.23316 -0.68639
vt -0.23316 -1.37278
vt -0.29349 -0.68639
vt -0.29349 -1.37278
vt -0.36931 -0.68639
vt -0.36931 -1.37278
vt -0.44513 -1.02958
vt -0.44513 -2.05917
vt -0.11128 0.00000
vt -0.16692 0.00000
vt -0.22256 0.00000
vt -0.27820 0.00000
vt -0.33384 0.00000
vt -0.38949 0.00000
vt -0.44513 0.00000
vt -0.36931 -2.74556
vt -0.44513 -3.08875
vt -0.36931 -2.05917
vt -0.29349 -2.05917
vt -0.23316 -2.05917
vt -0.19146 -2.05917
vt -0.14976 -2.05917
vt -0.10807 -2.05917
vt -0.06637 -2.05917
vt -0.00000 -2.05917
vt -0.36931 -3.87320
vt -0.44513 -4.11834
vt -0.36931 -5.00084
vt -0.44513 -5.14792
vt -0.36931 -6.12848
vt -0.44513 -6.17751
vt -0.36931 -7.25612
vt -0.44513 -7.20709
vt -0.44513 -8.23668
vt -0.36931 -8.38376
vt -0.44513 -9.26626
vt -0.36931 -9.51140
vt -0.44513 -10.29585
vt -0.36931 -10.63904
vt -0.44513 -11.32543
vt -0.36931 -11.76668
vt -0.44513 -12.35502
vt -0.36931 -12.94335
vt -0.44513 -13.38460
vt -0.36931 -14.12002
vt -0.44513 -14.41418
vt -0.36931 -14.70835
vt -0.44513 -15.44377
vt -0.36931 -15.29669
vt -0.39290 -16.47335
vt -0.33792 -16.47335
vt -0.44513 -16.47335
vt -0.29349 -15.29669
vt -0.28082 -16.47335
vt -0.23316 -15.29669
vt -0.22253 -16.47335
vt -0.19146 -15.29669
vt -0.16432 -16.47335
vt -0.14976 -15.29669
vt -0.10731 -16.47335
vt -0.10807 -15.29669
vt -0.06637 -15.29669
vt -0.10807 -14.70835
vt -0.06637 -14.70835
vt -0.10807 -14.12002
vt -0.06637 -14.12002
vt -0.10807 -12.94335
vt -0.06637 -12.94335
vt -0.10807 -11.76668
vt -0.06637 -11.76668
vt -0.10807 -10.63904
vt -0.06637 -10.63904
vt -0.10807 -9.51140
vt -0.06637 -9.51140
vt -0.10807 -8.38376
vt -0.06637 -8.38376
vt -0.10807 -7.25612
vt -0.06637 -7.25612
vt -0.10807 -6.12848
vt -0.06637 -6.12848
vt -0.10807 -5.00084
vt -0.06637 -5.00084
vt -0.10807 -3.87320
vt -0.06637 -3.87320
vt -0.10807 -2.74556
vt -0.06637 -2.74556
vt -0.05228 -16.47335
vt -0.00000 -15.44377
vt -0.00000 -14.41418
vt -0.00000 -13.38460
vt -0.00000 -12.35502
vt -0.00000 -11.32543
vt -0.00000 -10.29585
vt -0.00000 -9.26626
vt -0.00000 -8.23668
vt -0.00000 -7.20709
vt -0.00000 -6.17751
vt -0.00000 -16.47335
vt -0.00000 -5.14792
vt -0.00000 -4.11834
vt -0.00000 -3.08875
vt -0.29349 -2.74556
vt -0.29349 -3.87320
vt -0.29349 -5.00084
vt -0.29349 -6.12848
vt -0.29349 -7.25612
vt -0.29349 -8.38376
vt -0.29349 -9.51140
vt -0.29349 -10.63904
vt -0.29349 -11.76668
vt -0.29349 -12.94335
vt -0.29349 -14.12002
vt -0.29349 -14.70835
vt -0.23316 -2.74556
vt -0.23316 -3.87320
vt -0.23316 -5.00084
vt -0.23316 -6.12848
vt -0.23316 -7.25612
vt -0.23316 -8.38376
vt -0.23316 -9.51140
vt -0.23316 -10.63904
vt -0.23316 -11.76668
vt -0.23316 -12.94335
vt -0.23316 -14.12002
vt -0.23316 -14.70835
vt -0.19146 -2.74556
vt -0.19146 -3.87320
vt -0.19146 -5.00084
vt -0.19146 -6.12848
vt -0.19146 -7.25612
vt -0.19146 -8.38376
vt -0.19146 -9.51140
vt -0.19146 -10.63904
vt -0.19146 -11.76668
vt -0.19146 -12.94335
vt -0.19146 -14.12002
vt -0.19146 -14.70835
vt -0.14976 -2.74556
vt -0.14976 -3.87320
vt -0.14976 -5.00084
vt -0.14976 -6.12848
vt -0.14976 -7.25612
vt -0.14976 -8.38376
vt -0.14976 -9.51140
vt -0.14976 -10.63904
vt -0.14976 -11.76668
vt -0.14976 -12.94335
vt -0.14976 -14.12002
vt -0.14976 -14.70835
vt -0.05564 0.00000
vt -0.00000 1.02963
vt -0.00000 0.00002
vt -0.06637 1.17667
vt -0.11128 0.00000
vt -0.10807 1.17667
vt -0.14976 1.17667
vt -0.14976 1.76501
vt -0.19146 1.76501
vt -0.19146 2.35334
vt -0.23316 2.35334
vt -0.23316 3.53001
vt -0.29349 3.53001
vt -0.29349 4.70668
vt -0.36931 4.70668
vt -0.36931 5.83432
vt -0.44513 5.14793
vt -0.44513 6.17752
vt -0.36931 6.96197
vt -0.44513 7.20711
vt -0.36931 8.08961
vt -0.44513 8.23669
vt -0.36931 9.21725
vt -0.44513 9.26628
vt -0.44513 10.29587
vt -0.36931 10.34489
vt -0.44513 11.32545
vt -0.36931 11.47254
vt -0.44513 12.35504
vt -0.36931 12.60018
vt -0.44513 13.38462
vt -0.36931 13.72782
vt -0.44513 14.41421
vt -0.36931 14.41421
vt -0.36931 15.10060
vt -0.29349 14.41421
vt -0.29349 15.10060
vt -0.23316 14.41421
vt -0.23316 15.10060
vt -0.19146 14.41421
vt -0.19146 15.10060
vt -0.14976 14.41421
vt -0.14976 15.10060
vt -0.10807 14.41422
vt -0.10807 15.10060
vt -0.06637 14.41422
vt -0.06637 15.10060
vt -0.00000 14.41422
vt -0.00000 15.44380
vt -0.06637 1.76501
vt -0.00000 2.05921
vt -0.06637 2.35334
vt -0.00000 3.08879
vt -0.06637 3.53001
vt -0.00000 4.11838
vt -0.06637 4.70668
vt -0.00000 5.14796
vt -0.06637 5.83432
vt -0.00000 6.17755
vt -0.06637 6.96197
vt -0.00000 7.20713
vt -0.06637 8.08961
vt -0.00000 8.23671
vt -0.06637 9.21725
vt -0.00000 9.26630
vt -0.00000 10.29588
vt -0.06637 10.34489
vt -0.00000 11.32547
vt -0.06637 11.47254
vt -0.00000 12.35505
vt -0.06637 12.60018
vt -0.00000 13.38463
vt -0.06637 13.72782
vt -0.05228 16.47338
vt -0.00000 16.47338
vt -0.06637 15.78699
vt -0.10807 15.78699
vt -0.14976 15.78699
vt -0.19146 15.78699
vt -0.23316 15.78699
vt -0.29349 15.78699
vt -0.36931 15.78699
vt -0.44513 15.44380
vt -0.10731 16.47338
vt -0.16432 16.47338
vt -0.22253 16.47338
vt -0.28082 16.47338
vt -0.33792 16.47338
vt -0.39291 16.47338
vt -0.44513 16.47338
vt -0.44513 4.11835
vt -0.36931 3.53001
vt -0.29349 2.35334
vt -0.23316 1.76501
vt -0.19146 1.17667
vt -0.16692 0.00000
vt -0.44513 3.08876
vt -0.36931 2.35334
vt -0.29349 1.76501
vt -0.23316 1.17667
vt -0.22256 0.00000
vt -0.44513 2.05917
vt -0.36931 1.76501
vt -0.29349 1.17667
vt -0.27820 0.00000
vt -0.44513 1.02959
vt -0.36931 1.17667
vt -0.33385 0.00000
vt -0.38949 0.00000
vt -0.44513 0.00000
vt -0.10807 1.76501
vt -0.10807 2.35334
vt -0.10807 3.53001
vt -0.10807 4.70668
vt -0.10807 5.83432
vt -0.10807 6.96197
vt -0.10807 8.08961
vt -0.10807 9.21725
vt -0.10807 10.34489
vt -0.10807 11.47254
vt -0.10807 12.60018
vt -0.10807 13.72782
vt -0.14976 2.35334
vt -0.19146 3.53001
vt -0.23316 4.70668
vt -0.29349 5.83432
vt -0.14976 3.53001
vt -0.14976 4.70668
vt -0.14976 5.83432
vt -0.14976 6.96197
vt -0.14976 8.08961
vt -0.14976 9.21725
vt -0.14976 10.34489
vt -0.14976 11.47254
vt -0.14976 12.60018
vt -0.14976 13.72782
vt -0.19146 4.70668
vt -0.23316 5.83432
vt -0.29349 6.96197
vt -0.19146 5.83432
vt -0.19146 6.96197
vt -0.19146 8.08961
vt -0.19146 9.21725
vt -0.19146 10.34489
vt -0.19146 11.47254
vt -0.19146 12.60018
vt -0.19146 13.72782
vt -0.23316 6.96197
vt -0.29349 8.08961
vt -0.23316 8.08961
vt -0.23316 9.21725
vt -0.23316 10.34489
vt -0.23316 11.47254
vt -0.23316 12.60018
vt -0.23316 13.72782
vt -0.29349 9.21725
vt -0.29349 10.34489
vt -0.29349 11.47254
vt -0.29349 12.60018
vt -0.29349 13.72782
vt -1.31216 14.99857
vt -1.62488 13.99492
vt -1.62487 14.99855
vt -1.31551 13.92724
vt -1.03873 13.92724
vt -1.03873 12.85592
vt -0.76195 12.85592
vt -0.76195 11.78459
vt -0.60817 11.78459
vt -0.60817 10.71326
vt -0.49249 10.71326
vt -0.49249 9.64194
vt -0.37415 10.35744
vt -0.41491 9.64194
vt -0.37403 9.44831
vt -0.49249 8.57061
vt -0.60817 9.64194
vt -0.60817 8.57061
vt -0.76195 9.64194
vt -0.76195 8.57061
vt -1.03873 9.64194
vt -1.03873 8.57061
vt -1.31551 9.64194
vt -1.31551 8.57061
vt -1.62489 9.44829
vt -1.62486 8.50285
vt -1.62486 13.04951
vt -1.31551 12.85592
vt -1.03873 11.78459
vt -0.76195 10.71326
vt -1.62489 12.14045
vt -1.31551 11.78459
vt -1.03873 10.71326
vt -1.62486 11.24876
vt -1.31551 10.71326
vt -1.62484 10.35744
vt -1.31551 7.49915
vt -1.62489 7.49913
vt -1.62483 6.49559
vt -1.31551 5.62446
vt -1.62488 5.55036
vt -1.31551 6.42796
vt -1.03873 6.42796
vt -1.03873 7.49917
vt -0.76195 6.42796
vt -0.76195 7.49919
vt -0.60817 6.42796
vt -0.60817 7.49921
vt -0.49249 6.42796
vt -0.49249 7.49921
vt -0.41491 6.42796
vt -0.41491 7.49922
vt -0.37423 6.49565
vt -0.37403 7.49922
vt -1.31551 4.82097
vt -1.62488 4.64114
vt -1.31551 4.01747
vt -1.62489 3.74961
vt -1.31551 3.21398
vt -1.62488 2.85791
vt -1.31551 2.41048
vt -1.62486 1.94909
vt -1.31551 1.60699
vt -1.62489 1.00369
vt -1.31551 0.80349
vt -1.62487 0.00000
vt -1.31216 0.00000
vt -1.03873 0.80349
vt -0.99945 0.00000
vt -0.76195 0.80349
vt -0.68674 0.00000
vt -0.60817 0.80349
vt -0.49249 0.80349
vt -0.60817 1.60699
vt -0.49249 1.60699
vt -0.60817 2.41048
vt -0.49249 2.41048
vt -0.60817 3.21398
vt -0.49249 3.21398
vt -0.60817 4.01747
vt -0.49249 4.01747
vt -0.60817 4.82097
vt -0.49249 4.82097
vt -0.60817 5.62446
vt -0.49249 5.62446
vt -0.37403 0.00000
vt -0.41491 0.80349
vt -0.37403 1.00372
vt -0.41491 1.60699
vt -0.37412 1.94916
vt -0.41491 2.41048
vt -0.37403 2.85800
vt -0.41491 3.21398
vt -0.37403 3.74969
vt -0.41491 4.01747
vt -0.37403 4.64121
vt -0.41491 4.82097
vt -0.37403 5.55042
vt -0.41491 5.62446
vt -0.37408 8.50294
vt -0.41491 8.57061
vt -0.41491 10.71326
vt -0.37410 11.24882
vt -0.49249 11.78459
vt -0.60817 12.85592
vt -0.76195 13.92724
vt -0.99945 14.99857
vt -0.41491 11.78459
vt -0.37403 12.14054
vt -0.49249 12.85592
vt -0.60817 13.92724
vt -0.68674 14.99857
vt -0.41491 12.85592
vt -0.37403 13.04950
vt -0.49249 13.92724
vt -0.41491 13.92724
vt -0.37403 14.99857
vt -0.37403 13.99492
vt -1.03873 5.62446
vt -1.03873 4.82097
vt -1.03873 4.01747
vt -1.03873 3.21398
vt -1.03873 2.41048
vt -1.03873 1.60699
vt -0.76195 5.62446
vt -0.76195 4.82097
vt -0.76195 4.01747
vt -0.76195 3.21398
vt -0.76195 2.41048
vt -0.76195 1.60699
vt -0.00004 9.09451
vt 0.98326 9.37758
vt 0.90901 9.00450
vt 0.00004 9.47455
vt -0.98324 9.37728
vt 1.78332 8.73976
vt 1.92883 9.09098
vt 2.58881 8.30908
vt 2.79997 8.62487
vt 3.29526 7.72968
vt 3.56404 7.99832
vt 3.87477 7.02374
vt 4.19082 7.23490
vt 4.65617 6.36319
vt 4.30504 6.21781
vt 4.57052 5.34373
vt 4.94328 5.41777
vt 4.65975 4.43451
vt 5.03976 4.43439
vt 4.57085 3.52534
vt 4.94359 3.45111
vt 4.65629 2.50594
vt 4.30522 2.65143
vt 3.87459 1.84562
vt 4.19053 1.63441
vt 3.29503 1.13960
vt 3.56368 0.87081
vt 2.58883 0.56000
vt 2.79987 0.24395
vt 1.78351 0.12920
vt 1.92888 -0.22195
vt 0.98325 -0.50819
vt 0.90914 -0.13548
vt -0.00000 -0.22542
vt -0.98322 -0.50850
vt -0.90902 -0.13542
vt 0.00000 -0.60546
vt -1.78328 0.12931
vt -1.92878 -0.22191
vt -2.58876 0.55998
vt -2.79993 0.24419
vt -3.29523 1.13937
vt -3.56401 0.87073
vt -3.87475 1.84531
vt -4.19079 1.63415
vt -4.65615 2.50584
vt -4.30502 2.65124
vt -4.57051 3.52531
vt -4.94327 3.45127
vt -4.65975 4.43453
vt -5.03976 4.43464
vt -4.57086 5.34370
vt -4.94361 5.41792
vt -4.65630 6.36311
vt -4.30524 6.21761
vt -3.87462 7.02342
vt -4.19055 7.23464
vt -3.29506 7.72945
vt -3.56372 7.99824
vt -2.58887 8.30906
vt -2.79992 8.62510
vt -1.78355 8.73987
vt -1.92892 9.09102
vt -0.90918 9.00456
vt 0.00727 -1.50672
vt 0.01454 -0.00006
vt 0.01454 -1.31849
vt 0.00000 -1.31839
vt 0.00000 -2.63677
vt 0.00727 -3.01345
vt 0.01454 -2.63687
vt 0.01454 -3.95525
vt 0.00727 -5.08520
vt 0.01454 -5.27363
vt 0.01454 -6.59201
vt 0.00727 -7.15694
vt 0.01454 -7.91039
vt 0.00727 -9.22874
vt 0.01454 -9.22877
vt 0.01454 -10.54715
vt 0.00727 -11.30043
vt 0.01454 -11.86553
vt 0.00727 -13.37218
vt 0.01454 -13.18392
vt 0.01454 -14.50230
vt 0.00727 -15.44393
vt 0.01454 -15.82068
vt 0.00727 -17.51567
vt 0.01454 -17.13906
vt 0.01454 -18.45744
vt 0.00727 -19.58742
vt 0.01454 -19.77582
vt 0.01454 -21.09420
vt 0.00727 -21.65917
vt 0.01454 -22.41258
vt 0.00727 -23.73096
vt 0.01454 -23.73096
vt 0.01454 -25.04934
vt 0.00727 -25.80266
vt 0.01454 -26.36772
vt 0.00727 -27.87440
vt 0.01454 -27.68610
vt 0.01454 -29.00448
vt 0.00727 -29.94615
vt 0.01454 -30.32286
vt 0.00727 -32.01790
vt 0.01454 -31.64124
vt 0.01454 -32.95963
vt 0.00727 -34.08964
vt 0.01454 -34.27800
vt 0.01454 -35.59639
vt 0.00727 -36.16139
vt 0.01454 -36.91476
vt 0.00727 -37.66811
vt 0.01454 -38.23315
vt 0.00727 -39.17484
vt 0.01454 -39.55153
vt 0.00727 -40.68156
vt 0.01454 -40.86991
vt 0.01454 -42.18829
vt 0.00000 -40.86991
vt 0.00000 -42.18829
vt 0.00000 -3.95516
vt 0.00000 -5.27355
vt 0.00000 -6.59194
vt 0.00000 -7.91032
vt 0.00000 -9.22871
vt 0.00000 -10.54710
vt 0.00000 -11.86549
vt 0.00000 -13.18387
vt 0.00000 -14.50226
vt 0.00000 -15.82065
vt 0.00000 -17.13904
vt 0.00000 -18.45742
vt 0.00000 -19.77581
vt 0.00000 -21.09420
vt 0.00000 -22.41258
vt 0.00000 -23.73096
vt 0.00000 -25.04934
vt 0.00000 -26.36772
vt 0.00000 -27.68610
vt 0.00000 -29.00448
vt 0.00000 -30.32286
vt 0.00000 -31.64124
vt 0.00000 -32.95963
vt 0.00000 -34.27800
vt 0.00000 -35.59639
vt 0.00000 -36.91476
vt 0.00000 -38.23315
vt 0.00000 -39.55153
vt 17.33141 22.58320
vt 16.63722 21.77666
vt 16.17702 22.58320
vt 17.37665 21.77666
vt 18.48580 21.77666
vt 14.78864 21.77666
vt 15.02263 22.58320
vt 13.86824 22.58320
vt 12.47791 21.77666
vt 11.55946 22.58320
vt 13.86435 21.77666
vt 14.78864 20.97011
vt 16.63722 20.97011
vt 16.63722 20.16357
vt 17.37665 20.16357
vt 17.37665 19.35703
vt 18.48580 19.35703
vt 11.09148 21.77666
vt 10.40507 22.58320
vt 10.16719 21.77666
vt 9.25068 22.58320
vt 8.78075 21.77666
vt 8.09629 22.58320
vt 7.39432 21.77666
vt 6.94190 22.58320
vt 6.00865 21.77666
vt 5.78751 22.58320
vt 4.62298 21.77666
vt 4.63312 22.58320
vt 3.47873 22.58320
vt 3.23731 21.77666
vt 2.32434 22.58320
vt 1.85164 21.77666
vt 1.16995 22.58320
vt 0.01564 21.81436
vt 0.01556 22.58320
vt 0.01556 21.07206
vt 1.85164 20.97011
vt 3.23731 20.97011
vt 3.23731 20.16357
vt 4.62298 20.16357
vt 4.62298 19.35703
vt 6.00865 19.35703
vt 6.00865 18.55049
vt 7.39432 18.55049
vt 7.39432 17.74394
vt 8.78075 17.74394
vt 7.39432 16.93740
vt 8.78075 16.93740
vt 7.39432 16.13086
vt 8.78075 16.13086
vt 8.78075 15.32432
vt 10.16719 15.32432
vt 10.16719 14.51777
vt 11.09148 14.51777
vt 11.09148 13.71123
vt 12.47791 13.71123
vt 12.47791 12.90469
vt 13.86435 12.90469
vt 13.86435 12.09814
vt 14.78864 12.09814
vt 14.78864 11.29160
vt 16.63722 11.29160
vt 16.63722 10.48506
vt 17.37665 10.48506
vt 17.37665 9.67852
vt 18.48580 9.67852
vt 0.01557 20.35158
vt 1.85164 20.16357
vt 3.23731 19.35703
vt 4.62298 18.55049
vt 6.00865 17.74394
vt 6.00865 16.93740
vt 6.00865 16.13086
vt 7.39432 15.32432
vt 8.78075 14.51777
vt 10.16719 13.71123
vt 11.09148 12.90469
vt 12.47791 12.09814
vt 13.86435 11.29160
vt 14.78864 10.48506
vt 16.63722 9.67852
vt 17.37665 9.07361
vt 18.48580 9.07361
vt 0.01553 19.64862
vt 1.85164 19.35703
vt 3.23731 18.55049
vt 4.62298 17.74394
vt 4.62298 16.93740
vt 4.62298 16.13086
vt 6.00865 15.32432
vt 7.39432 14.51777
vt 8.78075 13.71123
vt 10.16719 12.90469
vt 11.09148 12.09814
vt 12.47791 11.29160
vt 13.86435 10.48506
vt 14.78864 9.67852
vt 16.63722 9.07361
vt 17.37665 8.46870
vt 18.48580 8.46870
vt 0.01552 18.95926
vt 1.85164 18.55049
vt 3.23731 17.74394
vt 3.23731 16.93740
vt 3.23731 16.13086
vt 4.62298 15.32432
vt 6.00865 14.51777
vt 7.39432 13.71123
vt 8.78075 12.90469
vt 10.16719 12.09814
vt 11.09148 11.29160
vt 12.47791 10.48506
vt 13.86435 9.67852
vt 14.78864 9.07361
vt 16.63722 8.46870
vt 17.37665 7.86379
vt 18.48580 7.86379
vt 0.01559 18.27985
vt 1.85164 17.74394
vt 1.85164 16.93740
vt 1.85164 16.13086
vt 3.23731 15.32432
vt 4.62298 14.51777
vt 6.00865 13.71123
vt 7.39432 12.90469
vt 8.78075 12.09814
vt 10.16719 11.29160
vt 11.09148 10.48506
vt 12.47791 9.67852
vt 13.86435 9.07361
vt 14.78864 8.46870
vt 16.63722 7.86379
vt 17.37665 7.25889
vt 18.48580 7.25889
vt 0.01554 17.60700
vt 0.01563 16.93740
vt 0.01555 16.26781
vt 0.01561 15.59495
vt 1.85164 15.32432
vt 0.01555 14.91555
vt 1.85164 14.51777
vt 0.01556 14.22619
vt 1.85164 13.71123
vt 0.01559 13.52323
vt 1.85164 12.90469
vt 0.01554 12.80275
vt 1.85164 12.09814
vt 0.01558 12.06044
vt 1.85164 11.29159
vt 0.01550 11.29159
vt 0.01565 10.52276
vt 1.85164 10.48506
vt 0.01558 9.78048
vt 1.85164 9.67852
vt 0.01542 9.05998
vt 1.85164 9.07361
vt 1.85164 8.46870
vt 3.23731 8.46870
vt 3.23731 7.86379
vt 4.62298 7.86379
vt 4.62298 7.25889
vt 6.00865 7.25889
vt 6.00865 6.65398
vt 7.39432 6.65398
vt 7.39432 6.04907
vt 8.78075 6.04907
vt 8.78075 5.44417
vt 10.16719 5.44417
vt 10.16719 4.83926
vt 11.09148 4.83926
vt 11.09148 4.23435
vt 12.47791 4.23435
vt 12.47791 3.62766
vt 13.86435 3.62807
vt 13.86435 3.02454
vt 14.78864 3.02454
vt 14.78864 2.41963
vt 16.63722 2.41963
vt 16.63722 1.81472
vt 17.37665 1.81472
vt 17.37665 1.20981
vt 18.48580 1.20981
vt 0.01545 8.35701
vt 1.85164 7.86379
vt 3.23731 7.25889
vt 4.62298 6.65398
vt 6.00865 6.04907
vt 7.39432 5.44417
vt 8.78075 4.83926
vt 10.16719 4.23435
vt 11.09148 3.62725
vt 12.47791 3.02454
vt 13.86435 2.41963
vt 14.78864 1.81472
vt 16.63722 1.20981
vt 17.37665 0.60491
vt 18.48580 0.60491
vt 0.01574 7.66764
vt 1.85164 7.25889
vt 3.23731 6.65398
vt 4.62298 6.04907
vt 6.00865 5.44417
vt 7.39432 4.83926
vt 8.78075 4.23435
vt 10.16719 3.62697
vt 11.09148 3.02454
vt 12.47791 2.41963
vt 13.86435 1.81472
vt 14.78864 1.20981
vt 16.63722 0.60491
vt 17.33141 0.00000
vt 18.48580 0.00000
vt 0.01563 6.98824
vt 1.85164 6.65398
vt 3.23731 6.04907
vt 4.62298 5.44417
vt 6.00865 4.83926
vt 7.39432 4.23435
vt 8.78075 3.62656
vt 10.16719 3.02454
vt 11.09148 2.41963
vt 12.47791 1.81472
vt 13.86435 1.20981
vt 14.78864 0.60491
vt 16.17702 0.00000
vt 0.01537 6.31543
vt 1.85164 6.04907
vt 3.23731 5.44417
vt 4.62298 4.83926
vt 6.00865 4.23435
vt 7.39432 3.62615
vt 8.78075 3.02454
vt 10.16719 2.41963
vt 11.09148 1.81472
vt 12.47791 1.20981
vt 13.86435 0.60491
vt 13.86824 0.00000
vt 15.02263 0.00000
vt 0.01551 5.64582
vt 1.85164 5.44417
vt 3.23731 4.83926
vt 4.62298 4.23435
vt 6.00865 3.62573
vt 7.39432 3.02454
vt 8.78075 2.41963
vt 10.16719 1.81472
vt 11.09148 1.20981
vt 12.47791 0.60491
vt 0.01558 4.97619
vt 1.85164 4.83926
vt 3.23731 4.23435
vt 4.62298 3.62532
vt 6.00865 3.02454
vt 7.39432 2.41963
vt 8.78075 1.81472
vt 10.16719 1.20981
vt 11.09148 0.60491
vt 11.55946 0.00000
vt 0.01566 4.30334
vt 1.85164 4.23435
vt 3.23731 3.62491
vt 4.62298 3.02454
vt 6.00865 2.41963
vt 7.39432 1.81472
vt 8.78075 1.20981
vt 10.16719 0.60491
vt 10.40507 0.00000
vt 0.01555 3.62395
vt 1.85164 3.62450
vt 3.23731 3.02454
vt 4.62298 2.41963
vt 6.00865 1.81472
vt 7.39432 1.20981
vt 8.78075 0.60491
vt 9.25068 0.00000
vt 1.85164 3.02454
vt 0.01554 2.93461
vt 1.85164 2.41963
vt 0.01558 2.23164
vt 1.85164 1.81472
vt 0.01557 1.51114
vt 1.85164 1.20981
vt 0.01564 0.76884
vt 1.85164 0.60491
vt 1.16995 0.00000
vt 2.32434 0.00000
vt 0.01556 0.00000
vt 3.23731 0.60491
vt 3.47873 0.00000
vt 4.62298 0.60491
vt 4.63312 0.00000
vt 5.78751 0.00000
vt 6.00865 0.60491
vt 6.94190 0.00000
vt 7.39432 0.60491
vt 8.09629 0.00000
vt 17.37665 2.41963
vt 18.48580 1.81472
vt 17.37665 3.02454
vt 18.48580 2.41963
vt 17.37665 3.62911
vt 18.48580 3.02454
vt 17.37665 4.23435
vt 18.48580 3.62944
vt 17.37665 4.83926
vt 18.48580 4.23435
vt 17.37665 5.44417
vt 18.48580 4.83926
vt 17.37665 6.04907
vt 18.48580 5.44417
vt 17.37665 6.65398
vt 18.48580 6.04907
vt 18.48580 6.65398
vt 17.37665 11.29160
vt 18.48580 10.48506
vt 17.37665 12.09814
vt 18.48580 11.29160
vt 17.37665 12.90469
vt 18.48580 12.09814
vt 17.37665 13.71123
vt 18.48580 12.90469
vt 17.37665 14.51777
vt 18.48580 13.71123
vt 17.37665 15.32432
vt 18.48580 14.51777
vt 17.37665 16.13086
vt 18.48580 15.32432
vt 17.37665 18.55049
vt 18.48580 17.74394
vt 17.37665 17.74394
vt 18.48580 18.55049
vt 17.37665 20.97011
vt 18.48580 20.16357
vt 18.48580 20.97011
vt 17.37665 16.93740
vt 18.48580 16.93740
vt 16.63722 16.13086
vt 16.63722 15.32432
vt 16.63722 14.51777
vt 16.63722 13.71123
vt 16.63722 12.90469
vt 16.63722 12.09814
vt 4.62298 20.97011
vt 6.00865 20.97011
vt 7.39432 20.97011
vt 8.78075 20.97011
vt 10.16719 20.97011
vt 11.09148 20.97011
vt 12.47791 20.97011
vt 13.86435 20.97011
vt 6.00865 20.16357
vt 7.39432 20.16357
vt 8.78075 20.16357
vt 10.16719 20.16357
vt 11.09148 20.16357
vt 12.47791 20.16357
vt 13.86435 20.16357
vt 14.78864 20.16357
vt 7.39432 19.35703
vt 8.78075 19.35703
vt 10.16719 19.35703
vt 11.09148 19.35703
vt 12.47791 19.35703
vt 13.86435 19.35703
vt 14.78864 19.35703
vt 16.63722 19.35703
vt 8.78075 18.55049
vt 10.16719 18.55049
vt 11.09148 18.55049
vt 12.47791 18.55049
vt 13.86435 18.55049
vt 14.78864 18.55049
vt 16.63722 18.55049
vt 10.16719 17.74394
vt 11.09148 17.74394
vt 12.47791 17.74394
vt 13.86435 17.74394
vt 14.78864 17.74394
vt 16.63722 17.74394
vt 10.16719 16.93740
vt 11.09148 16.93740
vt 12.47791 16.93740
vt 13.86435 16.93740
vt 14.78864 16.93740
vt 16.63722 16.93740
vt 10.16719 16.13086
vt 11.09148 16.13086
vt 12.47791 16.13086
vt 13.86435 16.13086
vt 14.78864 16.13086
vt 11.09148 15.32432
vt 12.47791 15.32432
vt 13.86435 15.32432
vt 14.78864 15.32432
vt 3.23731 14.51777
vt 4.62298 13.71123
vt 6.00865 12.90469
vt 7.39432 12.09814
vt 8.78075 11.29160
vt 10.16719 10.48506
vt 11.09148 9.67852
vt 12.47791 9.07361
vt 13.86435 8.46870
vt 14.78864 7.86379
vt 16.63722 7.25889
vt 12.47791 14.51777
vt 13.86435 14.51777
vt 14.78864 14.51777
vt 3.23731 13.71123
vt 4.62298 12.90469
vt 6.00865 12.09814
vt 7.39432 11.29159
vt 8.78075 10.48506
vt 10.16719 9.67852
vt 11.09148 9.07361
vt 12.47791 8.46870
vt 13.86435 7.86379
vt 14.78864 7.25889
vt 16.63722 6.65398
vt 13.86435 13.71123
vt 14.78864 13.71123
vt 3.23731 12.90469
vt 4.62298 12.09814
vt 6.00865 11.29159
vt 7.39432 10.48506
vt 8.78075 9.67852
vt 10.16719 9.07361
vt 11.09148 8.46870
vt 12.47791 7.86379
vt 13.86435 7.25889
vt 14.78864 6.65398
vt 16.63722 6.04907
vt 14.78864 12.90469
vt 3.23731 12.09814
vt 4.62298 11.29159
vt 6.00865 10.48506
vt 7.39432 9.67852
vt 8.78075 9.07361
vt 10.16719 8.46870
vt 11.09148 7.86379
vt 12.47791 7.25889
vt 13.86435 6.65398
vt 14.78864 6.04907
vt 16.63722 5.44417
vt 3.23731 11.29159
vt 4.62298 10.48506
vt 6.00865 9.67852
vt 7.39432 9.07361
vt 8.78075 8.46870
vt 10.16719 7.86379
vt 11.09148 7.25889
vt 12.47791 6.65398
vt 13.86435 6.04907
vt 14.78864 5.44417
vt 16.63722 4.83926
vt 3.23731 10.48506
vt 4.62298 9.67852
vt 6.00865 9.07361
vt 7.39432 8.46870
vt 8.78075 7.86379
vt 10.16719 7.25889
vt 11.09148 6.65398
vt 12.47791 6.04907
vt 13.86435 5.44417
vt 14.78864 4.83926
vt 16.63722 4.23435
vt 3.23731 9.67852
vt 4.62298 9.07361
vt 6.00865 8.46870
vt 7.39432 7.86379
vt 8.78075 7.25889
vt 10.16719 6.65398
vt 11.09148 6.04907
vt 12.47791 5.44417
vt 13.86435 4.83926
vt 14.78864 4.23435
vt 16.63722 3.62889
vt 3.23731 9.07361
vt 4.62298 8.46870
vt 6.00865 7.86379
vt 7.39432 7.25889
vt 8.78075 6.65398
vt 10.16719 6.04907
vt 11.09148 5.44417
vt 12.47791 4.83926
vt 13.86435 4.23435
vt 14.78864 3.62834
vt 16.63722 3.02454
vt 3.23731 2.41963
vt 4.62298 1.81472
vt 6.00865 1.20981
vt 3.23731 1.81472
vt 4.62298 1.20981
vt 3.23731 1.20981
vt 0.00000 -0.00001
vt 0.04555 -1.13946
vt 0.00000 -0.99706
vt 0.09110 -1.13946
vt 0.07040 0.00000
vt 0.15548 -1.13946
vt 0.14079 0.00000
vt 0.21986 -1.13946
vt 0.21119 0.00000
vt 0.28424 -1.13946
vt 0.28158 0.00000
vt 0.34863 -1.13946
vt 0.40469 -1.13946
vt 0.40469 -2.27891
vt 0.48393 -2.27891
vt 0.48393 -3.41837
vt 0.52355 -3.41837
vt 0.52355 -4.55783
vt 0.56317 -3.98813
vt 0.56317 -4.98515
vt 0.52355 -5.69729
vt 0.56317 -5.98218
vt 0.52355 -6.83674
vt 0.56317 -6.97920
vt 0.52355 -7.97622
vt 0.56317 -7.97622
vt 0.56317 -8.97324
vt 0.52355 -9.11566
vt 0.56317 -9.97027
vt 0.52355 -10.25512
vt 0.56317 -10.96729
vt 0.52355 -11.39457
vt 0.56317 -11.96431
vt 0.52355 -12.53403
vt 0.56317 -12.96134
vt 0.52355 -13.67349
vt 0.56317 -13.95836
vt 0.52355 -14.81295
vt 0.56317 -14.95538
vt 0.56317 -15.95240
vt 0.48393 -14.81295
vt 0.49373 -15.95240
vt 0.40469 -14.81295
vt 0.42242 -15.95240
vt 0.34863 -14.81295
vt 0.35106 -15.95240
vt 0.28424 -14.81295
vt 0.21986 -14.81295
vt 0.21986 -13.67349
vt 0.15548 -13.67349
vt 0.15548 -12.53403
vt 0.09110 -12.53403
vt 0.09110 -11.39457
vt 0.04555 -11.39457
vt 0.04555 -10.25512
vt 0.00000 -10.96729
vt 0.00000 -9.97027
vt 0.04555 -9.11566
vt 0.00000 -8.97324
vt 0.04555 -7.97622
vt 0.00000 -7.97622
vt 0.00000 -6.97920
vt 0.04555 -6.83674
vt 0.00000 -5.98218
vt 0.04555 -5.69729
vt 0.00000 -4.98515
vt 0.04555 -4.55783
vt 0.00000 -3.98813
vt 0.04555 -3.41837
vt 0.00000 -2.99111
vt 0.04555 -2.27891
vt 0.00000 -1.99409
vt 0.00000 -11.96431
vt 0.04555 -12.53403
vt 0.09110 -13.67349
vt 0.15548 -14.81295
vt 0.28160 -15.95240
vt 0.00000 -12.96134
vt 0.04555 -13.67349
vt 0.09110 -14.81295
vt 0.21227 -15.95240
vt 0.00000 -13.95836
vt 0.04555 -14.81295
vt 0.14092 -15.95240
vt 0.00000 -14.95538
vt 0.06947 -15.95240
vt 0.00000 -15.95240
vt 0.56317 -2.99111
vt 0.52355 -2.27891
vt 0.48393 -1.13946
vt 0.35198 0.00000
vt 0.56317 -1.99409
vt 0.52355 -1.13946
vt 0.49277 0.00000
vt 0.42238 0.00000
vt 0.56317 -0.99706
vt 0.56317 -0.00002
vt 0.09110 -2.27891
vt 0.09110 -3.41837
vt 0.09110 -4.55783
vt 0.09110 -5.69729
vt 0.09110 -6.83674
vt 0.09110 -7.97622
vt 0.09110 -9.11566
vt 0.09110 -10.25512
vt 0.15548 -2.27891
vt 0.15548 -3.41837
vt 0.15548 -4.55783
vt 0.15548 -5.69729
vt 0.15548 -6.83674
vt 0.15548 -7.97622
vt 0.15548 -9.11566
vt 0.15548 -10.25512
vt 0.15548 -11.39457
vt 0.21986 -2.27891
vt 0.21986 -3.41837
vt 0.21986 -4.55783
vt 0.21986 -5.69729
vt 0.21986 -6.83674
vt 0.21986 -7.97622
vt 0.21986 -9.11566
vt 0.21986 -10.25512
vt 0.21986 -11.39457
vt 0.21986 -12.53403
vt 0.28424 -2.27891
vt 0.28424 -3.41837
vt 0.28424 -4.55783
vt 0.28424 -5.69729
vt 0.28424 -6.83674
vt 0.28424 -7.97622
vt 0.28424 -9.11566
vt 0.28424 -10.25512
vt 0.28424 -11.39457
vt 0.28424 -12.53403
vt 0.28424 -13.67349
vt 0.34863 -2.27891
vt 0.34863 -3.41837
vt 0.34863 -4.55783
vt 0.34863 -5.69729
vt 0.34863 -6.83674
vt 0.34863 -7.97622
vt 0.34863 -9.11566
vt 0.34863 -10.25512
vt 0.34863 -11.39457
vt 0.34863 -12.53403
vt 0.34863 -13.67349
vt 0.40469 -3.41837
vt 0.48393 -4.55783
vt 0.40469 -4.55783
vt 0.40469 -5.69729
vt 0.40469 -6.83674
vt 0.40469 -7.97622
vt 0.40469 -9.11566
vt 0.40469 -10.25512
vt 0.40469 -11.39457
vt 0.40469 -12.53403
vt 0.40469 -13.67349
vt 0.48393 -5.69729
vt 0.48393 -6.83674
vt 0.48393 -7.97622
vt 0.48393 -9.11566
vt 0.48393 -10.25512
vt 0.48393 -11.39457
vt 0.48393 -12.53403
vt 0.48393 -13.67349
vt -0.64486 28.46379
vt -0.02433 29.51796
vt -0.02438 28.51297
vt -1.28833 29.51800
vt -2.10614 28.46379
vt -2.55232 29.51800
vt -3.10991 28.46379
vt -3.81632 29.51800
vt -4.11368 28.46379
vt -5.08032 29.51800
vt -5.11745 28.46379
vt -6.12122 28.46379
vt -5.11745 27.40957
vt -6.12122 27.40957
vt -5.11745 26.35536
vt -6.12122 26.35536
vt -5.11745 25.30115
vt -6.12122 25.30115
vt -5.11745 24.24693
vt -6.12122 24.24693
vt -5.11745 23.19272
vt -6.12122 23.19272
vt -5.11745 22.13834
vt -6.12122 22.13833
vt -5.11745 21.08429
vt -6.12122 21.08429
vt -5.11745 20.03007
vt -6.12122 20.03007
vt -5.11745 18.97586
vt -6.12122 18.97586
vt -5.11745 17.92164
vt -6.12122 17.92164
vt -5.11745 16.86743
vt -6.12122 16.86743
vt -5.11745 15.81322
vt -6.12122 15.81322
vt -6.12122 14.75887
vt -7.12499 14.75887
vt -7.12499 13.70479
vt -8.12876 13.70479
vt -7.12499 12.65057
vt -8.12876 12.65057
vt -7.12499 11.85991
vt -8.12876 11.85991
vt -7.12499 11.06925
vt -8.12876 11.06925
vt -7.12499 10.27859
vt -8.12876 10.27859
vt -7.12499 9.48793
vt -8.12876 9.48793
vt -7.12499 8.69727
vt -8.12876 8.69727
vt -7.12499 7.90661
vt -8.12876 7.90661
vt -7.12499 7.11595
vt -8.12876 7.11595
vt -7.12499 6.32529
vt -8.12876 6.32529
vt -7.12499 5.53463
vt -8.12876 5.53463
vt -8.12876 4.74251
vt -9.13253 4.74324
vt -9.13253 3.95330
vt -10.13613 3.83605
vt -9.13253 3.16264
vt -10.13630 1.97537
vt -9.13253 2.37198
vt -9.13253 1.58132
vt -8.12876 1.58132
vt -8.12876 0.79066
vt -7.12499 0.79066
vt -7.60831 0.00000
vt -6.34431 0.00000
vt -6.34431 29.51800
vt -7.12499 28.46379
vt -7.12499 27.40957
vt -7.12499 26.35536
vt -7.12499 25.30115
vt -7.12499 24.24693
vt -7.12499 23.19272
vt -7.12499 22.13832
vt -7.12499 21.08429
vt -7.12499 20.03007
vt -7.12499 18.97586
vt -7.12499 17.92164
vt -7.12499 16.86743
vt -7.12499 15.81322
vt -8.12876 14.75888
vt -9.13253 13.70479
vt -9.13253 12.65057
vt -9.13253 11.85991
vt -9.13253 11.06925
vt -9.13253 10.27859
vt -9.13253 9.48793
vt -9.13253 8.69727
vt -9.13253 7.90661
vt -9.13253 7.11595
vt -9.13253 6.32529
vt -9.13253 5.53463
vt -10.13630 5.62470
vt -7.60831 29.51800
vt -8.12876 28.46379
vt -8.12876 27.40957
vt -8.12876 26.35536
vt -8.12876 25.30115
vt -8.12876 24.24693
vt -8.12876 23.19272
vt -8.12876 22.13831
vt -8.12876 21.08429
vt -8.12876 20.03007
vt -8.12876 18.97586
vt -8.12876 17.92164
vt -8.12876 16.86743
vt -8.12876 15.81322
vt -9.13253 14.75888
vt -10.13630 14.75888
vt -10.13589 12.78379
vt -8.87230 29.51800
vt -9.13253 28.46379
vt -9.13253 27.40957
vt -9.13253 26.35536
vt -9.13253 25.30115
vt -9.13253 24.24693
vt -9.13253 23.19272
vt -9.13253 22.13830
vt -9.13253 21.08429
vt -9.13253 20.03007
vt -9.13253 18.97586
vt -9.13253 17.92164
vt -9.13253 16.86743
vt -9.13253 15.81322
vt -10.13630 29.51800
vt -10.13630 27.54277
vt -10.13630 25.68213
vt -10.13630 23.89325
vt -10.13615 22.13829
vt -10.13605 20.38401
vt -10.13630 18.59480
vt -10.13619 16.73424
vt -10.13630 10.92353
vt -10.13630 9.13416
vt -10.13630 7.37959
vt -9.13253 0.79066
vt -10.13630 0.00000
vt -8.87230 0.00000
vt -6.12122 0.79066
vt -5.08032 0.00000
vt -5.11745 0.79066
vt -4.11368 0.79066
vt -5.11745 1.58132
vt -4.11368 1.58132
vt -5.11745 2.37198
vt -4.11368 2.37198
vt -5.11745 3.16264
vt -4.11368 3.16264
vt -5.11745 3.95330
vt -4.11368 3.95330
vt -4.11368 4.73960
vt -3.10991 4.73887
vt -3.10991 5.53463
vt -2.10614 5.53463
vt -3.10991 6.32529
vt -2.10614 6.32529
vt -3.10991 7.11595
vt -2.10614 7.11595
vt -3.10991 7.90661
vt -2.10614 7.90661
vt -3.10991 8.69727
vt -2.10614 8.69727
vt -3.10991 9.48793
vt -2.10614 9.48793
vt -3.10991 10.27859
vt -2.10614 10.27859
vt -3.10991 11.06925
vt -2.10614 11.06925
vt -3.10991 11.85991
vt -2.10614 11.85991
vt -3.10991 12.65057
vt -2.10614 12.65057
vt -3.10991 13.70479
vt -2.10614 13.70479
vt -2.10614 14.75886
vt -0.64486 14.75886
vt -0.64486 15.81322
vt -0.02427 15.76379
vt -0.02431 16.73405
vt -3.81632 0.00000
vt -3.10991 0.79066
vt -3.10991 1.58132
vt -3.10991 2.37198
vt -3.10991 3.16264
vt -3.10991 3.95330
vt -2.10614 4.73814
vt -0.64486 5.53463
vt -0.64486 6.32529
vt -0.64486 7.11595
vt -0.64486 7.90661
vt -0.64486 8.69727
vt -0.64486 9.48793
vt -0.64486 10.27859
vt -0.64486 11.06925
vt -0.64486 11.85991
vt -0.64486 12.65057
vt -0.64486 13.70479
vt -0.02452 13.75392
vt -0.02445 14.75886
vt -2.55232 0.00000
vt -2.10614 0.79066
vt -2.10614 1.58132
vt -2.10614 2.37198
vt -2.10614 3.16264
vt -2.10614 3.95330
vt -0.64486 4.73708
vt -0.02433 4.73663
vt -0.02440 5.62464
vt -1.28833 0.00000
vt -0.64486 0.79066
vt -0.64486 1.58132
vt -0.64486 2.37198
vt -0.64486 3.16264
vt -0.64486 3.95330
vt -0.02433 0.00000
vt -0.02438 1.00490
vt -0.02434 1.97510
vt -0.02435 2.91679
vt -0.02432 3.83561
vt -0.02434 6.50412
vt -0.02430 7.37939
vt -0.02421 8.25461
vt -0.02439 9.13404
vt -0.02446 10.02207
vt -0.02425 10.92313
vt -0.02415 11.84199
vt -0.02429 12.78371
vt -0.64486 16.86743
vt -0.02441 17.67580
vt -0.64486 17.92164
vt -0.02437 18.59463
vt -0.64486 18.97586
vt -0.02433 19.49566
vt -0.64486 20.03007
vt -0.02438 20.38371
vt -0.64486 21.08429
vt -0.02435 21.26319
vt -0.64486 22.13840
vt -0.02439 22.13840
vt -0.02432 23.01361
vt -0.64486 23.19272
vt -0.02435 23.89308
vt -0.64486 24.24693
vt -0.02432 24.78113
vt -0.64486 25.30115
vt -0.02432 25.68217
vt -0.64486 26.35536
vt -0.02434 26.60099
vt -0.64486 27.40957
vt -0.02433 27.54271
vt -4.11368 27.40957
vt -4.11368 26.35536
vt -4.11368 25.30115
vt -4.11368 24.24693
vt -4.11368 23.19272
vt -4.11368 22.13836
vt -4.11368 21.08429
vt -4.11368 20.03007
vt -4.11368 18.97586
vt -4.11368 17.92164
vt -4.11368 16.86743
vt -4.11368 15.81322
vt -5.11745 14.75887
vt -6.12122 13.70479
vt -6.12122 12.65057
vt -6.12122 11.85991
vt -6.12122 11.06925
vt -6.12122 10.27859
vt -6.12122 9.48793
vt -6.12122 8.69727
vt -6.12122 7.90661
vt -6.12122 7.11595
vt -6.12122 6.32529
vt -6.12122 5.53463
vt -7.12499 4.74178
vt -8.12876 3.95330
vt -8.12876 3.16264
vt -8.12876 2.37198
vt -3.10991 27.40957
vt -3.10991 26.35536
vt -3.10991 25.30115
vt -3.10991 24.24693
vt -3.10991 23.19272
vt -3.10991 22.13837
vt -3.10991 21.08429
vt -3.10991 20.03007
vt -3.10991 18.97586
vt -3.10991 17.92164
vt -3.10991 16.86743
vt -3.10991 15.81322
vt -4.11368 14.75887
vt -5.11745 13.70479
vt -5.11745 12.65057
vt -5.11745 11.85991
vt -5.11745 11.06925
vt -5.11745 10.27859
vt -5.11745 9.48793
vt -5.11745 8.69727
vt -5.11745 7.90661
vt -5.11745 7.11595
vt -5.11745 6.32529
vt -5.11745 5.53463
vt -6.12122 4.74105
vt -7.12499 3.95330
vt -7.12499 3.16264
vt -7.12499 2.37198
vt -7.12499 1.58132
vt -2.10614 27.40957
vt -2.10614 26.35536
vt -2.10614 25.30115
vt -2.10614 24.24693
vt -2.10614 23.19272
vt -2.10614 22.13838
vt -2.10614 21.08429
vt -2.10614 20.03007
vt -2.10614 18.97586
vt -2.10614 17.92164
vt -2.10614 16.86743
vt -2.10614 15.81322
vt -3.10991 14.75887
vt -4.11368 13.70479
vt -4.11368 12.65057
vt -4.11368 11.85991
vt -4.11368 11.06925
vt -4.11368 10.27859
vt -4.11368 9.48793
vt -4.11368 8.69727
vt -4.11368 7.90661
vt -4.11368 7.11595
vt -4.11368 6.32529
vt -4.11368 5.53463
vt -5.11745 4.74032
vt -6.12122 3.95330
vt -6.12122 3.16264
vt -6.12122 2.37198
vt -6.12122 1.58132
vt 0.04245 -1.37340
vt 0.02118 -1.56962
vt 0.04245 -2.74680
vt 0.02118 -3.13923
vt 0.04245 -4.12021
vt 0.02118 -4.21834
vt 0.02118 -5.29745
vt 0.00000 -4.12024
vt 0.00000 -5.49365
vt 0.00000 -1.37341
vt 0.00000 -2.74683
vt 0.02118 -6.37656
vt 0.00000 -6.86707
vt 0.02118 -7.45567
vt 0.00000 -8.24048
vt 0.02118 -8.53478
vt 0.00000 -9.61389
vt 0.02118 -9.61386
vt 0.02118 -10.69300
vt 0.04245 -9.61382
vt 0.04245 -10.98722
vt 0.02118 -11.77211
vt 0.04245 -12.36062
vt 0.02118 -12.85122
vt 0.04245 -13.73403
vt 0.02118 -13.93034
vt 0.04245 -15.10743
vt 0.02118 -15.00945
vt 0.02118 -16.08856
vt 0.00000 -15.10755
vt 0.00000 -16.48096
vt 0.00000 -10.98731
vt 0.00000 -12.36072
vt 0.00000 -13.73413
vt 0.02118 -17.16767
vt 0.00000 -17.85437
vt 0.02118 -18.24678
vt 0.00000 -19.22779
vt 0.02118 -19.32589
vt 0.02118 -20.40500
vt 0.04245 -19.22763
vt 0.04245 -20.60104
vt 0.02118 -21.48411
vt 0.04245 -21.97444
vt 0.02118 -22.56322
vt 0.04245 -23.34786
vt 0.02118 -23.64233
vt 0.04245 -24.72129
vt 0.02118 -24.72136
vt 0.02118 -25.80055
vt 0.00000 -24.72144
vt 0.00000 -26.09485
vt 0.00000 -20.60120
vt 0.00000 -21.97461
vt 0.00000 -23.34803
vt 0.02118 -26.87966
vt 0.00000 -27.46827
vt 0.02118 -27.95877
vt 0.00000 -28.84168
vt 0.02118 -29.03788
vt 0.00000 -30.21509
vt 0.02118 -30.11699
vt 0.02118 -31.19611
vt 0.04245 -30.21498
vt 0.04245 -31.58841
vt 0.02118 -32.27522
vt 0.04245 -32.96183
vt 0.02118 -33.35432
vt 0.04245 -34.33526
vt 0.02118 -34.43343
vt 0.02118 -35.51255
vt 0.00000 -34.33533
vt 0.00000 -35.70875
vt 0.00000 -31.58851
vt 0.00000 -32.96192
vt 0.02118 -36.59166
vt 0.00000 -37.08216
vt 0.02118 -37.67077
vt 0.00000 -38.45557
vt 0.02118 -39.24038
vt 0.00000 -39.82899
vt 0.02118 -40.81000
vt 0.00000 -41.20240
vt 0.02118 -42.37961
vt 0.00000 -42.57581
vt 0.04245 -43.94923
vt 0.00000 -43.94923
vt 0.04245 -42.57580
vt 0.04245 -41.20238
vt 0.04245 -39.82896
vt 0.04245 -38.45553
vt 0.04245 -37.08211
vt 0.04245 -35.70868
vt 0.04245 -28.84156
vt 0.04245 -27.46814
vt 0.04245 -26.09471
vt 0.04245 -17.85423
vt 0.04245 -16.48083
vt 0.04245 -8.24041
vt 0.04245 -6.86701
vt 0.04245 -5.49361
vt -0.35263 0.88243
vt -0.30855 0.00000
vt -0.35263 0.00000
vt -0.26447 0.00000
vt -0.29348 1.00849
vt -0.22039 0.00000
vt -0.23434 1.00849
vt -0.17631 0.00000
vt -0.18471 1.00849
vt -0.13224 0.00000
vt -0.11965 1.00849
vt -0.08816 0.00000
vt -0.05459 1.00849
vt -0.04408 0.00000
vt -0.00000 0.88243
vt -0.00000 1.76486
vt -0.05459 2.01699
vt -0.11965 2.01699
vt -0.11965 3.02548
vt -0.18471 3.02548
vt -0.18471 4.03397
vt -0.23434 4.03397
vt -0.23434 5.04247
vt -0.29348 5.04247
vt -0.29348 6.05096
vt -0.35263 5.29459
vt -0.35263 6.17702
vt -0.29348 7.05945
vt -0.35263 7.05945
vt -0.35263 7.94189
vt -0.29348 8.06795
vt -0.35263 8.82432
vt -0.29348 9.07644
vt -0.35263 9.70675
vt -0.29348 10.08494
vt -0.35263 10.58918
vt -0.29348 11.09343
vt -0.35263 11.47161
vt -0.29348 12.10192
vt -0.35263 12.35405
vt -0.29348 13.11042
vt -0.35263 13.23648
vt -0.31024 14.11891
vt -0.35263 14.11891
vt -0.00000 2.64730
vt -0.05459 3.02548
vt -0.11965 4.03397
vt -0.18471 5.04247
vt -0.23434 6.05096
vt -0.00000 3.52973
vt -0.05459 4.03397
vt -0.11965 5.04247
vt -0.18471 6.05096
vt -0.23434 7.05945
vt -0.00000 4.41216
vt -0.05459 5.04247
vt -0.11965 6.05096
vt -0.18471 7.05945
vt -0.23434 8.06795
vt -0.00000 5.29459
vt -0.05459 6.05096
vt -0.11965 7.05945
vt -0.18471 8.06795
vt -0.23434 9.07644
vt -0.00000 6.17702
vt -0.05459 7.05945
vt -0.11965 8.06795
vt -0.18471 9.07644
vt -0.23434 10.08494
vt -0.00000 7.05945
vt -0.00000 7.94189
vt -0.05459 8.06795
vt -0.00000 8.82432
vt -0.05459 9.07644
vt -0.00000 9.70675
vt -0.05459 10.08494
vt -0.00000 10.58918
vt -0.05459 11.09343
vt -0.00000 11.47161
vt -0.05459 12.10192
vt -0.00000 12.35405
vt -0.05459 13.11042
vt -0.00000 13.23648
vt -0.08621 14.11891
vt -0.04241 14.11891
vt -0.00000 14.11891
vt -0.13099 14.11891
vt -0.11965 13.11042
vt -0.11965 12.10192
vt -0.11965 11.09343
vt -0.11965 10.08494
vt -0.11965 9.07644
vt -0.17631 14.11891
vt -0.22166 14.11891
vt -0.18471 13.11042
vt -0.26646 14.11891
vt -0.23434 13.11042
vt -0.35263 4.41216
vt -0.29348 4.03397
vt -0.23434 3.02548
vt -0.18471 2.01699
vt -0.35263 3.52973
vt -0.29348 3.02548
vt -0.23434 2.01699
vt -0.35263 2.64730
vt -0.29348 2.01699
vt -0.35263 1.76486
vt -0.18471 10.08494
vt -0.18471 11.09343
vt -0.18471 12.10192
vt -0.23434 11.09343
vt -0.23434 12.10192
vt -0.37209 7.81751
vt -0.67009 8.37814
vt -0.37175 8.37814
vt -0.66447 7.77970
vt -0.37177 7.28940
vt -0.66447 7.18126
vt -0.37185 6.78166
vt -0.66447 6.58282
vt -0.37164 6.28354
vt -0.66447 5.98439
vt -0.37157 5.78562
vt -0.66447 5.38595
vt -0.37190 5.27779
vt -0.66447 4.78751
vt -0.37167 4.74971
vt -0.66447 4.18904
vt -0.37191 4.18904
vt -0.37145 3.62844
vt -0.66447 3.59063
vt -0.66447 3.14180
vt -0.95749 3.59063
vt -0.95749 3.14180
vt -1.25051 3.59063
vt -1.25051 3.14180
vt -1.54353 3.59063
vt -1.54353 3.14180
vt -2.05804 3.59063
vt -2.05804 3.14180
vt -2.57255 3.59063
vt -2.57255 3.14180
vt -3.21568 3.59063
vt -3.21568 3.14180
vt -3.85882 3.59063
vt -3.85882 3.14180
vt -5.14509 3.59063
vt -0.95749 7.77970
vt -0.96842 8.37814
vt -1.25051 7.77970
vt -1.26675 8.37814
vt -1.54353 7.77970
vt -1.56509 8.37814
vt -2.05804 7.77970
vt -2.16175 8.37814
vt -2.57255 7.77970
vt -2.75842 8.37814
vt -3.21568 7.77970
vt -3.35509 8.37814
vt -3.85882 7.77970
vt -3.95176 8.37814
vt -5.14509 8.37814
vt -3.85882 0.44883
vt -3.95176 0.00000
vt -5.14509 0.44883
vt -3.35509 0.00000
vt -3.21568 0.44883
vt -2.75842 0.00000
vt -2.57255 0.44883
vt -2.16175 0.00000
vt -2.05804 0.44883
vt -1.56509 0.00000
vt -1.54353 0.44883
vt -1.26675 0.00000
vt -1.25051 0.44883
vt -0.96842 0.00000
vt -0.95749 0.44883
vt -0.67009 0.00000
vt -0.66447 0.44883
vt -0.37175 0.00000
vt -0.37203 0.56067
vt -0.66447 0.89766
vt -0.37163 1.08880
vt -0.66447 1.34649
vt -0.37184 1.59647
vt -0.66447 1.79532
vt -0.37186 2.09456
vt -0.66447 2.24414
vt -0.37178 2.59257
vt -0.66447 2.69297
vt -0.37182 3.10045
vt -3.85882 7.18126
vt -5.14509 7.77970
vt -3.85882 6.58282
vt -5.14509 7.18126
vt -3.85882 5.98439
vt -5.14509 6.58282
vt -3.85882 5.38595
vt -5.14509 5.98439
vt -3.85882 4.78751
vt -5.14509 5.38595
vt -3.85882 4.18906
vt -5.14509 4.78751
vt -3.85882 2.69297
vt -5.14509 3.14180
vt -3.85882 2.24414
vt -5.14509 2.69297
vt -3.85882 1.79532
vt -5.14509 2.24414
vt -3.85882 1.34649
vt -5.14509 1.79532
vt -3.85882 0.89766
vt -5.14509 1.34649
vt -5.14509 0.89766
vt -3.21568 4.18906
vt -3.21568 4.78751
vt -2.57255 4.78751
vt -3.21568 5.38595
vt -2.57255 5.38595
vt -3.21568 5.98439
vt -2.57255 5.98439
vt -3.21568 6.58282
vt -2.57255 6.58282
vt -3.21568 7.18126
vt -2.57255 7.18126
vt -2.05804 7.18126
vt -2.05804 6.58282
vt -2.05804 5.98439
vt -2.05804 5.38595
vt -2.05804 4.78751
vt -2.57255 4.18905
vt -1.54353 7.18126
vt -1.54353 6.58282
vt -1.54353 5.98439
vt -1.54353 5.38595
vt -1.54353 4.78751
vt -2.05804 4.18905
vt -1.25051 7.18126
vt -1.25051 6.58282
vt -1.25051 5.98439
vt -1.25051 5.38595
vt -1.25051 4.78751
vt -1.54353 4.18904
vt -0.95749 7.18126
vt -0.95749 6.58282
vt -0.95749 5.98439
vt -0.95749 5.38595
vt -0.95749 4.78751
vt -1.25051 4.18904
vt -0.95749 0.89766
vt -0.95749 1.34649
vt -0.95749 1.79532
vt -0.95749 2.24414
vt -0.95749 2.69297
vt -1.25051 0.89766
vt -1.25051 1.34649
vt -1.25051 1.79532
vt -1.25051 2.24414
vt -1.25051 2.69297
vt -1.54353 0.89766
vt -1.54353 1.34649
vt -1.54353 1.79532
vt -1.54353 2.24414
vt -1.54353 2.69297
vt -2.05804 0.89766
vt -2.05804 1.34649
vt -2.05804 1.79532
vt -2.05804 2.24414
vt -2.05804 2.69297
vt -2.57255 0.89766
vt -2.57255 1.34649
vt -2.57255 1.79532
vt -2.57255 2.24414
vt -2.57255 2.69297
vt -3.21568 0.89766
vt -3.21568 1.34649
vt -3.21568 1.79532
vt -3.21568 2.24414
vt -3.21568 2.69297
vt -0.95749 4.18904
vt -0.26188 1.34254
vt -0.26196 0.00000
vt -0.17150 1.05632
vt -0.17150 2.11263
vt -0.08103 1.05632
vt -0.08103 2.11263
vt 0.00943 1.05632
vt 0.00943 2.11263
vt 0.09990 1.05632
vt 0.09990 2.11263
vt 0.16145 1.05632
vt 0.16145 2.11263
vt 0.22300 1.05632
vt 0.22300 2.11263
vt 0.28455 1.05632
vt 0.28455 2.11263
vt 0.34610 1.05632
vt 0.34610 2.11263
vt 0.42017 1.05632
vt 0.42017 2.11263
vt 0.49424 1.05632
vt 0.49424 2.11263
vt 0.54878 1.05632
vt 0.54878 2.11263
vt 0.61622 1.05632
vt 0.61622 2.11263
vt 0.68367 1.05632
vt 0.68367 2.11263
vt 0.75111 1.05632
vt 0.75111 2.11263
vt 0.81855 1.05632
vt 0.81855 2.11263
vt 0.88635 1.05632
vt 0.88635 2.11263
vt 0.95415 1.34259
vt 0.95414 2.63885
vt 0.95412 0.00000
vt 0.88635 3.16895
vt 0.95415 3.89699
vt 0.88635 4.22526
vt 0.95415 5.12454
vt 0.88635 5.28158
vt 0.95415 6.32833
vt 0.88635 6.32832
vt 0.88635 7.39421
vt 0.81855 7.39421
vt 0.81855 8.45052
vt 0.75111 8.45052
vt 0.75111 9.50684
vt 0.68367 9.50684
vt 0.68367 10.56315
vt 0.61622 10.56315
vt 0.61622 11.61947
vt 0.54878 11.61947
vt 0.54878 12.67578
vt 0.49424 12.67578
vt 0.49424 13.73210
vt 0.42017 13.73210
vt 0.42017 14.78841
vt 0.34610 14.78841
vt 0.34610 15.84473
vt 0.28455 15.84473
vt 0.28455 16.90104
vt 0.22300 16.90104
vt 0.22300 18.30946
vt 0.16145 18.30946
vt 0.16145 19.71785
vt 0.09990 19.71784
vt 0.09990 21.12630
vt 0.00943 21.12630
vt 0.00943 22.53472
vt -0.08103 22.53472
vt -0.08103 23.94314
vt -0.17150 23.94314
vt -0.17150 25.35156
vt -0.26192 24.84233
vt -0.26193 26.04609
vt -0.17150 26.75998
vt -0.26196 27.23247
vt -0.17150 28.16841
vt -0.26196 28.40746
vt -0.17150 29.57683
vt -0.26193 29.57682
vt -0.26180 30.74613
vt -0.17150 30.98524
vt -0.26196 31.92102
vt -0.17150 32.39367
vt -0.26196 33.10742
vt -0.17150 33.80209
vt -0.26185 34.31124
vt -0.17150 35.21051
vt -0.26173 35.53883
vt -0.17150 36.61893
vt -0.26190 36.79698
vt -0.17150 38.02735
vt -0.26196 38.09317
vt -0.18596 39.43577
vt -0.26196 39.43576
vt 0.95415 7.51474
vt 0.88635 8.45052
vt 0.81855 9.50684
vt 0.75111 10.56315
vt 0.68367 11.61947
vt 0.61622 12.67578
vt 0.54878 13.73210
vt 0.49424 14.78841
vt 0.42017 15.84473
vt 0.34610 16.90104
vt 0.28455 18.30946
vt 0.22300 19.71786
vt 0.16145 21.12630
vt 0.09990 22.53472
vt 0.00943 23.94314
vt -0.08103 25.35156
vt 0.95415 8.68971
vt 0.88635 9.50684
vt 0.81855 10.56315
vt 0.75111 11.61947
vt 0.68367 12.67578
vt 0.61622 13.73210
vt 0.54878 14.78841
vt 0.49424 15.84473
vt 0.42017 16.90104
vt 0.34610 18.30946
vt 0.28455 19.71787
vt 0.22300 21.12630
vt 0.16145 22.53472
vt 0.09990 23.94314
vt 0.00943 25.35156
vt -0.08103 26.75998
vt 0.95415 9.85900
vt 0.88635 10.56315
vt 0.81855 11.61947
vt 0.75111 12.67578
vt 0.68367 13.73210
vt 0.61622 14.78841
vt 0.54878 15.84473
vt 0.49424 16.90104
vt 0.42017 18.30946
vt 0.34610 19.71788
vt 0.28455 21.12630
vt 0.22300 22.53472
vt 0.16145 23.94314
vt 0.09990 25.35156
vt 0.00943 26.75998
vt -0.08103 28.16841
vt 0.95414 11.02829
vt 0.88635 11.61947
vt 0.81855 12.67578
vt 0.75111 13.73210
vt 0.68367 14.78841
vt 0.61622 15.84473
vt 0.54878 16.90104
vt 0.49424 18.30946
vt 0.42017 19.71790
vt 0.34610 21.12630
vt 0.28455 22.53472
vt 0.22300 23.94314
vt 0.16145 25.35156
vt 0.09990 26.75998
vt 0.00943 28.16841
vt -0.08103 29.57684
vt 0.95415 12.20326
vt 0.88635 12.67578
vt 0.81855 13.73210
vt 0.75111 14.78841
vt 0.68367 15.84473
vt 0.61622 16.90104
vt 0.54878 18.30946
vt 0.49424 19.71791
vt 0.42017 21.12630
vt 0.34610 22.53472
vt 0.28455 23.94314
vt 0.22300 25.35156
vt 0.16145 26.75998
vt 0.09990 28.16841
vt 0.00943 29.57685
vt -0.08103 30.98524
vt 0.95413 13.38968
vt 0.88635 13.73210
vt 0.81855 14.78841
vt 0.75111 15.84473
vt 0.68367 16.90104
vt 0.61622 18.30946
vt 0.54878 19.71792
vt 0.49424 21.12630
vt 0.42017 22.53472
vt 0.34610 23.94314
vt 0.28455 25.35156
vt 0.22300 26.75998
vt 0.16145 28.16841
vt 0.09990 29.57686
vt 0.00943 30.98524
vt -0.08103 32.39367
vt 0.95414 14.59346
vt 0.88635 14.78841
vt 0.81855 15.84473
vt 0.75111 16.90104
vt 0.68367 18.30946
vt 0.61622 19.71793
vt 0.54878 21.12630
vt 0.49424 22.53472
vt 0.42017 23.94314
vt 0.34610 25.35156
vt 0.28455 26.75998
vt 0.22300 28.16841
vt 0.16145 29.57686
vt 0.09990 30.98524
vt 0.00943 32.39367
vt -0.08103 33.80209
vt 0.95415 15.82102
vt 0.88635 15.84473
vt 0.81855 16.90104
vt 0.75111 18.30946
vt 0.68367 19.71795
vt 0.61622 21.12630
vt 0.54878 22.53472
vt 0.49424 23.94314
vt 0.42017 25.35156
vt 0.34610 26.75998
vt 0.28455 28.16841
vt 0.22300 29.57687
vt 0.16145 30.98524
vt 0.09990 32.39367
vt 0.00943 33.80209
vt -0.08103 35.21051
vt 0.88635 16.90104
vt 0.95415 17.07915
vt 0.88635 18.30946
vt 0.95415 18.37540
vt 0.88635 19.71799
vt 0.95415 19.71800
vt 0.95415 21.06058
vt 0.88635 21.12630
vt 0.95415 22.35682
vt 0.88635 22.53472
vt 0.95415 23.61497
vt 0.88635 23.94314
vt 0.95415 24.84252
vt 0.88635 25.35156
vt 0.95415 26.04627
vt 0.88635 26.75998
vt 0.95415 27.23263
vt 0.88635 28.16841
vt 0.95415 28.40760
vt 0.88635 29.57693
vt 0.95413 29.57693
vt 0.95405 30.74622
vt 0.88635 30.98524
vt 0.95415 31.92111
vt 0.88635 32.39367
vt 0.95415 33.10749
vt 0.88635 33.80209
vt 0.95409 34.31129
vt 0.88635 35.21051
vt 0.95408 35.53885
vt 0.88635 36.61893
vt 0.95415 36.79702
vt 0.88635 38.02735
vt 0.95415 38.09321
vt 0.95412 39.43576
vt 0.87815 39.43577
vt 0.81855 38.02735
vt 0.81855 36.61893
vt 0.81855 35.21051
vt 0.81855 33.80209
vt 0.81855 32.39367
vt 0.81855 30.98524
vt 0.81855 29.57692
vt 0.81855 28.16841
vt 0.81855 26.75998
vt 0.81855 25.35156
vt 0.81855 23.94314
vt 0.81855 22.53472
vt 0.81855 21.12630
vt 0.81855 19.71797
vt 0.81855 18.30946
vt 0.80214 39.43577
vt 0.72613 39.43577
vt 0.75111 38.02735
vt 0.65012 39.43577
vt 0.68367 38.02735
vt 0.57412 39.43577
vt 0.61622 38.02735
vt 0.54878 38.02735
vt 0.61622 36.61893
vt 0.54878 36.61893
vt 0.61622 35.21051
vt 0.54878 35.21051
vt 0.61622 33.80209
vt 0.54878 33.80209
vt 0.61622 32.39367
vt 0.54878 32.39367
vt 0.61622 30.98524
vt 0.54878 30.98524
vt 0.61622 29.57690
vt 0.54878 29.57690
vt 0.61622 28.16841
vt 0.54878 28.16841
vt 0.61622 26.75998
vt 0.54878 26.75998
vt 0.61622 25.35156
vt 0.54878 25.35156
vt 0.61622 23.94314
vt 0.54878 23.94314
vt 0.61622 22.53472
vt 0.49811 39.43577
vt 0.49424 38.02735
vt 0.49424 36.61893
vt 0.49424 35.21051
vt 0.49424 33.80209
vt 0.49424 32.39367
vt 0.49424 30.98524
vt 0.49424 29.57689
vt 0.49424 28.16841
vt 0.49424 26.75998
vt 0.49424 25.35156
vt 0.42210 39.43577
vt 0.42017 38.02735
vt 0.42017 36.61893
vt 0.42017 35.21051
vt 0.42017 33.80209
vt 0.42017 32.39367
vt 0.42017 30.98524
vt 0.42017 29.57689
vt 0.42017 28.16841
vt 0.42017 26.75998
vt 0.34610 39.43577
vt 0.34610 38.02735
vt 0.34610 36.61893
vt 0.34610 35.21051
vt 0.34610 33.80209
vt 0.34610 32.39367
vt 0.34610 30.98524
vt 0.34610 29.57688
vt 0.34610 28.16841
vt 0.28455 38.02735
vt 0.27009 39.43577
vt 0.22300 38.02735
vt 0.19408 39.43577
vt 0.16145 38.02735
vt 0.11807 39.43577
vt 0.09990 38.02735
vt 0.04207 39.43577
vt 0.00943 38.02735
vt -0.03394 39.43577
vt -0.08103 38.02735
vt -0.10995 39.43577
vt -0.26196 23.61476
vt -0.17150 22.53472
vt -0.08103 21.12630
vt 0.00943 19.71782
vt 0.09990 18.30946
vt 0.16145 16.90104
vt 0.22300 15.84473
vt 0.28455 14.78841
vt 0.34610 13.73210
vt 0.42017 12.67578
vt 0.49424 11.61947
vt 0.54878 10.56315
vt 0.61622 9.50684
vt 0.68367 8.45052
vt 0.75111 7.39421
vt 0.81855 6.32832
vt -0.26196 22.35659
vt -0.17150 21.12630
vt -0.08103 19.71780
vt 0.00943 18.30946
vt 0.09990 16.90104
vt 0.16145 15.84473
vt 0.22300 14.78841
vt 0.28455 13.73210
vt 0.34610 12.67578
vt 0.42017 11.61947
vt 0.49424 10.56315
vt 0.54878 9.50684
vt 0.61622 8.45052
vt 0.68367 7.39421
vt 0.75111 6.32831
vt 0.81855 5.28158
vt -0.26196 21.06035
vt -0.17150 19.71778
vt -0.08103 18.30946
vt 0.00943 16.90104
vt 0.09990 15.84473
vt 0.16145 14.78841
vt 0.22300 13.73210
vt 0.28455 12.67578
vt 0.34610 11.61947
vt 0.42017 10.56315
vt 0.49424 9.50684
vt 0.54878 8.45052
vt 0.61622 7.39421
vt 0.68367 6.32831
vt 0.75111 5.28158
vt 0.81855 4.22526
vt -0.26196 19.71777
vt -0.26196 18.37518
vt -0.17150 18.30946
vt -0.26196 17.07893
vt -0.17150 16.90104
vt -0.26196 15.82081
vt -0.17150 15.84473
vt -0.17150 14.78841
vt -0.08103 14.78841
vt -0.08103 13.73210
vt 0.00943 13.73210
vt 0.00943 12.67578
vt 0.09990 12.67578
vt 0.09990 11.61947
vt 0.16145 11.61947
vt 0.16145 10.56315
vt 0.22300 10.56315
vt 0.22300 9.50684
vt 0.28455 9.50684
vt 0.28455 8.45052
vt 0.34610 8.45052
vt 0.34610 7.39421
vt 0.42017 7.39421
vt 0.42017 6.32828
vt 0.49424 6.32829
vt 0.49424 5.28158
vt 0.54878 5.28158
vt 0.54878 4.22526
vt 0.61622 4.22526
vt 0.61622 3.16895
vt 0.68367 3.16895
vt -0.26195 14.59328
vt -0.17150 13.73210
vt -0.08103 12.67578
vt 0.00943 11.61947
vt 0.09990 10.56315
vt 0.16145 9.50684
vt 0.22300 8.45052
vt 0.28455 7.39421
vt 0.34610 6.32828
vt 0.42017 5.28158
vt 0.49424 4.22526
vt 0.54878 3.16895
vt -0.26194 13.38951
vt -0.17150 12.67578
vt -0.08103 11.61947
vt 0.00943 10.56315
vt 0.09990 9.50684
vt 0.16145 8.45052
vt 0.22300 7.39421
vt 0.28455 6.32827
vt 0.34610 5.28158
vt 0.42017 4.22526
vt 0.49424 3.16895
vt -0.26196 12.20310
vt -0.17150 11.61947
vt -0.08103 10.56315
vt 0.00943 9.50684
vt 0.09990 8.45052
vt 0.16145 7.39421
vt 0.22300 6.32827
vt 0.28455 5.28158
vt 0.34610 4.22526
vt 0.42017 3.16895
vt -0.26195 11.02814
vt -0.17150 10.56315
vt -0.08103 9.50684
vt 0.00943 8.45052
vt 0.09990 7.39421
vt 0.16145 6.32826
vt 0.22300 5.28158
vt 0.28455 4.22526
vt 0.34610 3.16895
vt -0.26196 9.85888
vt -0.17150 9.50684
vt -0.08103 8.45052
vt 0.00943 7.39421
vt 0.09990 6.32826
vt 0.16145 5.28158
vt 0.22300 4.22526
vt 0.28455 3.16895
vt -0.26196 8.68961
vt -0.17150 8.45052
vt -0.08103 7.39421
vt 0.00943 6.32825
vt 0.09990 5.28158
vt 0.16145 4.22526
vt 0.22300 3.16895
vt -0.26196 7.51464
vt -0.17150 7.39421
vt -0.08103 6.32825
vt 0.00943 5.28158
vt 0.09990 4.22526
vt 0.16145 3.16895
vt -0.26196 6.32823
vt -0.17150 6.32824
vt -0.08103 5.28158
vt 0.00943 4.22526
vt 0.09990 3.16895
vt -0.17150 5.28158
vt -0.26196 5.12447
vt -0.17150 4.22526
vt -0.26196 3.89694
vt -0.17150 3.16895
vt -0.26193 2.63878
vt 0.81855 3.16895
vt 0.75111 3.16895
vt 0.75111 4.22526
vt 0.00943 3.16895
vt -0.08103 3.16895
vt 0.68367 4.22526
vt 0.61622 5.28158
vt 0.54878 6.32829
vt 0.49424 7.39421
vt 0.42017 8.45052
vt 0.34610 9.50684
vt 0.28455 10.56315
vt 0.22300 11.61947
vt 0.16145 12.67578
vt 0.09990 13.73210
vt 0.00943 14.78841
vt -0.08103 15.84473
vt -0.08103 4.22526
vt 0.68367 5.28158
vt 0.61622 6.32830
vt 0.54878 7.39421
vt 0.49424 8.45052
vt 0.42017 9.50684
vt 0.34610 10.56315
vt 0.28455 11.61947
vt 0.22300 12.67578
vt 0.16145 13.73210
vt 0.09990 14.78841
vt 0.00943 15.84473
vt -0.08103 16.90104
vt 0.75111 19.71796
vt 0.68367 21.12630
vt 0.75111 21.12630
vt 0.75111 22.53472
vt 0.75111 23.94314
vt 0.75111 25.35156
vt 0.75111 26.75998
vt 0.75111 28.16841
vt 0.75111 29.57692
vt 0.75111 30.98524
vt 0.75111 32.39367
vt 0.75111 33.80209
vt 0.75111 35.21051
vt 0.75111 36.61893
vt 0.68367 22.53472
vt 0.68367 23.94314
vt 0.68367 25.35156
vt 0.68367 26.75998
vt 0.68367 28.16841
vt 0.68367 29.57691
vt 0.68367 30.98524
vt 0.68367 32.39367
vt 0.68367 33.80209
vt 0.68367 35.21051
vt 0.68367 36.61893
vt 0.28455 29.57687
vt 0.28455 30.98524
vt 0.28455 32.39367
vt 0.28455 33.80209
vt 0.28455 35.21051
vt 0.28455 36.61893
vt 0.22300 30.98524
vt 0.16145 32.39367
vt 0.09990 33.80209
vt 0.00943 35.21051
vt -0.08103 36.61893
vt 0.22300 32.39367
vt 0.22300 33.80209
vt 0.22300 35.21051
vt 0.22300 36.61893
vt 0.16145 33.80209
vt 0.09990 35.21051
vt 0.00943 36.61893
vt 0.16145 35.21051
vt 0.16145 36.61893
vt 0.09990 36.61893
# 4755 texture vertices

vn 0.08040 -0.62422 -0.77710
vn 0.00001 -0.47183 -0.88169
vn 0.08648 -0.47184 -0.87743
vn -0.00001 -0.64171 -0.76695
vn 0.06688 -0.76016 -0.64629
vn 0.00001 -0.78951 -0.61374
vn 0.00000 -0.90296 -0.42974
vn 0.05075 -0.87010 -0.49026
vn -0.00023 -0.97379 -0.22743
vn 0.03278 -0.94812 -0.31623
vn 0.00007 -0.99978 -0.02087
vn 0.01395 -0.99087 -0.13407
vn -0.00479 -0.99892 0.04628
vn 0.02810 -0.99088 -0.13177
vn -0.00970 -0.99892 0.04548
vn 0.04245 -0.99089 -0.12782
vn -0.01465 -0.99892 0.04412
vn 0.05660 -0.99091 -0.12208
vn -0.01956 -0.99892 0.04220
vn 0.07036 -0.99089 -0.11480
vn -0.02430 -0.99892 0.03966
vn 0.08327 -0.99090 -0.10571
vn -0.02877 -0.99892 0.03653
vn 0.09525 -0.99089 -0.09525
vn -0.03285 -0.99892 0.03285
vn 0.10586 -0.99088 -0.08339
vn -0.03653 -0.99892 0.02877
vn 0.11489 -0.99088 -0.07041
vn -0.03962 -0.99892 0.02428
vn 0.12204 -0.99091 -0.05658
vn -0.04220 -0.99892 0.01956
vn 0.12782 -0.99089 -0.04245
vn -0.04412 -0.99892 0.01465
vn 0.13162 -0.99090 -0.02809
vn -0.04543 -0.99892 0.00969
vn 0.13397 -0.99089 -0.01387
vn -0.04626 -0.99892 0.00479
vn 0.13456 -0.99091 0.00000
vn -0.04650 -0.99892 -0.00000
vn 0.13397 -0.99089 0.01387
vn -0.04626 -0.99892 -0.00479
vn 0.13171 -0.99089 0.02793
vn -0.04546 -0.99892 -0.00969
vn 0.12882 -0.99091 0.03884
vn -0.04450 -0.99892 -0.01340
vn 0.12459 -0.99098 0.04938
vn -0.04321 -0.99892 -0.01711
vn 0.12031 -0.99092 0.06004
vn -0.04161 -0.99892 -0.02076
vn 0.11487 -0.99088 0.07039
vn -0.03964 -0.99892 -0.02429
vn 0.10798 -0.99093 0.08003
vn -0.03737 -0.99892 -0.02769
vn 0.10070 -0.99089 0.08944
vn -0.03477 -0.99892 -0.03090
vn 0.09225 -0.99091 0.09787
vn -0.03187 -0.99892 -0.03382
vn 0.08317 -0.99093 0.10558
vn -0.02878 -0.99892 -0.03653
vn 0.07360 -0.99091 0.11258
vn -0.02544 -0.99892 -0.03893
vn 0.06360 -0.99086 0.11900
vn -0.02193 -0.99892 -0.04103
vn 0.05316 -0.99087 0.12386
vn -0.01833 -0.99892 -0.04271
vn 0.04229 -0.99098 0.12720
vn -0.01465 -0.99892 -0.04413
vn 0.03168 -0.99089 0.13090
vn -0.01093 -0.99892 -0.04519
vn 0.02093 -0.99096 0.13251
vn -0.00723 -0.99892 -0.04593
vn 0.01073 -0.99084 0.13459
vn -0.00357 -0.99892 -0.04636
vn 0.00016 -0.99979 0.02069
vn 0.00000 -0.98342 -0.18136
vn -0.01474 -0.98144 -0.19119
vn 0.00000 -0.92359 -0.38337
vn -0.02985 -0.92148 -0.38728
vn 0.00001 -0.81994 -0.57245
vn -0.04399 -0.81994 -0.57076
vn -0.05461 -0.70739 -0.70471
vn -0.10995 -0.70751 -0.69810
vn -0.12754 -0.57584 -0.80755
vn -0.19265 -0.57581 -0.79456
vn -0.21258 -0.43139 -0.87676
vn -0.28464 -0.43137 -0.85610
vn -0.30266 -0.27823 -0.91158
vn -0.37883 -0.27822 -0.88266
vn -0.39421 -0.03080 -0.91851
vn -0.47117 -0.03078 -0.88150
vn -0.45928 0.22485 -0.85936
vn -0.53321 0.22476 -0.81558
vn -0.48482 0.46370 -0.74157
vn -0.54824 0.46368 -0.69601
vn -0.41487 0.66509 -0.62091
vn -0.47375 0.66509 -0.57724
vn -0.60770 0.46368 -0.64475
vn -0.52803 0.66511 -0.52803
vn -0.66244 0.46369 -0.58836
vn -0.57725 0.66507 -0.47377
vn -0.71184 0.46371 -0.52750
vn -0.62093 0.66508 -0.41488
vn -0.75542 0.46371 -0.46294
vn -0.65859 0.66507 -0.35205
vn -0.79280 0.46370 -0.39553
vn -0.68993 0.66509 -0.28574
vn -0.82379 0.46369 -0.32613
vn -0.71462 0.66507 -0.21680
vn -0.84836 0.46365 -0.25556
vn -0.86653 0.46367 -0.18476
vn -0.93300 0.22464 -0.28115
vn -0.95299 0.22476 -0.20320
vn -0.95703 -0.03076 -0.28835
vn -0.97756 -0.03078 -0.20841
vn -0.91968 -0.27823 -0.27709
vn -0.93940 -0.27823 -0.20030
vn -0.86370 -0.43138 -0.26064
vn -0.88228 -0.43150 -0.18813
vn -0.78273 -0.57580 -0.23620
vn -0.79959 -0.57583 -0.17051
vn -0.67661 -0.70755 -0.20390
vn -0.69106 -0.70762 -0.14733
vn -0.54809 -0.81996 -0.16514
vn -0.55986 -0.81994 -0.11937
vn -0.37198 -0.92145 -0.11208
vn -0.37988 -0.92148 -0.08100
vn -0.18359 -0.98145 -0.05531
vn -0.18753 -0.98144 -0.03999
vn -0.00000 -0.98342 0.18136
vn -0.01973 -0.98145 0.19072
vn -0.04016 -0.98145 0.18748
vn -0.06056 -0.98145 0.18190
vn -0.08074 -0.98145 0.17391
vn -0.10026 -0.98144 0.16344
vn -0.11867 -0.98145 0.15059
vn -0.13558 -0.98145 0.13558
vn -0.15059 -0.98145 0.11867
vn -0.16344 -0.98145 0.10026
vn -0.17391 -0.98144 0.08075
vn -0.18191 -0.98145 0.06056
vn -0.18748 -0.98145 0.04016
vn -0.19069 -0.98145 0.01994
vn -0.19173 -0.98145 -0.00000
vn -0.19069 -0.98145 -0.01994
vn -0.00000 -0.92359 0.38337
vn -0.03998 -0.92145 0.38643
vn -0.08100 -0.92148 0.37989
vn -0.12240 -0.92148 0.36864
vn -0.16335 -0.92147 0.35244
vn -0.20295 -0.92149 0.33117
vn -0.24036 -0.92147 0.30515
vn -0.27468 -0.92147 0.27468
vn -0.30515 -0.92147 0.24037
vn -0.33121 -0.92147 0.20297
vn -0.35248 -0.92145 0.16337
vn -0.36869 -0.92146 0.12241
vn -0.37994 -0.92146 0.08102
vn -0.38636 -0.92148 0.03997
vn -0.38840 -0.92149 -0.00000
vn -0.38641 -0.92146 -0.03998
vn -0.00006 -0.81993 0.57247
vn -0.05891 -0.81998 0.56936
vn -0.11937 -0.81996 0.55984
vn -0.18038 -0.81994 0.54329
vn -0.24072 -0.81995 0.51936
vn -0.29909 -0.81998 0.48804
vn -0.35421 -0.81996 0.44968
vn -0.40477 -0.81995 0.40477
vn -0.44968 -0.81995 0.35421
vn -0.48804 -0.81997 0.29909
vn -0.51932 -0.81998 0.24071
vn -0.54329 -0.81994 0.18038
vn -0.55985 -0.81995 0.11937
vn -0.56942 -0.81993 0.05891
vn -0.57245 -0.81994 -0.00000
vn -0.56938 -0.81996 -0.05891
vn -0.07274 -0.70760 0.70286
vn -0.00001 -0.67817 0.73490
vn -0.08424 -0.57580 0.81324
vn -0.00001 -0.50913 0.86069
vn -0.09294 -0.43147 0.89733
vn 0.00001 -0.32498 0.94572
vn -0.09883 -0.27826 0.95541
vn 0.00001 -0.12223 0.99250
vn -0.10296 -0.03068 0.99421
vn 0.00000 0.09225 0.99574
vn -0.10028 0.22475 0.96924
vn -0.00003 0.30408 0.95265
vn -0.09120 0.46370 0.88129
vn -0.00008 0.49881 0.86671
vn -0.07315 0.66508 0.74318
vn -0.00013 0.66510 0.74675
vn -0.14554 0.66505 0.73247
vn -0.18476 0.46368 0.86653
vn -0.20320 0.22476 0.95299
vn -0.30710 0.22466 0.92478
vn -0.31495 -0.03079 0.94861
vn -0.42033 -0.03074 0.90685
vn -0.40391 -0.27825 0.87146
vn -0.50188 -0.27825 0.81896
vn -0.47155 -0.43130 0.76917
vn -0.55850 -0.43102 0.70873
vn -0.50623 -0.57536 0.64241
vn -0.57806 -0.57593 0.57806
vn -0.49963 -0.70763 0.49963
vn -0.55506 -0.70763 0.43722
vn -0.21683 0.66488 0.71479
vn -0.27918 0.46368 0.84087
vn -0.40979 0.22469 0.88407
vn -0.52228 -0.03074 0.85222
vn -0.59435 -0.27824 0.75454
vn -0.63805 -0.43102 0.63805
vn -0.64241 -0.57536 0.50623
vn -0.60257 -0.70746 0.36932
vn -0.28592 0.66498 0.68997
vn -0.37258 0.46369 0.80385
vn -0.50916 0.22472 0.83081
vn -0.61849 -0.03072 0.78519
vn -0.67919 -0.27824 0.67918
vn -0.70873 -0.43102 0.55850
vn -0.69711 -0.57573 0.42729
vn -0.64115 -0.70753 0.29721
vn -0.35208 0.66507 0.65858
vn -0.46295 0.46370 0.75542
vn -0.60298 0.22465 0.76548
vn -0.70678 -0.03069 0.70677
vn -0.75454 -0.27824 0.59435
vn -0.76916 -0.43105 0.47179
vn -0.74178 -0.57575 0.34390
vn -0.67067 -0.70753 0.22273
vn -0.41478 0.66509 0.62098
vn -0.54824 0.46369 0.69601
vn -0.68902 0.22474 0.68902
vn -0.78519 -0.03066 0.61850
vn -0.81896 -0.27826 0.50188
vn -0.81848 -0.43161 0.37922
vn -0.77593 -0.57575 0.25776
vn -0.69106 -0.70762 0.14735
vn -0.47385 0.66494 0.57734
vn -0.62650 0.46369 0.62649
vn -0.76547 0.22470 0.60296
vn -0.85223 -0.03079 0.52226
vn -0.87145 -0.27824 0.40392
vn -0.85615 -0.43145 0.28435
vn -0.79962 -0.57576 0.17062
vn -0.70289 -0.70756 0.07276
vn -0.52810 0.66508 0.52800
vn -0.57726 0.66510 0.47372
vn -0.69601 0.46370 0.54823
vn -0.62092 0.66509 0.41487
vn -0.75543 0.46369 0.46294
vn -0.65858 0.66507 0.35208
vn -0.80386 0.46367 0.37259
vn -0.68994 0.66509 0.28573
vn -0.84086 0.46370 0.27918
vn -0.71460 0.66510 0.21677
vn -0.86652 0.46368 0.18476
vn -0.73240 0.66511 0.14564
vn -0.88129 0.46369 0.09121
vn -0.74317 0.66509 0.07320
vn -0.88600 0.46369 0.00000
vn -0.74675 0.66510 -0.00004
vn -0.74316 0.66510 -0.07319
vn -0.88129 0.46369 -0.09121
vn -0.73242 0.66509 -0.14565
vn -0.35205 0.66510 -0.65856
vn -0.41766 0.46366 -0.78140
vn -0.38433 0.22464 -0.89545
vn -0.31496 -0.03076 -0.94861
vn -0.22588 -0.27823 -0.93358
vn -0.14039 -0.43148 -0.89113
vn -0.06308 -0.57584 -0.81512
vn 0.00001 -0.67817 -0.73490
vn -0.34944 0.46371 -0.81416
vn -0.28571 0.66510 -0.68994
vn -0.27919 0.46369 -0.84086
vn -0.21674 0.66508 -0.71463
vn -0.20836 0.46369 -0.86115
vn -0.14573 0.66509 -0.73240
vn -0.13775 0.46371 -0.87521
vn -0.07319 0.66499 -0.74326
vn -0.06809 0.46367 -0.88339
vn 0.00008 0.49881 -0.86671
vn 0.00003 0.30408 -0.95265
vn 0.00013 0.66510 -0.74676
vn -0.07505 0.22466 -0.97154
vn 0.00005 0.09225 -0.99574
vn -0.07689 -0.03071 -0.99657
vn -0.00001 -0.12223 -0.99250
vn -0.07382 -0.27825 -0.95767
vn -0.00001 -0.32498 -0.94572
vn -0.06953 -0.43148 -0.89944
vn 0.00001 -0.50913 -0.86069
vn 0.00023 -0.97379 0.22743
vn -0.00000 -0.90295 0.42974
vn 0.02448 -0.94810 0.31703
vn -0.00001 -0.78951 0.61374
vn 0.03788 -0.87007 0.49146
vn 0.00001 -0.64171 0.76695
vn 0.04996 -0.76013 0.64785
vn 0.00000 -0.47186 0.88167
vn 0.06005 -0.62421 0.77895
vn 0.08645 -0.47183 0.87744
vn 0.12146 -0.62422 0.77175
vn 0.17195 -0.47183 0.86476
vn 0.18374 -0.62419 0.75936
vn 0.25599 -0.47184 0.84370
vn 0.24618 -0.62422 0.74145
vn 0.33735 -0.47180 0.81462
vn 0.30813 -0.62419 0.71794
vn 0.41566 -0.47182 0.77757
vn 0.36830 -0.62412 0.68907
vn 0.42751 -0.62420 0.65392
vn 0.35552 -0.76018 0.54381
vn 0.40203 -0.76018 0.51038
vn 0.30497 -0.87011 0.38717
vn 0.33804 -0.87011 0.35866
vn 0.21806 -0.94812 0.23136
vn 0.23771 -0.94811 0.21113
vn 0.48984 -0.47184 0.73309
vn 0.48343 -0.62422 0.61372
vn 0.44567 -0.76013 0.47285
vn 0.36853 -0.87009 0.32732
vn 0.25548 -0.94810 0.18932
vn 0.55934 -0.47183 0.68155
vn 0.53587 -0.62419 0.56854
vn 0.48580 -0.76015 0.43147
vn 0.39595 -0.87013 0.29342
vn 0.27106 -0.94812 0.16612
vn 0.62348 -0.47180 0.62344
vn 0.58412 -0.62422 0.51880
vn 0.52201 -0.76018 0.38682
vn 0.42024 -0.87010 0.25754
vn 0.28458 -0.94808 0.14198
vn 0.68156 -0.47183 0.55933
vn 0.62771 -0.62418 0.46516
vn 0.55394 -0.76020 0.33948
vn 0.44102 -0.87011 0.22003
vn 0.29565 -0.94810 0.11705
vn 0.73310 -0.47182 0.48984
vn 0.66613 -0.62420 0.40822
vn 0.58139 -0.76016 0.29006
vn 0.45829 -0.87009 0.18143
vn 0.30431 -0.94815 0.09170
vn 0.77753 -0.47185 0.41569
vn 0.69910 -0.62419 0.34878
vn 0.60407 -0.76020 0.23916
vn 0.47188 -0.87012 0.14219
vn 0.31098 -0.94810 0.06628
vn 0.81458 -0.47187 0.33736
vn 0.72640 -0.62422 0.28756
vn 0.62212 -0.76015 0.18745
vn 0.48209 -0.87007 0.10280
vn 0.31623 -0.94812 0.03272
vn 0.84372 -0.47182 0.25598
vn 0.74805 -0.62421 0.22537
vn 0.63549 -0.76013 0.13548
vn 0.49032 -0.87006 0.05072
vn 0.31790 -0.94812 0.00000
vn 0.76409 -0.62420 0.16292
vn 0.86477 -0.47182 0.17193
vn 0.77710 -0.62422 0.08040
vn 0.87746 -0.47181 0.08641
vn 0.78119 -0.62429 -0.00000
vn 0.88170 -0.47181 0.00001
vn 0.87745 -0.47182 -0.08646
vn 0.77713 -0.62419 -0.08038
vn 0.86476 -0.47182 -0.17197
vn 0.76408 -0.62420 -0.16292
vn 0.84374 -0.47180 -0.25596
vn 0.74145 -0.62422 -0.24617
vn 0.81459 -0.47182 -0.33738
vn 0.70883 -0.62420 -0.32853
vn 0.77755 -0.47183 -0.41568
vn 0.66611 -0.62422 -0.40821
vn 0.73310 -0.47182 -0.48985
vn 0.61373 -0.62421 -0.48342
vn 0.68158 -0.47183 -0.55930
vn 0.55235 -0.62436 -0.55234
vn 0.62346 -0.47183 -0.62344
vn 0.55929 -0.47197 -0.68150
vn 0.48342 -0.62421 -0.61373
vn 0.48973 -0.47184 -0.73316
vn 0.40823 -0.62420 -0.66613
vn 0.41567 -0.47180 -0.77757
vn 0.32855 -0.62420 -0.70883
vn 0.33750 -0.47189 -0.81450
vn 0.24619 -0.62419 -0.74147
vn 0.25588 -0.47192 -0.84369
vn 0.16292 -0.62420 -0.76409
vn 0.17193 -0.47182 -0.86477
vn -0.20846 -0.03074 0.97755
vn -0.20030 -0.27821 0.93940
vn -0.18816 -0.43147 0.88229
vn -0.17061 -0.57577 0.79962
vn -0.14737 -0.70760 0.69107
vn 0.06632 -0.94807 -0.31106
vn 0.10018 -0.94813 -0.30168
vn 0.13369 -0.94812 -0.28842
vn 0.16615 -0.94809 -0.27113
vn 0.19675 -0.94810 -0.24978
vn 0.22479 -0.94812 -0.22479
vn 0.24978 -0.94810 -0.19675
vn 0.27117 -0.94808 -0.16618
vn 0.28842 -0.94812 -0.13369
vn 0.30177 -0.94810 -0.10020
vn 0.31093 -0.94812 -0.06631
vn 0.31618 -0.94813 -0.03273
vn 0.10279 -0.87008 -0.48207
vn 0.15532 -0.87007 -0.46781
vn 0.20728 -0.87008 -0.44721
vn 0.25753 -0.87010 -0.42023
vn 0.30496 -0.87012 -0.38716
vn 0.34852 -0.87010 -0.34852
vn 0.38720 -0.87009 -0.30499
vn 0.42024 -0.87010 -0.25754
vn 0.44721 -0.87008 -0.20728
vn 0.46781 -0.87007 -0.15532
vn 0.48207 -0.87008 -0.10279
vn 0.49028 -0.87009 -0.05072
vn 0.49289 -0.87009 0.00000
vn 0.13550 -0.76015 -0.63546
vn 0.20474 -0.76016 -0.61663
vn 0.27324 -0.76016 -0.58949
vn 0.33949 -0.76018 -0.55396
vn 0.40206 -0.76013 -0.51043
vn 0.45945 -0.76014 -0.45945
vn 0.51044 -0.76013 -0.40206
vn 0.55403 -0.76012 -0.33952
vn 0.58946 -0.76019 -0.27322
vn 0.61659 -0.76019 -0.20474
vn 0.63546 -0.76015 -0.13550
vn 0.64631 -0.76014 -0.06686
vn 0.64977 -0.76013 -0.00000
vn 0.64628 -0.76017 0.06687
vn -0.30266 -0.27826 0.91157
vn -0.28435 -0.43144 0.85616
vn -0.25768 -0.57578 0.77593
vn -0.22263 -0.70765 0.67057
vn -0.37992 -0.43106 0.81844
vn -0.34397 -0.57570 0.74179
vn -0.29715 -0.70761 0.64109
vn -0.42764 -0.57537 0.69718
vn -0.36920 -0.70764 0.60245
vn -0.43722 -0.70763 0.55507
vn -0.83082 0.22462 0.50920
vn -0.90684 -0.03070 0.42035
vn -0.91157 -0.27827 0.30266
vn -0.88228 -0.43153 0.18802
vn -0.81326 -0.57576 0.08430
vn -0.70670 -0.70751 -0.00000
vn -0.88408 0.22450 0.40988
vn -0.94861 -0.03078 0.31495
vn -0.93940 -0.27822 0.20030
vn -0.89732 -0.43151 0.09279
vn -0.81777 -0.57554 -0.00000
vn -0.70287 -0.70759 -0.07274
vn -0.92477 0.22479 0.30702
vn -0.97754 -0.03069 0.20848
vn -0.95541 -0.27823 0.09884
vn -0.90227 -0.43117 -0.00000
vn -0.81326 -0.57577 -0.08430
vn -0.95299 0.22476 0.20320
vn -0.99422 -0.03075 0.10287
vn -0.96051 -0.27825 -0.00000
vn -0.89732 -0.43151 -0.09278
vn -0.96926 0.22466 0.10034
vn -0.99953 -0.03079 0.00000
vn -0.95542 -0.27823 -0.09884
vn -0.97443 0.22468 0.00000
vn -0.99422 -0.03065 -0.10292
vn -0.96925 0.22474 -0.10028
vn -0.17825 -0.98145 -0.07065
vn -0.17153 -0.98145 -0.08565
vn -0.16347 -0.98144 -0.10023
vn -0.15402 -0.98145 -0.11417
vn -0.14335 -0.98145 -0.12733
vn -0.13151 -0.98145 -0.13952
vn -0.11866 -0.98145 -0.15060
vn -0.10491 -0.98145 -0.16047
vn -0.09051 -0.98145 -0.16903
vn -0.07565 -0.98145 -0.17618
vn -0.06051 -0.98144 -0.18196
vn -0.04518 -0.98145 -0.18631
vn -0.02992 -0.98145 -0.18936
vn -0.36118 -0.92147 -0.14299
vn -0.34763 -0.92145 -0.17343
vn -0.33126 -0.92144 -0.20300
vn -0.31210 -0.92147 -0.23127
vn -0.29039 -0.92148 -0.25795
vn -0.26641 -0.92149 -0.28265
vn -0.24043 -0.92145 -0.30516
vn -0.21256 -0.92147 -0.32512
vn -0.18312 -0.92147 -0.34259
vn -0.15320 -0.92147 -0.35696
vn -0.12242 -0.92144 -0.36872
vn -0.09134 -0.92148 -0.37753
vn -0.06040 -0.92147 -0.38373
vn -0.53224 -0.81995 -0.21071
vn -0.51221 -0.81996 -0.25555
vn -0.48811 -0.81992 -0.29913
vn -0.45993 -0.81994 -0.34082
vn -0.42799 -0.81995 -0.38013
vn -0.39262 -0.81996 -0.41656
vn -0.35422 -0.81994 -0.44970
vn -0.31325 -0.81994 -0.47914
vn -0.26984 -0.81996 -0.50482
vn -0.22576 -0.81996 -0.52603
vn -0.18038 -0.81995 -0.54328
vn -0.13461 -0.81997 -0.55635
vn -0.08900 -0.81995 -0.56548
vn -0.65711 -0.70746 -0.26021
vn -0.63229 -0.70759 -0.31547
vn -0.60256 -0.70748 -0.36931
vn -0.56774 -0.70758 -0.42072
vn -0.52827 -0.70767 -0.46918
vn -0.48467 -0.70757 -0.51423
vn -0.43733 -0.70747 -0.55518
vn -0.38668 -0.70759 -0.59144
vn -0.33308 -0.70763 -0.62315
vn -0.27873 -0.70751 -0.64941
vn -0.22267 -0.70761 -0.67060
vn -0.16612 -0.70769 -0.68672
vn -0.76018 -0.57583 -0.30091
vn -0.73151 -0.57577 -0.36523
vn -0.69704 -0.57574 -0.42738
vn -0.65686 -0.57574 -0.48690
vn -0.61130 -0.57572 -0.54301
vn -0.56082 -0.57573 -0.59499
vn -0.50601 -0.57573 -0.64225
vn -0.44742 -0.57574 -0.68436
vn -0.38537 -0.57583 -0.72105
vn -0.32258 -0.57578 -0.75128
vn -0.25795 -0.57579 -0.77584
vn -0.83872 -0.43135 -0.33240
vn -0.80717 -0.43135 -0.40301
vn -0.76913 -0.43132 -0.47159
vn -0.72479 -0.43133 -0.53725
vn -0.67452 -0.43132 -0.59916
vn -0.61882 -0.43132 -0.65652
vn -0.55834 -0.43133 -0.70867
vn -0.49353 -0.43196 -0.75488
vn -0.42582 -0.43134 -0.79537
vn -0.35594 -0.43136 -0.82900
vn -0.89306 -0.27827 -0.35356
vn -0.85935 -0.27823 -0.42907
vn -0.81885 -0.27822 -0.50207
vn -0.77163 -0.27826 -0.57197
vn -0.71812 -0.27822 -0.63789
vn -0.65882 -0.27825 -0.69896
vn -0.59444 -0.27822 -0.75448
vn -0.52561 -0.27821 -0.80395
vn -0.45278 -0.27822 -0.84710
vn -0.92935 -0.03077 -0.36792
vn -0.89440 -0.03084 -0.44621
vn -0.85222 -0.03074 -0.52227
vn -0.80306 -0.03070 -0.59510
vn -0.74732 -0.03066 -0.66375
vn -0.68555 -0.03081 -0.72737
vn -0.61849 -0.03065 -0.78519
vn -0.54695 -0.03060 -0.83660
vn -0.90600 0.22474 -0.35869
vn -0.87192 0.22479 -0.43500
vn -0.83082 0.22466 -0.50917
vn -0.78289 0.22480 -0.58013
vn -0.72852 0.22491 -0.64705
vn -0.66835 0.22465 -0.70911
vn -0.60297 0.22466 -0.76548
vn 0.19670 -0.94813 0.24972
vn 0.17393 -0.94814 0.26604
vn 0.14986 -0.94813 0.28033
vn 0.12541 -0.94810 0.29220
vn 0.10019 -0.94811 0.30176
vn 0.07477 -0.94811 0.30904
vn 0.04944 -0.94813 0.31400
vn 0.26970 -0.87011 0.41252
vn 0.30629 -0.76018 0.57299
vn 0.23235 -0.87010 0.43468
vn 0.19437 -0.87014 0.45286
vn 0.15532 -0.87008 0.46780
vn 0.11590 -0.87015 0.47896
vn 0.07664 -0.87008 0.48692
vn -0.30705 0.22474 -0.92478
vn -0.23506 -0.03075 -0.97149
vn -0.14934 -0.27824 -0.94883
vn 0.25626 -0.76014 0.59709
vn 0.20474 -0.76016 0.61664
vn 0.15281 -0.76013 0.63154
vn 0.10103 -0.76017 0.64182
vn -0.22914 0.22478 -0.94708
vn -0.15544 -0.03069 -0.98737
vn -0.15154 0.22469 -0.96258
vn -0.82386 0.55176 0.12967
vn -0.92332 0.38403 0.00001
vn -0.83202 0.55474 0.00001
vn -0.90555 0.38407 0.18018
vn -0.79151 0.55177 0.26279
vn -0.85319 0.38394 0.35307
vn -0.73521 0.55176 0.39373
vn -0.76753 0.38400 0.51327
vn -0.65516 0.55176 0.51606
vn -0.65309 0.38400 0.65270
vn -0.55383 0.55176 0.62357
vn -0.51275 0.38396 0.76790
vn -0.43578 0.55176 0.71110
vn -0.35362 0.38399 0.85294
vn -0.30699 0.55177 0.77544
vn -0.17994 0.38389 0.90567
vn -0.17393 0.55175 0.81567
vn 0.00000 0.55169 0.83405
vn 0.00000 0.69055 0.72328
vn 0.15084 0.69054 0.70739
vn 0.12650 0.79498 0.59330
vn 0.25512 0.79496 0.55042
vn 0.20882 0.86800 0.45052
vn 0.30727 0.86800 0.39008
vn 0.20920 0.94112 0.26558
vn 0.26558 0.94112 0.20920
vn 0.17794 0.97401 0.14016
vn 0.20553 0.97400 0.09527
vn 0.12255 0.99084 0.05680
vn 0.13209 0.99084 0.02815
vn 0.07391 0.99714 0.01579
vn 0.12017 0.99275 0.00003
vn 0.06872 0.99764 -0.00000
vn 0.00017 0.38401 0.92333
vn 0.17999 0.38397 0.90563
vn 0.17389 0.55178 0.81566
vn 0.35346 0.38400 0.85300
vn 0.35071 0.55177 0.75667
vn 0.51270 0.38391 0.76795
vn 0.51605 0.55177 0.65516
vn 0.65322 0.38393 0.65261
vn 0.65517 0.55176 0.51606
vn 0.76761 0.38402 0.51313
vn 0.75667 0.55177 0.35070
vn 0.85318 0.38401 0.35303
vn 0.81566 0.55176 0.17393
vn 0.90553 0.38409 0.18024
vn 0.83202 0.55474 -0.00002
vn 0.92332 0.38403 0.00000
vn 0.70743 0.69050 0.15087
vn 0.71895 0.69506 0.00001
vn 0.59335 0.79494 0.12654
vn 0.60028 0.79979 -0.00001
vn 0.48564 0.86801 0.10355
vn 0.48897 0.87230 -0.00000
vn 0.33065 0.94112 0.07050
vn 0.31207 0.95006 -0.00000
vn 0.22153 0.97401 0.04724
vn 0.19561 0.98068 -0.00000
vn -0.00000 1.00000 0.00000
vn -0.07472 0.99714 0.01176
vn -0.06872 0.99764 0.00000
vn -0.12013 0.99276 -0.00001
vn -0.13342 0.99084 0.02099
vn -0.19561 0.98068 0.00000
vn -0.22383 0.97399 0.03527
vn -0.31207 0.95006 0.00000
vn -0.33400 0.94111 0.05257
vn -0.48897 0.87230 0.00000
vn -0.49052 0.86800 0.07721
vn -0.60028 0.79979 0.00001
vn -0.59928 0.79496 0.09432
vn -0.71895 0.69506 -0.00001
vn -0.71453 0.69051 0.11248
vn 0.06861 0.99714 0.03180
vn 0.05943 0.99713 0.04681
vn 0.04678 0.99714 0.05939
vn 0.03180 0.99714 0.06861
vn 0.01577 0.99714 0.07397
vn -0.00000 0.99713 0.07566
vn -0.01578 0.99713 0.07398
vn -0.02785 0.99713 0.07034
vn -0.03950 0.99714 0.06446
vn -0.05022 0.99714 0.05655
vn -0.05941 0.99714 0.04679
vn -0.06668 0.99714 0.03571
vn -0.07177 0.99714 0.02383
vn -0.68644 0.69054 0.22791
vn -0.63763 0.69052 0.34148
vn -0.56819 0.69055 0.44755
vn -0.48031 0.69054 0.54079
vn -0.37793 0.69055 0.61669
vn -0.26623 0.69057 0.67249
vn -0.15083 0.69055 0.70739
vn -0.57572 0.79499 0.19115
vn -0.53484 0.79493 0.28643
vn -0.47659 0.79494 0.37541
vn -0.40291 0.79491 0.45364
vn -0.31700 0.79495 0.51727
vn -0.22332 0.79495 0.56408
vn -0.12649 0.79496 0.59333
vn 0.00000 0.79495 0.60668
vn -0.47127 0.86800 0.15647
vn -0.43778 0.86798 0.23444
vn -0.39010 0.86799 0.30727
vn -0.32977 0.86798 0.37129
vn -0.25947 0.86799 0.42340
vn -0.18279 0.86800 0.46170
vn -0.10355 0.86800 0.48565
vn -0.00000 0.86798 0.49660
vn 0.10355 0.86799 0.48566
vn -0.32088 0.94111 0.10654
vn -0.29807 0.94110 0.15963
vn -0.26559 0.94111 0.20921
vn -0.22452 0.94111 0.25279
vn -0.17667 0.94111 0.28828
vn -0.12445 0.94111 0.31436
vn -0.07050 0.94111 0.33066
vn 0.00000 0.94111 0.33809
vn 0.07051 0.94110 0.33068
vn 0.14218 0.94111 0.30675
vn -0.21498 0.97401 0.07138
vn -0.19967 0.97401 0.10693
vn -0.17793 0.97401 0.14015
vn -0.15041 0.97401 0.16935
vn -0.11839 0.97400 0.19317
vn -0.08339 0.97400 0.21064
vn -0.04722 0.97400 0.22156
vn 0.00000 0.97400 0.22653
vn 0.04726 0.97399 0.22159
vn 0.09529 0.97399 0.20557
vn 0.14022 0.97399 0.17801
vn -0.12823 0.99083 0.04257
vn -0.11908 0.99084 0.06377
vn -0.10610 0.99084 0.08358
vn -0.08970 0.99084 0.10099
vn -0.07059 0.99083 0.11518
vn -0.04972 0.99083 0.12560
vn -0.02817 0.99083 0.13213
vn 0.00000 0.99083 0.13509
vn 0.02817 0.99083 0.13212
vn 0.05680 0.99084 0.12255
vn 0.08360 0.99083 0.10613
vn 0.10613 0.99083 0.08359
vn 0.30417 0.69054 0.65623
vn 0.37539 0.79496 0.47657
vn 0.39008 0.86800 0.30726
vn 0.30675 0.94111 0.14218
vn 0.44758 0.69052 0.56821
vn 0.47657 0.79496 0.37539
vn 0.45052 0.86800 0.20882
vn 0.56819 0.69055 0.44755
vn 0.55042 0.79496 0.25512
vn 0.65624 0.69054 0.30416
vn -0.85667 0.51586 0.00001
vn -0.90553 0.38410 -0.18022
vn -0.80911 0.55790 -0.18464
vn -0.68750 0.70903 -0.15691
vn -0.63534 0.70907 -0.30587
vn -0.51911 0.81736 -0.24991
vn -0.45054 0.81734 -0.35912
vn -0.30331 0.92171 -0.24176
vn -0.24179 0.92174 -0.30320
vn -0.11457 0.98297 -0.14366
vn -0.07970 0.98297 -0.16558
vn 0.00001 1.00000 0.00002
vn -0.00000 1.00000 -0.00001
vn -0.04090 0.98297 -0.17918
vn -0.00000 1.00000 -0.00003
vn -0.00003 0.98292 -0.18405
vn -0.00000 1.00000 0.00006
vn -0.00000 1.00000 -0.00000
vn 0.04089 0.98297 -0.17914
vn -0.00001 1.00000 -0.00000
vn 0.07978 0.98297 -0.16553
vn 0.00000 1.00000 -0.00001
vn 0.11460 0.98297 -0.14368
vn 0.00001 1.00000 -0.00002
vn 0.14369 0.98297 -0.11458
vn 0.00001 1.00000 -0.00000
vn 0.16558 0.98297 -0.07974
vn -0.00000 1.00000 -0.00000
vn 0.17919 0.98297 -0.04086
vn -0.00000 1.00000 0.00001
vn 0.14378 0.98961 -0.00001
vn -0.00001 1.00000 -0.00000
vn -0.85317 0.38400 -0.35304
vn -0.74774 0.55795 -0.35996
vn -0.55144 0.70903 -0.43953
vn -0.35919 0.81739 -0.45041
vn -0.16821 0.92171 -0.34950
vn -0.76764 0.38398 -0.51312
vn -0.64896 0.55791 -0.51728
vn -0.43963 0.70908 -0.55130
vn -0.24987 0.81734 -0.51916
vn -0.08629 0.92174 -0.37808
vn -0.65319 0.38394 -0.65263
vn -0.51740 0.55797 -0.64882
vn -0.30582 0.70903 -0.63542
vn -0.12819 0.81738 -0.56165
vn -0.00009 0.92173 -0.38782
vn -0.51267 0.38388 -0.76799
vn -0.35990 0.55792 -0.74779
vn -0.15691 0.70907 -0.68745
vn -0.00013 0.81734 -0.57616
vn 0.08629 0.92174 -0.37808
vn -0.35346 0.38400 -0.85300
vn -0.18466 0.55795 -0.80907
vn -0.00016 0.70899 -0.70522
vn 0.12819 0.81739 -0.56165
vn 0.16835 0.92173 -0.34938
vn -0.17997 0.38396 -0.90564
vn -0.00014 0.55766 -0.83007
vn 0.15689 0.70911 -0.68742
vn 0.25009 0.81737 -0.51901
vn 0.24183 0.92173 -0.30322
vn -0.00016 0.38402 -0.92332
vn 0.17995 0.38389 -0.90567
vn 0.18465 0.55797 -0.80906
vn 0.35362 0.38396 -0.85295
vn 0.36025 0.55793 -0.74762
vn 0.51276 0.38397 -0.76788
vn 0.51744 0.55797 -0.64879
vn 0.65310 0.38400 -0.65269
vn 0.64877 0.55790 -0.51754
vn 0.76753 0.38400 -0.51327
vn 0.74770 0.55796 -0.36005
vn 0.85319 0.38394 -0.35307
vn 0.80912 0.55791 -0.18453
vn 0.90556 0.38407 -0.18017
vn 0.77678 0.62977 -0.00002
vn 0.85955 0.51105 0.00000
vn 0.67424 0.73852 -0.00000
vn 0.68756 0.70899 -0.15683
vn 0.63532 0.70906 -0.30594
vn 0.55121 0.70908 -0.43973
vn 0.43964 0.70911 -0.55125
vn 0.30607 0.70913 -0.63519
vn 0.55272 0.83337 -0.00004
vn 0.56175 0.81735 -0.12799
vn 0.51906 0.81737 -0.24996
vn 0.45043 0.81733 -0.35928
vn 0.35921 0.81738 -0.45039
vn 0.42174 0.90672 -0.00002
vn 0.37811 0.92174 -0.08622
vn 0.34941 0.92174 -0.16826
vn 0.30320 0.92173 -0.24184
vn 0.28496 0.95854 0.00000
vn 0.00000 1.00000 -0.00001
vn -0.14371 0.98297 -0.11451
vn -0.34941 0.92175 -0.16820
vn -0.56170 0.81735 -0.12819
vn -0.77259 0.63491 -0.00007
vn -0.00001 1.00000 -0.00002
vn -0.16561 0.98296 -0.07972
vn -0.37814 0.92172 -0.08630
vn -0.67108 0.74139 0.00000
vn -0.00001 1.00000 -0.00001
vn -0.17920 0.98296 -0.04090
vn -0.42548 0.90497 0.00001
vn -0.55273 0.83336 0.00002
vn -0.00000 1.00000 -0.00000
vn -0.29105 0.95671 0.00001
vn -0.14932 0.98879 -0.00000
vn 0.00002 1.00000 0.00001
vn 0.82907 0.55315 -0.08167
vn 0.74677 0.66508 0.00000
vn 0.83309 0.55314 0.00000
vn 0.78703 0.61051 -0.08868
vn 0.81710 0.55314 -0.16245
vn 0.77214 0.61053 -0.17621
vn 0.79719 0.55320 -0.24179
vn 0.74755 0.61055 -0.26153
vn 0.76970 0.55312 -0.31877
vn 0.71356 0.61051 -0.34366
vn 0.73468 0.55316 -0.39275
vn 0.68491 0.61054 -0.39768
vn 0.69270 0.55314 -0.46282
vn 0.65233 0.61049 -0.44919
vn 0.64399 0.55316 -0.52848
vn 0.61577 0.61050 -0.49811
vn 0.57556 0.61054 -0.54403
vn 0.57726 0.66509 -0.47373
vn 0.52810 0.66506 -0.52802
vn 0.74316 0.66510 -0.07319
vn 0.73240 0.66511 -0.14563
vn 0.71462 0.66508 -0.21679
vn 0.68995 0.66507 -0.28574
vn 0.65859 0.66505 -0.35208
vn 0.62091 0.66510 -0.41487
vn 0.53197 0.61053 -0.58674
vn 0.47383 0.66495 -0.57735
vn 0.48495 0.61053 -0.62616
vn 0.41477 0.66510 -0.62098
vn 0.43520 0.61052 -0.66171
vn 0.38316 0.61053 -0.69314
vn 0.46273 0.55312 -0.69277
vn 0.39275 0.55315 -0.73469
vn 0.32879 0.61055 -0.72051
vn 0.31892 0.55315 -0.76962
vn 0.27217 0.61052 -0.74377
vn 0.24183 0.55312 -0.79723
vn 0.21386 0.61052 -0.76258
vn 0.16236 0.55314 -0.81712
vn 0.15423 0.61057 -0.77680
vn 0.09400 0.61050 -0.78642
vn 0.14555 0.66505 -0.73248
vn 0.07314 0.66509 -0.74318
vn 0.35206 0.66511 -0.65854
vn 0.28591 0.66500 -0.68995
vn 0.21682 0.66486 -0.71480
vn 0.03344 0.61054 -0.79128
vn -0.02752 0.61053 -0.79152
vn -0.08867 0.61053 -0.78701
vn -0.14913 0.61053 -0.77783
vn -0.20867 0.61051 -0.76403
vn -0.16257 0.55312 -0.81708
vn -0.24189 0.55316 -0.79718
vn -0.26678 0.61053 -0.74571
vn -0.31875 0.55314 -0.76970
vn -0.32339 0.61053 -0.72296
vn -0.39275 0.55315 -0.73470
vn -0.37831 0.61053 -0.69580
vn -0.43072 0.61053 -0.66462
vn -0.48061 0.61054 -0.62948
vn -0.52776 0.61054 -0.59052
vn -0.57166 0.61053 -0.54815
vn -0.61191 0.61102 -0.50222
vn -0.64917 0.61052 -0.45370
vn -0.64397 0.55314 -0.52853
vn -0.69269 0.55314 -0.46284
vn -0.68214 0.61051 -0.40245
vn -0.73469 0.55316 -0.39274
vn -0.71113 0.61053 -0.34864
vn -0.76970 0.55313 -0.31877
vn -0.73592 0.61051 -0.29273
vn -0.79720 0.55316 -0.24184
vn -0.75625 0.61052 -0.23527
vn -0.77215 0.61052 -0.17621
vn -0.78702 0.61052 -0.08868
vn -0.83308 0.55316 0.00000
vn -0.82909 0.55312 -0.08168
vn -0.81708 0.55315 -0.16251
vn -0.58908 0.55312 -0.58910
vn -0.52851 0.55316 -0.64396
vn -0.46283 0.55316 -0.69268
vn -0.08163 0.55312 -0.82909
vn 0.00016 0.55313 -0.83309
vn 0.08161 0.55314 -0.82908
vn 0.52852 0.55315 -0.64397
vn 0.58911 0.55316 -0.58903
vn 0.21863 0.97566 -0.01683
vn 0.16564 0.98619 0.00000
vn 0.16245 0.98619 -0.03232
vn 0.23414 0.97220 -0.00000
vn 0.27844 0.96022 -0.02141
vn 0.31347 0.94960 0.00001
vn 0.34631 0.93774 -0.02668
vn 0.40619 0.91379 0.00001
vn 0.42270 0.90569 -0.03256
vn 0.50951 0.86047 -0.00001
vn 0.50500 0.86224 -0.03896
vn 0.58680 0.80847 -0.04522
vn 0.50033 0.86224 -0.07876
vn 0.58194 0.80802 -0.09191
vn 0.49230 0.86223 -0.11913
vn 0.57228 0.80827 -0.13855
vn 0.48064 0.86227 -0.15959
vn 0.55910 0.80799 -0.18589
vn 0.46555 0.86217 -0.19982
vn 0.54139 0.80798 -0.23250
vn 0.51919 0.80824 -0.27784
vn 0.58522 0.74786 -0.31341
vn 0.55563 0.74785 -0.36331
vn 0.61006 0.68463 -0.39888
vn 0.52146 0.74785 -0.41085
vn 0.57254 0.68463 -0.45109
vn 0.48310 0.74785 -0.45535
vn 0.53041 0.68463 -0.49995
vn 0.44088 0.74785 -0.49633
vn 0.48406 0.68463 -0.54494
vn 0.39533 0.74785 -0.53333
vn 0.43405 0.68463 -0.58556
vn 0.34701 0.74785 -0.56595
vn 0.38087 0.68460 -0.62150
vn 0.29655 0.74786 -0.59394
vn 0.32541 0.68461 -0.65224
vn 0.24459 0.74787 -0.61714
vn 0.26830 0.68462 -0.67772
vn 0.19178 0.74788 -0.63552
vn 0.21027 0.68463 -0.69790
vn 0.13833 0.74782 -0.64933
vn 0.15200 0.68463 -0.71287
vn 0.06814 0.74785 -0.66037
vn 0.07500 0.68463 -0.72502
vn 0.00000 0.68463 -0.72889
vn 0.00000 0.59230 -0.80572
vn -0.08291 0.59233 -0.80142
vn 0.61191 0.79092 0.00001
vn 0.66171 0.74802 -0.05114
vn 0.65568 0.74791 -0.10355
vn 0.64513 0.74789 -0.15641
vn 0.62993 0.74788 -0.20944
vn 0.60998 0.74787 -0.26194
vn 0.64276 0.68464 -0.34370
vn 0.67438 0.59230 -0.44090
vn 0.63294 0.59231 -0.49856
vn 0.58633 0.59230 -0.55263
vn 0.53504 0.59231 -0.60241
vn 0.47970 0.59231 -0.64734
vn 0.42099 0.59232 -0.68697
vn 0.35970 0.59229 -0.72097
vn 0.29658 0.59231 -0.74914
vn 0.23243 0.59232 -0.77145
vn 0.16801 0.59232 -0.78799
vn 0.08291 0.59232 -0.80143
vn 0.70132 0.71285 0.00002
vn 0.72675 0.68462 -0.05602
vn 0.72004 0.68462 -0.11333
vn 0.70844 0.68464 -0.17141
vn 0.69176 0.68463 -0.22968
vn 0.66981 0.68462 -0.28747
vn 0.71055 0.59232 -0.37984
vn 0.77424 0.63289 0.00003
vn 0.80333 0.59231 -0.06192
vn 0.79591 0.59232 -0.12527
vn 0.78312 0.59231 -0.18948
vn 0.76465 0.59233 -0.25388
vn 0.74039 0.59232 -0.31777
vn -0.16802 0.59230 -0.78801
vn -0.25388 0.59232 -0.76466
vn -0.33882 0.59230 -0.73101
vn -0.42100 0.59232 -0.68697
vn -0.49856 0.59229 -0.63295
vn -0.56972 0.59232 -0.56972
vn -0.63293 0.59231 -0.49855
vn -0.68698 0.59230 -0.42100
vn -0.73101 0.59230 -0.33882
vn -0.76467 0.59230 -0.25388
vn -0.78798 0.59233 -0.16802
vn -0.80144 0.59230 -0.08291
vn -0.77424 0.63289 -0.00003
vn -0.72504 0.68462 -0.07501
vn -0.71289 0.68461 -0.15201
vn -0.69176 0.68462 -0.22968
vn -0.66133 0.68461 -0.30652
vn -0.62147 0.68463 -0.38086
vn -0.57259 0.68463 -0.45103
vn -0.51540 0.68462 -0.51541
vn -0.45103 0.68463 -0.57259
vn -0.38086 0.68463 -0.62147
vn -0.30651 0.68464 -0.66130
vn -0.22968 0.68462 -0.69176
vn -0.15201 0.68461 -0.71289
vn -0.07500 0.68463 -0.72502
vn -0.00000 0.74774 -0.66399
vn 0.06063 0.80833 -0.58560
vn 0.12276 0.80837 -0.57573
vn 0.17002 0.80818 -0.56385
vn 0.21709 0.80798 -0.54775
vn 0.26292 0.80826 -0.52687
vn 0.30771 0.80825 -0.50204
vn 0.35069 0.80816 -0.47317
vn 0.39112 0.80816 -0.44034
vn 0.42879 0.80796 -0.40416
vn 0.46256 0.80825 -0.36438
vn 0.49316 0.80796 -0.32248
vn 0.44658 0.86225 -0.23894
vn 0.38952 0.90572 -0.16718
vn 0.40228 0.90572 -0.13357
vn 0.41201 0.90571 -0.09969
vn 0.41877 0.90570 -0.06592
vn -0.70132 0.71285 -0.00002
vn -0.66038 0.74782 -0.06829
vn -0.64932 0.74770 -0.13904
vn -0.63008 0.74781 -0.20924
vn -0.60235 0.74765 -0.27961
vn -0.56605 0.74787 -0.34680
vn -0.52162 0.74763 -0.41105
vn -0.46960 0.74763 -0.46960
vn -0.41105 0.74763 -0.52162
vn -0.34723 0.74764 -0.56610
vn -0.27906 0.74787 -0.60234
vn -0.20972 0.74767 -0.63008
vn -0.13904 0.74770 -0.64932
vn -0.06829 0.74782 -0.66038
vn 0.00000 0.80834 -0.58871
vn 0.05213 0.86226 -0.50378
vn 0.10555 0.86227 -0.49533
vn 0.14614 0.86223 -0.48498
vn 0.18643 0.86227 -0.47089
vn 0.22615 0.86221 -0.45327
vn 0.26467 0.86223 -0.43187
vn 0.30152 0.86227 -0.40690
vn 0.33631 0.86227 -0.37866
vn 0.36858 0.86225 -0.34739
vn 0.39784 0.86227 -0.31338
vn 0.42392 0.86225 -0.27715
vn 0.37375 0.90571 -0.20001
vn 0.31927 0.93770 -0.13703
vn 0.32964 0.93774 -0.10945
vn 0.33766 0.93771 -0.08170
vn 0.34312 0.93774 -0.05401
vn -0.61192 0.79092 -0.00001
vn -0.58552 0.80839 -0.06061
vn -0.57582 0.80830 -0.12285
vn -0.55866 0.80840 -0.18546
vn -0.53415 0.80832 -0.24761
vn -0.50197 0.80832 -0.30765
vn -0.46257 0.80823 -0.36440
vn -0.41642 0.80820 -0.41642
vn -0.36431 0.80832 -0.46249
vn -0.30759 0.80838 -0.50192
vn -0.24755 0.80837 -0.53409
vn -0.18549 0.80837 -0.55868
vn -0.12282 0.80832 -0.57579
vn -0.06060 0.80835 -0.58557
vn 0.00000 0.86228 -0.50644
vn 0.04365 0.90566 -0.42175
vn 0.08835 0.90571 -0.41459
vn 0.12231 0.90568 -0.40593
vn 0.15607 0.90568 -0.39420
vn 0.18920 0.90575 -0.37923
vn 0.22150 0.90570 -0.36144
vn 0.25245 0.90566 -0.34066
vn 0.28151 0.90570 -0.31695
vn 0.30849 0.90570 -0.29076
vn 0.33295 0.90574 -0.26226
vn 0.35478 0.90572 -0.23194
vn 0.30626 0.93773 -0.16392
vn 0.25664 0.96021 -0.11015
vn 0.26508 0.96020 -0.08802
vn 0.27146 0.96021 -0.06568
vn 0.27588 0.96021 -0.04342
vn -0.50951 0.86047 0.00001
vn -0.50373 0.86229 -0.05211
vn -0.49528 0.86229 -0.10560
vn -0.48060 0.86230 -0.15956
vn -0.45957 0.86222 -0.21303
vn -0.43179 0.86228 -0.26462
vn -0.39784 0.86228 -0.31337
vn -0.35810 0.86228 -0.35811
vn -0.31343 0.86223 -0.39790
vn -0.26459 0.86231 -0.43176
vn -0.21300 0.86224 -0.45953
vn -0.15958 0.86228 -0.48064
vn -0.10561 0.86229 -0.49528
vn -0.05211 0.86228 -0.50374
vn 0.00000 0.90571 -0.42391
vn 0.03575 0.93774 -0.34550
vn 0.07239 0.93772 -0.33976
vn 0.10022 0.93773 -0.33261
vn 0.12786 0.93774 -0.32296
vn 0.15507 0.93773 -0.31082
vn 0.18146 0.93776 -0.29610
vn 0.20679 0.93774 -0.27906
vn 0.23065 0.93774 -0.25969
vn 0.25276 0.93774 -0.23823
vn 0.27292 0.93771 -0.21498
vn 0.29079 0.93771 -0.19011
vn 0.24615 0.96023 -0.13177
vn 0.20158 0.97564 -0.08652
vn 0.20833 0.97561 -0.06911
vn 0.21325 0.97563 -0.05165
vn 0.21671 0.97564 -0.03409
vn -0.42167 0.90570 -0.04362
vn -0.40619 0.91379 -0.00001
vn -0.34552 0.93773 -0.03574
vn -0.31351 0.94958 -0.00003
vn -0.27785 0.96020 -0.02869
vn -0.23414 0.97220 0.00000
vn -0.21814 0.97566 -0.02256
vn -0.16560 0.98619 -0.00000
vn -0.16243 0.98619 -0.03232
vn -0.20819 0.97564 -0.06911
vn -0.15303 0.98619 -0.06331
vn -0.21462 0.97562 -0.04579
vn -0.27314 0.96021 -0.05824
vn -0.33979 0.93771 -0.07246
vn -0.41458 0.90571 -0.08841
vn -0.19913 0.97561 -0.09240
vn -0.13766 0.98620 -0.09203
vn -0.18719 0.97561 -0.11464
vn -0.17237 0.97563 -0.13580
vn -0.21938 0.96022 -0.17280
vn -0.19753 0.96019 -0.19754
vn -0.24560 0.93774 -0.24560
vn -0.21495 0.93773 -0.27288
vn -0.26230 0.90571 -0.33300
vn -0.22152 0.90569 -0.36145
vn -0.11699 0.98623 -0.11690
vn -0.15515 0.97563 -0.15515
vn -0.17283 0.96020 -0.21941
vn -0.18156 0.93770 -0.29624
vn -0.17827 0.90570 -0.38461
vn -0.13582 0.97562 -0.17239
vn -0.09196 0.98620 -0.13770
vn -0.11463 0.97562 -0.18713
vn -0.09240 0.97561 -0.19913
vn -0.11749 0.96018 -0.25347
vn -0.08800 0.96022 -0.26503
vn -0.10946 0.93773 -0.32967
vn -0.07245 0.93772 -0.33974
vn -0.08841 0.90571 -0.41458
vn -0.04363 0.90570 -0.42166
vn -0.06339 0.98620 -0.15298
vn -0.06912 0.97564 -0.20820
vn -0.05824 0.96021 -0.27314
vn -0.03576 0.93772 -0.34555
vn -0.00000 0.93774 -0.34735
vn -0.03228 0.98620 -0.16240
vn -0.04576 0.97564 -0.21454
vn -0.02875 0.96019 -0.27785
vn -0.00000 0.96022 -0.27926
vn 0.02875 0.96019 -0.27785
vn -0.02261 0.97561 -0.21836
vn -0.00001 0.98620 -0.16558
vn 0.00000 0.97564 -0.21940
vn 0.02258 0.97564 -0.21823
vn 0.03226 0.98619 -0.16244
vn 0.04569 0.97563 -0.21459
vn 0.05822 0.96021 -0.27315
vn 0.08058 0.96020 -0.26743
vn 0.06337 0.97560 -0.21022
vn 0.06340 0.98619 -0.15297
vn 0.08075 0.97564 -0.20399
vn 0.09798 0.97564 -0.19630
vn 0.12468 0.96021 -0.24991
vn 0.14594 0.96021 -0.23813
vn 0.09198 0.98619 -0.13770
vn 0.11464 0.97562 -0.18715
vn 0.16632 0.96019 -0.22444
vn 0.14569 0.97561 -0.16419
vn 0.11698 0.98623 -0.11692
vn 0.13073 0.97562 -0.17628
vn 0.17249 0.97558 -0.13599
vn 0.13779 0.98619 -0.09190
vn 0.15965 0.97564 -0.15045
vn 0.20322 0.96022 -0.19154
vn 0.18546 0.96022 -0.20878
vn 0.19375 0.97555 -0.10377
vn 0.15302 0.98619 -0.06333
vn 0.18358 0.97565 -0.12002
vn 0.23366 0.96024 -0.15276
vn 0.21945 0.96019 -0.17286
vn 0.10282 0.96020 -0.25971
vn -0.13357 0.90571 -0.40229
vn -0.14607 0.93774 -0.31514
vn -0.14597 0.96019 -0.23817
vn -0.29977 0.90569 -0.29978
vn -0.33300 0.90571 -0.26230
vn -0.36145 0.90569 -0.22151
vn -0.38461 0.90570 -0.17827
vn -0.40233 0.90569 -0.13359
vn -0.27285 0.93774 -0.21492
vn -0.23817 0.96019 -0.14597
vn -0.29621 0.93771 -0.18153
vn -0.31518 0.93772 -0.14609
vn -0.32967 0.93773 -0.10946
vn -0.25343 0.96020 -0.11747
vn -0.26508 0.96020 -0.08801
vn 0.87311 -0.45550 -0.17376
vn 0.97198 -0.23508 0.00002
vn 0.89023 -0.45550 0.00000
vn 0.92556 -0.31417 -0.21127
vn 0.82253 -0.45557 -0.34043
vn 0.85533 -0.31427 -0.41187
vn 0.74008 -0.45555 -0.49473
vn 0.74231 -0.31424 -0.59180
vn 0.62975 -0.45559 -0.62917
vn 0.59201 -0.31430 -0.74211
vn 0.49436 -0.45560 -0.74030
vn 0.41198 -0.31427 -0.85528
vn 0.34086 -0.45562 -0.82233
vn 0.21114 -0.31432 -0.92554
vn 0.17344 -0.45557 -0.87314
vn -0.00023 -0.31429 -0.94933
vn -0.00011 -0.45556 -0.89020
vn -0.17354 -0.45556 -0.87313
vn -0.21125 -0.31426 -0.92553
vn -0.34074 -0.45558 -0.82240
vn -0.41170 -0.31429 -0.85541
vn -0.49435 -0.45557 -0.74032
vn -0.59187 -0.31432 -0.74222
vn -0.62968 -0.45556 -0.62926
vn -0.74236 -0.31425 -0.59174
vn -0.74012 -0.45556 -0.49466
vn -0.85540 -0.31423 -0.41177
vn -0.82256 -0.45555 -0.34039
vn -0.92557 -0.31419 -0.21122
vn -0.87311 -0.45551 -0.17377
vn -0.89024 -0.45548 0.00000
vn -0.96105 -0.16816 -0.21932
vn -0.97127 -0.23800 0.00001
vn -0.97392 0.04529 -0.22235
vn -0.99999 -0.00367 -0.00008
vn -0.94216 0.25709 -0.21502
vn -0.97252 0.23282 -0.00005
vn -0.86787 0.45561 -0.19805
vn -0.89414 0.44779 -0.00001
vn -0.75004 0.63887 -0.17114
vn -0.62235 0.76974 -0.14203
vn -0.57516 0.76976 -0.27688
vn -0.37965 0.90690 -0.18276
vn -0.32950 0.90689 -0.26264
vn -0.23337 0.95443 -0.18603
vn -0.18604 0.95444 -0.23330
vn -0.12943 0.95444 -0.26888
vn -0.06642 0.95443 -0.29096
vn -0.00007 0.95443 -0.29843
vn 0.06637 0.95444 -0.29093
vn 0.12953 0.95443 -0.26888
vn 0.18611 0.95443 -0.23329
vn 0.23338 0.95442 -0.18604
vn 0.26892 0.95441 -0.12952
vn 0.29102 0.95441 -0.06642
vn 0.41084 0.90687 -0.09378
vn 0.39482 0.91876 -0.00000
vn 0.62234 0.76975 -0.14206
vn 0.59308 0.80514 -0.00001
vn 0.75002 0.63887 -0.17120
vn 0.76198 0.64760 -0.00005
vn 0.86784 0.45563 -0.19811
vn 0.94216 0.25705 -0.21509
vn 0.87065 0.25730 -0.41924
vn 0.90004 0.04582 -0.43338
vn 0.78110 0.04581 -0.62273
vn 0.77079 -0.16821 -0.61449
vn 0.61473 -0.16825 -0.77059
vn 0.99999 -0.00413 -0.00001
vn 0.96104 -0.16817 -0.21938
vn 0.88815 -0.16823 -0.42766
vn 0.97335 0.22933 -0.00002
vn 0.97392 0.04525 -0.22231
vn 0.89418 0.44771 -0.00000
vn -0.26894 0.95441 -0.12949
vn -0.41082 0.90688 -0.09375
vn -0.76399 0.64523 0.00004
vn -0.29106 0.95440 -0.06643
vn -0.39192 0.92000 -0.00000
vn -0.59297 0.80523 0.00000
vn 0.37962 0.90690 -0.18281
vn 0.32950 0.90688 -0.26268
vn 0.26274 0.90691 -0.32936
vn 0.18285 0.90690 -0.37961
vn 0.09370 0.90692 -0.41074
vn -0.00010 0.90688 -0.42138
vn -0.09376 0.90690 -0.41078
vn -0.18275 0.90689 -0.37967
vn -0.26268 0.90693 -0.32937
vn 0.57514 0.76975 -0.27694
vn 0.49916 0.76972 -0.39795
vn 0.39806 0.76977 -0.49900
vn 0.27702 0.76974 -0.57511
vn 0.14197 0.76978 -0.62232
vn -0.00015 0.76973 -0.63836
vn -0.14205 0.76976 -0.62233
vn -0.27685 0.76973 -0.57521
vn -0.39799 0.76978 -0.49904
vn -0.49918 0.76974 -0.39790
vn 0.69315 0.63886 -0.33376
vn 0.60159 0.63880 -0.47961
vn 0.47975 0.63888 -0.60139
vn 0.33387 0.63881 -0.69314
vn 0.17111 0.63889 -0.75003
vn -0.00018 0.63881 -0.76937
vn -0.17119 0.63886 -0.75003
vn -0.33367 0.63880 -0.69326
vn -0.47970 0.63881 -0.60151
vn -0.60163 0.63880 -0.47955
vn -0.69315 0.63891 -0.33367
vn 0.80203 0.45565 -0.38619
vn 0.69604 0.45564 -0.55490
vn 0.55510 0.45571 -0.69584
vn 0.38629 0.45566 -0.80197
vn 0.19798 0.45573 -0.86782
vn -0.00021 0.45565 -0.89016
vn -0.19808 0.45565 -0.86784
vn -0.38605 0.45564 -0.80209
vn -0.55499 0.45573 -0.69592
vn -0.69609 0.45565 -0.55484
vn -0.80202 0.45574 -0.38608
vn 0.75563 0.25717 -0.60240
vn 0.62298 0.04524 -0.78093
vn 0.42778 -0.16824 -0.88809
vn 0.60266 0.25708 -0.75546
vn 0.41938 0.25705 -0.87066
vn 0.21494 0.25714 -0.94217
vn -0.00022 0.25718 -0.96636
vn -0.21505 0.25702 -0.94218
vn -0.41912 0.25704 -0.87078
vn -0.60251 0.25729 -0.75550
vn -0.75566 0.25723 -0.60233
vn -0.87072 0.25721 -0.41916
vn 0.43349 0.04582 -0.89999
vn 0.21925 -0.16827 -0.96105
vn 0.22220 0.04524 -0.97395
vn -0.00018 0.04582 -0.99895
vn -0.22229 0.04582 -0.97390
vn -0.43330 0.04582 -0.90008
vn -0.62285 0.04548 -0.78101
vn -0.78116 0.04547 -0.62267
vn -0.90009 0.04582 -0.43330
vn -0.00023 -0.16822 -0.98575
vn -0.21935 -0.16824 -0.96103
vn -0.42751 -0.16823 -0.88822
vn -0.61460 -0.16828 -0.77068
vn -0.77084 -0.16822 -0.61442
vn -0.88820 -0.16818 -0.42757
vn -0.85366 -0.51400 0.08408
vn -0.81441 -0.58029 -0.00002
vn -0.85781 -0.51397 0.00001
vn -0.78717 -0.61374 0.06068
vn -0.77992 -0.61372 0.12275
vn -0.73515 -0.67553 0.05666
vn -0.72834 -0.67556 0.11465
vn -0.67221 -0.73855 0.05183
vn -0.66596 -0.73859 0.10483
vn -0.58806 -0.80754 0.04538
vn -0.58259 -0.80757 0.09171
vn -0.48280 -0.87494 0.03722
vn -0.47860 -0.87477 0.07559
vn -0.36855 -0.92917 0.02840
vn -0.36521 -0.92915 0.05748
vn -0.26423 -0.96425 0.02037
vn -0.26174 -0.96425 0.04134
vn -0.20580 -0.97847 0.01587
vn -0.20384 -0.97848 0.03208
vn -0.13583 -0.99068 0.01049
vn -0.13458 -0.99068 0.02118
vn -0.08462 -0.99639 0.00652
vn -0.08381 -0.99639 0.01324
vn -0.05899 -0.99825 0.00446
vn -0.05835 -0.99825 0.00919
vn -0.02349 -0.99972 0.00177
vn -0.02327 -0.99972 0.00368
vn -0.01346 -0.99991 0.00095
vn -0.01327 -0.99991 0.00209
vn -0.00000 -1.00000 -0.00000
vn -0.77221 -0.63537 -0.00003
vn -0.72748 -0.68613 -0.00000
vn -0.67370 -0.73901 0.00002
vn -0.60491 -0.79630 -0.00008
vn -0.52053 -0.85384 -0.00002
vn -0.42616 -0.90465 -0.00000
vn -0.33225 -0.94319 -0.00000
vn -0.24908 -0.96848 -0.00005
vn -0.18040 -0.98359 0.00000
vn -0.08471 -0.99641 0.00000
vn -0.05357 -0.99856 0.00000
vn -0.03076 -0.99953 0.00002
vn -0.01454 -0.99989 0.00002
vn 0.01488 -0.99989 -0.00005
vn 0.02343 -0.99972 0.00240
vn 0.03077 -0.99953 -0.00002
vn 0.01338 -0.99991 0.00133
vn 0.05879 -0.99826 0.00545
vn 0.05357 -0.99856 0.00000
vn 0.08471 -0.99641 -0.00000
vn 0.13551 -0.99068 0.01401
vn 0.18036 -0.98360 -0.00002
vn 0.08437 -0.99640 0.00873
vn 0.05777 -0.99825 0.01232
vn 0.02300 -0.99972 0.00491
vn 0.02238 -0.99972 0.00742
vn 0.01298 -0.99991 0.00431
vn 0.01180 -0.99992 0.00548
vn 0.20525 -0.97848 0.02124
vn 0.24900 -0.96850 0.00000
vn 0.26361 -0.96424 0.02728
vn 0.33225 -0.94319 -0.00000
vn 0.36771 -0.92916 0.03806
vn 0.42632 -0.90457 0.00007
vn 0.48167 -0.87493 0.04991
vn 0.52050 -0.85386 -0.00001
vn 0.58668 -0.80754 0.06075
vn 0.60489 -0.79631 0.00004
vn 0.67057 -0.73858 0.06944
vn 0.67370 -0.73901 -0.00002
vn 0.72748 -0.68613 0.00000
vn 0.73340 -0.67555 0.07591
vn 0.77221 -0.63537 -0.00001
vn 0.78531 -0.61375 0.08123
vn 0.81439 -0.58032 -0.00000
vn 0.85366 -0.51401 0.08407
vn 0.85778 -0.51401 0.00000
vn 0.84133 -0.51400 0.16724
vn 0.77215 -0.61373 0.16464
vn 0.72103 -0.67562 0.15381
vn 0.69956 -0.67573 0.23240
vn 0.63985 -0.73855 0.21245
vn 0.61166 -0.73858 0.28351
vn 0.53507 -0.80758 0.24802
vn 0.50281 -0.80760 0.30816
vn 0.41301 -0.87484 0.25315
vn 0.38054 -0.87483 0.29977
vn 0.29040 -0.92916 0.22875
vn 0.34243 -0.87492 0.34243
vn 0.26140 -0.92916 0.26140
vn 0.29966 -0.87492 0.38042
vn 0.22878 -0.92914 0.29044
vn 0.19315 -0.92917 0.31518
vn 0.13847 -0.96425 0.22594
vn 0.11145 -0.96424 0.24045
vn 0.08679 -0.97847 0.18724
vn 0.06501 -0.97849 0.19579
vn 0.04294 -0.99067 0.12932
vn 0.02841 -0.99068 0.13324
vn 0.01769 -0.99639 0.08297
vn 0.00873 -0.99639 0.08441
vn 0.00609 -0.99825 0.05883
vn -0.00000 -0.99825 0.05913
vn -0.00000 -0.99972 0.02359
vn -0.00242 -0.99972 0.02343
vn -0.00138 -0.99991 0.01326
vn -0.00279 -0.99991 0.01316
vn 0.82084 -0.51400 0.24906
vn 0.74928 -0.61376 0.24877
vn 0.66891 -0.67559 0.31007
vn 0.57483 -0.73856 0.35228
vn 0.46331 -0.80756 0.36495
vn 0.41705 -0.80755 0.41704
vn 0.36493 -0.80759 0.46328
vn 0.25312 -0.87486 0.41298
vn 0.15545 -0.92916 0.33539
vn 0.08351 -0.96424 0.25153
vn 0.04305 -0.97846 0.20191
vn 0.01402 -0.99068 0.13552
vn -0.00000 -0.99639 0.08485
vn -0.00608 -0.99826 0.05873
vn -0.00490 -0.99972 0.02300
vn -0.00392 -0.99991 0.01300
vn 0.79251 -0.51399 0.32825
vn 0.71630 -0.61374 0.33200
vn 0.62849 -0.67572 0.38524
vn 0.52963 -0.73854 0.41719
vn 0.47672 -0.73857 0.47671
vn 0.41713 -0.73863 0.52955
vn 0.30816 -0.80760 0.50281
vn 0.20381 -0.87480 0.43953
vn 0.11650 -0.92915 0.35088
vn 0.05526 -0.96425 0.25916
vn 0.02124 -0.97848 0.20527
vn 0.00000 -0.99067 0.13627
vn -0.00874 -0.99639 0.08446
vn -0.01231 -0.99825 0.05777
vn -0.00679 -0.99972 0.02253
vn -0.00502 -0.99991 0.01267
vn 0.75648 -0.51399 0.40442
vn 0.67320 -0.61368 0.41256
vn 0.57917 -0.67559 0.45622
vn 0.52135 -0.67558 0.52134
vn 0.45622 -0.67559 0.57917
vn 0.35228 -0.73856 0.57483
vn 0.24804 -0.80752 0.53515
vn 0.15261 -0.87492 0.45959
vn 0.07709 -0.92917 0.36154
vn 0.02727 -0.96424 0.26363
vn 0.00000 -0.97847 0.20640
vn -0.01402 -0.99068 0.13552
vn -0.01769 -0.99640 0.08296
vn -0.01705 -0.99825 0.05657
vn -0.00866 -0.99972 0.02188
vn -0.00607 -0.99991 0.01216
vn 0.71328 -0.51399 0.47649
vn 0.62019 -0.61377 0.48852
vn 0.55830 -0.61368 0.55829
vn 0.48852 -0.61375 0.62020
vn 0.38526 -0.67562 0.62859
vn 0.28350 -0.73861 0.61162
vn 0.18586 -0.80756 0.55974
vn 0.10105 -0.87489 0.47366
vn 0.03805 -0.92915 0.36773
vn 0.00000 -0.96425 0.26501
vn -0.02124 -0.97848 0.20522
vn -0.02841 -0.99067 0.13328
vn -0.02447 -0.99640 0.08122
vn -0.02175 -0.99825 0.05494
vn -0.01051 -0.99972 0.02106
vn -0.00678 -0.99992 0.01105
vn 0.66307 -0.51398 0.54421
vn 0.60655 -0.51399 0.60656
vn 0.54425 -0.51400 0.66301
vn 0.47649 -0.51400 0.71328
vn 0.41253 -0.61374 0.67315
vn 0.40448 -0.51397 0.75646
vn 0.33199 -0.61377 0.71629
vn 0.32829 -0.51394 0.79252
vn 0.24877 -0.61375 0.74928
vn 0.24898 -0.51401 0.82085
vn 0.16464 -0.61374 0.77215
vn 0.16729 -0.51397 0.84134
vn 0.08124 -0.61373 0.78532
vn 0.08410 -0.51403 0.85364
vn -0.00000 -0.61372 0.78952
vn -0.00003 -0.51396 0.85781
vn -0.08410 -0.51397 0.85368
vn -0.08124 -0.61375 0.78531
vn -0.16728 -0.51398 0.84134
vn -0.16464 -0.61375 0.77214
vn -0.24897 -0.51399 0.82087
vn -0.22775 -0.61376 0.75593
vn -0.29061 -0.61376 0.73406
vn -0.27140 -0.67557 0.68552
vn -0.32914 -0.67566 0.65966
vn -0.30098 -0.73856 0.60327
vn -0.35225 -0.73861 0.57478
vn -0.30818 -0.80755 0.50287
vn -0.35116 -0.80755 0.47388
vn -0.28861 -0.87471 0.38935
vn -0.32138 -0.87508 0.36187
vn -0.24548 -0.92916 0.27639
vn -0.26901 -0.92916 0.25355
vn -0.19285 -0.96425 0.18176
vn -0.20817 -0.96425 0.16398
vn -0.16213 -0.97847 0.12771
vn -0.17270 -0.97848 0.11291
vn -0.11409 -0.99067 0.07459
vn -0.12013 -0.99067 0.06429
vn -0.07480 -0.99639 0.04004
vn -0.07796 -0.99639 0.03346
vn -0.05435 -0.99825 0.02332
vn -0.05617 -0.99825 0.01865
vn -0.02233 -0.99972 0.00742
vn -0.02295 -0.99972 0.00556
vn -0.01305 -0.99991 0.00317
vn -0.32833 -0.51396 0.79249
vn -0.35245 -0.61376 0.70645
vn -0.38526 -0.67555 0.62866
vn -0.40139 -0.73858 0.54166
vn -0.39170 -0.80752 0.44101
vn -0.35231 -0.87499 0.33206
vn -0.29039 -0.92917 0.22874
vn -0.22180 -0.96425 0.14501
vn -0.18196 -0.97847 0.09737
vn -0.12520 -0.99068 0.05373
vn -0.08051 -0.99640 0.02673
vn -0.05742 -0.99825 0.01390
vn -0.40438 -0.51401 0.75648
vn -0.41253 -0.61374 0.67316
vn -0.43899 -0.67554 0.59240
vn -0.44770 -0.73857 0.50406
vn -0.42916 -0.80760 0.40449
vn -0.38069 -0.87470 0.29994
vn -0.30940 -0.92917 0.20228
vn -0.23364 -0.96425 0.12501
vn -0.18967 -0.97847 0.08140
vn -0.12938 -0.99066 0.04296
vn -0.08248 -0.99639 0.01996
vn -0.47650 -0.51400 0.71327
vn -0.47005 -0.61376 0.63432
vn -0.48960 -0.67560 0.55123
vn -0.49061 -0.73857 0.46240
vn -0.46333 -0.80755 0.36496
vn -0.40563 -0.87471 0.26524
vn -0.32593 -0.92918 0.17437
vn -0.24352 -0.96425 0.10452
vn -0.19588 -0.97847 0.06503
vn -0.13244 -0.99067 0.03204
vn -0.54417 -0.51398 0.66310
vn -0.52429 -0.61373 0.59030
vn -0.53657 -0.67553 0.50572
vn -0.52960 -0.73857 0.41717
vn -0.49366 -0.80755 0.32275
vn -0.42722 -0.87472 0.22881
vn -0.33965 -0.92919 0.14577
vn -0.25149 -0.96425 0.08350
vn -0.20058 -0.97847 0.04853
vn -0.60658 -0.51399 0.60652
vn -0.57453 -0.61376 0.54150
vn -0.57919 -0.67557 0.45623
vn -0.56425 -0.73861 0.36890
vn -0.52005 -0.80757 0.27816
vn -0.44494 -0.87497 0.19094
vn -0.35081 -0.92918 0.11647
vn -0.25758 -0.96425 0.06232
vn -0.66305 -0.51400 0.54421
vn -0.62020 -0.61375 0.48853
vn -0.61701 -0.67571 0.40339
vn -0.59454 -0.73854 0.31794
vn -0.54196 -0.80758 0.23261
vn -0.45984 -0.87474 0.15289
vn -0.35928 -0.92917 0.08693
vn -0.71319 -0.51400 0.47661
vn -0.66082 -0.61373 0.43203
vn -0.65015 -0.67559 0.34767
vn -0.61956 -0.73854 0.26591
vn -0.55977 -0.80754 0.18586
vn -0.47092 -0.87476 0.11418
vn -0.75652 -0.51397 0.40437
vn -0.69624 -0.61376 0.37222
vn -0.67760 -0.67549 0.29081
vn -0.63985 -0.73855 0.21244
vn -0.57329 -0.80753 0.13871
vn -0.72552 -0.61373 0.31139
vn -0.79251 -0.51398 0.32825
vn -0.74928 -0.61375 0.24877
vn -0.82087 -0.51399 0.24897
vn -0.76738 -0.61373 0.18567
vn -0.84133 -0.51399 0.16725
vn -0.01321 -0.99990 0.00438
vn -0.01235 -0.99991 0.00530
vn -0.01172 -0.99991 0.00628
vn -0.01142 -0.99991 0.00745
vn -0.01018 -0.99992 0.00803
vn -0.00989 -0.99991 0.00932
vn -0.00906 -0.99991 0.01020
vn -0.00772 -0.99992 0.01041
vn -0.00000 -0.99991 0.01333
vn 0.00138 -0.99991 0.01326
vn 0.00281 -0.99991 0.01318
vn 0.00431 -0.99991 0.01298
vn 0.00573 -0.99991 0.01237
vn 0.00715 -0.99991 0.01167
vn 0.00806 -0.99992 0.01022
vn 0.01110 -0.99992 0.00681
vn 0.01023 -0.99992 0.00806
vn 0.01304 -0.99991 0.00279
vn 0.00955 -0.99991 0.00954
vn 0.01457 -0.99972 0.01850
vn 0.01230 -0.99972 0.02008
vn 0.00990 -0.99972 0.02136
vn 0.00742 -0.99972 0.02233
vn 0.00493 -0.99972 0.02309
vn 0.00242 -0.99972 0.02343
vn 0.65937 -0.73855 0.14060
vn 0.57677 -0.80759 0.12301
vn 0.47360 -0.87493 0.10099
vn 0.36154 -0.92917 0.07709
vn 0.25916 -0.96425 0.05526
vn 0.20177 -0.97849 0.04303
vn 0.13333 -0.99066 0.02843
vn 0.08297 -0.99639 0.01769
vn 0.55974 -0.80756 0.18586
vn 0.45956 -0.87494 0.15258
vn 0.35088 -0.92915 0.11650
vn 0.25153 -0.96424 0.08351
vn 0.19583 -0.97848 0.06502
vn 0.12932 -0.99067 0.04294
vn 0.08049 -0.99640 0.02673
vn 0.05612 -0.99825 0.01863
vn 0.43953 -0.87480 0.20381
vn 0.33539 -0.92916 0.15545
vn 0.24045 -0.96424 0.11145
vn 0.18724 -0.97847 0.08679
vn 0.12361 -0.99068 0.05729
vn 0.07696 -0.99640 0.03567
vn 0.05353 -0.99826 0.02481
vn 0.02140 -0.99972 0.00991
vn 0.31522 -0.92915 0.19317
vn 0.22594 -0.96425 0.13847
vn 0.17598 -0.97847 0.10784
vn 0.11614 -0.99068 0.07117
vn 0.07233 -0.99639 0.04433
vn 0.05035 -0.99825 0.03086
vn 0.02008 -0.99972 0.01230
vn 0.20819 -0.96424 0.16398
vn 0.16211 -0.97848 0.12769
vn 0.10701 -0.99068 0.08429
vn 0.06665 -0.99639 0.05250
vn 0.04640 -0.99825 0.03655
vn 0.01854 -0.99972 0.01460
vn 0.18736 -0.96426 0.18736
vn 0.14592 -0.97847 0.14592
vn 0.09633 -0.99068 0.09633
vn 0.06003 -0.99639 0.06003
vn 0.04180 -0.99825 0.04180
vn 0.01665 -0.99972 0.01666
vn 0.16399 -0.96424 0.20818
vn 0.12766 -0.97849 0.16207
vn 0.08429 -0.99068 0.10701
vn 0.05250 -0.99639 0.06665
vn 0.03661 -0.99825 0.04647
vn 0.10780 -0.97849 0.17590
vn 0.07117 -0.99068 0.11614
vn 0.04433 -0.99639 0.07233
vn 0.03086 -0.99825 0.05035
vn 0.31008 -0.67565 0.66884
vn 0.21244 -0.73861 0.63978
vn 0.12301 -0.80759 0.57677
vn 0.04987 -0.87491 0.48172
vn -0.00000 -0.92917 0.36965
vn -0.02727 -0.96425 0.26358
vn -0.04304 -0.97847 0.20186
vn -0.03933 -0.99067 0.13052
vn -0.03123 -0.99640 0.07888
vn -0.02636 -0.99825 0.05284
vn -0.01230 -0.99972 0.02007
vn 0.05729 -0.99068 0.12361
vn 0.03567 -0.99640 0.07696
vn 0.02485 -0.99825 0.05361
vn 0.23237 -0.67563 0.69966
vn 0.14060 -0.73852 0.65941
vn 0.06071 -0.80758 0.58662
vn -0.00000 -0.87483 0.48444
vn -0.03804 -0.92917 0.36769
vn -0.05526 -0.96424 0.25919
vn -0.05954 -0.97847 0.19761
vn -0.05015 -0.99068 0.12667
vn -0.03788 -0.99639 0.07592
vn -0.03086 -0.99825 0.05035
vn -0.01402 -0.99972 0.01891
vn 0.02674 -0.99639 0.08053
vn 0.01863 -0.99825 0.05612
vn 0.15376 -0.67553 0.72112
vn 0.06938 -0.73856 0.67061
vn -0.00000 -0.80758 0.58976
vn -0.05001 -0.87481 0.48188
vn -0.07709 -0.92917 0.36153
vn -0.07644 -0.96425 0.25372
vn -0.07596 -0.97848 0.19187
vn -0.06085 -0.99067 0.12196
vn -0.04431 -0.99640 0.07230
vn -0.03516 -0.99825 0.04745
vn -0.01563 -0.99972 0.01760
vn 0.01232 -0.99825 0.05777
vn 0.07590 -0.67557 0.73338
vn -0.00000 -0.73856 0.67419
vn -0.06070 -0.80755 0.58666
vn -0.10101 -0.87494 0.47358
vn -0.10666 -0.92915 0.35399
vn -0.09755 -0.96425 0.24640
vn -0.09215 -0.97846 0.18470
vn -0.07122 -0.99067 0.11622
vn -0.05055 -0.99639 0.06821
vn -0.03922 -0.99825 0.04416
vn -0.01717 -0.99972 0.01618
vn 0.00000 -0.67571 0.73717
vn -0.06938 -0.73856 0.67061
vn -0.12298 -0.80753 0.57686
vn -0.14000 -0.87475 0.46392
vn -0.13608 -0.92915 0.34374
vn -0.11831 -0.96424 0.23714
vn -0.10781 -0.97848 0.17593
vn -0.08113 -0.99067 0.10948
vn -0.05635 -0.99639 0.06344
vn -0.04301 -0.99825 0.04054
vn -0.01853 -0.99972 0.01460
vn -0.07590 -0.67557 0.73338
vn -0.14059 -0.73854 0.65939
vn -0.17014 -0.80760 0.56466
vn -0.17855 -0.87473 0.45051
vn -0.16503 -0.92916 0.33079
vn -0.13846 -0.96425 0.22594
vn -0.12282 -0.97849 0.16575
vn -0.09046 -0.99068 0.10185
vn -0.06179 -0.99639 0.05823
vn -0.04647 -0.99825 0.03660
vn -0.01970 -0.99972 0.01288
vn -0.15375 -0.67554 0.72112
vn -0.19450 -0.73856 0.64553
vn -0.21709 -0.80758 0.54835
vn -0.21648 -0.87472 0.43359
vn -0.19315 -0.92917 0.31517
vn -0.15777 -0.96425 0.21291
vn -0.13706 -0.97847 0.15431
vn -0.09917 -0.99067 0.09347
vn -0.06666 -0.99639 0.05251
vn -0.04943 -0.99825 0.03232
vn -0.02075 -0.99972 0.01110
vn -0.21271 -0.67552 0.70599
vn -0.24817 -0.73854 0.62687
vn -0.26329 -0.80759 0.52771
vn -0.25294 -0.87500 0.41280
vn -0.22009 -0.92917 0.29700
vn -0.17598 -0.96425 0.19814
vn -0.15009 -0.97850 0.14147
vn -0.10701 -0.99068 0.08429
vn -0.07102 -0.99639 0.04643
vn -0.05215 -0.99825 0.02792
vn -0.02163 -0.99972 0.00928
vn -0.69968 -0.67562 0.23234
vn -0.65527 -0.73857 0.15855
vn -0.71658 -0.67560 0.17340
vn -0.87744 -0.47184 0.08646
vn -0.88168 -0.47184 0.00001
vn -0.86454 -0.49303 0.09744
vn -0.86476 -0.47181 0.17200
vn -0.84820 -0.49303 0.19359
vn -0.84371 -0.47183 0.25597
vn -0.82120 -0.49304 0.28730
vn -0.81460 -0.47181 0.33737
vn -0.78385 -0.49302 0.37751
vn -0.77757 -0.47182 0.41567
vn -0.71659 -0.49298 0.49343
vn -0.73309 -0.47182 0.48987
vn -0.68155 -0.47183 0.55934
vn -0.63218 -0.49308 0.59768
vn -0.62350 -0.47186 0.62337
vn -0.55930 -0.47195 0.68150
vn -0.53266 -0.49304 0.68789
vn -0.48972 -0.47182 0.73318
vn -0.42083 -0.49301 0.76147
vn -0.41565 -0.47182 0.77758
vn -0.33746 -0.47189 0.81452
vn -0.29885 -0.49308 0.81705
vn -0.25588 -0.47191 0.84370
vn -0.16943 -0.49338 0.85315
vn -0.17197 -0.47184 0.86475
vn -0.08650 -0.47183 0.87744
vn -0.03675 -0.49295 0.86928
vn 0.09741 -0.49306 0.86453
vn 0.22920 -0.49304 0.83927
vn 0.35528 -0.49299 0.79419
vn 0.47311 -0.49307 0.73010
vn 0.57979 -0.49302 0.64868
vn 0.67239 -0.49323 0.55193
vn 0.74930 -0.49305 0.44210
vn 0.80842 -0.49305 0.32149
vn 0.84819 -0.49305 0.19360
vn 0.86454 -0.49304 0.09740
vn 0.88553 -0.44318 -0.13938
vn 0.89720 -0.41843 -0.14122
vn 0.93750 -0.34799 0.00002
vn 0.91455 -0.37799 -0.14396
vn 0.93681 -0.31725 -0.14745
vn 0.90003 -0.31725 -0.29882
vn 0.93184 -0.18960 -0.30941
vn 0.86556 -0.18964 -0.46350
vn 0.88023 -0.05468 -0.47139
vn 0.78439 -0.05465 -0.61786
vn 0.82839 0.08320 -0.55394
vn 0.70488 0.08328 -0.70442
vn 0.66307 -0.05466 -0.74656
vn 0.55342 0.08325 -0.82873
vn 0.52174 -0.05466 -0.85135
vn 0.38166 0.08318 -0.92055
vn 0.36755 -0.05466 -0.92840
vn 0.19422 0.08324 -0.97742
vn 0.20824 -0.05467 -0.97655
vn -0.00007 -0.05475 -0.99850
vn 0.20476 -0.18962 -0.96027
vn 0.00001 -0.18946 -0.98189
vn 0.19776 -0.31723 -0.92750
vn -0.00000 -0.31721 -0.94835
vn 0.19306 -0.37804 -0.90544
vn 0.00000 -0.37801 -0.92580
vn 0.18938 -0.41845 -0.88827
vn 0.00000 -0.41844 -0.90824
vn 0.18694 -0.44318 -0.87672
vn -0.00000 -0.44319 -0.89643
vn 0.85076 -0.44319 -0.28247
vn 0.86197 -0.41846 -0.28619
vn 0.79024 -0.44319 -0.42320
vn 0.80066 -0.41844 -0.42878
vn 0.70420 -0.44319 -0.55469
vn 0.71347 -0.41844 -0.56201
vn 0.59528 -0.44315 -0.67026
vn 0.46841 -0.44316 -0.76433
vn 0.32998 -0.44317 -0.83350
vn -0.18695 -0.44320 -0.87671
vn -0.18940 -0.41847 -0.88826
vn -0.38193 -0.41845 -0.82403
vn -0.37697 -0.44317 -0.81332
vn -0.55470 -0.44320 -0.70419
vn -0.56200 -0.41847 -0.71347
vn -0.57286 -0.37805 -0.72727
vn -0.38931 -0.37805 -0.83995
vn -0.58681 -0.31726 -0.74498
vn -0.39880 -0.31724 -0.86042
vn -0.60759 -0.18956 -0.77130
vn -0.41294 -0.18959 -0.89081
vn -0.61786 -0.05466 -0.78439
vn -0.41992 -0.05465 -0.90591
vn -0.55331 0.08308 -0.82882
vn -0.38146 0.08317 -0.92064
vn -0.70421 -0.44319 -0.55469
vn -0.71348 -0.41847 -0.56199
vn -0.72729 -0.37796 -0.57289
vn -0.74499 -0.31721 -0.58682
vn -0.77129 -0.18952 -0.60761
vn -0.78438 -0.05463 -0.61787
vn -0.70503 0.08307 -0.70430
vn -0.81332 -0.44317 -0.37698
vn -0.82402 -0.41847 -0.38193
vn -0.83996 -0.37801 -0.38933
vn -0.86042 -0.31724 -0.39880
vn -0.89082 -0.18962 -0.41289
vn -0.90593 -0.05466 -0.41989
vn -0.82847 0.08320 -0.55381
vn -0.87673 -0.44317 -0.18693
vn -0.88828 -0.41843 -0.18939
vn -0.93750 -0.34799 -0.00002
vn -0.90543 -0.37805 -0.19305
vn -0.92749 -0.31724 -0.19776
vn -0.97798 -0.20872 -0.00001
vn -0.96027 -0.18960 -0.20479
vn -0.99842 -0.05625 0.00001
vn -0.97654 -0.05467 -0.20827
vn -0.97738 0.08344 -0.19435
vn -0.92071 0.08333 -0.38124
vn -0.99649 0.08371 -0.00000
vn -0.20820 -0.05465 -0.97656
vn -0.19426 0.08333 -0.97740
vn -0.00012 0.08314 -0.99654
vn 0.92081 0.08318 -0.38103
vn 0.94764 -0.05467 -0.31464
vn 0.96991 -0.18959 -0.15272
vn 0.97798 -0.20872 0.00001
vn 0.97736 0.08337 -0.19447
vn 0.98636 -0.05467 -0.15526
vn 0.99842 -0.05625 -0.00001
vn 0.99649 0.08368 0.00000
vn 0.87863 -0.37802 -0.29173
vn 0.81614 -0.37799 -0.43708
vn 0.72727 -0.37801 -0.57287
vn 0.61479 -0.37802 -0.69219
vn 0.60313 -0.41844 -0.67907
vn 0.48375 -0.37802 -0.78936
vn 0.47457 -0.41847 -0.77439
vn 0.34077 -0.37806 -0.86078
vn 0.33434 -0.41840 -0.84449
vn 0.83601 -0.31724 -0.44771
vn 0.77129 -0.18941 -0.60764
vn 0.74499 -0.31721 -0.58682
vn 0.62977 -0.31721 -0.70906
vn 0.49553 -0.31725 -0.80859
vn 0.34907 -0.31726 -0.88175
vn 0.65196 -0.18980 -0.73411
vn 0.51309 -0.18955 -0.83714
vn 0.36141 -0.18962 -0.91292
vn -0.19305 -0.37805 -0.90543
vn -0.19777 -0.31723 -0.92750
vn -0.20480 -0.18960 -0.96027
vn 0.97737 0.08345 0.19437
vn 0.96232 0.27191 0.00002
vn 0.94387 0.30602 0.12438
vn 0.91964 0.30599 0.24624
vn 0.89369 0.43295 0.11775
vn 0.87083 0.43278 0.23316
vn 0.82803 0.54996 0.10912
vn 0.80677 0.54997 0.21601
vn 0.74645 0.65813 0.09836
vn 0.72733 0.65808 0.19475
vn 0.64828 0.75659 0.08542
vn 0.63160 0.75662 0.16913
vn 0.47982 0.87508 0.06324
vn 0.46750 0.87508 0.12519
vn 0.24939 0.96784 0.03287
vn 0.24295 0.96785 0.06505
vn -0.00001 1.00000 -0.00001
vn -0.00002 1.00000 -0.00001
vn 0.89691 0.44221 -0.00001
vn 0.80327 0.59562 -0.00001
vn 0.68075 0.73252 0.00001
vn 0.52872 0.84880 0.00002
vn 0.36250 0.93198 -0.00001
vn 0.18658 0.98244 -0.00000
vn 0.00002 1.00000 0.00000
vn 0.21774 0.96785 0.12592
vn -0.00001 1.00000 -0.00000
vn 0.23247 0.96782 0.09630
vn 0.44713 0.87511 0.18510
vn 0.60409 0.75666 0.25008
vn 0.69561 0.65817 0.28799
vn 0.77163 0.55004 0.31946
vn 0.83300 0.43264 0.34488
vn 0.87965 0.30597 0.36415
vn 0.92071 0.08333 0.38125
vn 0.18612 0.96785 0.16920
vn 0.00002 1.00000 0.00001
vn 0.14538 0.96786 0.20522
vn 0.00001 1.00000 -0.00000
vn 0.09846 0.96785 0.23147
vn 0.00000 1.00000 -0.00000
vn 0.04665 0.96785 0.24717
vn 0.00001 1.00000 0.00001
vn 0.00001 1.00000 0.00002
vn -0.00699 0.96783 0.25151
vn 0.00000 1.00000 0.00002
vn -0.06074 0.96786 0.24404
vn -0.00001 1.00000 0.00003
vn -0.11129 0.96787 0.22547
vn 0.00000 1.00000 0.00000
vn -0.15681 0.96787 0.19657
vn -0.00001 1.00000 -0.00001
vn -0.19666 0.96784 0.15686
vn -0.00001 1.00000 0.00001
vn -0.22659 0.96786 0.10914
vn -0.00001 1.00000 0.00001
vn -0.23741 0.96787 0.08282
vn -0.00001 1.00000 0.00001
vn -0.24529 0.96784 0.05587
vn -0.17543 0.98449 0.00000
vn -0.34995 0.93677 0.00002
vn 0.00000 1.00000 0.00000
vn -0.47188 0.87507 0.10764
vn -0.52112 0.85348 0.00000
vn -0.63748 0.75663 0.14536
vn -0.68084 0.73243 0.00001
vn -0.73401 0.65819 0.16737
vn -0.80827 0.58882 0.00001
vn -0.81418 0.55012 0.18567
vn -0.90254 0.43061 0.00002
vn -0.87892 0.43282 0.20042
vn -0.92823 0.30592 0.21166
vn -0.85120 0.43270 0.29703
vn -0.89892 0.30586 0.31366
vn -0.81218 0.43288 0.39112
vn -0.85780 0.30584 0.41308
vn -0.70477 0.43275 0.56217
vn -0.74429 0.30586 0.59370
vn -0.56211 0.43287 0.70474
vn -0.59365 0.30591 0.74431
vn -0.39884 0.43283 0.80845
vn -0.42123 0.30584 0.85383
vn -0.21727 0.43276 0.87494
vn -0.22949 0.30584 0.92401
vn -0.02489 0.43273 0.90118
vn -0.02627 0.30586 0.95171
vn 0.16721 0.43276 0.88587
vn 0.17658 0.30588 0.93555
vn 0.35286 0.43278 0.82957
vn 0.37266 0.30584 0.87612
vn 0.52116 0.43279 0.73558
vn 0.55041 0.30578 0.77688
vn 0.66705 0.43277 0.60642
vn 0.70451 0.30579 0.64044
vn 0.78038 0.43285 0.45127
vn 0.82418 0.30589 0.47661
vn -0.96532 0.26105 0.00000
vn -0.97736 0.08338 0.19446
vn -0.92082 0.08318 0.38102
vn -0.82839 0.08321 0.55394
vn -0.70489 0.08329 0.70441
vn -0.55341 0.08325 0.82874
vn -0.38165 0.08317 0.92056
vn -0.19423 0.08324 0.97742
vn 0.00011 0.08313 0.99654
vn 0.19425 0.08332 0.97741
vn 0.38145 0.08318 0.92064
vn 0.55331 0.08304 0.82882
vn 0.70502 0.08303 0.70431
vn 0.82847 0.08321 0.55382
vn 0.41892 0.87510 0.24228
vn 0.35807 0.87512 0.32551
vn 0.27968 0.87519 0.39475
vn 0.18943 0.87511 0.44531
vn 0.08975 0.87513 0.47549
vn -0.01336 0.87510 0.48376
vn -0.11662 0.87515 0.46958
vn -0.21410 0.87510 0.43400
vn -0.30174 0.87513 0.37830
vn -0.37826 0.87515 0.30172
vn -0.43597 0.87512 0.20997
vn -0.45692 0.87510 0.15943
vn 0.56597 0.75668 0.32729
vn 0.48370 0.75674 0.43974
vn 0.37788 0.75676 0.53340
vn 0.25591 0.75669 0.60161
vn 0.12125 0.75668 0.64244
vn -0.01805 0.75671 0.65350
vn -0.15756 0.75677 0.63441
vn -0.28925 0.75667 0.58633
vn -0.40764 0.75670 0.51110
vn -0.51110 0.75668 0.40769
vn -0.58898 0.75674 0.28364
vn -0.61728 0.75669 0.21538
vn 0.65167 0.65826 0.37687
vn 0.55700 0.65827 0.50639
vn 0.43509 0.65840 0.61417
vn 0.29466 0.65826 0.69273
vn 0.13962 0.65825 0.73974
vn -0.02079 0.65817 0.75258
vn -0.18143 0.65829 0.73057
vn -0.33306 0.65825 0.67511
vn -0.46943 0.65823 0.58853
vn -0.58848 0.65828 0.46943
vn -0.67820 0.65834 0.32656
vn -0.71098 0.65797 0.24816
vn 0.72288 0.55017 0.41804
vn 0.61789 0.55016 0.56173
vn 0.48272 0.55023 0.68135
vn 0.32686 0.55017 0.76843
vn 0.15485 0.55021 0.82055
vn -0.02305 0.55012 0.83477
vn -0.20126 0.55021 0.81041
vn -0.36946 0.55013 0.74891
vn -0.52066 0.55021 0.65282
vn -0.65287 0.55006 0.52077
vn -0.75233 0.55025 0.36225
vn -0.78843 0.55018 0.27511
vn 0.92822 0.30594 -0.21166
vn 0.87892 0.43282 -0.20040
vn 0.81418 0.55012 -0.18569
vn 0.78843 0.55017 -0.27511
vn 0.71080 0.65820 -0.24805
vn 0.67820 0.65834 -0.32656
vn 0.58898 0.75674 -0.28364
vn 0.51112 0.75665 -0.40772
vn 0.37832 0.87510 -0.30179
vn 0.30173 0.87513 -0.37830
vn 0.15680 0.96787 -0.19657
vn 0.11129 0.96787 -0.22548
vn -0.00000 1.00000 -0.00000
vn 0.00001 1.00000 -0.00003
vn 0.06061 0.96785 -0.24412
vn 0.00001 1.00000 -0.00003
vn 0.00698 0.96783 -0.25150
vn -0.00000 1.00000 0.00003
vn -0.04665 0.96785 -0.24718
vn -0.00001 1.00000 -0.00001
vn -0.00000 1.00000 -0.00000
vn -0.09846 0.96785 -0.23146
vn -0.00001 1.00000 0.00000
vn -0.14539 0.96786 -0.20522
vn -0.00001 1.00000 -0.00002
vn -0.18621 0.96785 -0.16909
vn 0.00001 1.00000 0.00001
vn -0.21774 0.96785 -0.12592
vn 0.00002 1.00000 0.00001
vn -0.23239 0.96785 -0.09626
vn -0.24296 0.96785 -0.06505
vn -0.44713 0.87511 -0.18510
vn -0.46747 0.87510 -0.12516
vn -0.60409 0.75667 -0.25007
vn -0.63161 0.75662 -0.16911
vn -0.69567 0.65810 -0.28801
vn -0.72723 0.65819 -0.19473
vn -0.77155 0.55019 -0.31938
vn -0.80676 0.54998 -0.21602
vn -0.83295 0.43277 -0.34482
vn -0.87082 0.43279 -0.23317
vn -0.87966 0.30597 -0.36413
vn -0.91964 0.30599 -0.24624
vn 0.89893 0.30585 -0.31366
vn 0.85781 0.30584 -0.41307
vn 0.74428 0.30585 -0.59373
vn 0.59363 0.30591 -0.74432
vn 0.42121 0.30583 -0.85384
vn 0.22947 0.30587 -0.92400
vn 0.02627 0.30585 -0.95172
vn -0.17658 0.30588 -0.93555
vn -0.37265 0.30584 -0.87612
vn -0.55040 0.30578 -0.77689
vn -0.70450 0.30580 -0.64044
vn -0.82419 0.30589 -0.47660
vn -0.94386 0.30605 -0.12434
vn -0.89378 0.43277 -0.11777
vn -0.82795 0.55009 -0.10908
vn -0.74641 0.65818 -0.09833
vn -0.64827 0.75660 -0.08542
vn -0.47978 0.87511 -0.06324
vn -0.24938 0.96785 -0.03286
vn 0.00001 1.00000 0.00001
vn 0.00000 1.00000 -0.00000
vn 0.19665 0.96784 -0.15687
vn 0.43600 0.87512 -0.20994
vn 0.61728 0.75669 -0.21537
vn 0.73400 0.65819 -0.16739
vn 0.00002 1.00000 -0.00000
vn 0.22659 0.96786 -0.10915
vn 0.45692 0.87510 -0.15943
vn 0.63749 0.75662 -0.14537
vn 0.00001 1.00000 0.00000
vn 0.23749 0.96785 -0.08288
vn 0.47188 0.87507 -0.10760
vn 0.00000 1.00000 -0.00000
vn 0.24528 0.96784 -0.05590
vn 0.85115 0.43282 -0.29698
vn 0.81220 0.43289 -0.39108
vn 0.70474 0.43280 -0.56217
vn 0.56208 0.43286 -0.70477
vn 0.39884 0.43274 -0.80849
vn 0.21727 0.43271 -0.87496
vn 0.02487 0.43282 -0.90114
vn -0.16723 0.43281 -0.88584
vn -0.35285 0.43288 -0.82953
vn -0.52112 0.43288 -0.73556
vn -0.66707 0.43273 -0.60644
vn -0.78038 0.43285 -0.45126
vn 0.75233 0.55025 -0.36225
vn 0.58856 0.65817 -0.46948
vn 0.40766 0.75667 -0.51114
vn 0.21413 0.87508 -0.43404
vn 0.65281 0.55014 -0.52074
vn 0.52068 0.55017 -0.65284
vn 0.36947 0.55008 -0.74893
vn 0.20126 0.55012 -0.81047
vn 0.02305 0.55007 -0.83480
vn -0.15492 0.55010 -0.82060
vn -0.32687 0.55009 -0.76848
vn -0.48276 0.55019 -0.68135
vn -0.61789 0.55016 -0.56172
vn -0.72288 0.55017 -0.41803
vn 0.46939 0.65826 -0.58854
vn 0.28925 0.75667 -0.58633
vn 0.11663 0.87513 -0.46963
vn 0.33305 0.65829 -0.67508
vn 0.18143 0.65829 -0.73057
vn 0.02076 0.65827 -0.75249
vn -0.13963 0.65826 -0.73972
vn -0.29465 0.65829 -0.69271
vn -0.43519 0.65830 -0.61421
vn -0.55697 0.65834 -0.50632
vn -0.65167 0.65826 -0.37686
vn 0.15755 0.75677 -0.63441
vn 0.01335 0.87510 -0.48375
vn 0.01803 0.75667 -0.65355
vn -0.12126 0.75670 -0.64242
vn -0.25591 0.75668 -0.60162
vn -0.37790 0.75676 -0.53339
vn -0.48371 0.75674 -0.43974
vn -0.56601 0.75666 -0.32726
vn -0.08976 0.87511 -0.47552
vn -0.18942 0.87511 -0.44531
vn -0.27973 0.87514 -0.39482
vn -0.35804 0.87514 -0.32549
vn -0.41897 0.87509 -0.24225
vn 0.97653 -0.05467 0.20832
vn 0.96028 -0.18964 0.20470
vn 0.89081 -0.18959 0.41294
vn 0.86042 -0.31724 0.39880
vn 0.74498 -0.31726 0.58681
vn 0.72726 -0.37805 0.57286
vn 0.57286 -0.37805 0.72727
vn 0.56199 -0.41847 0.71348
vn 0.38192 -0.41846 0.82403
vn 0.49434 -0.45557 0.74033
vn 0.37697 -0.44318 0.81332
vn 0.34075 -0.45557 0.82240
vn 0.18940 -0.41847 0.88827
vn 0.38931 -0.37805 0.83995
vn 0.19305 -0.37805 0.90543
vn 0.39880 -0.31724 0.86042
vn 0.19776 -0.31723 0.92750
vn 0.41289 -0.18961 0.89082
vn 0.20480 -0.18960 0.96027
vn 0.41988 -0.05466 0.90593
vn 0.20825 -0.05466 0.97655
vn 0.90593 -0.05466 0.41989
vn 0.77130 -0.18956 0.60759
vn 0.58682 -0.31721 0.74499
vn 0.78439 -0.05467 0.61785
vn 0.60759 -0.18956 0.77130
vn 0.61786 -0.05466 0.78439
vn 0.00005 -0.05474 0.99850
vn -0.36751 -0.05463 0.92841
vn -0.20820 -0.05464 0.97656
vn -0.20477 -0.18962 0.96027
vn -0.00002 -0.18961 0.98186
vn -0.19776 -0.31723 0.92750
vn -0.00002 -0.31722 0.94835
vn -0.19306 -0.37804 0.90544
vn -0.00001 -0.37805 0.92578
vn -0.18939 -0.41845 0.88828
vn -0.00001 -0.41839 0.90827
vn -0.18693 -0.44317 0.87673
vn -0.00001 -0.44317 0.89644
vn -0.17349 -0.45555 0.87314
vn 0.00010 -0.45559 0.89019
vn -0.52174 -0.05466 0.85135
vn -0.66307 -0.05466 0.74656
vn -0.78439 -0.05464 0.61786
vn -0.88023 -0.05468 0.47139
vn -0.94764 -0.05463 0.31463
vn -0.98637 -0.05464 0.15524
vn -0.96991 -0.18956 0.15276
vn -0.93681 -0.31725 0.14745
vn -0.91453 -0.37803 0.14395
vn -0.89721 -0.41842 0.14122
vn -0.87864 -0.37798 0.29175
vn -0.86197 -0.41843 0.28622
vn -0.81614 -0.37799 0.43708
vn -0.80065 -0.41846 0.42877
vn -0.72726 -0.37806 0.57285
vn -0.71347 -0.41844 0.56202
vn -0.61479 -0.37802 0.69219
vn -0.60312 -0.41848 0.67906
vn -0.48375 -0.37802 0.78936
vn -0.47458 -0.41842 0.77440
vn -0.34077 -0.37806 0.86078
vn -0.33435 -0.41840 0.84449
vn -0.88553 -0.44318 0.13937
vn -0.87310 -0.45554 0.17371
vn -0.85077 -0.44317 0.28248
vn -0.82253 -0.45559 0.34041
vn -0.79025 -0.44317 0.42320
vn -0.74002 -0.45557 0.49481
vn -0.70423 -0.44317 0.55468
vn -0.62965 -0.45557 0.62928
vn -0.59529 -0.44320 0.67022
vn -0.49435 -0.45560 0.74030
vn -0.46841 -0.44318 0.76432
vn -0.34092 -0.45557 0.82233
vn -0.32999 -0.44317 0.83349
vn 0.17352 -0.45557 0.87312
vn 0.18694 -0.44319 0.87672
vn 0.55469 -0.44319 0.70420
vn 0.62965 -0.45559 0.62927
vn 0.71347 -0.41846 0.56200
vn 0.83995 -0.37805 0.38931
vn 0.92750 -0.31724 0.19776
vn 0.70420 -0.44319 0.55469
vn 0.74011 -0.45556 0.49468
vn 0.82402 -0.41847 0.38194
vn 0.90544 -0.37801 0.19308
vn 0.81333 -0.44316 0.37697
vn 0.82254 -0.45556 0.34044
vn 0.88826 -0.41847 0.18940
vn 0.87673 -0.44317 0.18693
vn 0.87311 -0.45551 0.17376
vn -0.36153 -0.18953 0.91289
vn -0.51312 -0.18951 0.83713
vn -0.65199 -0.18971 0.73411
vn -0.77131 -0.18955 0.60758
vn -0.86556 -0.18964 0.46350
vn -0.93182 -0.18955 0.30949
vn -0.34909 -0.31722 0.88177
vn -0.49552 -0.31725 0.80858
vn -0.62977 -0.31721 0.70906
vn -0.74499 -0.31721 0.58682
vn -0.83601 -0.31724 0.44771
vn -0.90003 -0.31725 0.29882
vn 0.00002 1.00000 0.00000
vn 0.00001 1.00000 0.00001
vn 0.00001 1.00000 0.00002
vn -0.00001 1.00000 0.00001
vn 0.00001 1.00000 0.00003
vn 0.00001 1.00000 0.00002
vn -0.00000 1.00000 -0.00002
vn -0.00000 1.00000 -0.00001
vn 0.00000 1.00000 -0.00001
vn 0.00000 1.00000 -0.00000
vn -0.00000 1.00000 0.00000
vn -0.00002 1.00000 0.00002
vn -0.00001 1.00000 0.00001
vn 0.00000 1.00000 0.00000
vn 0.00001 1.00000 0.00000
vn -0.86453 -0.49305 -0.09742
vn -0.85367 -0.51398 -0.08410
vn -0.87745 -0.47182 -0.08641
vn -0.86476 -0.47182 -0.17198
vn -0.84819 -0.49306 -0.19355
vn -0.84133 -0.51399 -0.16727
vn -0.82084 -0.51399 -0.24909
vn -0.80840 -0.49305 -0.32156
vn -0.79249 -0.51399 -0.32828
vn -0.75651 -0.51400 -0.40435
vn -0.74930 -0.49302 -0.44214
vn -0.71326 -0.51399 -0.47653
vn -0.67259 -0.49287 -0.55200
vn -0.66306 -0.51398 -0.54422
vn -0.60650 -0.51400 -0.60660
vn -0.57979 -0.49302 -0.64867
vn -0.54422 -0.51397 -0.66307
vn -0.47312 -0.49303 -0.73013
vn -0.47648 -0.51405 -0.71325
vn -0.40440 -0.51396 -0.75651
vn -0.35528 -0.49300 -0.79418
vn -0.32825 -0.51396 -0.79252
vn -0.22920 -0.49295 -0.83933
vn -0.24894 -0.51404 -0.82085
vn -0.16736 -0.51397 -0.84132
vn -0.09743 -0.49299 -0.86456
vn -0.08411 -0.51401 -0.85365
vn 0.00008 -0.51398 -0.85780
vn 0.03669 -0.49301 -0.86925
vn 0.08414 -0.51395 -0.85368
vn 0.16967 -0.49288 -0.85339
vn 0.16729 -0.51398 -0.84133
vn 0.24891 -0.51398 -0.82090
vn 0.29884 -0.49305 -0.81707
vn 0.32839 -0.51397 -0.79246
vn 0.42083 -0.49306 -0.76144
vn 0.40438 -0.51403 -0.75647
vn 0.47651 -0.51397 -0.71328
vn 0.53271 -0.49304 -0.68784
vn 0.54417 -0.51397 -0.66311
vn 0.63222 -0.49302 -0.59769
vn 0.60661 -0.51400 -0.60649
vn 0.66315 -0.51398 -0.54412
vn 0.71663 -0.49295 -0.49340
vn 0.71321 -0.51401 -0.47658
vn 0.75652 -0.51400 -0.40434
vn 0.78381 -0.49305 -0.37756
vn 0.79251 -0.51400 -0.32823
vn 0.82122 -0.49300 -0.28731
vn 0.82086 -0.51399 -0.24902
vn 0.84819 -0.49306 -0.19358
vn 0.84132 -0.51399 -0.16735
vn 0.86453 -0.49305 -0.09744
vn 0.85367 -0.51398 -0.08405
vn -0.84373 -0.47183 -0.25592
vn -0.81458 -0.47184 -0.33738
vn -0.77756 -0.47184 -0.41567
vn -0.73313 -0.47183 -0.48979
vn -0.68152 -0.47182 -0.55938
vn -0.62345 -0.47183 -0.62344
vn -0.55937 -0.47182 -0.68154
vn -0.48985 -0.47182 -0.73310
vn -0.41562 -0.47184 -0.77758
vn -0.33738 -0.47185 -0.81457
vn -0.25594 -0.47179 -0.84375
vn -0.17199 -0.47184 -0.86475
vn -0.08644 -0.47187 -0.87742
vn -0.02343 -0.99972 -0.00240
vn -0.01338 -0.99991 -0.00133
vn -0.05879 -0.99826 -0.00545
vn -0.13551 -0.99068 -0.01401
vn -0.08437 -0.99640 -0.00873
vn -0.05777 -0.99825 -0.01232
vn -0.02300 -0.99972 -0.00491
vn -0.02238 -0.99972 -0.00743
vn -0.01298 -0.99991 -0.00431
vn -0.01180 -0.99992 -0.00548
vn -0.20525 -0.97848 -0.02124
vn -0.26361 -0.96424 -0.02728
vn -0.36771 -0.92916 -0.03806
vn -0.48167 -0.87493 -0.04991
vn -0.58670 -0.80753 -0.06071
vn -0.67060 -0.73856 -0.06941
vn -0.73340 -0.67554 -0.07591
vn -0.78533 -0.61372 -0.08126
vn -0.77218 -0.61370 -0.16465
vn -0.72097 -0.67568 -0.15384
vn -0.69949 -0.67579 -0.23243
vn -0.63985 -0.73855 -0.21245
vn -0.61166 -0.73858 -0.28351
vn -0.53504 -0.80760 -0.24801
vn -0.50288 -0.80755 -0.30818
vn -0.41301 -0.87484 -0.25315
vn -0.38042 -0.87492 -0.29966
vn -0.29040 -0.92916 -0.22875
vn -0.34252 -0.87485 -0.34252
vn -0.26137 -0.92918 -0.26137
vn -0.29969 -0.87490 -0.38045
vn -0.22875 -0.92916 -0.29040
vn -0.19315 -0.92917 -0.31518
vn -0.13847 -0.96425 -0.22595
vn -0.11145 -0.96424 -0.24045
vn -0.08679 -0.97847 -0.18724
vn -0.06501 -0.97849 -0.19579
vn -0.04294 -0.99067 -0.12932
vn -0.02841 -0.99068 -0.13324
vn -0.01769 -0.99639 -0.08297
vn -0.00873 -0.99640 -0.08436
vn -0.00609 -0.99825 -0.05883
vn 0.00000 -0.99825 -0.05909
vn 0.00000 -0.99972 -0.02360
vn 0.00242 -0.99972 -0.02343
vn 0.00138 -0.99991 -0.01326
vn 0.00279 -0.99991 -0.01316
vn -0.74928 -0.61375 -0.24877
vn -0.66884 -0.67565 -0.31008
vn -0.57490 -0.73849 -0.35231
vn -0.46331 -0.80756 -0.36495
vn -0.41705 -0.80755 -0.41705
vn -0.36493 -0.80759 -0.46328
vn -0.25312 -0.87486 -0.41298
vn -0.15545 -0.92916 -0.33539
vn -0.08351 -0.96424 -0.25153
vn -0.04305 -0.97846 -0.20191
vn -0.01402 -0.99068 -0.13552
vn 0.00000 -0.99639 -0.08490
vn 0.00608 -0.99826 -0.05873
vn 0.00490 -0.99972 -0.02300
vn 0.00392 -0.99991 -0.01300
vn -0.71628 -0.61378 -0.33199
vn -0.62849 -0.67571 -0.38524
vn -0.52964 -0.73854 -0.41719
vn -0.47672 -0.73856 -0.47672
vn -0.41715 -0.73860 -0.52958
vn -0.30818 -0.80755 -0.50288
vn -0.20367 -0.87491 -0.43938
vn -0.11650 -0.92915 -0.35088
vn -0.05526 -0.96425 -0.25916
vn -0.02124 -0.97848 -0.20522
vn -0.00000 -0.99068 -0.13622
vn 0.00873 -0.99640 -0.08436
vn 0.01231 -0.99825 -0.05777
vn 0.00679 -0.99972 -0.02253
vn 0.00502 -0.99991 -0.01267
vn -0.67315 -0.61375 -0.41253
vn -0.57923 -0.67552 -0.45625
vn -0.52128 -0.67568 -0.52128
vn -0.45614 -0.67579 -0.57900
vn -0.35228 -0.73855 -0.57484
vn -0.24801 -0.80763 -0.53500
vn -0.15250 -0.87500 -0.45947
vn -0.07709 -0.92917 -0.36154
vn -0.02727 -0.96424 -0.26363
vn 0.00000 -0.97847 -0.20640
vn 0.01402 -0.99068 -0.13552
vn 0.01769 -0.99640 -0.08296
vn 0.01705 -0.99825 -0.05657
vn 0.00866 -0.99972 -0.02188
vn 0.00607 -0.99991 -0.01216
vn -0.62021 -0.61373 -0.48854
vn -0.55826 -0.61375 -0.55826
vn -0.48855 -0.61372 -0.62022
vn -0.38524 -0.67575 -0.62846
vn -0.28351 -0.73858 -0.61166
vn -0.18586 -0.80756 -0.55974
vn -0.10108 -0.87487 -0.47369
vn -0.03804 -0.92917 -0.36769
vn 0.00000 -0.96425 -0.26501
vn 0.02124 -0.97848 -0.20527
vn 0.02841 -0.99067 -0.13328
vn 0.02447 -0.99640 -0.08122
vn 0.02175 -0.99825 -0.05494
vn 0.01051 -0.99972 -0.02106
vn 0.00678 -0.99992 -0.01105
vn -0.41253 -0.61374 -0.67315
vn -0.33201 -0.61373 -0.71631
vn -0.24877 -0.61375 -0.74928
vn -0.16464 -0.61374 -0.77215
vn -0.08124 -0.61373 -0.78532
vn 0.00000 -0.61372 -0.78952
vn 0.08124 -0.61375 -0.78531
vn 0.16464 -0.61375 -0.77214
vn 0.22776 -0.61372 -0.75596
vn 0.29061 -0.61375 -0.73406
vn 0.27141 -0.67547 -0.68562
vn 0.32918 -0.67546 -0.65985
vn 0.30099 -0.73853 -0.60331
vn 0.35228 -0.73855 -0.57484
vn 0.30820 -0.80753 -0.50291
vn 0.35118 -0.80752 -0.47391
vn 0.28861 -0.87471 -0.38935
vn 0.32155 -0.87495 -0.36204
vn 0.24548 -0.92916 -0.27639
vn 0.26901 -0.92916 -0.25355
vn 0.19285 -0.96425 -0.18176
vn 0.20817 -0.96425 -0.16398
vn 0.16213 -0.97847 -0.12771
vn 0.17270 -0.97848 -0.11291
vn 0.11405 -0.99067 -0.07457
vn 0.12017 -0.99067 -0.06432
vn 0.07480 -0.99639 -0.04004
vn 0.07796 -0.99639 -0.03346
vn 0.05426 -0.99826 -0.02329
vn 0.05617 -0.99825 -0.01865
vn 0.02233 -0.99972 -0.00742
vn 0.02295 -0.99972 -0.00556
vn 0.01305 -0.99991 -0.00317
vn 0.01327 -0.99991 -0.00209
vn 0.35246 -0.61373 -0.70648
vn 0.38530 -0.67544 -0.62875
vn 0.40139 -0.73857 -0.54166
vn 0.39167 -0.80754 -0.44099
vn 0.35231 -0.87499 -0.33206
vn 0.29039 -0.92917 -0.22874
vn 0.22180 -0.96425 -0.14501
vn 0.18196 -0.97847 -0.09737
vn 0.12520 -0.99068 -0.05373
vn 0.08051 -0.99640 -0.02673
vn 0.05742 -0.99825 -0.01390
vn 0.02327 -0.99972 -0.00368
vn 0.01359 -0.99991 -0.00102
vn 0.41253 -0.61374 -0.67316
vn 0.43896 -0.67560 -0.59235
vn 0.44770 -0.73857 -0.50406
vn 0.42916 -0.80760 -0.40449
vn 0.38069 -0.87470 -0.29994
vn 0.30940 -0.92917 -0.20228
vn 0.23368 -0.96424 -0.12503
vn 0.18963 -0.97848 -0.08139
vn 0.12938 -0.99066 -0.04296
vn 0.08248 -0.99639 -0.01996
vn 0.05835 -0.99825 -0.00919
vn 0.02349 -0.99972 -0.00178
vn 0.47006 -0.61372 -0.63434
vn 0.48960 -0.67560 -0.55124
vn 0.49061 -0.73857 -0.46241
vn 0.46333 -0.80754 -0.36496
vn 0.40563 -0.87471 -0.26524
vn 0.32597 -0.92916 -0.17439
vn 0.24352 -0.96425 -0.10452
vn 0.19588 -0.97847 -0.06503
vn 0.13244 -0.99067 -0.03204
vn 0.08382 -0.99639 -0.01319
vn 0.05899 -0.99825 -0.00446
vn 0.52429 -0.61373 -0.59030
vn 0.53652 -0.67560 -0.50568
vn 0.52963 -0.73854 -0.41719
vn 0.49363 -0.80757 -0.32273
vn 0.42722 -0.87472 -0.22881
vn 0.33969 -0.92917 -0.14579
vn 0.25149 -0.96425 -0.08350
vn 0.20058 -0.97847 -0.04853
vn 0.13458 -0.99068 -0.02118
vn 0.08457 -0.99640 -0.00652
vn 0.57455 -0.61372 -0.54152
vn 0.57914 -0.67564 -0.45619
vn 0.56428 -0.73857 -0.36891
vn 0.52013 -0.80752 -0.27818
vn 0.44528 -0.87473 -0.19123
vn 0.35081 -0.92918 -0.11647
vn 0.25758 -0.96425 -0.06232
vn 0.20384 -0.97848 -0.03208
vn 0.13583 -0.99068 -0.01049
vn 0.62023 -0.61371 -0.48854
vn 0.61714 -0.67553 -0.40348
vn 0.59454 -0.73854 -0.31794
vn 0.54196 -0.80757 -0.23261
vn 0.45984 -0.87474 -0.15289
vn 0.35928 -0.92917 -0.08693
vn 0.26176 -0.96425 -0.04120
vn 0.20580 -0.97847 -0.01587
vn 0.66082 -0.61373 -0.43203
vn 0.65013 -0.67562 -0.34766
vn 0.61956 -0.73854 -0.26591
vn 0.55973 -0.80756 -0.18585
vn 0.47092 -0.87476 -0.11418
vn 0.36521 -0.92915 -0.05748
vn 0.26423 -0.96425 -0.02037
vn 0.69625 -0.61375 -0.37222
vn 0.67757 -0.67553 -0.29080
vn 0.63989 -0.73852 -0.21245
vn 0.57329 -0.80753 -0.13871
vn 0.47860 -0.87477 -0.07559
vn 0.36855 -0.92917 -0.02840
vn 0.72552 -0.61373 -0.31138
vn 0.74928 -0.61375 -0.24878
vn 0.76740 -0.61369 -0.18568
vn 0.77989 -0.61376 -0.12275
vn 0.78717 -0.61374 -0.06068
vn 0.73515 -0.67553 -0.05666
vn 0.67221 -0.73855 -0.05184
vn 0.58806 -0.80754 -0.04539
vn 0.48280 -0.87494 -0.03727
vn 0.01321 -0.99990 -0.00438
vn 0.01235 -0.99991 -0.00529
vn 0.01143 -0.99992 -0.00612
vn 0.01085 -0.99992 -0.00710
vn 0.01018 -0.99992 -0.00803
vn 0.00989 -0.99991 -0.00932
vn 0.00906 -0.99991 -0.01020
vn 0.00772 -0.99992 -0.01041
vn -0.00000 -0.99991 -0.01333
vn -0.00135 -0.99992 -0.01292
vn -0.00281 -0.99991 -0.01318
vn -0.00431 -0.99991 -0.01298
vn -0.00573 -0.99991 -0.01237
vn -0.00715 -0.99991 -0.01167
vn -0.00806 -0.99992 -0.01023
vn -0.01110 -0.99992 -0.00681
vn -0.01023 -0.99992 -0.00806
vn -0.01304 -0.99991 -0.00279
vn -0.00954 -0.99991 -0.00955
vn -0.01457 -0.99972 -0.01850
vn -0.01230 -0.99972 -0.02008
vn -0.00990 -0.99972 -0.02136
vn -0.00742 -0.99972 -0.02233
vn -0.00493 -0.99972 -0.02309
vn -0.00242 -0.99972 -0.02343
vn -0.65937 -0.73855 -0.14060
vn -0.57677 -0.80759 -0.12301
vn -0.47360 -0.87493 -0.10099
vn -0.36154 -0.92917 -0.07709
vn -0.25916 -0.96425 -0.05526
vn -0.20177 -0.97849 -0.04303
vn -0.13333 -0.99066 -0.02843
vn -0.08297 -0.99639 -0.01769
vn -0.55970 -0.80758 -0.18585
vn -0.45975 -0.87481 -0.15275
vn -0.35088 -0.92915 -0.11650
vn -0.25153 -0.96424 -0.08351
vn -0.19583 -0.97848 -0.06502
vn -0.12932 -0.99067 -0.04294
vn -0.08049 -0.99640 -0.02673
vn -0.05612 -0.99825 -0.01863
vn -0.43953 -0.87480 -0.20381
vn -0.33539 -0.92916 -0.15545
vn -0.24045 -0.96424 -0.11145
vn -0.18724 -0.97847 -0.08679
vn -0.12361 -0.99068 -0.05729
vn -0.07696 -0.99640 -0.03567
vn -0.05353 -0.99826 -0.02481
vn -0.02140 -0.99972 -0.00991
vn -0.31522 -0.92915 -0.19318
vn -0.22595 -0.96425 -0.13847
vn -0.17598 -0.97847 -0.10784
vn -0.11614 -0.99068 -0.07117
vn -0.07233 -0.99639 -0.04433
vn -0.05035 -0.99825 -0.03086
vn -0.02008 -0.99972 -0.01230
vn -0.20819 -0.96424 -0.16398
vn -0.16211 -0.97848 -0.12769
vn -0.10701 -0.99068 -0.08429
vn -0.06665 -0.99639 -0.05250
vn -0.04644 -0.99825 -0.03658
vn -0.01850 -0.99972 -0.01458
vn -0.18740 -0.96424 -0.18740
vn -0.14596 -0.97847 -0.14596
vn -0.09633 -0.99068 -0.09633
vn -0.06000 -0.99639 -0.05999
vn -0.04177 -0.99825 -0.04177
vn -0.01668 -0.99972 -0.01669
vn -0.16398 -0.96424 -0.20818
vn -0.12769 -0.97848 -0.16211
vn -0.08429 -0.99068 -0.10701
vn -0.05250 -0.99639 -0.06665
vn -0.03655 -0.99825 -0.04640
vn -0.10780 -0.97849 -0.17590
vn -0.07117 -0.99068 -0.11614
vn -0.04433 -0.99639 -0.07233
vn -0.03086 -0.99825 -0.05035
vn -0.31006 -0.67549 -0.66901
vn -0.21245 -0.73849 -0.63992
vn -0.12300 -0.80754 -0.57684
vn -0.05001 -0.87481 -0.48188
vn 0.00000 -0.92917 -0.36965
vn 0.02727 -0.96425 -0.26358
vn 0.04304 -0.97847 -0.20186
vn 0.03933 -0.99067 -0.13052
vn 0.03123 -0.99640 -0.07888
vn 0.02636 -0.99825 -0.05284
vn 0.01230 -0.99972 -0.02007
vn -0.05729 -0.99068 -0.12361
vn -0.03567 -0.99640 -0.07696
vn -0.02485 -0.99825 -0.05361
vn -0.23235 -0.67557 -0.69973
vn -0.14060 -0.73855 -0.65937
vn -0.06069 -0.80753 -0.58670
vn 0.00000 -0.87491 -0.48428
vn 0.03804 -0.92917 -0.36769
vn 0.05526 -0.96424 -0.25919
vn 0.05954 -0.97847 -0.19761
vn 0.05015 -0.99068 -0.12667
vn 0.03788 -0.99639 -0.07592
vn 0.03086 -0.99825 -0.05035
vn 0.01402 -0.99972 -0.01891
vn -0.02674 -0.99639 -0.08053
vn -0.01863 -0.99825 -0.05612
vn -0.15381 -0.67562 -0.72103
vn -0.06938 -0.73853 -0.67065
vn 0.00000 -0.80750 -0.58987
vn 0.04979 -0.87496 -0.48162
vn 0.07709 -0.92917 -0.36153
vn 0.07644 -0.96425 -0.25372
vn 0.07596 -0.97848 -0.19187
vn 0.06085 -0.99067 -0.12196
vn 0.04431 -0.99640 -0.07230
vn 0.03516 -0.99825 -0.04745
vn 0.01563 -0.99972 -0.01760
vn -0.01232 -0.99825 -0.05777
vn -0.07588 -0.67554 -0.73341
vn 0.00000 -0.73855 -0.67419
vn 0.06071 -0.80758 -0.58663
vn 0.10092 -0.87493 -0.47361
vn 0.10666 -0.92915 -0.35399
vn 0.09755 -0.96425 -0.24640
vn 0.09215 -0.97846 -0.18470
vn 0.07122 -0.99067 -0.11622
vn 0.05055 -0.99639 -0.06821
vn 0.03922 -0.99825 -0.04416
vn 0.01717 -0.99972 -0.01618
vn 0.00000 -0.67561 -0.73726
vn 0.06938 -0.73853 -0.67065
vn 0.12298 -0.80753 -0.57686
vn 0.14000 -0.87475 -0.46392
vn 0.13608 -0.92915 -0.34374
vn 0.11831 -0.96424 -0.23714
vn 0.10781 -0.97848 -0.17593
vn 0.08113 -0.99067 -0.10948
vn 0.05635 -0.99639 -0.06345
vn 0.04301 -0.99825 -0.04054
vn 0.01853 -0.99972 -0.01460
vn 0.07592 -0.67560 -0.73335
vn 0.14059 -0.73853 -0.65940
vn 0.17015 -0.80757 -0.56470
vn 0.17855 -0.87473 -0.45051
vn 0.16503 -0.92916 -0.33079
vn 0.13846 -0.96425 -0.22594
vn 0.12282 -0.97849 -0.16575
vn 0.09046 -0.99068 -0.10185
vn 0.06179 -0.99639 -0.05823
vn 0.04647 -0.99825 -0.03660
vn 0.01971 -0.99972 -0.01288
vn 0.15370 -0.67554 -0.72112
vn 0.19450 -0.73852 -0.64556
vn 0.21710 -0.80755 -0.54838
vn 0.21648 -0.87472 -0.43359
vn 0.19315 -0.92917 -0.31517
vn 0.15777 -0.96425 -0.21291
vn 0.13706 -0.97847 -0.15431
vn 0.09917 -0.99067 -0.09347
vn 0.06666 -0.99639 -0.05251
vn 0.04943 -0.99825 -0.03232
vn 0.02079 -0.99972 -0.01113
vn 0.21272 -0.67576 -0.70576
vn 0.24816 -0.73857 -0.62684
vn 0.26331 -0.80754 -0.52778
vn 0.25333 -0.87471 -0.41316
vn 0.22009 -0.92917 -0.29700
vn 0.17598 -0.96425 -0.19814
vn 0.15009 -0.97850 -0.14147
vn 0.10701 -0.99068 -0.08429
vn 0.07102 -0.99639 -0.04643
vn 0.05210 -0.99825 -0.02789
vn 0.02167 -0.99972 -0.00931
vn 0.69962 -0.67568 -0.23234
vn 0.65527 -0.73857 -0.15855
vn 0.58259 -0.80757 -0.09171
vn 0.71658 -0.67560 -0.17340
vn 0.66603 -0.73852 -0.10483
vn 0.72831 -0.67559 -0.11465
vn 0.92558 -0.31416 0.21122
vn 0.96105 -0.16819 0.21931
vn 0.97395 0.04522 0.22219
vn 0.94220 0.25697 0.21498
vn 0.86786 0.45563 0.19804
vn 0.75004 0.63886 0.17113
vn 0.62238 0.76972 0.14202
vn 0.57516 0.76975 0.27689
vn 0.37965 0.90690 0.18276
vn 0.32950 0.90689 0.26264
vn 0.23338 0.95442 0.18606
vn 0.18606 0.95444 0.23330
vn 0.11716 0.98619 0.11707
vn 0.09189 0.98619 0.13777
vn 0.12943 0.95443 0.26890
vn 0.06339 0.98619 0.15298
vn 0.06642 0.95443 0.29096
vn 0.03228 0.98619 0.16245
vn 0.00007 0.95444 0.29839
vn 0.00001 0.98620 0.16558
vn -0.03227 0.98619 0.16243
vn -0.06641 0.95443 0.29096
vn -0.06341 0.98620 0.15296
vn -0.12955 0.95442 0.26889
vn -0.09197 0.98619 0.13771
vn -0.18609 0.95442 0.23335
vn -0.11709 0.98620 0.11703
vn -0.23333 0.95441 0.18617
vn -0.13770 0.98619 0.09199
vn -0.26890 0.95443 0.12948
vn -0.15306 0.98619 0.06331
vn -0.29104 0.95441 0.06638
vn -0.16243 0.98619 0.03232
vn -0.41083 0.90688 0.09370
vn -0.62237 0.76975 0.14194
vn -0.75005 0.63888 0.17106
vn -0.86789 0.45563 0.19793
vn -0.94220 0.25705 0.21488
vn -0.87069 0.25709 0.41928
vn -0.90005 0.04534 0.43343
vn -0.78095 0.04581 0.62291
vn -0.77060 -0.16822 0.61472
vn -0.61463 -0.16824 0.77067
vn -0.59193 -0.31428 0.74219
vn -0.41207 -0.31428 0.85524
vn -0.21124 -0.31430 0.92552
vn 0.00021 -0.31425 0.94934
vn 0.21126 -0.31425 0.92554
vn 0.41169 -0.31429 0.85541
vn 0.59190 -0.31433 0.74219
vn 0.74235 -0.31425 0.59175
vn 0.85539 -0.31426 0.41176
vn -0.74215 -0.31423 0.59200
vn -0.88813 -0.16826 0.42768
vn -0.97396 0.04526 0.22215
vn -0.85532 -0.31431 0.41186
vn -0.96108 -0.16819 0.21919
vn -0.92558 -0.31423 0.21108
vn 0.13781 0.98619 0.09191
vn 0.26895 0.95441 0.12947
vn 0.41082 0.90688 0.09375
vn 0.15303 0.98619 0.06331
vn 0.29105 0.95440 0.06643
vn 0.16241 0.98619 0.03232
vn 0.88819 -0.16823 0.42757
vn 0.77083 -0.16823 0.61443
vn 0.61459 -0.16828 0.77069
vn 0.42750 -0.16824 0.88822
vn 0.21936 -0.16819 0.96104
vn 0.00022 -0.16823 0.98575
vn -0.21934 -0.16823 0.96104
vn -0.42789 -0.16823 0.88804
vn 0.90008 0.04583 0.43330
vn 0.78112 0.04581 0.62270
vn 0.62284 0.04534 0.78103
vn 0.43329 0.04581 0.90009
vn 0.22229 0.04523 0.97393
vn 0.00022 0.04523 0.99898
vn -0.22228 0.04582 0.97391
vn -0.43364 0.04523 0.89995
vn -0.62287 0.04533 0.78101
vn 0.87073 0.25716 0.41917
vn 0.75570 0.25704 0.60237
vn 0.60251 0.25719 0.75554
vn 0.41910 0.25718 0.87075
vn 0.21503 0.25721 0.94213
vn 0.00022 0.25704 0.96640
vn -0.21502 0.25719 0.94214
vn -0.41948 0.25713 0.87059
vn -0.60254 0.25721 0.75551
vn -0.75547 0.25703 0.60266
vn 0.80206 0.45565 0.38611
vn 0.69608 0.45565 0.55484
vn 0.55497 0.45573 0.69593
vn 0.38605 0.45565 0.80209
vn 0.19807 0.45565 0.86784
vn 0.00020 0.45565 0.89016
vn -0.19807 0.45568 0.86783
vn -0.38640 0.45564 0.80192
vn -0.55503 0.45566 0.69593
vn -0.69588 0.45564 0.55511
vn -0.80200 0.45567 0.38620
vn 0.69315 0.63891 0.33368
vn 0.60162 0.63881 0.47955
vn 0.47966 0.63885 0.60149
vn 0.33367 0.63880 0.69325
vn 0.17119 0.63887 0.75003
vn 0.00017 0.63881 0.76936
vn -0.17118 0.63885 0.75004
vn -0.33395 0.63885 0.69308
vn -0.47968 0.63887 0.60146
vn -0.60145 0.63880 0.47979
vn -0.69310 0.63892 0.33376
vn 0.49918 0.76974 0.39790
vn 0.26268 0.90692 0.32938
vn 0.39798 0.76978 0.49905
vn 0.27685 0.76973 0.57521
vn 0.14204 0.76975 0.62234
vn 0.00014 0.76974 0.63836
vn -0.14204 0.76978 0.62231
vn -0.27710 0.76974 0.57508
vn -0.39801 0.76975 0.49907
vn -0.49904 0.76973 0.39809
vn -0.57512 0.76977 0.27695
vn 0.18273 0.90691 0.37964
vn 0.09376 0.90690 0.41078
vn 0.00009 0.90690 0.42134
vn -0.09374 0.90692 0.41074
vn -0.18291 0.90689 0.37961
vn -0.26272 0.90690 0.32942
vn -0.32942 0.90688 0.26278
vn -0.37960 0.90691 0.18280
vn 0.80145 0.59230 0.08287
vn 0.82907 0.55316 0.08166
vn 0.72503 0.68462 0.07501
vn 0.66038 0.74782 0.06829
vn 0.58544 0.80844 0.06073
vn 0.50384 0.86222 0.05217
vn 0.42158 0.90574 0.04361
vn 0.49536 0.86224 0.10564
vn 0.41458 0.90571 0.08841
vn 0.48067 0.86225 0.15961
vn 0.40229 0.90571 0.13357
vn 0.45953 0.86224 0.21301
vn 0.38457 0.90572 0.17825
vn 0.43186 0.86223 0.26467
vn 0.36145 0.90569 0.22152
vn 0.39787 0.86225 0.31340
vn 0.33300 0.90571 0.26230
vn 0.35813 0.86225 0.35814
vn 0.29977 0.90569 0.29978
vn 0.31340 0.86225 0.39787
vn 0.26230 0.90571 0.33300
vn 0.26462 0.86228 0.43179
vn 0.22146 0.90574 0.36138
vn 0.21305 0.86219 0.45960
vn 0.17829 0.90568 0.38465
vn 0.15963 0.86223 0.48071
vn 0.13357 0.90571 0.40229
vn 0.10564 0.86224 0.49536
vn 0.08841 0.90571 0.41458
vn 0.05215 0.86224 0.50382
vn 0.04362 0.90572 0.42162
vn -0.00001 0.90573 0.42386
vn -0.00000 0.93775 0.34731
vn -0.03576 0.93772 0.34555
vn -0.02874 0.96021 0.27781
vn -0.07241 0.93774 0.33972
vn -0.05824 0.96022 0.27310
vn -0.10020 0.93774 0.33256
vn -0.08056 0.96022 0.26739
vn -0.12788 0.93772 0.32300
vn -0.10284 0.96018 0.25975
vn -0.15503 0.93777 0.31074
vn -0.12464 0.96024 0.24983
vn -0.18151 0.93773 0.29618
vn -0.14589 0.96023 0.23806
vn -0.20682 0.93773 0.27910
vn -0.16626 0.96022 0.22437
vn -0.23065 0.93774 0.25969
vn -0.18541 0.96023 0.20876
vn -0.25276 0.93774 0.23823
vn -0.20326 0.96020 0.19157
vn -0.27289 0.93772 0.21495
vn -0.21937 0.96022 0.17280
vn -0.29071 0.93774 0.19006
vn -0.23366 0.96024 0.15276
vn -0.24619 0.96022 0.13179
vn -0.19360 0.97559 0.10368
vn -0.20156 0.97565 0.08651
vn -0.20816 0.97565 0.06910
vn -0.21330 0.97562 0.05168
vn -0.21671 0.97564 0.03409
vn -0.27593 0.96020 0.04343
vn -0.27842 0.96022 0.02146
vn -0.34635 0.93773 0.02666
vn 0.34547 0.93775 0.03574
vn 0.33970 0.93774 0.07243
vn 0.32967 0.93773 0.10946
vn 0.31522 0.93770 0.14611
vn 0.29621 0.93771 0.18153
vn 0.27285 0.93774 0.21492
vn 0.24563 0.93773 0.24564
vn 0.21492 0.93774 0.27285
vn 0.18156 0.93770 0.29625
vn 0.14609 0.93772 0.31518
vn 0.10944 0.93775 0.32963
vn 0.07246 0.93771 0.33979
vn 0.03577 0.93770 0.34559
vn -0.00000 0.96022 0.27926
vn -0.02261 0.97560 0.21837
vn -0.04571 0.97564 0.21454
vn -0.06325 0.97566 0.20995
vn -0.08073 0.97565 0.20394
vn -0.09804 0.97562 0.19635
vn -0.11462 0.97563 0.18709
vn -0.13058 0.97565 0.17621
vn -0.14570 0.97560 0.16423
vn -0.15961 0.97565 0.15043
vn -0.17246 0.97559 0.13596
vn -0.18367 0.97563 0.12008
vn 0.27785 0.96020 0.02869
vn 0.27314 0.96021 0.05824
vn 0.26503 0.96022 0.08800
vn 0.25343 0.96020 0.11747
vn 0.23814 0.96020 0.14594
vn 0.21934 0.96023 0.17277
vn 0.19753 0.96019 0.19754
vn 0.17283 0.96020 0.21941
vn 0.14594 0.96020 0.23814
vn 0.11745 0.96021 0.25339
vn 0.08801 0.96020 0.26508
vn 0.05826 0.96020 0.27318
vn 0.02874 0.96021 0.27781
vn -0.00000 0.97564 0.21940
vn 0.21814 0.97566 0.02256
vn 0.21445 0.97567 0.04572
vn 0.20809 0.97567 0.06910
vn 0.19901 0.97565 0.09226
vn 0.18705 0.97564 0.11461
vn 0.17228 0.97566 0.13570
vn 0.15508 0.97565 0.15509
vn 0.13575 0.97564 0.17232
vn 0.11460 0.97565 0.18703
vn 0.09233 0.97563 0.19907
vn 0.06913 0.97563 0.20824
vn 0.04576 0.97564 0.21454
vn 0.02257 0.97565 0.21817
vn -0.21863 0.97566 0.01683
vn -0.42261 0.90573 0.03257
vn -0.50500 0.86224 0.03896
vn -0.58680 0.80847 0.04522
vn -0.50041 0.86219 0.07879
vn -0.58194 0.80802 0.09191
vn -0.49238 0.86218 0.11916
vn -0.57222 0.80832 0.13849
vn -0.48072 0.86222 0.15962
vn -0.55889 0.80818 0.18569
vn -0.46540 0.86227 0.19975
vn -0.54139 0.80798 0.23250
vn -0.51942 0.80797 0.27819
vn -0.58522 0.74786 0.31340
vn -0.55563 0.74785 0.36331
vn -0.61006 0.68463 0.39888
vn -0.52147 0.74785 0.41085
vn -0.57254 0.68463 0.45109
vn -0.48310 0.74785 0.45535
vn -0.53041 0.68463 0.49995
vn -0.44088 0.74785 0.49634
vn -0.48406 0.68463 0.54494
vn -0.39533 0.74785 0.53333
vn -0.43405 0.68463 0.58556
vn -0.34701 0.74785 0.56595
vn -0.38087 0.68460 0.62150
vn -0.29655 0.74786 0.59394
vn -0.32541 0.68461 0.65224
vn -0.24459 0.74787 0.61714
vn -0.26831 0.68462 0.67772
vn -0.19178 0.74788 0.63552
vn -0.21027 0.68463 0.69790
vn -0.13838 0.74782 0.64932
vn -0.15200 0.68463 0.71287
vn -0.06863 0.74777 0.66040
vn -0.07500 0.68463 0.72502
vn -0.00001 0.68463 0.72889
vn -0.00001 0.59230 0.80572
vn 0.08291 0.59229 0.80145
vn 0.08048 0.55324 0.82912
vn 0.16256 0.55316 0.81706
vn -0.66216 0.74763 0.05092
vn -0.65568 0.74791 0.10355
vn -0.64513 0.74789 0.15642
vn -0.62993 0.74788 0.20944
vn -0.60998 0.74787 0.26194
vn -0.64277 0.68464 0.34369
vn -0.67437 0.59233 0.44088
vn -0.63293 0.59232 0.49855
vn -0.58633 0.59231 0.55262
vn -0.53504 0.59231 0.60241
vn -0.47970 0.59231 0.64735
vn -0.42100 0.59231 0.68697
vn -0.35970 0.59229 0.72098
vn -0.29658 0.59231 0.74914
vn -0.23243 0.59232 0.77145
vn -0.16801 0.59232 0.78799
vn -0.08291 0.59231 0.80143
vn -0.08160 0.55315 0.82908
vn -0.00198 0.55315 0.83308
vn -0.72675 0.68462 0.05602
vn -0.72004 0.68462 0.11333
vn -0.70844 0.68464 0.17141
vn -0.69176 0.68463 0.22968
vn -0.66981 0.68462 0.28747
vn -0.71056 0.59231 0.37983
vn -0.73470 0.55314 0.39274
vn -0.69270 0.55314 0.46282
vn -0.80333 0.59231 0.06192
vn -0.79591 0.59232 0.12527
vn -0.78312 0.59230 0.18948
vn -0.76466 0.59232 0.25388
vn -0.74040 0.59230 0.31777
vn -0.82908 0.55314 0.08167
vn -0.81709 0.55313 0.16251
vn -0.79719 0.55316 0.24186
vn -0.76971 0.55313 0.31874
vn -0.64400 0.55315 0.52848
vn -0.58913 0.55314 0.58903
vn -0.52851 0.55314 0.64398
vn -0.46275 0.55315 0.69274
vn -0.39277 0.55314 0.73469
vn -0.31891 0.55315 0.76962
vn -0.24183 0.55313 0.79722
vn -0.16237 0.55313 0.81712
vn 0.16802 0.59230 0.78801
vn 0.24183 0.55316 0.79720
vn 0.25388 0.59232 0.76466
vn 0.31876 0.55314 0.76969
vn 0.33882 0.59230 0.73101
vn 0.39275 0.55315 0.73469
vn 0.42100 0.59232 0.68697
vn 0.46282 0.55315 0.69270
vn 0.49857 0.59229 0.63295
vn 0.52852 0.55313 0.64399
vn 0.56971 0.59232 0.56972
vn 0.58908 0.55316 0.58906
vn 0.64397 0.55313 0.52854
vn 0.63293 0.59232 0.49856
vn 0.69268 0.55316 0.46283
vn 0.68698 0.59230 0.42100
vn 0.73470 0.55314 0.39274
vn 0.73101 0.59230 0.33882
vn 0.76968 0.55316 0.31876
vn 0.76467 0.59230 0.25388
vn 0.79718 0.55318 0.24187
vn 0.78801 0.59229 0.16802
vn 0.81710 0.55313 0.16248
vn 0.57573 0.80837 0.12276
vn 0.55877 0.80829 0.18559
vn 0.53415 0.80832 0.24761
vn 0.50200 0.80829 0.30768
vn 0.46249 0.80832 0.36431
vn 0.41630 0.80832 0.41631
vn 0.36434 0.80829 0.46252
vn 0.30774 0.80823 0.50205
vn 0.24758 0.80834 0.53412
vn 0.18556 0.80832 0.55874
vn 0.12294 0.80822 0.57591
vn 0.06081 0.80818 0.58579
vn -0.00001 0.86225 0.50648
vn -0.04362 0.90572 0.42162
vn -0.08835 0.90571 0.41459
vn -0.12226 0.90574 0.40581
vn -0.15603 0.90572 0.39412
vn -0.18922 0.90573 0.37927
vn -0.22148 0.90573 0.36140
vn -0.25239 0.90570 0.34059
vn -0.28151 0.90570 0.31696
vn -0.30846 0.90572 0.29073
vn -0.33301 0.90570 0.26231
vn -0.35478 0.90572 0.23195
vn -0.30622 0.93775 0.16389
vn -0.25672 0.96018 0.11019
vn -0.26504 0.96021 0.08800
vn -0.27146 0.96021 0.06568
vn 0.64932 0.74770 0.13904
vn 0.63008 0.74767 0.20972
vn 0.60235 0.74765 0.27961
vn 0.56610 0.74764 0.34723
vn 0.52162 0.74763 0.41105
vn 0.46960 0.74763 0.46961
vn 0.41105 0.74763 0.52162
vn 0.34723 0.74764 0.56610
vn 0.27961 0.74765 0.60235
vn 0.20915 0.74783 0.63008
vn 0.13904 0.74770 0.64932
vn 0.06897 0.74772 0.66042
vn -0.00001 0.80826 0.58883
vn -0.05215 0.86223 0.50382
vn -0.10559 0.86228 0.49530
vn -0.14616 0.86220 0.48502
vn -0.18643 0.86227 0.47089
vn -0.22606 0.86231 0.45312
vn -0.26467 0.86223 0.43187
vn -0.30158 0.86222 0.40696
vn -0.33634 0.86225 0.37869
vn -0.36858 0.86225 0.34739
vn -0.39787 0.86225 0.31341
vn -0.42385 0.86230 0.27710
vn -0.37376 0.90571 0.20001
vn -0.31923 0.93772 0.13701
vn -0.32964 0.93774 0.10945
vn -0.33771 0.93770 0.08172
vn -0.34316 0.93772 0.05402
vn 0.71285 0.68464 0.15200
vn 0.69176 0.68462 0.22968
vn 0.66133 0.68461 0.30652
vn 0.62147 0.68463 0.38085
vn 0.57259 0.68463 0.45102
vn 0.51540 0.68463 0.51541
vn 0.45103 0.68463 0.57259
vn 0.38086 0.68463 0.62147
vn 0.30651 0.68464 0.66130
vn 0.22968 0.68462 0.69176
vn 0.15200 0.68464 0.71285
vn 0.07500 0.68463 0.72502
vn -0.00000 0.74774 0.66399
vn -0.06072 0.80825 0.58570
vn -0.12276 0.80837 0.57573
vn -0.17022 0.80800 0.56406
vn -0.21680 0.80826 0.54746
vn -0.26301 0.80817 0.52696
vn -0.30800 0.80797 0.50232
vn -0.35049 0.80836 0.47297
vn -0.39104 0.80825 0.44026
vn -0.42831 0.80845 0.40368
vn -0.46256 0.80825 0.36438
vn -0.49316 0.80796 0.32248
vn -0.44661 0.86223 0.23896
vn -0.38948 0.90574 0.16716
vn -0.40220 0.90576 0.13353
vn -0.41205 0.90569 0.09970
vn -0.41868 0.90574 0.06590
vn 0.74317 0.66509 0.07322
vn 0.78702 0.61052 0.08868
vn 0.73242 0.66509 0.14566
vn 0.77216 0.61050 0.17622
vn 0.71461 0.66508 0.21680
vn 0.75625 0.61052 0.23527
vn 0.73590 0.61055 0.29272
vn 0.71110 0.61054 0.34867
vn 0.68215 0.61051 0.40244
vn 0.64912 0.61058 0.45370
vn 0.61216 0.61057 0.50246
vn 0.57164 0.61052 0.54818
vn 0.57834 0.66509 0.47241
vn 0.52803 0.66508 0.52806
vn 0.52780 0.61051 0.59052
vn 0.47375 0.66508 0.57726
vn 0.48063 0.61055 0.62947
vn 0.41485 0.66510 0.62092
vn 0.43073 0.61052 0.66464
vn 0.35205 0.66508 0.65858
vn 0.37830 0.61052 0.69581
vn 0.32339 0.61054 0.72296
vn 0.26676 0.61054 0.74571
vn 0.20867 0.61054 0.76400
vn 0.14911 0.61052 0.77784
vn 0.08865 0.61052 0.78703
vn 0.14573 0.66509 0.73241
vn 0.07318 0.66500 0.74325
vn 0.02749 0.61050 0.79154
vn -0.03342 0.61054 0.79128
vn -0.09402 0.61054 0.78638
vn -0.15423 0.61057 0.77680
vn -0.21386 0.61054 0.76256
vn -0.27215 0.61053 0.74376
vn -0.32879 0.61055 0.72050
vn -0.38317 0.61053 0.69314
vn -0.43522 0.61053 0.66169
vn -0.48495 0.61052 0.62617
vn -0.53194 0.61054 0.58676
vn -0.57559 0.61052 0.54403
vn -0.61575 0.61054 0.49809
vn -0.65229 0.61055 0.44915
vn -0.68491 0.61052 0.39769
vn -0.71357 0.61053 0.34363
vn -0.74755 0.61054 0.26157
vn -0.77208 0.61061 0.17618
vn -0.78702 0.61052 0.08869
vn 0.21673 0.66510 0.71461
vn 0.28573 0.66510 0.68993
vn 0.62091 0.66509 0.41488
vn 0.65856 0.66507 0.35210
vn 0.68995 0.66507 0.28576
vn -0.80911 0.55792 0.18454
vn -0.68749 0.70906 0.15679
vn -0.56174 0.81735 0.12803
vn -0.37814 0.92172 0.08624
vn -0.17918 0.98297 0.04085
vn -0.16559 0.98297 0.07973
vn -0.34941 0.92174 0.16826
vn -0.30322 0.92171 0.24188
vn -0.45038 0.81736 0.35928
vn -0.35923 0.81736 0.45043
vn -0.43962 0.70914 0.55123
vn -0.30612 0.70899 0.63531
vn -0.36024 0.55793 0.74763
vn -0.18464 0.55797 0.80906
vn 0.00015 0.55766 0.83007
vn 0.18467 0.55795 0.80907
vn 0.35991 0.55792 0.74779
vn 0.51741 0.55798 0.64880
vn 0.64897 0.55792 0.51727
vn 0.74774 0.55795 0.35997
vn 0.80910 0.55791 0.18465
vn -0.14367 0.98297 0.11460
vn -0.24183 0.92172 0.30322
vn -0.25009 0.81734 0.51905
vn -0.15689 0.70911 0.68742
vn -0.11458 0.98297 0.14364
vn -0.16837 0.92171 0.34943
vn -0.12818 0.81739 0.56165
vn 0.00017 0.70899 0.70521
vn -0.07977 0.98297 0.16553
vn -0.08628 0.92174 0.37808
vn 0.00014 0.81734 0.57616
vn 0.15691 0.70911 0.68742
vn -0.04091 0.98296 0.17919
vn 0.00010 0.92171 0.38787
vn 0.12820 0.81738 0.56165
vn 0.30582 0.70903 0.63542
vn 0.00003 0.98292 0.18406
vn 0.08630 0.92174 0.37808
vn 0.24987 0.81734 0.51916
vn 0.43957 0.70922 0.55118
vn 0.04091 0.98297 0.17917
vn 0.07970 0.98297 0.16558
vn 0.11459 0.98297 0.14365
vn 0.14373 0.98296 0.11455
vn 0.16557 0.98297 0.07970
vn 0.17921 0.98296 0.04090
vn 0.37815 0.92171 0.08630
vn 0.34941 0.92174 0.16821
vn 0.30331 0.92171 0.24176
vn 0.24180 0.92174 0.30319
vn 0.16821 0.92171 0.34950
vn 0.56172 0.81733 0.12819
vn 0.68753 0.70899 0.15695
vn -0.51743 0.55797 0.64879
vn -0.55122 0.70908 0.43972
vn -0.51906 0.81737 0.24996
vn -0.64876 0.55791 0.51754
vn -0.63529 0.70910 0.30593
vn -0.74769 0.55795 0.36007
vn 0.35920 0.81739 0.45040
vn 0.45054 0.81734 0.35912
vn 0.51907 0.81738 0.24990
vn 0.55144 0.70903 0.43954
vn 0.63534 0.70908 0.30586
vn -0.81567 0.55176 -0.17393
vn -0.75668 0.55175 -0.35073
vn -0.65516 0.55178 -0.51605
vn -0.51606 0.55177 -0.65515
vn -0.35072 0.55176 -0.75668
vn -0.17392 0.55177 -0.81566
vn 0.00001 0.55173 -0.83402
vn 0.17392 0.55177 -0.81566
vn 0.30698 0.55176 -0.77545
vn 0.15083 0.69055 -0.70739
vn 0.26625 0.69053 -0.67251
vn 0.12652 0.79498 -0.59330
vn 0.22332 0.79495 -0.56408
vn 0.10356 0.86799 -0.48566
vn 0.18278 0.86800 -0.46170
vn 0.07050 0.94112 -0.33065
vn 0.12445 0.94111 -0.31436
vn 0.04724 0.97401 -0.22152
vn 0.08341 0.97399 -0.21068
vn 0.02817 0.99083 -0.13218
vn 0.04972 0.99083 -0.12560
vn 0.01576 0.99714 -0.07394
vn 0.02785 0.99713 -0.07034
vn -0.70738 0.69056 -0.15082
vn -0.59332 0.79496 -0.12652
vn -0.48568 0.86798 -0.10355
vn -0.33065 0.94112 -0.07050
vn -0.22153 0.97401 -0.04724
vn -0.13213 0.99083 -0.02818
vn -0.07396 0.99714 -0.01577
vn 0.07472 0.99714 -0.01176
vn 0.13342 0.99084 -0.02099
vn 0.22383 0.97399 -0.03527
vn 0.33400 0.94111 -0.05257
vn 0.49052 0.86800 -0.07721
vn 0.59928 0.79496 -0.09433
vn 0.71455 0.69048 -0.11250
vn 0.82386 0.55176 -0.12967
vn 0.79151 0.55177 -0.26280
vn 0.73521 0.55177 -0.39372
vn 0.65516 0.55176 -0.51606
vn 0.55383 0.55175 -0.62357
vn 0.43577 0.55175 -0.71110
vn -0.06861 0.99714 -0.03180
vn -0.05943 0.99713 -0.04681
vn -0.04678 0.99714 -0.05939
vn -0.03182 0.99713 -0.06866
vn -0.01577 0.99713 -0.07398
vn 0.00000 0.99714 -0.07561
vn 0.03950 0.99714 -0.06446
vn 0.05022 0.99714 -0.05655
vn 0.05941 0.99714 -0.04679
vn 0.06668 0.99714 -0.03571
vn 0.07177 0.99714 -0.02383
vn 0.00000 0.99083 -0.13509
vn -0.02818 0.99083 -0.13217
vn -0.04725 0.97400 -0.22155
vn -0.05680 0.99084 -0.12255
vn -0.09526 0.97400 -0.20553
vn -0.08360 0.99083 -0.10613
vn -0.14016 0.97401 -0.17794
vn -0.10613 0.99083 -0.08359
vn -0.17794 0.97401 -0.14016
vn -0.12255 0.99084 -0.05680
vn -0.20553 0.97400 -0.09526
vn -0.30675 0.94111 -0.14218
vn -0.26558 0.94112 -0.20920
vn -0.20920 0.94112 -0.26558
vn -0.14218 0.94111 -0.30675
vn -0.07050 0.94112 -0.33065
vn 0.00000 0.97399 -0.22657
vn -0.45052 0.86800 -0.20882
vn -0.39008 0.86800 -0.30726
vn -0.30727 0.86800 -0.39008
vn -0.20882 0.86800 -0.45052
vn -0.10355 0.86800 -0.48564
vn 0.00000 0.94111 -0.33809
vn -0.55045 0.79493 -0.25515
vn -0.47657 0.79496 -0.37539
vn -0.37539 0.79496 -0.47657
vn -0.25512 0.79495 -0.55042
vn -0.12652 0.79495 -0.59334
vn 0.00000 0.86800 -0.49656
vn -0.65624 0.69054 -0.30416
vn -0.56819 0.69055 -0.44755
vn -0.44758 0.69052 -0.56821
vn -0.30419 0.69050 -0.65626
vn -0.15084 0.69054 -0.70740
vn 0.00001 0.79497 -0.60664
vn 0.68647 0.69051 -0.22793
vn 0.63761 0.69055 -0.34145
vn 0.56819 0.69054 -0.44756
vn 0.48031 0.69055 -0.54078
vn 0.37793 0.69055 -0.61669
vn 0.57575 0.79496 -0.19117
vn 0.53478 0.79498 -0.28638
vn 0.47657 0.79497 -0.37539
vn 0.40286 0.79496 -0.45358
vn 0.31698 0.79497 -0.51724
vn 0.47127 0.86800 -0.15647
vn 0.43778 0.86798 -0.23444
vn 0.39010 0.86799 -0.30727
vn 0.32974 0.86801 -0.37126
vn 0.25947 0.86799 -0.42340
vn 0.32088 0.94111 -0.10654
vn 0.29807 0.94110 -0.15963
vn 0.26559 0.94111 -0.20921
vn 0.22452 0.94111 -0.25279
vn 0.17667 0.94111 -0.28828
vn 0.21498 0.97401 -0.07138
vn 0.19967 0.97401 -0.10693
vn 0.17793 0.97401 -0.14015
vn 0.15041 0.97401 -0.16935
vn 0.11839 0.97400 -0.19317
vn 0.12823 0.99083 -0.04257
vn 0.11908 0.99084 -0.06377
vn 0.10610 0.99084 -0.08358
vn 0.08970 0.99084 -0.10099
vn 0.07059 0.99083 -0.11518
vn 0.00001 0.69055 -0.72328
vn 0.06809 0.46367 0.88339
vn 0.13776 0.46370 0.87522
vn 0.07501 0.22468 0.97154
vn 0.15152 0.22473 0.96257
vn 0.07689 -0.03071 0.99657
vn 0.15543 -0.03069 0.98737
vn 0.07382 -0.27825 0.95767
vn 0.14934 -0.27824 0.94883
vn 0.06954 -0.43148 0.89944
vn 0.14073 -0.43141 0.89111
vn 0.06318 -0.57585 0.81511
vn 0.12754 -0.57584 0.80755
vn 0.05434 -0.70760 0.70452
vn 0.10976 -0.70777 0.69787
vn 0.04400 -0.81994 0.57076
vn 0.08900 -0.81995 0.56548
vn 0.02986 -0.92146 0.38732
vn 0.06040 -0.92147 0.38373
vn 0.01474 -0.98144 0.19119
vn 0.02981 -0.98144 0.18942
vn 0.00357 -0.99892 0.04635
vn 0.00725 -0.99892 0.04593
vn -0.01073 -0.99084 -0.13459
vn -0.02095 -0.99090 -0.13300
vn -0.02448 -0.94810 -0.31703
vn -0.04944 -0.94815 -0.31396
vn -0.03788 -0.87007 -0.49147
vn -0.07664 -0.87010 -0.48688
vn -0.04996 -0.76013 -0.64785
vn -0.10103 -0.76017 -0.64182
vn -0.06005 -0.62420 -0.77895
vn -0.12147 -0.62422 -0.77175
vn -0.18374 -0.62420 -0.75935
vn -0.24618 -0.62419 -0.74147
vn -0.30813 -0.62419 -0.71794
vn -0.36829 -0.62418 -0.68903
vn -0.42753 -0.62419 -0.65392
vn -0.35553 -0.76018 -0.54381
vn -0.40204 -0.76018 -0.51038
vn -0.30497 -0.87011 -0.38717
vn -0.33804 -0.87011 -0.35866
vn -0.21806 -0.94812 -0.23136
vn -0.23771 -0.94811 -0.21113
vn -0.10073 -0.99088 -0.08948
vn -0.10806 -0.99091 -0.08009
vn 0.03737 -0.99892 0.02769
vn 0.03964 -0.99892 0.02429
vn 0.16349 -0.98144 0.10019
vn 0.17156 -0.98145 0.08559
vn 0.34759 -0.92147 0.17341
vn 0.36122 -0.92145 0.14301
vn 0.53224 -0.81995 0.21071
vn 0.54808 -0.81996 0.16513
vn 0.67655 -0.70762 0.20384
vn 0.69106 -0.70762 0.14733
vn 0.79962 -0.57582 0.17041
vn 0.81324 -0.57581 0.08416
vn 0.89734 -0.43142 0.09306
vn 0.90227 -0.43117 0.00000
vn 0.96051 -0.27824 0.00000
vn 0.95542 -0.27823 -0.09884
vn 0.99422 -0.03070 -0.10290
vn 0.97755 -0.03077 -0.20844
vn 0.95299 0.22481 -0.20317
vn 0.92478 0.22470 -0.30707
vn 0.84085 0.46371 -0.27918
vn 0.80385 0.46368 -0.37258
vn 0.75542 0.46371 -0.46294
vn 0.69601 0.46367 -0.54825
vn 0.62650 0.46367 -0.62650
vn 0.54824 0.46369 -0.69601
vn 0.46294 0.46370 -0.75542
vn 0.37258 0.46368 -0.80386
vn 0.27918 0.46369 -0.84086
vn 0.18476 0.46368 -0.86653
vn 0.09120 0.46369 -0.88129
vn -0.48343 -0.62422 -0.61372
vn -0.44567 -0.76013 -0.47285
vn -0.36853 -0.87009 -0.32732
vn -0.25548 -0.94810 -0.18932
vn -0.11419 -0.99099 -0.07002
vn 0.04162 -0.99892 0.02076
vn 0.17828 -0.98145 0.07058
vn 0.37198 -0.92145 0.11208
vn 0.55986 -0.81994 0.11937
vn 0.70288 -0.70758 0.07274
vn 0.81777 -0.57555 -0.00000
vn 0.89734 -0.43141 -0.09307
vn 0.93939 -0.27825 -0.20030
vn 0.94860 -0.03075 -0.31497
vn 0.88407 0.22469 -0.40980
vn -0.53586 -0.62419 -0.56854
vn -0.48580 -0.76015 -0.43147
vn -0.39595 -0.87013 -0.29342
vn -0.27106 -0.94812 -0.16612
vn -0.12062 -0.99087 -0.06018
vn 0.04321 -0.99892 0.01711
vn 0.18359 -0.98144 0.05531
vn 0.37993 -0.92146 0.08098
vn 0.56939 -0.81995 0.05891
vn 0.70659 -0.70762 0.00000
vn 0.81331 -0.57565 -0.08462
vn 0.88228 -0.43157 -0.18794
vn 0.91157 -0.27827 -0.30265
vn 0.90685 -0.03079 -0.42032
vn 0.83082 0.22462 -0.50920
vn -0.58412 -0.62422 -0.51880
vn -0.52201 -0.76018 -0.38683
vn -0.42024 -0.87010 -0.25754
vn -0.28458 -0.94808 -0.14198
vn -0.12505 -0.99091 -0.04953
vn 0.04451 -0.99892 0.01341
vn 0.18753 -0.98144 0.03998
vn 0.38632 -0.92150 0.03996
vn 0.57245 -0.81994 -0.00000
vn 0.70286 -0.70760 -0.07273
vn 0.79963 -0.57572 -0.17071
vn 0.85615 -0.43145 -0.28435
vn 0.87146 -0.27823 -0.40392
vn 0.85222 -0.03074 -0.52228
vn 0.76546 0.22479 -0.60294
vn -0.62771 -0.62421 -0.46513
vn -0.55394 -0.76020 -0.33948
vn -0.44101 -0.87011 -0.22003
vn -0.29565 -0.94810 -0.11705
vn -0.12835 -0.99097 -0.03873
vn 0.04546 -0.99892 0.00969
vn 0.19072 -0.98145 0.01973
vn 0.38849 -0.92145 -0.00000
vn 0.56942 -0.81993 -0.05891
vn 0.69111 -0.70755 -0.14741
vn 0.77593 -0.57575 -0.25776
vn 0.81847 -0.43135 -0.37954
vn 0.81896 -0.27821 -0.50189
vn 0.78519 -0.03081 -0.61849
vn 0.68902 0.22475 -0.68902
vn -0.66613 -0.62420 -0.40823
vn -0.58139 -0.76016 -0.29006
vn -0.45828 -0.87009 -0.18143
vn -0.30431 -0.94815 -0.09170
vn -0.13171 -0.99089 -0.02793
vn 0.04626 -0.99892 0.00478
vn 0.19173 -0.98145 -0.00000
vn 0.38637 -0.92148 -0.03997
vn 0.55981 -0.81998 -0.11937
vn 0.67067 -0.70753 -0.22273
vn 0.74177 -0.57581 -0.34382
vn 0.76916 -0.43105 -0.47179
vn 0.75455 -0.27823 -0.59435
vn 0.70677 -0.03069 -0.70678
vn 0.60295 0.22474 -0.76547
vn -0.69909 -0.62420 -0.34878
vn -0.60407 -0.76020 -0.23916
vn -0.47188 -0.87012 -0.14219
vn -0.31098 -0.94810 -0.06628
vn -0.13402 -0.99088 -0.01387
vn 0.04650 -0.99892 -0.00000
vn 0.19072 -0.98145 -0.01973
vn 0.37994 -0.92146 -0.08102
vn 0.54329 -0.81994 -0.18038
vn 0.64120 -0.70746 -0.29726
vn 0.69718 -0.57538 -0.42764
vn 0.70873 -0.43102 -0.55850
vn 0.67918 -0.27825 -0.67919
vn 0.61850 -0.03067 -0.78519
vn 0.50916 0.22472 -0.83081
vn -0.72640 -0.62421 -0.28758
vn -0.62213 -0.76014 -0.18745
vn -0.48209 -0.87007 -0.10280
vn -0.31623 -0.94812 -0.03272
vn -0.13475 -0.99088 0.00000
vn 0.04626 -0.99892 -0.00479
vn 0.18752 -0.98145 -0.03998
vn 0.36868 -0.92146 -0.12241
vn 0.51932 -0.81998 -0.24071
vn 0.60257 -0.70747 -0.36932
vn 0.64241 -0.57536 -0.50623
vn 0.63789 -0.43147 -0.63790
vn 0.59435 -0.27823 -0.75454
vn 0.52228 -0.03074 -0.85222
vn 0.40985 0.22455 -0.88408
vn -0.74806 -0.62418 -0.22541
vn -0.63550 -0.76011 -0.13553
vn -0.49020 -0.87013 -0.05073
vn -0.31791 -0.94812 0.00000
vn -0.13383 -0.99091 0.01387
vn 0.04543 -0.99892 -0.00969
vn 0.18196 -0.98145 -0.06041
vn 0.35244 -0.92147 -0.16335
vn 0.48804 -0.81997 -0.29909
vn 0.55506 -0.70763 -0.43722
vn 0.57835 -0.57535 -0.57835
vn 0.55850 -0.43102 -0.70873
vn 0.50188 -0.27825 -0.81896
vn 0.42032 -0.03079 -0.90685
vn 0.30702 0.22479 -0.92477
vn -0.76407 -0.62422 -0.16292
vn -0.77711 -0.62421 -0.08040
vn -0.78127 -0.62419 0.00001
vn -0.77711 -0.62421 0.08039
vn -0.76408 -0.62421 0.16293
vn -0.74145 -0.62422 0.24617
vn -0.70882 -0.62422 0.32853
vn -0.66613 -0.62420 0.40823
vn -0.61373 -0.62421 0.48342
vn -0.55231 -0.62444 0.55229
vn -0.48342 -0.62421 0.61373
vn -0.40823 -0.62420 0.66612
vn -0.32855 -0.62420 0.70883
vn -0.24618 -0.62420 0.74146
vn -0.16292 -0.62420 0.76409
vn -0.08040 -0.62422 0.77710
vn -0.06688 -0.76016 0.64629
vn -0.13550 -0.76018 0.63542
vn -0.20474 -0.76019 0.61660
vn -0.27324 -0.76016 0.58949
vn -0.33947 -0.76022 0.55392
vn -0.40207 -0.76013 0.51044
vn -0.45942 -0.76018 0.45942
vn -0.51044 -0.76013 0.40206
vn -0.55397 -0.76018 0.33949
vn -0.58949 -0.76016 0.27323
vn -0.61660 -0.76019 0.20474
vn -0.63542 -0.76018 0.13551
vn -0.64631 -0.76014 0.06686
vn -0.64977 -0.76013 0.00000
vn -0.64627 -0.76017 -0.06687
vn -0.05073 -0.87008 0.49030
vn -0.03278 -0.94812 0.31623
vn -0.01395 -0.99087 0.13407
vn 0.00479 -0.99892 -0.04628
vn -0.02810 -0.99089 0.13172
vn 0.00970 -0.99892 -0.04548
vn -0.04247 -0.99088 0.12792
vn 0.01465 -0.99892 -0.04412
vn -0.05662 -0.99090 0.12213
vn 0.01956 -0.99892 -0.04220
vn -0.07043 -0.99087 0.11493
vn 0.02430 -0.99892 -0.03966
vn -0.08336 -0.99088 0.10582
vn 0.02877 -0.99892 -0.03653
vn -0.09528 -0.99088 0.09528
vn 0.03289 -0.99892 -0.03288
vn -0.10586 -0.99088 0.08339
vn 0.03653 -0.99892 -0.02877
vn -0.11493 -0.99087 0.07043
vn 0.03962 -0.99892 -0.02428
vn -0.12213 -0.99090 0.05662
vn 0.04220 -0.99892 -0.01956
vn -0.12773 -0.99090 0.04242
vn 0.04412 -0.99892 -0.01465
vn -0.13167 -0.99090 0.02809
vn 0.01973 -0.98145 -0.19072
vn 0.04016 -0.98145 -0.18748
vn 0.06056 -0.98145 -0.18190
vn 0.08074 -0.98145 -0.17391
vn 0.10026 -0.98144 -0.16344
vn 0.11867 -0.98145 -0.15059
vn 0.13558 -0.98145 -0.13558
vn 0.15059 -0.98145 -0.11867
vn 0.16344 -0.98145 -0.10026
vn 0.17391 -0.98144 -0.08075
vn 0.03998 -0.92145 -0.38643
vn 0.08100 -0.92148 -0.37989
vn 0.12240 -0.92148 -0.36864
vn 0.16335 -0.92147 -0.35244
vn 0.20295 -0.92149 -0.33117
vn 0.24039 -0.92145 -0.30519
vn 0.27468 -0.92147 -0.27468
vn 0.30514 -0.92147 -0.24036
vn 0.33121 -0.92147 -0.20297
vn 0.05891 -0.81998 -0.56936
vn 0.11938 -0.81993 -0.55988
vn 0.18038 -0.81994 -0.54329
vn 0.24072 -0.81995 -0.51936
vn 0.29909 -0.81998 -0.48804
vn 0.35418 -0.81999 -0.44964
vn 0.40477 -0.81995 -0.40478
vn 0.44967 -0.81996 -0.35421
vn 0.07277 -0.70757 -0.70289
vn 0.08424 -0.57580 -0.81324
vn 0.09294 -0.43147 -0.89733
vn 0.09883 -0.27826 -0.95541
vn 0.10293 -0.03072 -0.99421
vn 0.10040 0.22466 -0.96925
vn 0.86652 0.46369 -0.18476
vn 0.96925 0.22470 -0.10031
vn 0.99953 -0.03080 0.00000
vn 0.95541 -0.27824 0.09884
vn 0.88228 -0.43151 0.18813
vn 0.78281 -0.57582 0.23587
vn 0.65716 -0.70740 0.26025
vn 0.51220 -0.81997 0.25554
vn 0.33118 -0.92148 0.20295
vn 0.15404 -0.98145 0.11415
vn 0.03477 -0.99892 0.03089
vn -0.09238 -0.99089 -0.09801
vn -0.19673 -0.94811 -0.24976
vn -0.26972 -0.87008 -0.41256
vn -0.30629 -0.76018 -0.57299
vn 0.88129 0.46369 -0.09122
vn 0.97444 0.22463 0.00001
vn 0.99421 -0.03056 0.10298
vn 0.93940 -0.27823 0.20029
vn 0.86370 -0.43138 0.26064
vn 0.76010 -0.57577 0.30124
vn 0.63226 -0.70763 0.31544
vn 0.48808 -0.81995 0.29911
vn 0.31206 -0.92149 0.23124
vn 0.14335 -0.98145 0.12733
vn 0.03187 -0.99892 0.03382
vn -0.08323 -0.99091 -0.10566
vn -0.17393 -0.94814 -0.26604
vn -0.23235 -0.87010 -0.43468
vn -0.25624 -0.76020 -0.59702
vn 0.88599 0.46370 0.00001
vn 0.96925 0.22470 0.10031
vn 0.97756 -0.03077 0.20841
vn 0.91968 -0.27823 0.27709
vn 0.83872 -0.43135 0.33240
vn 0.73150 -0.57577 0.36523
vn 0.60264 -0.70737 0.36938
vn 0.45990 -0.81997 0.34080
vn 0.29047 -0.92145 0.25800
vn 0.13151 -0.98145 0.13953
vn 0.02875 -0.99892 0.03649
vn -0.07355 -0.99093 -0.11250
vn -0.14984 -0.94815 -0.28029
vn -0.19438 -0.87011 -0.45290
vn -0.20473 -0.76019 -0.61660
vn 0.88129 0.46369 0.09121
vn 0.86651 0.46370 0.18476
vn 0.84831 0.46371 0.25562
vn 0.82379 0.46370 0.32612
vn 0.90601 0.22469 0.35870
vn 0.87193 0.22469 0.43503
vn 0.89438 -0.03059 0.44625
vn 0.85222 -0.03054 0.52230
vn 0.81897 -0.27822 0.50189
vn 0.77171 -0.27827 0.57187
vn 0.72479 -0.43133 0.53725
vn 0.67452 -0.43132 0.59916
vn 0.61130 -0.57572 0.54301
vn 0.56082 -0.57573 0.59499
vn 0.48467 -0.70757 0.51423
vn 0.43721 -0.70765 0.55505
vn 0.35422 -0.81994 0.44970
vn 0.31323 -0.81997 0.47910
vn 0.21256 -0.92147 0.32513
vn 0.18314 -0.92145 0.34263
vn 0.09038 -0.98145 0.16909
vn 0.07563 -0.98145 0.17620
vn 0.01833 -0.99892 0.04270
vn 0.01465 -0.99892 0.04413
vn -0.04229 -0.99097 -0.12720
vn -0.03165 -0.99092 -0.13066
vn -0.07476 -0.94814 -0.30895
vn 0.79281 0.46368 0.39554
vn 0.83082 0.22466 0.50917
vn 0.80307 -0.03081 0.59509
vn 0.71816 -0.27822 0.63784
vn 0.61882 -0.43132 0.65652
vn 0.50601 -0.57573 0.64225
vn 0.38668 -0.70759 0.59144
vn 0.26985 -0.81994 0.50486
vn 0.15322 -0.92145 0.35700
vn 0.06042 -0.98144 0.18199
vn 0.01093 -0.99892 0.04519
vn 0.75544 0.46367 0.46295
vn 0.78288 0.22485 0.58012
vn 0.74732 -0.03071 0.66375
vn 0.65879 -0.27825 0.69897
vn 0.55834 -0.43133 0.70867
vn 0.44742 -0.57574 0.68435
vn 0.33318 -0.70753 0.62321
vn 0.22578 -0.81993 0.52606
vn 0.12241 -0.92146 0.36868
vn 0.04509 -0.98145 0.18633
vn 0.71185 0.46370 0.52750
vn 0.72855 0.22471 0.64708
vn 0.68556 -0.03071 0.72737
vn 0.59434 -0.27826 0.75454
vn 0.49369 -0.43133 0.75513
vn 0.38546 -0.57582 0.72101
vn 0.27871 -0.70755 0.64938
vn 0.18038 -0.81995 0.54328
vn 0.09137 -0.92144 0.37761
vn 0.66245 0.46368 0.58836
vn 0.66832 0.22484 0.70908
vn 0.61849 -0.03065 0.78519
vn 0.52560 -0.27826 0.80394
vn 0.42519 -0.43151 0.79562
vn 0.32258 -0.57577 0.75129
vn 0.22274 -0.70751 0.67068
vn 0.13462 -0.81994 0.55639
vn 0.60769 0.46368 0.64476
vn 0.60292 0.22485 0.76546
vn 0.54696 -0.03055 0.83660
vn 0.45277 -0.27826 0.84709
vn 0.35594 -0.43136 0.82900
vn 0.25795 -0.57579 0.77584
vn 0.16617 -0.70762 0.68677
vn 0.54824 0.46369 0.69601
vn 0.53322 0.22466 0.81560
vn 0.47118 -0.03074 0.88150
vn 0.37883 -0.27823 0.88265
vn 0.28431 -0.43148 0.85615
vn 0.19265 -0.57581 0.79456
vn 0.48482 0.46369 0.74158
vn 0.45935 0.22472 0.85936
vn 0.39423 -0.03060 0.91850
vn 0.30266 -0.27823 0.91158
vn 0.21258 -0.43139 0.87676
vn 0.41766 0.46366 0.78140
vn 0.38429 0.22483 0.89542
vn 0.31498 -0.03067 0.94860
vn 0.22588 -0.27823 0.93358
vn 0.34943 0.46368 0.81419
vn 0.27918 0.46370 0.84086
vn 0.20836 0.46369 0.86115
vn -0.15280 -0.76016 -0.63151
vn -0.11592 -0.87006 -0.47913
vn -0.15532 -0.87008 -0.46780
vn 0.23510 -0.03060 0.97149
vn 0.22914 0.22478 0.94708
vn -0.10017 -0.94814 -0.30167
vn -0.05287 -0.99098 -0.12314
vn 0.02191 -0.99892 0.04098
vn 0.10491 -0.98145 0.16047
vn 0.24036 -0.92147 0.30515
vn 0.39259 -0.81999 0.41653
vn 0.52829 -0.70764 0.46921
vn 0.65692 -0.57607 0.48641
vn 0.76913 -0.43132 0.47159
vn 0.85948 -0.27823 0.42880
vn 0.92934 -0.03058 0.36797
vn 0.93298 0.22478 0.28110
vn 0.30705 0.22474 0.92478
vn -0.12538 -0.94813 -0.29211
vn -0.06341 -0.99092 -0.11855
vn 0.02545 -0.99892 0.03892
vn 0.11864 -0.98145 0.15061
vn 0.26644 -0.92147 0.28269
vn 0.42802 -0.81993 0.38016
vn 0.56778 -0.70752 0.42077
vn 0.69704 -0.57573 0.42739
vn 0.80717 -0.43135 0.40301
vn 0.89308 -0.27822 0.35356
vn 0.95703 -0.03066 0.28838
vn 0.95299 0.22476 0.20319
vn -0.49289 -0.87009 0.00000
vn -0.31627 -0.94810 0.03272
vn -0.49023 -0.87011 0.05073
vn -0.48207 -0.87008 0.10279
vn -0.46777 -0.87010 0.15532
vn -0.44725 -0.87006 0.20729
vn -0.42024 -0.87010 0.25754
vn -0.38723 -0.87007 0.30501
vn -0.34854 -0.87008 0.34855
vn -0.30502 -0.87007 0.38723
vn -0.25753 -0.87010 0.42023
vn -0.20727 -0.87010 0.44717
vn -0.15531 -0.87010 0.46777
vn -0.10279 -0.87008 0.48207
vn -0.31088 -0.94813 0.06630
vn -0.30173 -0.94812 0.10019
vn -0.28851 -0.94809 0.13372
vn -0.27113 -0.94809 0.16615
vn -0.24974 -0.94812 0.19672
vn -0.22482 -0.94811 0.22483
vn -0.19669 -0.94813 0.24971
vn -0.16615 -0.94809 0.27113
vn -0.13371 -0.94811 0.28847
vn -0.10020 -0.94810 0.30177
vn -0.06631 -0.94810 0.31097
vn 0.49970 -0.70752 -0.49971
vn 0.43722 -0.70763 -0.55507
vn 0.36930 -0.70750 -0.60255
vn 0.29720 -0.70754 -0.64114
vn 0.22268 -0.70758 -0.67063
vn 0.14740 -0.70757 -0.69110
vn 0.50595 -0.57575 -0.64228
vn 0.47155 -0.43130 -0.76917
vn 0.40391 -0.27825 -0.87145
vn 0.31501 -0.03065 -0.94859
vn 0.20323 0.22472 -0.95300
vn 0.42730 -0.57572 -0.69711
vn 0.34381 -0.57582 -0.74177
vn 0.25755 -0.57586 -0.77592
vn 0.17061 -0.57577 -0.79961
vn 0.37937 -0.43149 -0.81847
vn 0.30266 -0.27826 -0.91157
vn 0.20846 -0.03074 -0.97755
vn 0.28423 -0.43152 -0.85616
vn 0.18798 -0.43156 -0.88228
vn 0.20030 -0.27821 -0.93940
# 4066 normal vertices

s 1
s 1
usemtl body
f 1/3/3 2/2/2 3/1/1
f 3/1/1 2/2/2 4/4/4
f 3/1/1 4/4/4 5/5/5
f 5/5/5 4/4/4 6/6/6
f 5/5/5 6/6/6 7/7/7
f 5/5/5 7/7/7 8/8/8
f 8/8/8 7/7/7 9/9/9
f 8/8/8 9/9/9 10/10/10
f 10/10/10 9/9/9 11/11/11
f 10/10/10 11/11/11 12/12/12
f 12/12/12 11/11/11 13/13/13
f 12/12/12 13/13/13 14/14/14
f 14/14/14 13/13/13 15/15/15
f 14/14/14 15/15/15 16/16/16
f 16/16/16 15/15/15 17/17/17
f 16/16/16 17/17/17 18/18/18
f 18/18/18 17/17/17 19/19/19
f 18/18/18 19/19/19 20/20/20
f 20/20/20 19/19/19 21/21/21
f 20/20/20 21/21/21 22/22/22
f 22/22/22 21/21/21 23/23/23
f 22/22/22 23/23/23 24/24/24
f 24/24/24 23/23/23 25/25/25
f 24/24/24 25/25/25 26/26/26
f 26/26/26 25/25/25 27/27/27
f 26/26/26 27/27/27 28/28/28
f 28/28/28 27/27/27 29/29/29
f 28/28/28 29/29/29 30/30/30
f 30/30/30 29/29/29 31/31/31
f 30/30/30 31/31/31 32/32/32
f 32/32/32 31/31/31 33/33/33
f 32/32/32 33/33/33 34/34/34
f 34/34/34 33/33/33 35/35/35
f 34/34/34 35/35/35 36/36/36
f 36/36/36 35/35/35 37/37/37
f 36/36/36 37/37/37 38/38/38
f 38/38/38 37/37/37 39/39/39
f 38/38/38 39/39/39 40/40/40
f 40/40/40 39/39/39 41/41/41
f 40/40/40 41/41/41 42/42/42
f 42/42/42 41/41/41 43/43/43
f 42/42/42 43/43/43 44/44/44
f 44/44/44 43/43/43 45/45/45
f 44/44/44 45/45/45 46/46/46
f 46/46/46 45/45/45 47/47/47
f 46/46/46 47/47/47 48/48/48
f 48/48/48 47/47/47 49/49/49
f 48/48/48 49/49/49 50/50/50
f 50/50/50 49/49/49 51/51/51
f 50/50/50 51/51/51 52/52/52
f 52/52/52 51/51/51 53/53/53
f 52/52/52 53/53/53 54/54/54
f 54/54/54 53/53/53 55/55/55
f 54/54/54 55/55/55 56/56/56
f 56/56/56 55/55/55 57/57/57
f 56/56/56 57/57/57 58/58/58
f 58/58/58 57/57/57 59/59/59
f 58/58/58 59/59/59 60/60/60
f 60/60/60 59/59/59 61/61/61
f 60/60/60 61/61/61 62/62/62
f 62/62/62 61/61/61 63/63/63
f 62/62/62 63/63/63 64/64/64
f 64/64/64 63/63/63 65/65/65
f 64/64/64 65/65/65 66/66/66
f 66/66/66 65/65/65 67/67/67
f 66/66/66 67/67/67 68/68/68
f 68/68/68 67/67/67 69/69/69
f 68/68/68 69/69/69 70/70/70
f 70/70/70 69/69/69 71/71/71
f 70/70/70 71/71/71 72/72/72
f 72/72/72 71/71/71 73/73/73
f 72/72/72 73/73/73 74/74/74
f 74/74/74 73/73/73 75/75/75
f 75/75/75 73/73/73 76/76/76
f 75/75/75 76/76/76 77/77/77
f 77/77/77 76/76/76 78/78/78
f 77/77/77 78/78/78 79/79/79
f 79/79/79 78/78/78 80/80/80
f 79/79/79 80/80/80 81/81/81
f 81/81/81 80/80/80 82/82/82
f 81/81/81 82/82/82 83/83/83
f 83/83/83 82/82/82 84/84/84
f 83/83/83 84/84/84 85/85/85
f 85/85/85 84/84/84 86/86/86
f 85/85/85 86/86/86 87/87/87
f 87/87/87 86/86/86 88/88/88
f 87/87/87 88/88/88 89/89/89
f 89/89/89 88/88/88 90/90/90
f 89/89/89 90/90/90 91/91/91
f 91/91/91 90/90/90 92/92/92
f 91/91/91 92/92/92 93/93/93
f 93/93/93 92/92/92 94/94/94
f 93/93/93 94/94/94 95/95/95
f 95/95/95 94/94/94 96/96/96
f 96/96/96 94/94/94 97/97/97
f 96/96/96 97/97/97 98/98/98
f 98/98/98 97/97/97 99/99/99
f 98/98/98 99/99/99 100/100/100
f 100/100/100 99/99/99 101/101/101
f 100/100/100 101/101/101 102/102/102
f 102/102/102 101/101/101 103/103/103
f 102/102/102 103/103/103 104/104/104
f 104/104/104 103/103/103 105/105/105
f 104/104/104 105/105/105 106/106/106
f 106/106/106 105/105/105 107/107/107
f 106/106/106 107/107/107 108/108/108
f 108/108/108 107/107/107 109/109/109
f 108/108/108 109/109/109 110/110/110
f 110/110/110 109/109/109 111/111/111
f 110/110/110 111/111/111 112/112/112
f 112/112/112 111/111/111 113/113/113
f 112/112/112 113/113/113 114/114/114
f 114/114/114 113/113/113 115/115/115
f 114/114/114 115/115/115 116/116/116
f 116/116/116 115/115/115 117/117/117
f 116/116/116 117/117/117 118/118/118
f 118/118/118 117/117/117 119/119/119
f 118/118/118 119/119/119 120/120/120
f 120/120/120 119/119/119 121/121/121
f 120/120/120 121/121/121 122/122/122
f 122/122/122 121/121/121 123/123/123
f 122/122/122 123/123/123 124/124/124
f 124/124/124 123/123/123 125/125/125
f 124/124/124 125/125/125 126/126/126
f 126/126/126 125/125/125 127/127/127
f 126/126/126 127/127/127 128/128/128
f 128/128/128 127/127/127 45/45/45
f 128/128/128 45/45/45 43/43/43
f 11/11/11 129/129/129 13/13/13
f 13/13/13 129/129/129 130/130/130
f 13/13/13 130/130/130 15/15/15
f 15/15/15 130/130/130 131/131/131
f 15/15/15 131/131/131 17/17/17
f 17/17/17 131/131/131 132/132/132
f 17/17/17 132/132/132 19/19/19
f 19/19/19 132/132/132 133/133/133
f 19/19/19 133/133/133 21/21/21
f 21/21/21 133/133/133 134/134/134
f 21/21/21 134/134/134 23/23/23
f 23/23/23 134/134/134 135/135/135
f 23/23/23 135/135/135 25/25/25
f 25/25/25 135/135/135 136/136/136
f 25/25/25 136/136/136 27/27/27
f 27/27/27 136/136/136 137/137/137
f 27/27/27 137/137/137 29/29/29
f 29/29/29 137/137/137 138/138/138
f 29/29/29 138/138/138 31/31/31
f 31/31/31 138/138/138 139/139/139
f 31/31/31 139/139/139 33/33/33
f 33/33/33 139/139/139 140/140/140
f 33/33/33 140/140/140 35/35/35
f 35/35/35 140/140/140 141/141/141
f 35/35/35 141/141/141 37/37/37
f 37/37/37 141/141/141 142/142/142
f 37/37/37 142/142/142 39/39/39
f 39/39/39 142/142/142 143/143/143
f 39/39/39 143/143/143 41/41/41
f 41/41/41 143/143/143 144/144/144
f 41/41/41 144/144/144 43/43/43
f 43/43/43 144/144/144 128/128/128
f 129/129/129 145/145/145 130/130/130
f 130/130/130 145/145/145 146/146/146
f 130/130/130 146/146/146 131/131/131
f 131/131/131 146/146/146 147/147/147
f 131/131/131 147/147/147 132/132/132
f 132/132/132 147/147/147 148/148/148
f 132/132/132 148/148/148 133/133/133
f 133/133/133 148/148/148 149/149/149
f 133/133/133 149/149/149 134/134/134
f 134/134/134 149/149/149 150/150/150
f 134/134/134 150/150/150 135/135/135
f 135/135/135 150/150/150 151/151/151
f 135/135/135 151/151/151 136/136/136
f 136/136/136 151/151/151 152/152/152
f 136/136/136 152/152/152 137/137/137
f 137/137/137 152/152/152 153/153/153
f 137/137/137 153/153/153 138/138/138
f 138/138/138 153/153/153 154/154/154
f 138/138/138 154/154/154 139/139/139
f 139/139/139 154/154/154 155/155/155
f 139/139/139 155/155/155 140/140/140
f 140/140/140 155/155/155 156/156/156
f 140/140/140 156/156/156 141/141/141
f 141/141/141 156/156/156 157/157/157
f 141/141/141 157/157/157 142/142/142
f 142/142/142 157/157/157 158/158/158
f 142/142/142 158/158/158 143/143/143
f 143/143/143 158/158/158 159/159/159
f 143/143/143 159/159/159 144/144/144
f 144/144/144 159/159/159 160/160/160
f 144/144/144 160/160/160 128/128/128
f 128/128/128 160/160/160 126/126/126
f 145/145/145 161/161/161 146/146/146
f 146/146/146 161/161/161 162/162/162
f 146/146/146 162/162/162 147/147/147
f 147/147/147 162/162/162 163/163/163
f 147/147/147 163/163/163 148/148/148
f 148/148/148 163/163/163 164/164/164
f 148/148/148 164/164/164 149/149/149
f 149/149/149 164/164/164 165/165/165
f 149/149/149 165/165/165 150/150/150
f 150/150/150 165/165/165 166/166/166
f 150/150/150 166/166/166 151/151/151
f 151/151/151 166/166/166 167/167/167
f 151/151/151 167/167/167 152/152/152
f 152/152/152 167/167/167 168/168/168
f 152/152/152 168/168/168 153/153/153
f 153/153/153 168/168/168 169/169/169
f 153/153/153 169/169/169 154/154/154
f 154/154/154 169/169/169 170/170/170
f 154/154/154 170/170/170 155/155/155
f 155/155/155 170/170/170 171/171/171
f 155/155/155 171/171/171 156/156/156
f 156/156/156 171/171/171 172/172/172
f 156/156/156 172/172/172 157/157/157
f 157/157/157 172/172/172 173/173/173
f 157/157/157 173/173/173 158/158/158
f 158/158/158 173/173/173 174/174/174
f 158/158/158 174/174/174 159/159/159
f 159/159/159 174/174/174 175/175/175
f 159/159/159 175/175/175 160/160/160
f 160/160/160 175/175/175 176/176/176
f 160/160/160 176/176/176 126/126/126
f 126/126/126 176/176/176 124/124/124
f 162/162/162 161/161/161 177/177/177
f 177/177/177 161/161/161 178/178/178
f 177/177/177 178/178/178 179/179/179
f 179/179/179 178/178/178 180/180/180
f 179/179/179 180/180/180 181/181/181
f 181/181/181 180/180/180 182/182/182
f 181/181/181 182/182/182 183/183/183
f 183/183/183 182/182/182 184/184/184
f 183/183/183 184/184/184 185/185/185
f 185/185/185 184/184/184 186/186/186
f 185/185/185 186/186/186 187/187/187
f 187/187/187 186/186/186 188/188/188
f 187/187/187 188/188/188 189/189/189
f 189/189/189 188/188/188 190/190/190
f 189/189/189 190/190/190 191/191/191
f 191/191/191 190/190/190 192/192/192
f 191/191/191 193/193/193 189/189/189
f 189/189/189 193/193/193 194/194/194
f 189/189/189 194/194/194 195/195/195
f 195/195/195 194/194/194 196/196/196
f 195/195/195 196/196/196 197/197/197
f 197/197/197 196/196/196 198/198/198
f 197/197/197 198/198/198 199/199/199
f 199/199/199 198/198/198 200/200/200
f 199/199/199 200/200/200 201/201/201
f 201/201/201 200/200/200 202/202/202
f 201/201/201 202/202/202 203/203/203
f 203/203/203 202/202/202 204/204/204
f 203/203/203 204/204/204 205/205/205
f 205/205/205 204/204/204 206/206/206
f 205/205/205 206/206/206 169/169/169
f 169/169/169 206/206/206 170/170/170
f 193/193/193 207/207/207 194/194/194
f 194/194/194 207/207/207 208/208/208
f 194/194/194 208/208/208 196/196/196
f 196/196/196 208/208/208 209/209/209
f 196/196/196 209/209/209 198/198/198
f 198/198/198 209/209/209 210/210/210
f 198/198/198 210/210/210 200/200/200
f 200/200/200 210/210/210 211/211/211
f 200/200/200 211/211/211 202/202/202
f 202/202/202 211/211/211 212/212/212
f 202/202/202 212/212/212 204/204/204
f 204/204/204 212/212/212 213/213/213
f 204/204/204 213/213/213 206/206/206
f 206/206/206 213/213/213 214/214/214
f 206/206/206 214/214/214 170/170/170
f 170/170/170 214/214/214 171/171/171
f 207/207/207 215/215/215 208/208/208
f 208/208/208 215/215/215 216/216/216
f 208/208/208 216/216/216 209/209/209
f 209/209/209 216/216/216 217/217/217
f 209/209/209 217/217/217 210/210/210
f 210/210/210 217/217/217 218/218/218
f 210/210/210 218/218/218 211/211/211
f 211/211/211 218/218/218 219/219/219
f 211/211/211 219/219/219 212/212/212
f 212/212/212 219/219/219 220/220/220
f 212/212/212 220/220/220 213/213/213
f 213/213/213 220/220/220 221/221/221
f 213/213/213 221/221/221 214/214/214
f 214/214/214 221/221/221 222/222/222
f 214/214/214 222/222/222 171/171/171
f 171/171/171 222/222/222 172/172/172
f 215/215/215 223/223/223 216/216/216
f 216/216/216 223/223/223 224/224/224
f 216/216/216 224/224/224 217/217/217
f 217/217/217 224/224/224 225/225/225
f 217/217/217 225/225/225 218/218/218
f 218/218/218 225/225/225 226/226/226
f 218/218/218 226/226/226 219/219/219
f 219/219/219 226/226/226 227/227/227
f 219/219/219 227/227/227 220/220/220
f 220/220/220 227/227/227 228/228/228
f 220/220/220 228/228/228 221/221/221
f 221/221/221 228/228/228 229/229/229
f 221/221/221 229/229/229 222/222/222
f 222/222/222 229/229/229 230/230/230
f 222/222/222 230/230/230 172/172/172
f 172/172/172 230/230/230 173/173/173
f 223/223/223 231/231/231 224/224/224
f 224/224/224 231/231/231 232/232/232
f 224/224/224 232/232/232 225/225/225
f 225/225/225 232/232/232 233/233/233
f 225/225/225 233/233/233 226/226/226
f 226/226/226 233/233/233 234/234/234
f 226/226/226 234/234/234 227/227/227
f 227/227/227 234/234/234 235/235/235
f 227/227/227 235/235/235 228/228/228
f 228/228/228 235/235/235 236/236/236
f 228/228/228 236/236/236 229/229/229
f 229/229/229 236/236/236 237/237/237
f 229/229/229 237/237/237 230/230/230
f 230/230/230 237/237/237 238/238/238
f 230/230/230 238/238/238 173/173/173
f 173/173/173 238/238/238 174/174/174
f 231/231/231 239/239/239 232/232/232
f 232/232/232 239/239/239 240/240/240
f 232/232/232 240/240/240 233/233/233
f 233/233/233 240/240/240 241/241/241
f 233/233/233 241/241/241 234/234/234
f 234/234/234 241/241/241 242/242/242
f 234/234/234 242/242/242 235/235/235
f 235/235/235 242/242/242 243/243/243
f 235/235/235 243/243/243 236/236/236
f 236/236/236 243/243/243 244/244/244
f 236/236/236 244/244/244 237/237/237
f 237/237/237 244/244/244 245/245/245
f 237/237/237 245/245/245 238/238/238
f 238/238/238 245/245/245 246/246/246
f 238/238/238 246/246/246 174/174/174
f 174/174/174 246/246/246 175/175/175
f 239/239/239 247/247/247 240/240/240
f 240/240/240 247/247/247 248/248/248
f 240/240/240 248/248/248 249/249/249
f 249/249/249 248/248/248 250/250/250
f 249/249/249 250/250/250 251/251/251
f 251/251/251 250/250/250 252/252/252
f 251/251/251 252/252/252 253/253/253
f 253/253/253 252/252/252 254/254/254
f 253/253/253 254/254/254 255/255/255
f 255/255/255 254/254/254 256/256/256
f 255/255/255 256/256/256 257/257/257
f 257/257/257 256/256/256 258/258/258
f 257/257/257 258/258/258 259/259/259
f 259/259/259 258/258/258 260/260/260
f 259/259/259 260/260/260 261/261/261
f 261/261/261 260/260/260 262/262/262
f 261/261/261 262/262/262 263/263/263
f 261/261/261 263/263/263 264/264/264
f 264/264/264 263/263/263 265/265/265
f 264/264/264 265/265/265 110/110/110
f 110/110/110 265/265/265 108/108/108
f 95/95/95 266/266/266 93/93/93
f 93/93/93 266/266/266 267/267/267
f 93/93/93 267/267/267 91/91/91
f 91/91/91 267/267/267 268/268/268
f 91/91/91 268/268/268 89/89/89
f 89/89/89 268/268/268 269/269/269
f 89/89/89 269/269/269 87/87/87
f 87/87/87 269/269/269 270/270/270
f 87/87/87 270/270/270 85/85/85
f 85/85/85 270/270/270 271/271/271
f 85/85/85 271/271/271 83/83/83
f 83/83/83 271/271/271 272/272/272
f 83/83/83 272/272/272 81/81/81
f 81/81/81 272/272/272 273/273/273
f 81/81/81 273/273/273 79/79/79
f 267/267/267 266/266/266 274/274/274
f 274/274/274 266/266/266 275/275/275
f 274/274/274 275/275/275 276/276/276
f 276/276/276 275/275/275 277/277/277
f 276/276/276 277/277/277 278/278/278
f 278/278/278 277/277/277 279/279/279
f 278/278/278 279/279/279 280/280/280
f 280/280/280 279/279/279 281/281/281
f 280/280/280 281/281/281 282/282/282
f 282/282/282 281/281/281 283/283/283
f 282/282/282 283/283/283 284/284/284
f 281/281/281 285/285/285 283/283/283
f 282/282/282 284/284/284 286/286/286
f 286/286/286 284/284/284 287/287/287
f 286/286/286 287/287/287 288/288/288
f 288/288/288 287/287/287 289/289/289
f 288/288/288 289/289/289 290/290/290
f 290/290/290 289/289/289 291/291/291
f 290/290/290 291/291/291 292/292/292
f 292/292/292 291/291/291 293/293/293
f 292/292/292 293/293/293 272/272/272
f 272/272/272 293/293/293 273/273/273
f 74/74/74 294/294/294 72/72/72
f 72/72/72 294/294/294 295/295/295
f 72/72/72 295/295/295 296/296/296
f 296/296/296 295/295/295 297/297/297
f 296/296/296 297/297/297 298/298/298
f 298/298/298 297/297/297 299/299/299
f 298/298/298 299/299/299 300/300/300
f 300/300/300 299/299/299 301/301/301
f 300/300/300 301/301/301 302/302/302
f 302/302/302 301/301/301 303/303/303
f 302/302/302 303/303/303 304/304/304
f 304/304/304 303/303/303 305/305/305
f 304/304/304 305/305/305 306/306/306
f 306/306/306 305/305/305 307/307/307
f 306/306/306 307/307/307 308/308/308
f 308/308/308 307/307/307 309/309/309
f 308/308/308 309/309/309 310/310/310
f 310/310/310 309/309/309 311/311/311
f 310/310/310 311/311/311 312/312/312
f 312/312/312 311/311/311 313/313/313
f 312/312/312 313/313/313 314/314/314
f 314/314/314 313/313/313 315/315/315
f 314/314/314 315/315/315 316/316/316
f 316/316/316 315/315/315 317/317/317
f 316/316/316 317/317/317 318/318/318
f 318/318/318 317/317/317 319/319/319
f 318/318/318 319/319/319 54/54/54
f 54/54/54 319/319/319 52/52/52
f 311/311/311 320/320/320 313/313/313
f 313/313/313 320/320/320 321/321/321
f 313/313/313 321/321/321 315/315/315
f 315/315/315 321/321/321 322/322/322
f 315/315/315 322/322/322 317/317/317
f 317/317/317 322/322/322 323/323/323
f 317/317/317 323/323/323 319/319/319
f 319/319/319 323/323/323 324/324/324
f 319/319/319 324/324/324 52/52/52
f 52/52/52 324/324/324 50/50/50
f 320/320/320 325/325/325 321/321/321
f 321/321/321 325/325/325 326/326/326
f 321/321/321 326/326/326 322/322/322
f 322/322/322 326/326/326 327/327/327
f 322/322/322 327/327/327 323/323/323
f 323/323/323 327/327/327 328/328/328
f 323/323/323 328/328/328 324/324/324
f 324/324/324 328/328/328 329/329/329
f 324/324/324 329/329/329 50/50/50
f 50/50/50 329/329/329 48/48/48
f 325/325/325 330/330/330 326/326/326
f 326/326/326 330/330/330 331/331/331
f 326/326/326 331/331/331 327/327/327
f 327/327/327 331/331/331 332/332/332
f 327/327/327 332/332/332 328/328/328
f 328/328/328 332/332/332 333/333/333
f 328/328/328 333/333/333 329/329/329
f 329/329/329 333/333/333 334/334/334
f 329/329/329 334/334/334 48/48/48
f 48/48/48 334/334/334 46/46/46
f 330/330/330 335/335/335 331/331/331
f 331/331/331 335/335/335 336/336/336
f 331/331/331 336/336/336 332/332/332
f 332/332/332 336/336/336 337/337/337
f 332/332/332 337/337/337 333/333/333
f 333/333/333 337/337/337 338/338/338
f 333/333/333 338/338/338 334/334/334
f 334/334/334 338/338/338 339/339/339
f 334/334/334 339/339/339 46/46/46
f 46/46/46 339/339/339 44/44/44
f 335/335/335 340/340/340 336/336/336
f 336/336/336 340/340/340 341/341/341
f 336/336/336 341/341/341 337/337/337
f 337/337/337 341/341/341 342/342/342
f 337/337/337 342/342/342 338/338/338
f 338/338/338 342/342/342 343/343/343
f 338/338/338 343/343/343 339/339/339
f 339/339/339 343/343/343 344/344/344
f 339/339/339 344/344/344 44/44/44
f 44/44/44 344/344/344 42/42/42
f 340/340/340 345/345/345 341/341/341
f 341/341/341 345/345/345 346/346/346
f 341/341/341 346/346/346 342/342/342
f 342/342/342 346/346/346 347/347/347
f 342/342/342 347/347/347 343/343/343
f 343/343/343 347/347/347 348/348/348
f 343/343/343 348/348/348 344/344/344
f 344/344/344 348/348/348 349/349/349
f 344/344/344 349/349/349 42/42/42
f 42/42/42 349/349/349 40/40/40
f 345/345/345 350/350/350 346/346/346
f 346/346/346 350/350/350 351/351/351
f 346/346/346 351/351/351 347/347/347
f 347/347/347 351/351/351 352/352/352
f 347/347/347 352/352/352 348/348/348
f 348/348/348 352/352/352 353/353/353
f 348/348/348 353/353/353 349/349/349
f 349/349/349 353/353/353 354/354/354
f 349/349/349 354/354/354 40/40/40
f 40/40/40 354/354/354 38/38/38
f 350/350/350 355/355/355 351/351/351
f 351/351/351 355/355/355 356/356/356
f 351/351/351 356/356/356 352/352/352
f 352/352/352 356/356/356 357/357/357
f 352/352/352 357/357/357 353/353/353
f 353/353/353 357/357/357 358/358/358
f 353/353/353 358/358/358 354/354/354
f 354/354/354 358/358/358 359/359/359
f 354/354/354 359/359/359 38/38/38
f 38/38/38 359/359/359 36/36/36
f 356/356/356 355/355/355 360/360/360
f 360/360/360 355/355/355 361/361/361
f 360/360/360 361/361/361 362/362/362
f 362/362/362 361/361/361 363/363/363
f 362/362/362 363/363/363 364/364/364
f 364/364/364 363/363/363 365/365/365
f 364/364/364 365/365/365 366/366/366
f 364/364/364 366/366/366 367/367/367
f 367/367/367 366/366/366 368/368/368
f 367/367/367 368/368/368 369/369/369
f 369/369/369 368/368/368 370/370/370
f 369/369/369 370/370/370 371/371/371
f 371/371/371 370/370/370 372/372/372
f 371/371/371 372/372/372 373/373/373
f 373/373/373 372/372/372 374/374/374
f 373/373/373 374/374/374 375/375/375
f 375/375/375 374/374/374 376/376/376
f 375/375/375 376/376/376 377/377/377
f 377/377/377 376/376/376 378/378/378
f 377/377/377 378/378/378 379/379/379
f 379/379/379 378/378/378 380/380/380
f 379/379/379 380/380/380 381/381/381
f 379/379/379 381/381/381 382/382/382
f 382/382/382 381/381/381 383/383/383
f 382/382/382 383/383/383 384/384/384
f 384/384/384 383/383/383 385/385/385
f 384/384/384 385/385/385 386/386/386
f 386/386/386 385/385/385 387/387/387
f 386/386/386 387/387/387 388/388/388
f 388/388/388 387/387/387 389/389/389
f 388/388/388 389/389/389 390/390/390
f 390/390/390 389/389/389 391/391/391
f 390/390/390 391/391/391 3/1/1
f 3/1/1 391/391/391 1/3/3
f 189/189/189 195/195/195 187/187/187
f 187/187/187 195/195/195 392/392/392
f 187/187/187 392/392/392 185/185/185
f 185/185/185 392/392/392 393/393/393
f 185/185/185 393/393/393 183/183/183
f 183/183/183 393/393/393 394/394/394
f 183/183/183 394/394/394 181/181/181
f 181/181/181 394/394/394 395/395/395
f 181/181/181 395/395/395 179/179/179
f 179/179/179 395/395/395 396/396/396
f 179/179/179 396/396/396 177/177/177
f 177/177/177 396/396/396 163/163/163
f 177/177/177 163/163/163 162/162/162
f 10/10/10 12/12/12 397/397/397
f 397/397/397 12/12/12 14/14/14
f 397/397/397 14/14/14 398/398/398
f 398/398/398 14/14/14 16/16/16
f 398/398/398 16/16/16 399/399/399
f 399/399/399 16/16/16 18/18/18
f 399/399/399 18/18/18 400/400/400
f 400/400/400 18/18/18 20/20/20
f 400/400/400 20/20/20 401/401/401
f 401/401/401 20/20/20 22/22/22
f 401/401/401 22/22/22 402/402/402
f 402/402/402 22/22/22 24/24/24
f 402/402/402 24/24/24 403/403/403
f 403/403/403 24/24/24 26/26/26
f 403/403/403 26/26/26 404/404/404
f 404/404/404 26/26/26 28/28/28
f 404/404/404 28/28/28 405/405/405
f 405/405/405 28/28/28 30/30/30
f 405/405/405 30/30/30 406/406/406
f 406/406/406 30/30/30 32/32/32
f 406/406/406 32/32/32 407/407/407
f 407/407/407 32/32/32 34/34/34
f 407/407/407 34/34/34 408/408/408
f 408/408/408 34/34/34 36/36/36
f 408/408/408 36/36/36 359/359/359
f 8/8/8 10/10/10 409/409/409
f 409/409/409 10/10/10 397/397/397
f 409/409/409 397/397/397 410/410/410
f 410/410/410 397/397/397 398/398/398
f 410/410/410 398/398/398 411/411/411
f 411/411/411 398/398/398 399/399/399
f 411/411/411 399/399/399 412/412/412
f 412/412/412 399/399/399 400/400/400
f 412/412/412 400/400/400 413/413/413
f 413/413/413 400/400/400 401/401/401
f 413/413/413 401/401/401 414/414/414
f 414/414/414 401/401/401 402/402/402
f 414/414/414 402/402/402 415/415/415
f 415/415/415 402/402/402 403/403/403
f 415/415/415 403/403/403 416/416/416
f 416/416/416 403/403/403 404/404/404
f 416/416/416 404/404/404 417/417/417
f 417/417/417 404/404/404 405/405/405
f 417/417/417 405/405/405 418/418/418
f 418/418/418 405/405/405 406/406/406
f 418/418/418 406/406/406 419/419/419
f 419/419/419 406/406/406 407/407/407
f 419/419/419 407/407/407 420/420/420
f 420/420/420 407/407/407 408/408/408
f 420/420/420 408/408/408 421/421/421
f 421/421/421 408/408/408 359/359/359
f 421/421/421 359/359/359 358/358/358
f 390/390/390 3/1/1 5/5/5
f 5/5/5 8/8/8 422/422/422
f 422/422/422 8/8/8 409/409/409
f 422/422/422 409/409/409 423/423/423
f 423/423/423 409/409/409 410/410/410
f 423/423/423 410/410/410 424/424/424
f 424/424/424 410/410/410 411/411/411
f 424/424/424 411/411/411 425/425/425
f 425/425/425 411/411/411 412/412/412
f 425/425/425 412/412/412 426/426/426
f 426/426/426 412/412/412 413/413/413
f 426/426/426 413/413/413 427/427/427
f 427/427/427 413/413/413 414/414/414
f 427/427/427 414/414/414 428/428/428
f 428/428/428 414/414/414 415/415/415
f 428/428/428 415/415/415 429/429/429
f 429/429/429 415/415/415 416/416/416
f 429/429/429 416/416/416 430/430/430
f 430/430/430 416/416/416 417/417/417
f 430/430/430 417/417/417 431/431/431
f 431/431/431 417/417/417 418/418/418
f 431/431/431 418/418/418 432/432/432
f 432/432/432 418/418/418 419/419/419
f 432/432/432 419/419/419 433/433/433
f 433/433/433 419/419/419 420/420/420
f 433/433/433 420/420/420 434/434/434
f 434/434/434 420/420/420 421/421/421
f 434/434/434 421/421/421 435/435/435
f 435/435/435 421/421/421 358/358/358
f 435/435/435 358/358/358 357/357/357
f 195/195/195 197/197/197 392/392/392
f 392/392/392 197/197/197 436/436/436
f 392/392/392 436/436/436 393/393/393
f 393/393/393 436/436/436 437/437/437
f 393/393/393 437/437/437 394/394/394
f 394/394/394 437/437/437 438/438/438
f 394/394/394 438/438/438 395/395/395
f 395/395/395 438/438/438 439/439/439
f 395/395/395 439/439/439 396/396/396
f 396/396/396 439/439/439 164/164/164
f 396/396/396 164/164/164 163/163/163
f 388/388/388 390/390/390 422/422/422
f 422/422/422 390/390/390 5/5/5
f 388/388/388 422/422/422 423/423/423
f 197/197/197 199/199/199 436/436/436
f 436/436/436 199/199/199 440/440/440
f 436/436/436 440/440/440 437/437/437
f 437/437/437 440/440/440 441/441/441
f 437/437/437 441/441/441 438/438/438
f 438/438/438 441/441/441 442/442/442
f 438/438/438 442/442/442 439/439/439
f 439/439/439 442/442/442 165/165/165
f 439/439/439 165/165/165 164/164/164
f 386/386/386 388/388/388 423/423/423
f 386/386/386 423/423/423 424/424/424
f 199/199/199 201/201/201 440/440/440
f 440/440/440 201/201/201 443/443/443
f 440/440/440 443/443/443 441/441/441
f 441/441/441 443/443/443 444/444/444
f 441/441/441 444/444/444 442/442/442
f 442/442/442 444/444/444 166/166/166
f 442/442/442 166/166/166 165/165/165
f 384/384/384 386/386/386 424/424/424
f 384/384/384 424/424/424 425/425/425
f 201/201/201 203/203/203 443/443/443
f 443/443/443 203/203/203 445/445/445
f 443/443/443 445/445/445 444/444/444
f 444/444/444 445/445/445 167/167/167
f 444/444/444 167/167/167 166/166/166
f 382/382/382 384/384/384 425/425/425
f 382/382/382 425/425/425 426/426/426
f 168/168/168 167/167/167 445/445/445
f 168/168/168 445/445/445 205/205/205
f 205/205/205 445/445/445 203/203/203
f 379/379/379 382/382/382 426/426/426
f 379/379/379 426/426/426 427/427/427
f 169/169/169 168/168/168 205/205/205
f 377/377/377 379/379/379 427/427/427
f 377/377/377 427/427/427 428/428/428
f 240/240/240 249/249/249 241/241/241
f 241/241/241 249/249/249 446/446/446
f 241/241/241 446/446/446 242/242/242
f 242/242/242 446/446/446 447/447/447
f 242/242/242 447/447/447 243/243/243
f 243/243/243 447/447/447 448/448/448
f 243/243/243 448/448/448 244/244/244
f 244/244/244 448/448/448 449/449/449
f 244/244/244 449/449/449 245/245/245
f 245/245/245 449/449/449 450/450/450
f 245/245/245 450/450/450 246/246/246
f 246/246/246 450/450/450 451/451/451
f 246/246/246 451/451/451 175/175/175
f 175/175/175 451/451/451 176/176/176
f 375/375/375 377/377/377 428/428/428
f 375/375/375 428/428/428 429/429/429
f 249/249/249 251/251/251 446/446/446
f 446/446/446 251/251/251 452/452/452
f 446/446/446 452/452/452 447/447/447
f 447/447/447 452/452/452 453/453/453
f 447/447/447 453/453/453 448/448/448
f 448/448/448 453/453/453 454/454/454
f 448/448/448 454/454/454 449/449/449
f 449/449/449 454/454/454 455/455/455
f 449/449/449 455/455/455 450/450/450
f 450/450/450 455/455/455 456/456/456
f 450/450/450 456/456/456 451/451/451
f 451/451/451 456/456/456 457/457/457
f 451/451/451 457/457/457 176/176/176
f 176/176/176 457/457/457 124/124/124
f 373/373/373 375/375/375 429/429/429
f 373/373/373 429/429/429 430/430/430
f 251/251/251 253/253/253 452/452/452
f 452/452/452 253/253/253 458/458/458
f 452/452/452 458/458/458 453/453/453
f 453/453/453 458/458/458 459/459/459
f 453/453/453 459/459/459 454/454/454
f 454/454/454 459/459/459 460/460/460
f 454/454/454 460/460/460 455/455/455
f 455/455/455 460/460/460 461/461/461
f 455/455/455 461/461/461 456/456/456
f 456/456/456 461/461/461 462/462/462
f 456/456/456 462/462/462 457/457/457
f 457/457/457 462/462/462 122/122/122
f 457/457/457 122/122/122 124/124/124
f 371/371/371 373/373/373 430/430/430
f 371/371/371 430/430/430 431/431/431
f 253/253/253 255/255/255 458/458/458
f 458/458/458 255/255/255 463/463/463
f 458/458/458 463/463/463 459/459/459
f 459/459/459 463/463/463 464/464/464
f 459/459/459 464/464/464 460/460/460
f 460/460/460 464/464/464 465/465/465
f 460/460/460 465/465/465 461/461/461
f 461/461/461 465/465/465 466/466/466
f 461/461/461 466/466/466 462/462/462
f 462/462/462 466/466/466 120/120/120
f 462/462/462 120/120/120 122/122/122
f 369/369/369 371/371/371 431/431/431
f 369/369/369 431/431/431 432/432/432
f 255/255/255 257/257/257 463/463/463
f 463/463/463 257/257/257 467/467/467
f 463/463/463 467/467/467 464/464/464
f 464/464/464 467/467/467 468/468/468
f 464/464/464 468/468/468 465/465/465
f 465/465/465 468/468/468 469/469/469
f 465/465/465 469/469/469 466/466/466
f 466/466/466 469/469/469 118/118/118
f 466/466/466 118/118/118 120/120/120
f 367/367/367 369/369/369 432/432/432
f 367/367/367 432/432/432 433/433/433
f 257/257/257 259/259/259 467/467/467
f 467/467/467 259/259/259 470/470/470
f 467/467/467 470/470/470 468/468/468
f 468/468/468 470/470/470 471/471/471
f 468/468/468 471/471/471 469/469/469
f 469/469/469 471/471/471 116/116/116
f 469/469/469 116/116/116 118/118/118
f 364/364/364 367/367/367 433/433/433
f 364/364/364 433/433/433 434/434/434
f 259/259/259 261/261/261 470/470/470
f 470/470/470 261/261/261 472/472/472
f 470/470/470 472/472/472 471/471/471
f 471/471/471 472/472/472 114/114/114
f 471/471/471 114/114/114 116/116/116
f 362/362/362 364/364/364 434/434/434
f 362/362/362 434/434/434 435/435/435
f 261/261/261 264/264/264 472/472/472
f 472/472/472 264/264/264 112/112/112
f 472/472/472 112/112/112 114/114/114
f 110/110/110 112/112/112 264/264/264
f 360/360/360 362/362/362 435/435/435
f 360/360/360 435/435/435 357/357/357
f 356/356/356 360/360/360 357/357/357
f 45/45/45 127/127/127 47/47/47
f 47/47/47 127/127/127 473/473/473
f 47/47/47 473/473/473 49/49/49
f 49/49/49 473/473/473 474/474/474
f 49/49/49 474/474/474 51/51/51
f 51/51/51 474/474/474 475/475/475
f 51/51/51 475/475/475 53/53/53
f 53/53/53 475/475/475 476/476/476
f 53/53/53 476/476/476 55/55/55
f 55/55/55 476/476/476 477/477/477
f 55/55/55 477/477/477 57/57/57
f 57/57/57 477/477/477 478/478/478
f 57/57/57 478/478/478 59/59/59
f 59/59/59 478/478/478 479/479/479
f 59/59/59 479/479/479 61/61/61
f 61/61/61 479/479/479 480/480/480
f 61/61/61 480/480/480 63/63/63
f 63/63/63 480/480/480 481/481/481
f 63/63/63 481/481/481 65/65/65
f 65/65/65 481/481/481 482/482/482
f 65/65/65 482/482/482 67/67/67
f 67/67/67 482/482/482 483/483/483
f 67/67/67 483/483/483 69/69/69
f 69/69/69 483/483/483 484/484/484
f 69/69/69 484/484/484 71/71/71
f 71/71/71 484/484/484 485/485/485
f 71/71/71 485/485/485 73/73/73
f 73/73/73 485/485/485 76/76/76
f 127/127/127 125/125/125 473/473/473
f 473/473/473 125/125/125 486/486/486
f 473/473/473 486/486/486 474/474/474
f 474/474/474 486/486/486 487/487/487
f 474/474/474 487/487/487 475/475/475
f 475/475/475 487/487/487 488/488/488
f 475/475/475 488/488/488 476/476/476
f 476/476/476 488/488/488 489/489/489
f 476/476/476 489/489/489 477/477/477
f 477/477/477 489/489/489 490/490/490
f 477/477/477 490/490/490 478/478/478
f 478/478/478 490/490/490 491/491/491
f 478/478/478 491/491/491 479/479/479
f 479/479/479 491/491/491 492/492/492
f 479/479/479 492/492/492 480/480/480
f 480/480/480 492/492/492 493/493/493
f 480/480/480 493/493/493 481/481/481
f 481/481/481 493/493/493 494/494/494
f 481/481/481 494/494/494 482/482/482
f 482/482/482 494/494/494 495/495/495
f 482/482/482 495/495/495 483/483/483
f 483/483/483 495/495/495 496/496/496
f 483/483/483 496/496/496 484/484/484
f 484/484/484 496/496/496 497/497/497
f 484/484/484 497/497/497 485/485/485
f 485/485/485 497/497/497 498/498/498
f 485/485/485 498/498/498 76/76/76
f 76/76/76 498/498/498 78/78/78
f 125/125/125 123/123/123 486/486/486
f 486/486/486 123/123/123 499/499/499
f 486/486/486 499/499/499 487/487/487
f 487/487/487 499/499/499 500/500/500
f 487/487/487 500/500/500 488/488/488
f 488/488/488 500/500/500 501/501/501
f 488/488/488 501/501/501 489/489/489
f 489/489/489 501/501/501 502/502/502
f 489/489/489 502/502/502 490/490/490
f 490/490/490 502/502/502 503/503/503
f 490/490/490 503/503/503 491/491/491
f 491/491/491 503/503/503 504/504/504
f 491/491/491 504/504/504 492/492/492
f 492/492/492 504/504/504 505/505/505
f 492/492/492 505/505/505 493/493/493
f 493/493/493 505/505/505 506/506/506
f 493/493/493 506/506/506 494/494/494
f 494/494/494 506/506/506 507/507/507
f 494/494/494 507/507/507 495/495/495
f 495/495/495 507/507/507 508/508/508
f 495/495/495 508/508/508 496/496/496
f 496/496/496 508/508/508 509/509/509
f 496/496/496 509/509/509 497/497/497
f 497/497/497 509/509/509 510/510/510
f 497/497/497 510/510/510 498/498/498
f 498/498/498 510/510/510 511/511/511
f 498/498/498 511/511/511 78/78/78
f 78/78/78 511/511/511 80/80/80
f 123/123/123 121/121/121 499/499/499
f 499/499/499 121/121/121 512/512/512
f 499/499/499 512/512/512 500/500/500
f 500/500/500 512/512/512 513/513/513
f 500/500/500 513/513/513 501/501/501
f 501/501/501 513/513/513 514/514/514
f 501/501/501 514/514/514 502/502/502
f 502/502/502 514/514/514 515/515/515
f 502/502/502 515/515/515 503/503/503
f 503/503/503 515/515/515 516/516/516
f 503/503/503 516/516/516 504/504/504
f 504/504/504 516/516/516 517/517/517
f 504/504/504 517/517/517 505/505/505
f 505/505/505 517/517/517 518/518/518
f 505/505/505 518/518/518 506/506/506
f 506/506/506 518/518/518 519/519/519
f 506/506/506 519/519/519 507/507/507
f 507/507/507 519/519/519 520/520/520
f 507/507/507 520/520/520 508/508/508
f 508/508/508 520/520/520 521/521/521
f 508/508/508 521/521/521 509/509/509
f 509/509/509 521/521/521 522/522/522
f 509/509/509 522/522/522 510/510/510
f 510/510/510 522/522/522 523/523/523
f 510/510/510 523/523/523 511/511/511
f 511/511/511 523/523/523 82/82/82
f 511/511/511 82/82/82 80/80/80
f 121/121/121 119/119/119 512/512/512
f 512/512/512 119/119/119 524/524/524
f 512/512/512 524/524/524 513/513/513
f 513/513/513 524/524/524 525/525/525
f 513/513/513 525/525/525 514/514/514
f 514/514/514 525/525/525 526/526/526
f 514/514/514 526/526/526 515/515/515
f 515/515/515 526/526/526 527/527/527
f 515/515/515 527/527/527 516/516/516
f 516/516/516 527/527/527 528/528/528
f 516/516/516 528/528/528 517/517/517
f 517/517/517 528/528/528 529/529/529
f 517/517/517 529/529/529 518/518/518
f 518/518/518 529/529/529 530/530/530
f 518/518/518 530/530/530 519/519/519
f 519/519/519 530/530/530 531/531/531
f 519/519/519 531/531/531 520/520/520
f 520/520/520 531/531/531 532/532/532
f 520/520/520 532/532/532 521/521/521
f 521/521/521 532/532/532 533/533/533
f 521/521/521 533/533/533 522/522/522
f 522/522/522 533/533/533 534/534/534
f 522/522/522 534/534/534 523/523/523
f 523/523/523 534/534/534 84/84/84
f 523/523/523 84/84/84 82/82/82
f 119/119/119 117/117/117 524/524/524
f 524/524/524 117/117/117 535/535/535
f 524/524/524 535/535/535 525/525/525
f 525/525/525 535/535/535 536/536/536
f 525/525/525 536/536/536 526/526/526
f 526/526/526 536/536/536 537/537/537
f 526/526/526 537/537/537 527/527/527
f 527/527/527 537/537/537 538/538/538
f 527/527/527 538/538/538 528/528/528
f 528/528/528 538/538/538 539/539/539
f 528/528/528 539/539/539 529/529/529
f 529/529/529 539/539/539 540/540/540
f 529/529/529 540/540/540 530/530/530
f 530/530/530 540/540/540 541/541/541
f 530/530/530 541/541/541 531/531/531
f 531/531/531 541/541/541 542/542/542
f 531/531/531 542/542/542 532/532/532
f 532/532/532 542/542/542 543/543/543
f 532/532/532 543/543/543 533/533/533
f 533/533/533 543/543/543 544/544/544
f 533/533/533 544/544/544 534/534/534
f 534/534/534 544/544/544 86/86/86
f 534/534/534 86/86/86 84/84/84
f 117/117/117 115/115/115 535/535/535
f 535/535/535 115/115/115 545/545/545
f 535/535/535 545/545/545 536/536/536
f 536/536/536 545/545/545 546/546/546
f 536/536/536 546/546/546 537/537/537
f 537/537/537 546/546/546 547/547/547
f 537/537/537 547/547/547 538/538/538
f 538/538/538 547/547/547 548/548/548
f 538/538/538 548/548/548 539/539/539
f 539/539/539 548/548/548 549/549/549
f 539/539/539 549/549/549 540/540/540
f 540/540/540 549/549/549 550/550/550
f 540/540/540 550/550/550 541/541/541
f 541/541/541 550/550/550 551/551/551
f 541/541/541 551/551/551 542/542/542
f 542/542/542 551/551/551 552/552/552
f 542/542/542 552/552/552 543/543/543
f 543/543/543 552/552/552 553/553/553
f 543/543/543 553/553/553 544/544/544
f 544/544/544 553/553/553 88/88/88
f 544/544/544 88/88/88 86/86/86
f 115/115/115 113/113/113 545/545/545
f 545/545/545 113/113/113 554/554/554
f 545/545/545 554/554/554 546/546/546
f 546/546/546 554/554/554 555/555/555
f 546/546/546 555/555/555 547/547/547
f 547/547/547 555/555/555 556/556/556
f 547/547/547 556/556/556 548/548/548
f 548/548/548 556/556/556 557/557/557
f 548/548/548 557/557/557 549/549/549
f 549/549/549 557/557/557 558/558/558
f 549/549/549 558/558/558 550/550/550
f 550/550/550 558/558/558 559/559/559
f 550/550/550 559/559/559 551/551/551
f 551/551/551 559/559/559 560/560/560
f 551/551/551 560/560/560 552/552/552
f 552/552/552 560/560/560 561/561/561
f 552/552/552 561/561/561 553/553/553
f 553/553/553 561/561/561 90/90/90
f 553/553/553 90/90/90 88/88/88
f 113/113/113 111/111/111 554/554/554
f 554/554/554 111/111/111 562/562/562
f 554/554/554 562/562/562 555/555/555
f 555/555/555 562/562/562 563/563/563
f 555/555/555 563/563/563 556/556/556
f 556/556/556 563/563/563 564/564/564
f 556/556/556 564/564/564 557/557/557
f 557/557/557 564/564/564 565/565/565
f 557/557/557 565/565/565 558/558/558
f 558/558/558 565/565/565 566/566/566
f 558/558/558 566/566/566 559/559/559
f 559/559/559 566/566/566 567/567/567
f 559/559/559 567/567/567 560/560/560
f 560/560/560 567/567/567 568/568/568
f 560/560/560 568/568/568 561/561/561
f 561/561/561 568/568/568 92/92/92
f 561/561/561 92/92/92 90/90/90
f 111/111/111 109/109/109 562/562/562
f 562/562/562 109/109/109 107/107/107
f 562/562/562 107/107/107 563/563/563
f 563/563/563 107/107/107 105/105/105
f 563/563/563 105/105/105 564/564/564
f 564/564/564 105/105/105 103/103/103
f 564/564/564 103/103/103 565/565/565
f 565/565/565 103/103/103 101/101/101
f 565/565/565 101/101/101 566/566/566
f 566/566/566 101/101/101 99/99/99
f 566/566/566 99/99/99 567/567/567
f 567/567/567 99/99/99 97/97/97
f 567/567/567 97/97/97 568/568/568
f 568/568/568 97/97/97 94/94/94
f 568/568/568 94/94/94 92/92/92
f 318/318/318 54/54/54 56/56/56
f 318/318/318 56/56/56 569/569/569
f 569/569/569 56/56/56 58/58/58
f 569/569/569 58/58/58 570/570/570
f 570/570/570 58/58/58 60/60/60
f 570/570/570 60/60/60 571/571/571
f 571/571/571 60/60/60 62/62/62
f 571/571/571 62/62/62 572/572/572
f 572/572/572 62/62/62 64/64/64
f 572/572/572 64/64/64 573/573/573
f 573/573/573 64/64/64 66/66/66
f 573/573/573 66/66/66 574/574/574
f 574/574/574 66/66/66 68/68/68
f 574/574/574 68/68/68 575/575/575
f 575/575/575 68/68/68 70/70/70
f 575/575/575 70/70/70 296/296/296
f 296/296/296 70/70/70 72/72/72
f 318/318/318 569/569/569 316/316/316
f 316/316/316 569/569/569 576/576/576
f 316/316/316 576/576/576 314/314/314
f 314/314/314 576/576/576 577/577/577
f 314/314/314 577/577/577 312/312/312
f 312/312/312 577/577/577 310/310/310
f 576/576/576 569/569/569 570/570/570
f 576/576/576 570/570/570 578/578/578
f 578/578/578 570/570/570 571/571/571
f 578/578/578 571/571/571 579/579/579
f 579/579/579 571/571/571 572/572/572
f 579/579/579 572/572/572 580/580/580
f 580/580/580 572/572/572 573/573/573
f 580/580/580 573/573/573 581/581/581
f 581/581/581 573/573/573 574/574/574
f 581/581/581 574/574/574 582/582/582
f 582/582/582 574/574/574 575/575/575
f 582/582/582 575/575/575 298/298/298
f 298/298/298 575/575/575 296/296/296
f 267/267/267 274/274/274 268/268/268
f 268/268/268 274/274/274 583/583/583
f 268/268/268 583/583/583 269/269/269
f 269/269/269 583/583/583 584/584/584
f 269/269/269 584/584/584 270/270/270
f 270/270/270 584/584/584 585/585/585
f 270/270/270 585/585/585 271/271/271
f 271/271/271 585/585/585 292/292/292
f 271/271/271 292/292/292 272/272/272
f 579/579/579 586/586/586 578/578/578
f 578/578/578 586/586/586 577/577/577
f 578/578/578 577/577/577 576/576/576
f 308/308/308 310/310/310 586/586/586
f 586/586/586 310/310/310 577/577/577
f 586/586/586 579/579/579 587/587/587
f 587/587/587 579/579/579 580/580/580
f 587/587/587 580/580/580 588/588/588
f 588/588/588 580/580/580 581/581/581
f 588/588/588 581/581/581 589/589/589
f 589/589/589 581/581/581 582/582/582
f 589/589/589 582/582/582 300/300/300
f 300/300/300 582/582/582 298/298/298
f 274/274/274 276/276/276 583/583/583
f 583/583/583 276/276/276 590/590/590
f 583/583/583 590/590/590 584/584/584
f 584/584/584 590/590/590 591/591/591
f 584/584/584 591/591/591 585/585/585
f 585/585/585 591/591/591 290/290/290
f 585/585/585 290/290/290 292/292/292
f 306/306/306 308/308/308 587/587/587
f 587/587/587 308/308/308 586/586/586
f 306/306/306 587/587/587 588/588/588
f 276/276/276 278/278/278 590/590/590
f 590/590/590 278/278/278 592/592/592
f 590/590/590 592/592/592 591/591/591
f 591/591/591 592/592/592 288/288/288
f 591/591/591 288/288/288 290/290/290
f 304/304/304 306/306/306 588/588/588
f 304/304/304 588/588/588 589/589/589
f 278/278/278 280/280/280 592/592/592
f 592/592/592 280/280/280 286/286/286
f 592/592/592 286/286/286 288/288/288
f 282/282/282 286/286/286 280/280/280
f 302/302/302 304/304/304 589/589/589
f 302/302/302 589/589/589 300/300/300
f 593/595/595 594/594/594 595/593/593
f 595/593/593 594/594/594 596/596/596
f 595/593/593 596/596/596 597/597/597
f 597/597/597 596/596/596 598/598/598
f 597/597/597 598/598/598 599/599/599
f 599/599/599 598/598/598 600/600/600
f 599/599/599 600/600/600 601/601/601
f 601/601/601 600/600/600 602/602/602
f 601/601/601 602/602/602 603/603/603
f 603/603/603 602/602/602 604/604/604
f 603/603/603 604/604/604 605/605/605
f 605/605/605 604/604/604 606/606/606
f 605/605/605 606/606/606 607/607/607
f 607/607/607 606/606/606 608/608/608
f 607/607/607 608/608/608 609/609/609
f 609/609/609 608/608/608 610/610/610
f 609/609/609 610/610/610 611/611/611
f 611/611/611 610/610/610 612/612/612
f 611/611/611 612/612/612 613/613/613
f 613/613/613 612/612/612 614/614/614
f 613/613/613 614/614/614 615/615/615
f 615/615/615 614/614/614 616/616/616
f 615/615/615 616/616/616 617/617/617
f 617/617/617 616/616/616 618/618/618
f 617/617/617 618/618/618 619/619/619
f 619/619/619 618/618/618 620/620/620
f 619/619/619 620/620/620 621/621/621
f 621/621/621 620/620/620 622/622/622
f 621/621/621 622/622/622 623/623/623
f 623/623/623 622/622/622 624/624/624
f 623/623/623 624/624/624 625/625/625
f 608/608/608 626/626/626 610/610/610
f 610/610/610 626/626/626 627/627/627
f 610/610/610 627/627/627 628/628/628
f 628/628/628 627/627/627 629/629/629
f 628/628/628 629/629/629 630/630/630
f 630/630/630 629/629/629 631/631/631
f 630/630/630 631/631/631 632/632/632
f 632/632/632 631/631/631 633/633/633
f 632/632/632 633/633/633 634/634/634
f 634/634/634 633/633/633 635/635/635
f 634/634/634 635/635/635 636/636/636
f 636/636/636 635/635/635 637/637/637
f 636/636/636 637/637/637 638/638/638
f 638/638/638 637/637/637 639/639/639
f 638/638/638 639/639/639 640/640/640
f 640/640/640 639/639/639 641/641/641
f 638/638/638 640/640/640 642/642/642
f 642/642/642 640/640/640 643/643/643
f 642/642/642 643/643/643 644/644/644
f 644/644/644 643/643/643 645/645/645
f 644/644/644 645/645/645 646/646/646
f 646/646/646 645/645/645 647/647/647
f 646/646/646 647/647/647 648/648/648
f 648/648/648 647/647/647 649/649/649
f 648/648/648 649/649/649 650/650/650
f 650/650/650 649/649/649 651/651/651
f 650/650/650 651/651/651 622/622/622
f 622/622/622 651/651/651 624/624/624
f 625/625/625 652/652/652 623/623/623
f 652/655/652 653/654/654 654/653/653
f 654/653/653 653/654/654 655/656/655
f 654/653/653 655/656/655 656/657/656
f 656/657/656 655/656/655 657/658/657
f 656/657/656 657/658/657 658/659/658
f 658/659/658 657/658/657 659/660/659
f 658/659/658 659/660/659 660/661/660
f 660/661/660 659/660/659 661/662/661
f 660/661/660 661/662/661 662/663/662
f 662/663/662 661/662/661 663/664/663
f 662/663/662 663/664/663 664/665/664
f 664/665/664 663/664/663 665/666/665
f 664/665/664 665/666/665 666/667/666
f 666/667/666 665/666/665 593/595/595
f 666/667/666 593/595/595 595/593/593
f 623/623/623 652/669/652 667/668/667
f 667/668/667 652/671/652 668/670/668
f 668/670/668 652/673/652 669/672/669
f 669/672/669 652/675/652 670/674/670
f 670/674/670 652/677/652 671/676/671
f 671/676/671 652/679/652 672/678/672
f 672/678/672 652/681/652 673/680/673
f 673/680/673 652/683/652 674/682/674
f 674/682/674 652/685/652 675/684/675
f 675/684/675 652/687/652 676/686/676
f 676/686/676 652/689/652 677/688/677
f 677/688/677 652/691/652 678/690/678
f 678/690/678 652/693/652 679/692/679
f 679/692/679 652/694/652 654/653/653
f 666/667/666 595/593/593 680/695/680
f 680/695/680 595/593/593 597/597/597
f 680/695/680 597/597/597 681/696/681
f 681/696/681 597/597/597 599/599/599
f 681/696/681 599/599/599 682/697/682
f 682/697/682 599/599/599 601/601/601
f 682/697/682 601/601/601 683/698/683
f 683/698/683 601/601/601 603/603/603
f 683/698/683 603/603/603 684/699/684
f 684/699/684 603/603/603 605/605/605
f 684/699/684 605/605/605 685/700/685
f 685/700/685 605/605/605 607/607/607
f 685/700/685 607/607/607 686/701/686
f 686/701/686 607/607/607 609/609/609
f 686/701/686 609/609/609 611/611/611
f 664/665/664 666/667/666 687/702/687
f 687/702/687 666/667/666 680/695/680
f 687/702/687 680/695/680 688/703/688
f 688/703/688 680/695/680 681/696/681
f 688/703/688 681/696/681 689/704/689
f 689/704/689 681/696/681 682/697/682
f 689/704/689 682/697/682 690/705/690
f 690/705/690 682/697/682 683/698/683
f 690/705/690 683/698/683 691/706/691
f 691/706/691 683/698/683 684/699/684
f 691/706/691 684/699/684 692/707/692
f 692/707/692 684/699/684 685/700/685
f 692/707/692 685/700/685 693/708/693
f 693/708/693 685/700/685 686/701/686
f 693/708/693 686/701/686 694/709/694
f 694/709/694 686/701/686 611/611/611
f 694/709/694 611/611/611 613/613/613
f 662/663/662 664/665/664 695/710/695
f 695/710/695 664/665/664 687/702/687
f 695/710/695 687/702/687 696/711/696
f 696/711/696 687/702/687 688/703/688
f 696/711/696 688/703/688 697/712/697
f 697/712/697 688/703/688 689/704/689
f 697/712/697 689/704/689 698/713/698
f 698/713/698 689/704/689 690/705/690
f 698/713/698 690/705/690 699/714/699
f 699/714/699 690/705/690 691/706/691
f 699/714/699 691/706/691 700/715/700
f 700/715/700 691/706/691 692/707/692
f 700/715/700 692/707/692 701/716/701
f 701/716/701 692/707/692 693/708/693
f 701/716/701 693/708/693 702/717/702
f 702/717/702 693/708/693 694/709/694
f 702/717/702 694/709/694 703/718/703
f 703/718/703 694/709/694 613/613/613
f 703/718/703 613/613/613 615/615/615
f 660/661/660 662/663/662 704/719/704
f 704/719/704 662/663/662 695/710/695
f 704/719/704 695/710/695 705/720/705
f 705/720/705 695/710/695 696/711/696
f 705/720/705 696/711/696 706/721/706
f 706/721/706 696/711/696 697/712/697
f 706/721/706 697/712/697 707/722/707
f 707/722/707 697/712/697 698/713/698
f 707/722/707 698/713/698 708/723/708
f 708/723/708 698/713/698 699/714/699
f 708/723/708 699/714/699 709/724/709
f 709/724/709 699/714/699 700/715/700
f 709/724/709 700/715/700 710/725/710
f 710/725/710 700/715/700 701/716/701
f 710/725/710 701/716/701 711/726/711
f 711/726/711 701/716/701 702/717/702
f 711/726/711 702/717/702 712/727/712
f 712/727/712 702/717/702 703/718/703
f 712/727/712 703/718/703 713/728/713
f 713/728/713 703/718/703 615/615/615
f 713/728/713 615/615/615 617/617/617
f 658/659/658 660/661/660 714/729/714
f 714/729/714 660/661/660 704/719/704
f 714/729/714 704/719/704 715/730/715
f 715/730/715 704/719/704 705/720/705
f 715/730/715 705/720/705 716/731/716
f 716/731/716 705/720/705 706/721/706
f 716/731/716 706/721/706 717/732/717
f 717/732/717 706/721/706 707/722/707
f 717/732/717 707/722/707 718/733/718
f 718/733/718 707/722/707 708/723/708
f 718/733/718 708/723/708 719/734/719
f 719/734/719 708/723/708 709/724/709
f 719/734/719 709/724/709 720/735/720
f 720/735/720 709/724/709 710/725/710
f 720/735/720 710/725/710 721/736/721
f 721/736/721 710/725/710 711/726/711
f 721/736/721 711/726/711 722/737/722
f 722/737/722 711/726/711 712/727/712
f 722/737/722 712/727/712 723/738/723
f 723/738/723 712/727/712 713/728/713
f 723/738/723 713/728/713 724/739/724
f 724/739/724 713/728/713 617/617/617
f 724/739/724 617/617/617 619/619/619
f 679/692/679 654/653/653 656/657/656
f 656/657/656 658/659/658 725/740/725
f 725/740/725 658/659/658 714/729/714
f 725/740/725 714/729/714 726/741/726
f 726/741/726 714/729/714 715/730/715
f 726/741/726 715/730/715 727/742/727
f 727/742/727 715/730/715 716/731/716
f 727/742/727 716/731/716 728/743/728
f 728/743/728 716/731/716 717/732/717
f 728/743/728 717/732/717 729/744/729
f 729/744/729 717/732/717 718/733/718
f 729/744/729 718/733/718 730/745/730
f 730/745/730 718/733/718 719/734/719
f 730/745/730 719/734/719 731/746/731
f 731/746/731 719/734/719 720/735/720
f 731/746/731 720/735/720 732/747/732
f 732/747/732 720/735/720 721/736/721
f 732/747/732 721/736/721 733/748/733
f 733/748/733 721/736/721 722/737/722
f 733/748/733 722/737/722 734/749/734
f 734/749/734 722/737/722 723/738/723
f 734/749/734 723/738/723 735/750/735
f 735/750/735 723/738/723 724/739/724
f 735/750/735 724/739/724 736/751/736
f 736/751/736 724/739/724 619/619/619
f 736/751/736 619/619/619 621/621/621
f 678/690/678 679/692/679 725/740/725
f 725/740/725 679/692/679 656/657/656
f 678/690/678 725/740/725 726/741/726
f 677/688/677 678/690/678 726/741/726
f 677/688/677 726/741/726 727/742/727
f 676/686/676 677/688/677 727/742/727
f 676/686/676 727/742/727 728/743/728
f 675/684/675 676/686/676 728/743/728
f 675/684/675 728/743/728 729/744/729
f 674/682/674 675/684/675 729/744/729
f 674/682/674 729/744/729 730/745/730
f 673/680/673 674/682/674 730/745/730
f 673/680/673 730/745/730 731/746/731
f 673/680/673 731/746/731 672/678/672
f 672/678/672 731/746/731 732/747/732
f 672/678/672 732/747/732 671/676/671
f 671/676/671 732/747/732 733/748/733
f 671/676/671 733/748/733 670/674/670
f 670/674/670 733/748/733 734/749/734
f 670/674/670 734/749/734 669/672/669
f 669/672/669 734/749/734 735/750/735
f 669/672/669 735/750/735 668/670/668
f 668/670/668 735/750/735 736/751/736
f 668/670/668 736/751/736 667/668/667
f 667/668/667 736/751/736 621/621/621
f 667/668/667 621/621/621 623/623/623
f 610/610/610 628/628/628 612/612/612
f 612/612/612 628/628/628 737/752/737
f 612/612/612 737/752/737 614/614/614
f 614/614/614 737/752/737 738/753/738
f 614/614/614 738/753/738 616/616/616
f 616/616/616 738/753/738 739/754/739
f 616/616/616 739/754/739 618/618/618
f 618/618/618 739/754/739 740/755/740
f 618/618/618 740/755/740 620/620/620
f 620/620/620 740/755/740 650/650/650
f 620/620/620 650/650/650 622/622/622
f 628/628/628 630/630/630 737/752/737
f 737/752/737 630/630/630 741/756/741
f 737/752/737 741/756/741 738/753/738
f 738/753/738 741/756/741 742/757/742
f 738/753/738 742/757/742 739/754/739
f 739/754/739 742/757/742 743/758/743
f 739/754/739 743/758/743 740/755/740
f 740/755/740 743/758/743 648/648/648
f 740/755/740 648/648/648 650/650/650
f 630/630/630 632/632/632 741/756/741
f 741/756/741 632/632/632 744/759/744
f 741/756/741 744/759/744 742/757/742
f 742/757/742 744/759/744 745/760/745
f 742/757/742 745/760/745 743/758/743
f 743/758/743 745/760/745 646/646/646
f 743/758/743 646/646/646 648/648/648
f 632/632/632 634/634/634 744/759/744
f 744/759/744 634/634/634 746/761/746
f 744/759/744 746/761/746 745/760/745
f 745/760/745 746/761/746 644/644/644
f 745/760/745 644/644/644 646/646/646
f 634/634/634 636/636/636 746/761/746
f 746/761/746 636/636/636 642/642/642
f 746/761/746 642/642/642 644/644/644
f 638/638/638 642/642/642 636/636/636
f 594/764/594 747/763/748 748/762/747
f 748/762/747 747/763/748 749/765/749
f 748/762/747 749/765/749 750/766/750
f 750/766/750 749/765/749 751/767/751
f 750/766/750 751/767/751 752/768/752
f 752/768/752 751/767/751 753/769/753
f 752/768/752 753/769/753 754/770/754
f 754/770/754 753/769/753 755/771/755
f 754/770/754 755/771/755 756/772/756
f 756/772/756 755/771/755 757/773/757
f 756/772/756 757/773/757 758/774/758
f 758/774/758 757/773/757 759/775/759
f 759/775/759 757/773/757 760/776/760
f 759/775/759 760/776/760 761/777/761
f 761/777/761 760/776/760 762/778/762
f 761/777/761 762/778/762 763/779/763
f 763/779/763 762/778/762 764/780/764
f 764/780/764 762/778/762 765/781/765
f 764/780/764 765/781/765 766/782/766
f 766/782/766 765/781/765 767/783/767
f 766/782/766 767/783/767 768/784/768
f 768/784/768 767/783/767 769/785/769
f 768/784/768 769/785/769 770/786/770
f 770/786/770 769/785/769 771/787/771
f 770/786/770 771/787/771 772/788/772
f 772/788/772 771/787/771 773/789/773
f 772/788/772 773/789/773 774/790/774
f 774/790/774 773/789/773 775/791/775
f 774/790/774 775/791/775 776/792/776
f 776/792/776 775/791/775 777/793/777
f 776/792/776 777/793/777 778/794/778
f 747/763/748 779/795/779 749/765/749
f 749/765/749 779/795/779 780/796/780
f 749/765/749 780/796/780 751/767/751
f 751/767/751 780/796/780 781/797/781
f 751/767/751 781/797/781 753/769/753
f 753/769/753 781/797/781 782/798/782
f 753/769/753 782/798/782 755/771/755
f 755/771/755 782/798/782 783/799/783
f 755/771/755 783/799/783 757/773/757
f 757/773/757 783/799/783 760/776/760
f 779/795/779 784/800/784 780/796/780
f 780/796/780 784/800/784 785/801/785
f 780/796/780 785/801/785 781/797/781
f 781/797/781 785/801/785 786/802/786
f 781/797/781 786/802/786 782/798/782
f 782/798/782 786/802/786 787/803/787
f 782/798/782 787/803/787 783/799/783
f 783/799/783 787/803/787 788/804/788
f 783/799/783 788/804/788 760/776/760
f 760/776/760 788/804/788 762/778/762
f 784/800/784 789/805/789 785/801/785
f 785/801/785 789/805/789 790/806/790
f 785/801/785 790/806/790 786/802/786
f 786/802/786 790/806/790 791/807/791
f 786/802/786 791/807/791 787/803/787
f 787/803/787 791/807/791 792/808/792
f 787/803/787 792/808/792 788/804/788
f 788/804/788 792/808/792 793/809/793
f 788/804/788 793/809/793 762/778/762
f 762/778/762 793/809/793 765/781/765
f 789/805/789 794/810/794 790/806/790
f 790/806/790 794/810/794 795/811/795
f 790/806/790 795/811/795 791/807/791
f 791/807/791 795/811/795 796/812/796
f 791/807/791 796/812/796 792/808/792
f 792/808/792 796/812/796 797/813/797
f 792/808/792 797/813/797 793/809/793
f 793/809/793 797/813/797 798/814/798
f 793/809/793 798/814/798 765/781/765
f 765/781/765 798/814/798 767/783/767
f 794/810/794 799/815/799 795/811/795
f 795/811/795 799/815/799 800/816/800
f 795/811/795 800/816/800 796/812/796
f 796/812/796 800/816/800 801/817/801
f 796/812/796 801/817/801 797/813/797
f 797/813/797 801/817/801 802/818/802
f 797/813/797 802/818/802 798/814/798
f 798/814/798 802/818/802 803/819/803
f 798/814/798 803/819/803 767/783/767
f 767/783/767 803/819/803 769/785/769
f 799/815/799 804/820/804 800/816/800
f 800/816/800 804/820/804 805/821/805
f 800/816/800 805/821/805 801/817/801
f 801/817/801 805/821/805 806/822/806
f 801/817/801 806/822/806 802/818/802
f 802/818/802 806/822/806 807/823/807
f 802/818/802 807/823/807 803/819/803
f 803/819/803 807/823/807 808/824/808
f 803/819/803 808/824/808 769/785/769
f 769/785/769 808/824/808 771/787/771
f 804/820/804 809/825/809 805/821/805
f 805/821/805 809/825/809 810/826/810
f 805/821/805 810/826/810 811/827/811
f 811/827/811 810/826/810 812/828/812
f 811/827/811 812/828/812 813/829/813
f 813/829/813 812/828/812 814/830/814
f 813/829/813 814/830/814 815/831/815
f 815/831/815 814/830/814 816/832/816
f 815/831/815 816/832/816 817/833/817
f 817/833/817 816/832/816 818/834/818
f 817/833/817 818/834/818 819/835/819
f 819/835/819 818/834/818 820/836/820
f 819/835/819 820/836/820 821/837/821
f 821/837/821 820/836/820 822/838/822
f 821/837/821 822/838/822 823/839/823
f 823/839/823 822/838/822 824/840/824
f 824/840/824 822/838/822 641/841/641
f 823/839/823 825/842/825 821/837/821
f 821/837/821 825/842/825 826/843/826
f 821/837/821 826/843/826 819/835/819
f 819/835/819 826/843/826 827/844/827
f 819/835/819 827/844/827 817/833/817
f 817/833/817 827/844/827 828/845/828
f 817/833/817 828/845/828 815/831/815
f 815/831/815 828/845/828 829/846/829
f 815/831/815 829/846/829 813/829/813
f 813/829/813 829/846/829 830/847/830
f 813/829/813 830/847/830 811/827/811
f 811/827/811 830/847/830 806/822/806
f 811/827/811 806/822/806 805/821/805
f 825/842/825 831/848/831 826/843/826
f 826/843/826 831/848/831 832/849/832
f 826/843/826 832/849/832 827/844/827
f 827/844/827 832/849/832 833/850/833
f 827/844/827 833/850/833 828/845/828
f 828/845/828 833/850/833 834/851/834
f 828/845/828 834/851/834 829/846/829
f 829/846/829 834/851/834 835/852/835
f 829/846/829 835/852/835 830/847/830
f 830/847/830 835/852/835 807/823/807
f 830/847/830 807/823/807 806/822/806
f 831/848/831 836/853/836 832/849/832
f 832/849/832 836/853/836 837/854/837
f 832/849/832 837/854/837 833/850/833
f 833/850/833 837/854/837 838/855/838
f 833/850/833 838/855/838 834/851/834
f 834/851/834 838/855/838 839/856/839
f 834/851/834 839/856/839 835/852/835
f 835/852/835 839/856/839 808/824/808
f 835/852/835 808/824/808 807/823/807
f 836/853/836 840/857/840 837/854/837
f 837/854/837 840/857/840 775/791/775
f 837/854/837 775/791/775 838/855/838
f 838/855/838 775/791/775 773/789/773
f 838/855/838 773/789/773 839/856/839
f 839/856/839 773/789/773 771/787/771
f 839/856/839 771/787/771 808/824/808
f 840/857/840 777/793/777 775/791/775
f 758/774/758 841/858/841 756/772/756
f 756/772/756 841/858/841 842/859/842
f 756/772/756 842/859/842 754/770/754
f 754/770/754 842/859/842 843/860/843
f 754/770/754 843/860/843 752/768/752
f 752/768/752 843/860/843 844/861/844
f 752/768/752 844/861/844 750/766/750
f 750/766/750 844/861/844 845/862/845
f 750/766/750 845/862/845 748/762/747
f 841/858/841 846/863/846 842/859/842
f 842/859/842 846/863/846 847/864/847
f 842/859/842 847/864/847 843/860/843
f 843/860/843 847/864/847 848/865/848
f 843/860/843 848/865/848 844/861/844
f 844/861/844 848/865/848 849/866/849
f 844/861/844 849/866/849 845/862/845
f 846/863/846 850/867/850 847/864/847
f 847/864/847 850/867/850 851/868/851
f 847/864/847 851/868/851 848/865/848
f 848/865/848 851/868/851 852/869/852
f 848/865/848 852/869/852 853/870/853
f 850/867/850 854/871/854 851/868/851
f 851/868/851 854/871/854 855/872/855
f 851/868/851 855/872/855 852/869/852
f 856/874/857 857/873/856 854/871/854
f 854/871/854 857/873/856 855/872/855
f 853/870/853 849/866/849 848/865/848
f 858/877/860 859/876/859 860/875/858
f 860/875/858 859/876/859 861/878/861
f 860/875/858 861/878/861 862/879/862
f 862/879/862 861/878/861 863/880/863
f 862/879/862 863/880/863 864/881/864
f 864/881/864 863/880/863 865/882/865
f 864/881/864 865/882/865 866/883/866
f 866/883/866 865/882/865 867/884/867
f 866/883/866 867/884/867 868/885/868
f 868/885/868 867/884/867 869/886/869
f 868/885/868 869/886/869 870/887/870
f 870/887/870 869/886/869 871/888/871
f 870/887/870 871/888/871 872/889/872
f 872/889/872 871/888/871 873/890/873
f 872/889/872 873/890/873 874/891/874
f 874/891/874 873/890/873 875/892/875
f 874/891/874 875/892/875 876/893/876
f 859/876/859 877/894/877 861/878/861
f 861/878/861 877/894/877 878/895/878
f 861/878/861 878/895/878 863/880/863
f 863/880/863 878/895/878 879/896/879
f 863/880/863 879/896/879 865/882/865
f 865/882/865 879/896/879 880/897/880
f 865/882/865 880/897/880 867/884/867
f 867/884/867 880/897/880 881/898/881
f 867/884/867 881/898/881 869/886/869
f 869/886/869 881/898/881 882/899/882
f 869/886/869 882/899/882 871/888/871
f 871/888/871 882/899/882 875/892/875
f 871/888/871 875/892/875 873/890/873
f 874/891/874 876/893/876 883/900/883
f 883/900/883 876/893/876 884/901/884
f 883/900/883 884/901/884 885/902/885
f 885/902/885 884/901/884 886/903/886
f 885/902/885 886/903/886 887/904/887
f 887/904/887 886/903/886 888/905/888
f 887/904/887 888/905/888 889/906/889
f 889/906/889 888/905/888 890/907/890
f 890/907/890 888/905/888 891/908/891
f 890/907/890 891/908/891 892/909/892
f 892/909/892 891/908/891 893/910/893
f 892/909/892 893/910/893 894/911/894
f 894/911/894 893/910/893 895/912/895
f 894/911/894 895/912/895 896/913/896
f 896/913/896 895/912/895 897/914/897
f 896/913/896 897/914/897 898/915/898
f 898/915/898 897/914/897 899/916/899
f 898/915/898 899/916/899 900/917/900
f 886/903/886 901/918/901 888/905/888
f 888/905/888 901/918/901 891/908/891
f 901/918/901 902/919/902 891/908/891
f 891/908/891 902/919/902 893/910/893
f 902/919/902 903/920/903 893/910/893
f 893/910/893 903/920/903 895/912/895
f 903/920/903 899/916/899 895/912/895
f 895/912/895 899/916/899 897/914/897
f 898/915/898 900/917/900 904/921/904
f 904/921/904 900/917/900 285/922/285
f 904/921/904 285/922/285 905/923/905
f 905/923/905 285/922/285 281/924/281
f 905/923/905 281/924/281 906/925/906
f 906/925/906 281/924/281 279/926/279
f 906/925/906 279/926/279 907/927/907
f 907/927/907 279/926/279 908/928/908
f 907/927/907 908/928/908 909/929/909
f 909/929/909 908/928/908 910/930/910
f 910/930/910 908/928/908 911/931/911
f 910/930/910 911/931/911 912/932/912
f 912/932/912 911/931/911 913/933/913
f 912/932/912 913/933/913 914/934/914
f 914/934/914 913/933/913 915/935/915
f 914/934/914 915/935/915 916/936/916
f 916/936/916 915/935/915 266/937/266
f 916/936/916 266/937/266 95/938/95
f 279/926/279 277/939/277 908/928/908
f 908/928/908 277/939/277 911/931/911
f 277/939/277 275/940/275 911/931/911
f 911/931/911 275/940/275 913/933/913
f 275/940/275 266/937/266 913/933/913
f 913/933/913 266/937/266 915/935/915
f 916/936/916 95/938/95 917/941/917
f 917/941/917 95/938/95 96/942/96
f 917/941/917 96/942/96 918/943/918
f 918/943/918 96/942/96 98/944/98
f 918/943/918 98/944/98 919/945/919
f 919/945/919 98/944/98 100/946/100
f 919/945/919 100/946/100 920/947/920
f 920/947/920 100/946/100 921/948/921
f 920/947/920 921/948/921 922/949/922
f 922/949/922 921/948/921 923/950/923
f 923/950/923 921/948/921 924/951/924
f 923/950/923 924/951/924 925/952/925
f 925/952/925 924/951/924 926/953/926
f 925/952/925 926/953/926 927/954/927
f 927/954/927 926/953/926 928/955/928
f 927/954/927 928/955/928 929/956/929
f 929/956/929 928/955/928 930/957/930
f 929/956/929 930/957/930 931/958/931
f 931/958/931 930/957/930 108/959/108
f 931/958/931 108/959/108 265/960/265
f 100/946/100 102/961/102 921/948/921
f 921/948/921 102/961/102 924/951/924
f 102/961/102 104/962/104 924/951/924
f 924/951/924 104/962/104 926/953/926
f 104/962/104 106/963/106 926/953/926
f 926/953/926 106/963/106 928/955/928
f 106/963/106 108/959/108 928/955/928
f 928/955/928 108/959/108 930/957/930
f 931/958/931 265/960/265 932/964/932
f 932/964/932 265/960/265 263/965/263
f 932/964/932 263/965/263 933/966/933
f 933/966/933 263/965/263 262/967/262
f 933/966/933 934/968/934 932/964/932
f 932/964/932 934/968/934 935/969/935
f 932/964/932 935/969/935 931/958/931
f 931/958/931 935/969/935 929/956/929
f 920/947/920 922/949/922 919/945/919
f 919/945/919 922/949/922 936/970/936
f 919/945/919 936/970/936 918/943/918
f 918/943/918 936/970/936 937/971/937
f 918/943/918 937/971/937 917/941/917
f 917/941/917 937/971/937 938/972/938
f 917/941/917 938/972/938 916/936/916
f 916/936/916 938/972/938 914/934/914
f 907/927/907 909/929/909 906/925/906
f 906/925/906 909/929/909 939/973/939
f 906/925/906 939/973/939 905/923/905
f 905/923/905 939/973/939 940/974/940
f 905/923/905 940/974/940 904/921/904
f 904/921/904 940/974/940 941/975/941
f 904/921/904 941/975/941 898/915/898
f 898/915/898 941/975/941 896/913/896
f 887/904/887 889/906/889 885/902/885
f 885/902/885 889/906/889 942/976/942
f 885/902/885 942/976/942 883/900/883
f 883/900/883 942/976/942 943/977/943
f 883/900/883 943/977/943 874/891/874
f 874/891/874 943/977/943 872/889/872
f 944/980/946 945/979/945 946/978/944
f 946/978/944 945/979/945 947/981/947
f 946/978/944 947/981/947 948/982/948
f 948/982/948 947/981/947 949/983/949
f 948/982/948 949/983/949 950/984/950
f 950/984/950 949/983/949 951/985/951
f 950/984/950 951/985/951 952/986/952
f 952/986/952 951/985/951 953/987/953
f 952/986/952 953/987/953 954/988/954
f 954/988/954 953/987/953 955/989/955
f 954/988/954 955/989/955 956/990/956
f 956/990/956 955/989/955 957/991/957
f 956/990/956 957/991/957 958/992/958
f 958/992/958 957/991/957 959/993/959
f 958/992/958 959/993/959 960/994/960
f 960/994/960 959/993/959 961/995/961
f 960/994/960 961/995/961 962/996/962
f 962/996/962 961/995/961 963/997/963
f 962/996/962 963/997/963 964/998/964
f 964/998/964 963/997/963 965/999/965
f 964/998/964 965/999/965 966/1000/966
f 966/1000/966 965/999/965 967/1001/967
f 966/1000/966 967/1001/967 968/1002/968
f 968/1002/968 967/1001/967 969/1003/969
f 968/1002/968 969/1003/969 970/1004/970
f 970/1004/970 969/1003/969 971/1005/971
f 970/1004/970 971/1005/971 972/1006/972
f 972/1006/972 971/1005/971 973/1007/973
f 972/1006/972 973/1007/973 974/1008/974
f 974/1008/974 973/1007/973 975/1009/975
f 974/1008/974 975/1009/975 976/1010/976
f 976/1010/976 975/1009/975 977/1011/977
f 976/1010/976 977/1011/977 978/1012/978
f 978/1012/978 977/1011/977 979/1013/979
f 978/1012/978 979/1013/979 980/1014/980
f 980/1014/980 979/1013/979 981/1015/981
f 980/1014/980 981/1015/981 982/1016/982
f 982/1016/982 981/1015/981 983/1017/983
f 982/1016/982 983/1017/983 984/1018/984
f 984/1018/984 983/1017/983 985/1019/985
f 984/1018/984 985/1019/985 986/1020/986
f 986/1020/986 985/1019/985 987/1021/987
f 986/1020/986 987/1021/987 988/1022/988
f 988/1022/988 987/1021/987 989/1023/989
f 988/1022/988 989/1023/989 990/1024/990
f 990/1024/990 989/1023/989 939/1025/939
f 990/1024/990 939/1025/939 909/1026/909
f 953/987/953 991/1027/991 955/989/955
f 955/989/955 991/1027/991 992/1028/992
f 955/989/955 992/1028/992 957/991/957
f 957/991/957 992/1028/992 993/1029/993
f 957/991/957 993/1029/993 959/993/959
f 959/993/959 993/1029/993 994/1030/994
f 959/993/959 994/1030/994 961/995/961
f 961/995/961 994/1030/994 995/1031/995
f 961/995/961 995/1031/995 963/997/963
f 963/997/963 995/1031/995 996/1032/996
f 963/997/963 996/1032/996 965/999/965
f 965/999/965 996/1032/996 997/1033/997
f 965/999/965 997/1033/997 967/1001/967
f 967/1001/967 997/1033/997 998/1034/998
f 967/1001/967 998/1034/998 969/1003/969
f 969/1003/969 998/1034/998 999/1035/999
f 969/1003/969 999/1035/999 971/1005/971
f 971/1005/971 999/1035/999 1000/1036/1000
f 971/1005/971 1000/1036/1000 973/1007/973
f 973/1007/973 1000/1036/1000 1001/1037/1001
f 973/1007/973 1001/1037/1001 975/1009/975
f 975/1009/975 1001/1037/1001 1002/1038/1002
f 975/1009/975 1002/1038/1002 977/1011/977
f 977/1011/977 1002/1038/1002 1003/1039/1003
f 977/1011/977 1003/1039/1003 979/1013/979
f 979/1013/979 1003/1039/1003 1004/1040/1004
f 979/1013/979 1004/1040/1004 981/1015/981
f 981/1015/981 1004/1040/1004 1005/1041/1005
f 981/1015/981 1005/1041/1005 983/1017/983
f 983/1017/983 1005/1041/1005 1006/1042/1006
f 983/1017/983 1006/1042/1006 985/1019/985
f 985/1019/985 1006/1042/1006 1007/1043/1007
f 985/1019/985 1007/1043/1007 987/1021/987
f 987/1021/987 1007/1043/1007 1008/1044/1008
f 987/1021/987 1008/1044/1008 989/1023/989
f 989/1023/989 1008/1044/1008 941/1045/941
f 989/1023/989 941/1045/941 940/1046/940
f 991/1027/991 1009/1047/1009 992/1028/992
f 992/1028/992 1009/1047/1009 1010/1048/1010
f 992/1028/992 1010/1048/1010 993/1029/993
f 993/1029/993 1010/1048/1010 1011/1049/1011
f 993/1029/993 1011/1049/1011 994/1030/994
f 994/1030/994 1011/1049/1011 1012/1050/1012
f 994/1030/994 1012/1050/1012 995/1031/995
f 995/1031/995 1012/1050/1012 1013/1051/1013
f 995/1031/995 1013/1051/1013 996/1032/996
f 996/1032/996 1013/1051/1013 1014/1052/1014
f 996/1032/996 1014/1052/1014 997/1033/997
f 997/1033/997 1014/1052/1014 1015/1053/1015
f 997/1033/997 1015/1053/1015 998/1034/998
f 998/1034/998 1015/1053/1015 868/1054/868
f 998/1034/998 868/1054/868 870/1055/870
f 1009/1047/1009 1016/1056/1016 1010/1048/1010
f 1010/1048/1010 1016/1056/1016 1017/1057/1017
f 1010/1048/1010 1017/1057/1017 1011/1049/1011
f 1011/1049/1011 1017/1057/1017 1018/1058/1018
f 1011/1049/1011 1018/1058/1018 1012/1050/1012
f 1012/1050/1012 1018/1058/1018 1019/1059/1019
f 1012/1050/1012 1019/1059/1019 1013/1051/1013
f 1013/1051/1013 1019/1059/1019 1020/1060/1020
f 1013/1051/1013 1020/1060/1020 1014/1052/1014
f 1014/1052/1014 1020/1060/1020 1021/1061/1021
f 1014/1052/1014 1021/1061/1021 1015/1053/1015
f 1015/1053/1015 1021/1061/1021 868/1054/868
f 1016/1056/1016 858/1062/860 1017/1057/1017
f 1017/1057/1017 858/1062/860 860/1063/858
f 1017/1057/1017 860/1063/858 1018/1058/1018
f 1018/1058/1018 860/1063/858 862/1064/862
f 1018/1058/1018 862/1064/862 1019/1059/1019
f 1019/1059/1019 862/1064/862 864/1065/864
f 1019/1059/1019 864/1065/864 1020/1060/1020
f 1020/1060/1020 864/1065/864 866/1066/866
f 1020/1060/1020 866/1066/866 1021/1061/1021
f 1021/1061/1021 866/1066/866 868/1054/868
f 998/1034/998 870/1055/870 999/1035/999
f 999/1035/999 870/1055/870 872/1067/872
f 999/1035/999 872/1067/872 1000/1036/1000
f 1000/1036/1000 872/1067/872 943/1068/943
f 1000/1036/1000 943/1068/943 1001/1037/1001
f 1001/1037/1001 943/1068/943 942/1069/942
f 1001/1037/1001 942/1069/942 1002/1038/1002
f 1002/1038/1002 942/1069/942 889/1070/889
f 1002/1038/1002 889/1070/889 1003/1039/1003
f 1003/1039/1003 889/1070/889 890/1071/890
f 1003/1039/1003 890/1071/890 1004/1040/1004
f 1004/1040/1004 890/1071/890 892/1072/892
f 1004/1040/1004 892/1072/892 1005/1041/1005
f 1005/1041/1005 892/1072/892 894/1073/894
f 1005/1041/1005 894/1073/894 1006/1042/1006
f 1006/1042/1006 894/1073/894 1007/1043/1007
f 894/1073/894 896/1074/896 1007/1043/1007
f 1007/1043/1007 896/1074/896 1008/1044/1008
f 896/1074/896 941/1045/941 1008/1044/1008
f 940/1046/940 939/1025/939 989/1023/989
f 990/1024/990 909/1026/909 1022/1075/1022
f 1022/1075/1022 909/1026/909 910/1076/910
f 1022/1075/1022 910/1076/910 1023/1077/1023
f 1023/1077/1023 910/1076/910 912/1078/912
f 1023/1077/1023 912/1078/912 1024/1079/1024
f 1024/1079/1024 912/1078/912 914/1080/914
f 1024/1079/1024 914/1080/914 1025/1081/1025
f 1025/1081/1025 914/1080/914 938/1082/938
f 1025/1081/1025 938/1082/938 1026/1083/1026
f 1026/1083/1026 938/1082/938 937/1084/937
f 1026/1083/1026 937/1084/937 1027/1085/1027
f 1027/1085/1027 937/1084/937 936/1086/936
f 1027/1085/1027 936/1086/936 922/1087/922
f 1027/1085/1027 922/1087/922 1028/1088/1028
f 1028/1088/1028 922/1087/922 923/1089/923
f 1028/1088/1028 923/1089/923 1029/1090/1029
f 1029/1090/1029 923/1089/923 925/1091/925
f 1029/1090/1029 925/1091/925 1030/1092/1030
f 1030/1092/1030 925/1091/925 927/1093/927
f 1030/1092/1030 927/1093/927 1031/1094/1031
f 1031/1094/1031 927/1093/927 929/1095/929
f 1031/1094/1031 929/1095/929 1032/1096/1032
f 1032/1096/1032 929/1095/929 935/1097/935
f 1032/1096/1032 935/1097/935 1033/1098/1033
f 1033/1098/1033 935/1097/935 934/1099/934
f 1033/1098/1033 934/1099/934 933/1100/933
f 933/1100/933 1034/1101/1034 1033/1098/1033
f 1033/1098/1033 1034/1101/1034 1035/1102/1035
f 1033/1098/1033 1035/1102/1035 1032/1096/1032
f 1032/1096/1032 1035/1102/1035 1036/1103/1036
f 1032/1096/1032 1036/1103/1036 1031/1094/1031
f 1031/1094/1031 1036/1103/1036 1037/1104/1037
f 1031/1094/1031 1037/1104/1037 1030/1092/1030
f 1030/1092/1030 1037/1104/1037 1038/1105/1038
f 1030/1092/1030 1038/1105/1038 1029/1090/1029
f 1029/1090/1029 1038/1105/1038 1039/1106/1039
f 1029/1090/1029 1039/1106/1039 1028/1088/1028
f 1028/1088/1028 1039/1106/1039 1040/1107/1040
f 1028/1088/1028 1040/1107/1040 1027/1085/1027
f 1027/1085/1027 1040/1107/1040 1041/1108/1041
f 1027/1085/1027 1041/1108/1041 1026/1083/1026
f 1026/1083/1026 1041/1108/1041 1042/1109/1042
f 1026/1083/1026 1042/1109/1042 1025/1081/1025
f 1025/1081/1025 1042/1109/1042 1043/1110/1043
f 1025/1081/1025 1043/1110/1043 1024/1079/1024
f 1024/1079/1024 1043/1110/1043 1044/1111/1044
f 1024/1079/1024 1044/1111/1044 1023/1077/1023
f 1023/1077/1023 1044/1111/1044 1045/1112/1045
f 1023/1077/1023 1045/1112/1045 1022/1075/1022
f 1022/1075/1022 1045/1112/1045 1046/1113/1046
f 1022/1075/1022 1046/1113/1046 990/1024/990
f 990/1024/990 1046/1113/1046 1047/1114/1047
f 990/1024/990 1047/1114/1047 988/1022/988
f 988/1022/988 1047/1114/1047 1048/1115/1048
f 988/1022/988 1048/1115/1048 986/1020/986
f 986/1020/986 1048/1115/1048 1049/1116/1049
f 986/1020/986 1049/1116/1049 984/1018/984
f 984/1018/984 1049/1116/1049 1050/1117/1050
f 984/1018/984 1050/1117/1050 982/1016/982
f 982/1016/982 1050/1117/1050 1051/1118/1051
f 982/1016/982 1051/1118/1051 980/1014/980
f 980/1014/980 1051/1118/1051 1052/1119/1052
f 980/1014/980 1052/1119/1052 978/1012/978
f 978/1012/978 1052/1119/1052 1053/1120/1053
f 978/1012/978 1053/1120/1053 976/1010/976
f 976/1010/976 1053/1120/1053 1054/1121/1054
f 976/1010/976 1054/1121/1054 974/1008/974
f 974/1008/974 1054/1121/1054 1055/1122/1055
f 974/1008/974 1055/1122/1055 972/1006/972
f 972/1006/972 1055/1122/1055 1056/1123/1056
f 972/1006/972 1056/1123/1056 970/1004/970
f 970/1004/970 1056/1123/1056 1057/1124/1057
f 970/1004/970 1057/1124/1057 968/1002/968
f 968/1002/968 1057/1124/1057 1058/1125/1058
f 968/1002/968 1058/1125/1058 966/1000/966
f 966/1000/966 1058/1125/1058 1059/1126/1059
f 966/1000/966 1059/1126/1059 964/998/964
f 964/998/964 1059/1126/1059 1060/1127/1060
f 964/998/964 1060/1127/1060 962/996/962
f 962/996/962 1060/1127/1060 1061/1128/1061
f 962/996/962 1061/1128/1061 960/994/960
f 960/994/960 1061/1128/1061 1062/1129/1062
f 960/994/960 1062/1129/1062 958/992/958
f 958/992/958 1062/1129/1062 1063/1130/1063
f 958/992/958 1063/1130/1063 956/990/956
f 956/990/956 1063/1130/1063 1064/1131/1064
f 956/990/956 1064/1131/1064 954/988/954
f 954/988/954 1064/1131/1064 952/986/952
f 1034/1101/1034 1065/1132/1065 1035/1102/1035
f 1035/1102/1035 1065/1132/1065 1066/1133/1066
f 1035/1102/1035 1066/1133/1066 1036/1103/1036
f 1036/1103/1036 1066/1133/1066 1067/1134/1067
f 1036/1103/1036 1067/1134/1067 1037/1104/1037
f 1037/1104/1037 1067/1134/1067 1068/1135/1068
f 1037/1104/1037 1068/1135/1068 1038/1105/1038
f 1038/1105/1038 1068/1135/1068 1069/1136/1069
f 1038/1105/1038 1069/1136/1069 1039/1106/1039
f 1039/1106/1039 1069/1136/1069 1070/1137/1070
f 1039/1106/1039 1070/1137/1070 1040/1107/1040
f 1040/1107/1040 1070/1137/1070 1071/1138/1071
f 1040/1107/1040 1071/1138/1071 1041/1108/1041
f 1041/1108/1041 1071/1138/1071 1072/1139/1072
f 1041/1108/1041 1072/1139/1072 1042/1109/1042
f 1042/1109/1042 1072/1139/1072 1073/1140/1073
f 1042/1109/1042 1073/1140/1073 1043/1110/1043
f 1043/1110/1043 1073/1140/1073 1074/1141/1074
f 1043/1110/1043 1074/1141/1074 1044/1111/1044
f 1044/1111/1044 1074/1141/1074 1075/1142/1075
f 1044/1111/1044 1075/1142/1075 1045/1112/1045
f 1045/1112/1045 1075/1142/1075 1076/1143/1076
f 1045/1112/1045 1076/1143/1076 1046/1113/1046
f 1046/1113/1046 1076/1143/1076 1077/1144/1077
f 1046/1113/1046 1077/1144/1077 1047/1114/1047
f 1047/1114/1047 1077/1144/1077 1078/1145/1078
f 1047/1114/1047 1078/1145/1078 1048/1115/1048
f 1048/1115/1048 1078/1145/1078 1079/1146/1079
f 1048/1115/1048 1079/1146/1079 1049/1116/1049
f 1049/1116/1049 1079/1146/1079 1080/1147/1080
f 1049/1116/1049 1080/1147/1080 1050/1117/1050
f 1050/1117/1050 1080/1147/1080 1081/1148/1081
f 1050/1117/1050 1081/1148/1081 1051/1118/1051
f 1051/1118/1051 1081/1148/1081 1082/1149/1082
f 1051/1118/1051 1082/1149/1082 1052/1119/1052
f 1052/1119/1052 1082/1149/1082 1083/1150/1083
f 1052/1119/1052 1083/1150/1083 1053/1120/1053
f 1053/1120/1053 1083/1150/1083 1084/1151/1084
f 1053/1120/1053 1084/1151/1084 1054/1121/1054
f 1054/1121/1054 1084/1151/1084 1085/1152/1085
f 1054/1121/1054 1085/1152/1085 1055/1122/1055
f 1055/1122/1055 1085/1152/1085 1086/1153/1086
f 1055/1122/1055 1086/1153/1086 1056/1123/1056
f 1056/1123/1056 1086/1153/1086 1087/1154/1087
f 1056/1123/1056 1087/1154/1087 1057/1124/1057
f 1057/1124/1057 1087/1154/1087 1088/1155/1088
f 1057/1124/1057 1088/1155/1088 1058/1125/1058
f 1058/1125/1058 1088/1155/1088 1089/1156/1089
f 1058/1125/1058 1089/1156/1089 1059/1126/1059
f 1059/1126/1059 1089/1156/1089 1090/1157/1090
f 1059/1126/1059 1090/1157/1090 1060/1127/1060
f 1060/1127/1060 1090/1157/1090 1091/1158/1091
f 1060/1127/1060 1091/1158/1091 1061/1128/1061
f 1061/1128/1061 1091/1158/1091 1092/1159/1092
f 1061/1128/1061 1092/1159/1092 1062/1129/1062
f 1062/1129/1062 1092/1159/1092 1093/1160/1093
f 1062/1129/1062 1093/1160/1093 1063/1130/1063
f 1063/1130/1063 1093/1160/1093 1094/1161/1094
f 1063/1130/1063 1094/1161/1094 1064/1131/1064
f 1064/1131/1064 1094/1161/1094 1095/1162/1095
f 1064/1131/1064 1095/1162/1095 952/986/952
f 952/986/952 1095/1162/1095 950/984/950
f 1065/1132/1065 1096/1163/1096 1066/1133/1066
f 1066/1133/1066 1096/1163/1096 1097/1164/1097
f 1066/1133/1066 1097/1164/1097 1067/1134/1067
f 1067/1134/1067 1097/1164/1097 1098/1165/1098
f 1067/1134/1067 1098/1165/1098 1068/1135/1068
f 1068/1135/1068 1098/1165/1098 1099/1166/1099
f 1068/1135/1068 1099/1166/1099 1069/1136/1069
f 1069/1136/1069 1099/1166/1099 1100/1167/1100
f 1069/1136/1069 1100/1167/1100 1070/1137/1070
f 1070/1137/1070 1100/1167/1100 1101/1168/1101
f 1070/1137/1070 1101/1168/1101 1071/1138/1071
f 1071/1138/1071 1101/1168/1101 1102/1169/1102
f 1071/1138/1071 1102/1169/1102 1072/1139/1072
f 1072/1139/1072 1102/1169/1102 1103/1170/1103
f 1072/1139/1072 1103/1170/1103 1073/1140/1073
f 1073/1140/1073 1103/1170/1103 1104/1171/1104
f 1073/1140/1073 1104/1171/1104 1074/1141/1074
f 1074/1141/1074 1104/1171/1104 1105/1172/1105
f 1074/1141/1074 1105/1172/1105 1075/1142/1075
f 1075/1142/1075 1105/1172/1105 1106/1173/1106
f 1075/1142/1075 1106/1173/1106 1076/1143/1076
f 1076/1143/1076 1106/1173/1106 1107/1174/1107
f 1076/1143/1076 1107/1174/1107 1077/1144/1077
f 1077/1144/1077 1107/1174/1107 1108/1175/1108
f 1077/1144/1077 1108/1175/1108 1078/1145/1078
f 1078/1145/1078 1108/1175/1108 1109/1176/1109
f 1078/1145/1078 1109/1176/1109 1079/1146/1079
f 1079/1146/1079 1109/1176/1109 1110/1177/1110
f 1079/1146/1079 1110/1177/1110 1080/1147/1080
f 1080/1147/1080 1110/1177/1110 1111/1178/1111
f 1080/1147/1080 1111/1178/1111 1081/1148/1081
f 1081/1148/1081 1111/1178/1111 1112/1179/1112
f 1081/1148/1081 1112/1179/1112 1082/1149/1082
f 1082/1149/1082 1112/1179/1112 1113/1180/1113
f 1082/1149/1082 1113/1180/1113 1083/1150/1083
f 1083/1150/1083 1113/1180/1113 1114/1181/1114
f 1083/1150/1083 1114/1181/1114 1084/1151/1084
f 1084/1151/1084 1114/1181/1114 1115/1182/1115
f 1084/1151/1084 1115/1182/1115 1085/1152/1085
f 1085/1152/1085 1115/1182/1115 1116/1183/1116
f 1085/1152/1085 1116/1183/1116 1086/1153/1086
f 1086/1153/1086 1116/1183/1116 1117/1184/1117
f 1086/1153/1086 1117/1184/1117 1087/1154/1087
f 1087/1154/1087 1117/1184/1117 1118/1185/1118
f 1087/1154/1087 1118/1185/1118 1088/1155/1088
f 1088/1155/1088 1118/1185/1118 1119/1186/1119
f 1088/1155/1088 1119/1186/1119 1089/1156/1089
f 1089/1156/1089 1119/1186/1119 1120/1187/1120
f 1089/1156/1089 1120/1187/1120 1090/1157/1090
f 1090/1157/1090 1120/1187/1120 1121/1188/1121
f 1090/1157/1090 1121/1188/1121 1091/1158/1091
f 1091/1158/1091 1121/1188/1121 1122/1189/1122
f 1091/1158/1091 1122/1189/1122 1092/1159/1092
f 1092/1159/1092 1122/1189/1122 1123/1190/1123
f 1092/1159/1092 1123/1190/1123 1093/1160/1093
f 1093/1160/1093 1123/1190/1123 1124/1191/1124
f 1093/1160/1093 1124/1191/1124 1094/1161/1094
f 1094/1161/1094 1124/1191/1124 1125/1192/1125
f 1094/1161/1094 1125/1192/1125 1095/1162/1095
f 1095/1162/1095 1125/1192/1125 1126/1193/1126
f 1095/1162/1095 1126/1193/1126 950/984/950
f 950/984/950 1126/1193/1126 948/982/948
f 1096/1163/1096 1127/1194/1127 1097/1164/1097
f 1097/1164/1097 1127/1194/1127 1128/1195/1128
f 1097/1164/1097 1128/1195/1128 1098/1165/1098
f 1098/1165/1098 1128/1195/1128 1129/1196/1129
f 1098/1165/1098 1129/1196/1129 1099/1166/1099
f 1099/1166/1099 1129/1196/1129 1130/1197/1130
f 1099/1166/1099 1130/1197/1130 1100/1167/1100
f 1100/1167/1100 1130/1197/1130 1131/1198/1131
f 1100/1167/1100 1131/1198/1131 1101/1168/1101
f 1101/1168/1101 1131/1198/1131 1132/1199/1132
f 1101/1168/1101 1132/1199/1132 1102/1169/1102
f 1102/1169/1102 1132/1199/1132 1133/1200/1133
f 1102/1169/1102 1133/1200/1133 1103/1170/1103
f 1103/1170/1103 1133/1200/1133 1134/1201/1134
f 1103/1170/1103 1134/1201/1134 1104/1171/1104
f 1104/1171/1104 1134/1201/1134 1135/1202/1135
f 1104/1171/1104 1135/1202/1135 1105/1172/1105
f 1105/1172/1105 1135/1202/1135 1136/1203/1136
f 1105/1172/1105 1136/1203/1136 1106/1173/1106
f 1106/1173/1106 1136/1203/1136 1137/1204/1137
f 1106/1173/1106 1137/1204/1137 1107/1174/1107
f 1107/1174/1107 1137/1204/1137 1138/1205/1138
f 1107/1174/1107 1138/1205/1138 1108/1175/1108
f 1108/1175/1108 1138/1205/1138 1139/1206/1139
f 1108/1175/1108 1139/1206/1139 1109/1176/1109
f 1109/1176/1109 1139/1206/1139 1140/1207/1140
f 1109/1176/1109 1140/1207/1140 1110/1177/1110
f 1110/1177/1110 1140/1207/1140 1141/1208/1141
f 1110/1177/1110 1141/1208/1141 1111/1178/1111
f 1111/1178/1111 1141/1208/1141 1142/1209/1142
f 1111/1178/1111 1142/1209/1142 1112/1179/1112
f 1112/1179/1112 1142/1209/1142 1143/1210/1143
f 1112/1179/1112 1143/1210/1143 1113/1180/1113
f 1113/1180/1113 1143/1210/1143 1144/1211/1144
f 1113/1180/1113 1144/1211/1144 1114/1181/1114
f 1114/1181/1114 1144/1211/1144 1145/1212/1145
f 1114/1181/1114 1145/1212/1145 1115/1182/1115
f 1115/1182/1115 1145/1212/1145 1146/1213/1146
f 1115/1182/1115 1146/1213/1146 1116/1183/1116
f 1116/1183/1116 1146/1213/1146 1147/1214/1147
f 1116/1183/1116 1147/1214/1147 1117/1184/1117
f 1117/1184/1117 1147/1214/1147 1148/1215/1148
f 1117/1184/1117 1148/1215/1148 1118/1185/1118
f 1118/1185/1118 1148/1215/1148 1149/1216/1149
f 1118/1185/1118 1149/1216/1149 1119/1186/1119
f 1119/1186/1119 1149/1216/1149 1150/1217/1150
f 1119/1186/1119 1150/1217/1150 1120/1187/1120
f 1120/1187/1120 1150/1217/1150 1151/1218/1151
f 1120/1187/1120 1151/1218/1151 1121/1188/1121
f 1121/1188/1121 1151/1218/1151 1152/1219/1152
f 1121/1188/1121 1152/1219/1152 1122/1189/1122
f 1122/1189/1122 1152/1219/1152 1153/1220/1153
f 1122/1189/1122 1153/1220/1153 1123/1190/1123
f 1123/1190/1123 1153/1220/1153 1154/1221/1154
f 1123/1190/1123 1154/1221/1154 1124/1191/1124
f 1124/1191/1124 1154/1221/1154 1155/1222/1155
f 1124/1191/1124 1155/1222/1155 1125/1192/1125
f 1125/1192/1125 1155/1222/1155 1156/1223/1156
f 1125/1192/1125 1156/1223/1156 1126/1193/1126
f 1126/1193/1126 1156/1223/1156 1157/1224/1157
f 1126/1193/1126 1157/1224/1157 948/982/948
f 948/982/948 1157/1224/1157 946/978/944
f 1128/1195/1128 1127/1194/1127 1158/1225/1158
f 1158/1225/1158 1127/1194/1127 1159/1226/1159
f 1158/1225/1158 1159/1226/1159 1160/1227/1160
f 1160/1227/1160 1159/1226/1159 1161/1228/1161
f 1160/1227/1160 1161/1228/1161 1162/1229/1162
f 1162/1229/1162 1161/1228/1161 1163/1230/1163
f 1162/1229/1162 1163/1230/1163 1164/1231/1164
f 1164/1231/1164 1163/1230/1163 1165/1232/1165
f 1164/1231/1164 1165/1232/1165 1166/1233/1166
f 1167/1235/1168 1168/1234/1167 1166/1233/1166
f 1166/1233/1166 1168/1234/1167 1169/1236/1169
f 1166/1233/1166 1169/1236/1169 1164/1231/1164
f 1164/1231/1164 1169/1236/1169 1170/1237/1170
f 1164/1231/1164 1170/1237/1170 1162/1229/1162
f 1162/1229/1162 1170/1237/1170 1171/1238/1171
f 1162/1229/1162 1171/1238/1171 1160/1227/1160
f 1160/1227/1160 1171/1238/1171 1172/1239/1172
f 1160/1227/1160 1172/1239/1172 1158/1225/1158
f 1158/1225/1158 1172/1239/1172 1129/1196/1129
f 1158/1225/1158 1129/1196/1129 1128/1195/1128
f 1168/1234/1167 1167/1235/1168 1173/1240/1173
f 1173/1240/1173 1167/1235/1168 1174/1241/1174
f 1173/1240/1173 1174/1241/1174 1175/1242/1175
f 1175/1242/1175 1174/1241/1174 1176/1243/1176
f 1175/1242/1175 1176/1243/1176 1177/1244/1177
f 1177/1244/1177 1176/1243/1176 1178/1245/1178
f 1177/1244/1177 1178/1245/1178 1179/1246/1179
f 1179/1246/1179 1178/1245/1178 1180/1247/1180
f 1179/1246/1179 1180/1247/1180 1181/1248/1181
f 1181/1248/1181 1180/1247/1180 1182/1249/1182
f 1181/1248/1181 1182/1249/1182 1136/1203/1136
f 1136/1203/1136 1182/1249/1182 1137/1204/1137
f 1174/1241/1174 1183/1250/1183 1176/1243/1176
f 1176/1243/1176 1183/1250/1183 1184/1251/1184
f 1176/1243/1176 1184/1251/1184 1178/1245/1178
f 1178/1245/1178 1184/1251/1184 1185/1252/1185
f 1178/1245/1178 1185/1252/1185 1180/1247/1180
f 1180/1247/1180 1185/1252/1185 1186/1253/1186
f 1180/1247/1180 1186/1253/1186 1182/1249/1182
f 1182/1249/1182 1186/1253/1186 1187/1254/1187
f 1182/1249/1182 1187/1254/1187 1137/1204/1137
f 1137/1204/1137 1187/1254/1187 1138/1205/1138
f 1184/1251/1184 1183/1250/1183 1188/1255/1188
f 1188/1255/1188 1183/1250/1183 1189/1256/1189
f 1188/1255/1188 1189/1256/1189 1190/1257/1190
f 1190/1257/1190 1189/1256/1189 1191/1258/1191
f 1190/1257/1190 1191/1258/1191 1192/1259/1192
f 1192/1259/1192 1191/1258/1191 1193/1260/1193
f 1192/1259/1192 1193/1260/1193 1194/1261/1194
f 1194/1261/1194 1193/1260/1193 1195/1262/1195
f 1194/1261/1194 1195/1262/1195 1196/1263/1196
f 1196/1263/1196 1195/1262/1195 1197/1264/1197
f 1196/1263/1196 1197/1264/1197 1140/1207/1140
f 1140/1207/1140 1197/1264/1197 1141/1208/1141
f 1189/1256/1189 1198/1265/1198 1191/1258/1191
f 1191/1258/1191 1198/1265/1198 1199/1266/1199
f 1191/1258/1191 1199/1266/1199 1193/1260/1193
f 1193/1260/1193 1199/1266/1199 1200/1267/1200
f 1193/1260/1193 1200/1267/1200 1195/1262/1195
f 1195/1262/1195 1200/1267/1200 1201/1268/1201
f 1195/1262/1195 1201/1268/1201 1197/1264/1197
f 1197/1264/1197 1201/1268/1201 1202/1269/1202
f 1197/1264/1197 1202/1269/1202 1141/1208/1141
f 1141/1208/1141 1202/1269/1202 1142/1209/1142
f 1198/1265/1198 1203/1270/1203 1199/1266/1199
f 1199/1266/1199 1203/1270/1203 1204/1271/1204
f 1199/1266/1199 1204/1271/1204 1200/1267/1200
f 1200/1267/1200 1204/1271/1204 1205/1272/1205
f 1200/1267/1200 1205/1272/1205 1201/1268/1201
f 1201/1268/1201 1205/1272/1205 1206/1273/1206
f 1201/1268/1201 1206/1273/1206 1202/1269/1202
f 1202/1269/1202 1206/1273/1206 1207/1274/1207
f 1202/1269/1202 1207/1274/1207 1142/1209/1142
f 1142/1209/1142 1207/1274/1207 1143/1210/1143
f 1204/1271/1204 1203/1270/1203 1208/1275/1208
f 1208/1275/1208 1203/1270/1203 1209/1276/1209
f 1208/1275/1208 1209/1276/1209 1210/1277/1210
f 1210/1277/1210 1209/1276/1209 1211/1278/1211
f 1210/1277/1210 1211/1278/1211 1206/1273/1206
f 1206/1273/1206 1211/1278/1211 1207/1274/1207
f 1209/1276/1209 1212/1279/1212 1211/1278/1211
f 1211/1278/1211 1212/1279/1212 1213/1280/1213
f 1211/1278/1211 1213/1280/1213 1214/1281/1214
f 1214/1281/1214 1213/1280/1213 1215/1282/1215
f 1214/1281/1214 1215/1282/1215 1144/1211/1144
f 1144/1211/1144 1215/1282/1215 1145/1212/1145
f 1213/1280/1213 1212/1279/1212 1216/1283/1216
f 1216/1283/1216 1212/1279/1212 1217/1284/1217
f 1216/1283/1216 1217/1284/1217 1218/1285/1218
f 1218/1285/1218 1217/1284/1217 1219/1286/1219
f 1218/1285/1218 1219/1286/1219 1220/1287/1220
f 1220/1287/1220 1219/1286/1219 1221/1288/1221
f 1220/1287/1220 1221/1288/1221 1147/1214/1147
f 1147/1214/1147 1221/1288/1221 1148/1215/1148
f 1217/1284/1217 1222/1289/1222 1219/1286/1219
f 1219/1286/1219 1222/1289/1222 1223/1290/1223
f 1219/1286/1219 1223/1290/1223 1221/1288/1221
f 1221/1288/1221 1223/1290/1223 1224/1291/1224
f 1221/1288/1221 1224/1291/1224 1148/1215/1148
f 1148/1215/1148 1224/1291/1224 1149/1216/1149
f 1225/1293/1226 1226/1292/1225 1222/1289/1222
f 1222/1289/1222 1226/1292/1225 1227/1294/1227
f 1222/1289/1222 1227/1294/1227 1223/1290/1223
f 1223/1290/1223 1227/1294/1227 1224/1291/1224
f 1228/1296/1229 1229/1295/1228 1225/1293/1226
f 1225/1293/1226 1229/1295/1228 1230/1297/1230
f 1225/1293/1226 1230/1297/1230 1226/1292/1225
f 1226/1292/1225 1230/1297/1230 1231/1298/1231
f 1226/1292/1225 1231/1298/1231 1232/1299/1232
f 1232/1299/1232 1231/1298/1231 1150/1217/1150
f 1232/1299/1232 1150/1217/1150 1149/1216/1149
f 1233/1301/1234 1234/1300/1233 1228/1296/1229
f 1228/1296/1229 1234/1300/1233 1235/1302/1235
f 1228/1296/1229 1235/1302/1235 1229/1295/1228
f 1229/1295/1228 1235/1302/1235 1236/1303/1236
f 1229/1295/1228 1236/1303/1236 1237/1304/1237
f 1237/1304/1237 1236/1303/1236 1152/1219/1152
f 1237/1304/1237 1152/1219/1152 1151/1218/1151
f 944/980/946 1155/1222/1155 1233/1301/1234
f 1233/1301/1234 1155/1222/1155 1154/1221/1154
f 1233/1301/1234 1154/1221/1154 1234/1300/1233
f 1234/1300/1233 1154/1221/1154 1153/1220/1153
f 1234/1300/1233 1153/1220/1153 1236/1303/1236
f 1236/1303/1236 1153/1220/1153 1152/1219/1152
f 1157/1224/1157 1156/1223/1156 944/980/946
f 944/980/946 1156/1223/1156 1155/1222/1155
f 944/980/946 946/978/944 1157/1224/1157
f 1235/1302/1235 1234/1300/1233 1236/1303/1236
f 1230/1297/1230 1229/1295/1228 1237/1304/1237
f 1150/1217/1150 1231/1298/1231 1151/1218/1151
f 1151/1218/1151 1231/1298/1231 1237/1304/1237
f 1231/1298/1231 1230/1297/1230 1237/1304/1237
f 1227/1294/1227 1226/1292/1225 1232/1299/1232
f 1227/1294/1227 1232/1299/1232 1224/1291/1224
f 1224/1291/1224 1232/1299/1232 1149/1216/1149
f 1220/1287/1220 1147/1214/1147 1146/1213/1146
f 1220/1287/1220 1146/1213/1146 1238/1305/1238
f 1238/1305/1238 1146/1213/1146 1145/1212/1145
f 1238/1305/1238 1145/1212/1145 1215/1282/1215
f 1216/1283/1216 1218/1285/1218 1238/1305/1238
f 1238/1305/1238 1218/1285/1218 1220/1287/1220
f 1216/1283/1216 1238/1305/1238 1215/1282/1215
f 1214/1281/1214 1144/1211/1144 1143/1210/1143
f 1213/1280/1213 1216/1283/1216 1215/1282/1215
f 1207/1274/1207 1211/1278/1211 1214/1281/1214
f 1214/1281/1214 1143/1210/1143 1207/1274/1207
f 1208/1275/1208 1210/1277/1210 1205/1272/1205
f 1205/1272/1205 1210/1277/1210 1206/1273/1206
f 1196/1263/1196 1140/1207/1140 1139/1206/1139
f 1204/1271/1204 1208/1275/1208 1205/1272/1205
f 1196/1263/1196 1139/1206/1139 1239/1306/1239
f 1239/1306/1239 1139/1206/1139 1138/1205/1138
f 1239/1306/1239 1138/1205/1138 1187/1254/1187
f 1196/1263/1196 1239/1306/1239 1194/1261/1194
f 1194/1261/1194 1239/1306/1239 1240/1307/1240
f 1194/1261/1194 1240/1307/1240 1192/1259/1192
f 1192/1259/1192 1240/1307/1240 1241/1308/1241
f 1192/1259/1192 1241/1308/1241 1190/1257/1190
f 1190/1257/1190 1241/1308/1241 1188/1255/1188
f 1240/1307/1240 1239/1306/1239 1187/1254/1187
f 1241/1308/1241 1240/1307/1240 1186/1253/1186
f 1186/1253/1186 1240/1307/1240 1187/1254/1187
f 1181/1248/1181 1136/1203/1136 1135/1202/1135
f 1188/1255/1188 1241/1308/1241 1185/1252/1185
f 1185/1252/1185 1241/1308/1241 1186/1253/1186
f 1181/1248/1181 1135/1202/1135 1242/1309/1242
f 1242/1309/1242 1135/1202/1135 1134/1201/1134
f 1242/1309/1242 1134/1201/1134 1243/1310/1243
f 1243/1310/1243 1134/1201/1134 1133/1200/1133
f 1243/1310/1243 1133/1200/1133 1244/1311/1244
f 1244/1311/1244 1133/1200/1133 1132/1199/1132
f 1244/1311/1244 1132/1199/1132 1245/1312/1245
f 1245/1312/1245 1132/1199/1132 1131/1198/1131
f 1245/1312/1245 1131/1198/1131 1246/1313/1246
f 1246/1313/1246 1131/1198/1131 1130/1197/1130
f 1246/1313/1246 1130/1197/1130 1172/1239/1172
f 1172/1239/1172 1130/1197/1130 1129/1196/1129
f 1184/1251/1184 1188/1255/1188 1185/1252/1185
f 1181/1248/1181 1242/1309/1242 1179/1246/1179
f 1179/1246/1179 1242/1309/1242 1247/1314/1247
f 1179/1246/1179 1247/1314/1247 1177/1244/1177
f 1177/1244/1177 1247/1314/1247 1248/1315/1248
f 1177/1244/1177 1248/1315/1248 1175/1242/1175
f 1175/1242/1175 1248/1315/1248 1173/1240/1173
f 1247/1314/1247 1242/1309/1242 1243/1310/1243
f 1247/1314/1247 1243/1310/1243 1249/1316/1249
f 1249/1316/1249 1243/1310/1243 1244/1311/1244
f 1249/1316/1249 1244/1311/1244 1250/1317/1250
f 1250/1317/1250 1244/1311/1244 1245/1312/1245
f 1250/1317/1250 1245/1312/1245 1251/1318/1251
f 1251/1318/1251 1245/1312/1245 1246/1313/1246
f 1251/1318/1251 1246/1313/1246 1171/1238/1171
f 1171/1238/1171 1246/1313/1246 1172/1239/1172
f 1247/1314/1247 1249/1316/1249 1248/1315/1248
f 1248/1315/1248 1249/1316/1249 1252/1319/1252
f 1248/1315/1248 1252/1319/1252 1173/1240/1173
f 1173/1240/1173 1252/1319/1252 1168/1234/1167
f 1252/1319/1252 1249/1316/1249 1250/1317/1250
f 1252/1319/1252 1250/1317/1250 1253/1320/1253
f 1253/1320/1253 1250/1317/1250 1251/1318/1251
f 1253/1320/1253 1251/1318/1251 1170/1237/1170
f 1170/1237/1170 1251/1318/1251 1171/1238/1171
f 1169/1236/1169 1168/1234/1167 1253/1320/1253
f 1253/1320/1253 1168/1234/1167 1252/1319/1252
f 1169/1236/1169 1253/1320/1253 1170/1237/1170
f 1254/874/1256 1255/1322/1255 1256/1321/1254
f 1256/1321/1254 1255/1322/1255 1257/1323/1257
f 1256/1321/1254 1257/1323/1257 1258/1324/1258
f 1258/1324/1258 1257/1323/1257 1259/1325/1259
f 1258/1324/1258 1259/1325/1259 1260/1326/1260
f 1260/1326/1260 1259/1325/1259 1261/1327/1261
f 1260/1326/1260 1261/1327/1261 1262/1328/1262
f 1262/1328/1262 1261/1327/1261 1263/1329/1263
f 1262/1328/1262 1263/1329/1263 1264/1330/1264
f 1264/1330/1264 1263/1329/1263 1265/1331/1265
f 1264/1330/1264 1265/1331/1265 1266/1332/1266
f 1266/1332/1266 1265/1331/1265 1267/1333/1267
f 1266/1332/1266 1267/1333/1267 1268/1334/1268
f 1268/1334/1268 1267/1333/1267 1269/1335/1269
f 1268/1334/1268 1269/1335/1269 1270/1336/1270
f 1270/1336/1270 1269/1335/1269 1271/1337/1271
f 1271/1337/1271 1269/1335/1269 1272/1338/1272
f 1271/1337/1271 1272/1338/1272 1273/1339/1273
f 1273/1339/1273 1272/1338/1272 1274/1340/1274
f 1273/1339/1273 1274/1340/1274 1275/1341/1275
f 1275/1341/1275 1274/1340/1274 1276/1342/1276
f 1275/1341/1275 1276/1342/1276 1277/1343/1277
f 1277/1343/1277 1276/1342/1276 1278/1344/1278
f 1277/1343/1277 1278/1344/1278 1279/1345/1279
f 1279/1345/1279 1278/1344/1278 1280/1346/1280
f 1279/1345/1279 1280/1346/1280 1281/1347/1281
f 1281/1347/1281 1280/1346/1280 1282/1348/1282
f 1281/1347/1281 1282/1348/1282 1283/1349/1283
f 1283/1349/1283 1282/1348/1282 1284/1350/1284
f 1284/1350/1284 1282/1348/1282 1285/1351/1285
f 1284/1350/1284 1285/1351/1285 1286/1352/1286
f 1286/1352/1286 1285/1351/1285 1287/1353/1287
f 1286/1352/1286 1287/1353/1287 1288/1354/1288
f 1288/1354/1288 1287/1353/1287 1289/1355/1289
f 1288/1354/1288 1289/1355/1289 1290/1356/1290
f 1290/1356/1290 1289/1355/1289 1291/1357/1291
f 1290/1356/1290 1291/1357/1291 1292/1358/1292
f 1292/1358/1292 1291/1357/1291 1293/1359/1293
f 1292/1358/1292 1293/1359/1293 1294/1360/1294
f 1294/1360/1294 1293/1359/1293 1295/1361/1295
f 1294/1360/1294 1295/1361/1295 1296/1362/1296
f 1296/1362/1296 1295/1361/1295 1297/1363/1297
f 1296/1362/1296 1297/1363/1297 1298/1364/1298
f 1298/1364/1298 1297/1363/1297 1299/1365/1299
f 1298/1364/1298 1299/1365/1299 1183/1366/1183
f 1183/1366/1183 1299/1365/1299 1189/1367/1189
f 1189/1367/1189 1299/1365/1299 1300/1368/1300
f 1189/1367/1189 1300/1368/1300 1198/1369/1198
f 1198/1369/1198 1300/1368/1300 1301/1370/1301
f 1198/1369/1198 1301/1370/1301 1203/1371/1203
f 1203/1371/1203 1301/1370/1301 1302/1372/1302
f 1203/1371/1203 1302/1372/1302 1209/1373/1209
f 1209/1373/1209 1302/1372/1302 1212/1374/1212
f 1212/1374/1212 1302/1372/1302 1303/1375/1303
f 1212/1374/1212 1303/1375/1303 1217/1376/1217
f 1217/1376/1217 1303/1375/1303 1304/1377/1304
f 1217/1376/1217 1304/1377/1304 1222/1378/1222
f 1222/1378/1222 1304/1377/1304 1305/1379/1305
f 1222/1378/1222 1305/1379/1305 1225/1380/1226
f 1225/1380/1226 1305/1379/1305 1306/1381/1306
f 1225/1380/1226 1306/1381/1306 1228/1382/1229
f 1228/1382/1229 1306/1381/1306 1307/1383/1307
f 1228/1382/1229 1307/1383/1307 1233/1384/1234
f 1233/1384/1234 1307/1383/1307 1308/1385/1308
f 1233/1384/1234 1308/1385/1308 944/1386/946
f 944/1386/946 1308/1385/1308 945/1387/945
f 945/1387/945 1308/1385/1308 1309/1388/1309
f 945/1387/945 1309/1388/1309 1310/1389/1310
f 1310/1389/1310 1309/1388/1309 1311/1390/1311
f 1310/1389/1310 1311/1390/1311 1312/1391/1312
f 1312/1391/1312 1311/1390/1311 1313/1392/1313
f 1312/1391/1312 1313/1392/1313 1314/1393/1314
f 1314/1393/1314 1313/1392/1313 1315/1394/1315
f 1314/1393/1314 1315/1394/1315 1316/1395/1316
f 1316/1395/1316 1315/1394/1315 1317/1396/1317
f 1316/1395/1316 1317/1396/1317 1318/1397/1318
f 1318/1397/1318 1317/1396/1317 1319/1398/1319
f 1318/1397/1318 1319/1398/1319 1320/1399/1320
f 1320/1399/1320 1319/1398/1319 1321/1400/1321
f 1320/1399/1320 1321/1400/1321 1263/1329/1263
f 1263/1329/1263 1321/1400/1321 1265/1331/1265
f 1255/1322/1255 1322/1401/1322 1257/1323/1257
f 1257/1323/1257 1322/1401/1322 1323/1402/1323
f 1257/1323/1257 1323/1402/1323 1259/1325/1259
f 1259/1325/1259 1323/1402/1323 1324/1403/1324
f 1259/1325/1259 1324/1403/1324 1261/1327/1261
f 1261/1327/1261 1324/1403/1324 1320/1399/1320
f 1261/1327/1261 1320/1399/1320 1263/1329/1263
f 1322/1401/1322 1325/1404/1325 1323/1402/1323
f 1323/1402/1323 1325/1404/1325 1326/1405/1326
f 1323/1402/1323 1326/1405/1326 1324/1403/1324
f 1324/1403/1324 1326/1405/1326 1318/1397/1318
f 1324/1403/1324 1318/1397/1318 1320/1399/1320
f 1325/1404/1325 1327/1406/1327 1326/1405/1326
f 1326/1405/1326 1327/1406/1327 1316/1395/1316
f 1326/1405/1326 1316/1395/1316 1318/1397/1318
f 1327/1406/1327 1314/1393/1314 1316/1395/1316
f 1183/1366/1183 1174/1407/1174 1298/1364/1298
f 1298/1364/1298 1174/1407/1174 1328/1408/1328
f 1298/1364/1298 1328/1408/1328 1296/1362/1296
f 1296/1362/1296 1328/1408/1328 1329/1409/1329
f 1296/1362/1296 1329/1409/1329 1294/1360/1294
f 1294/1360/1294 1329/1409/1329 1330/1410/1330
f 1294/1360/1294 1330/1410/1330 1292/1358/1292
f 1174/1407/1174 1167/1411/1168 1328/1408/1328
f 1328/1408/1328 1167/1411/1168 1331/1412/1331
f 1328/1408/1328 1331/1412/1331 1329/1409/1329
f 1329/1409/1329 1331/1412/1331 1332/1413/1332
f 1329/1409/1329 1332/1413/1332 1333/1414/1333
f 1167/1411/1168 1166/1415/1166 1331/1412/1331
f 1331/1412/1331 1166/1415/1166 1332/1413/1332
f 1166/1415/1166 1165/1416/1165 1332/1413/1332
f 1333/1414/1333 1330/1410/1330 1329/1409/1329
f 1309/1388/1309 1308/1385/1308 1334/1417/1334
f 1334/1417/1334 1308/1385/1308 1307/1383/1307
f 1334/1417/1334 1307/1383/1307 1335/1418/1335
f 1335/1418/1335 1307/1383/1307 1306/1381/1306
f 1335/1418/1335 1306/1381/1306 1336/1419/1336
f 1336/1419/1336 1306/1381/1306 1305/1379/1305
f 1336/1419/1336 1305/1379/1305 1337/1420/1337
f 1337/1420/1337 1305/1379/1305 1304/1377/1304
f 1337/1420/1337 1304/1377/1304 1338/1421/1338
f 1338/1421/1338 1304/1377/1304 1303/1375/1303
f 1338/1421/1338 1303/1375/1303 1339/1422/1339
f 1339/1422/1339 1303/1375/1303 1302/1372/1302
f 1339/1422/1339 1302/1372/1302 1340/1423/1340
f 1340/1423/1340 1302/1372/1302 1301/1370/1301
f 1340/1423/1340 1301/1370/1301 1341/1424/1341
f 1341/1424/1341 1301/1370/1301 1300/1368/1300
f 1341/1424/1341 1300/1368/1300 1342/1425/1342
f 1342/1425/1342 1300/1368/1300 1299/1365/1299
f 1342/1425/1342 1299/1365/1299 1297/1363/1297
f 1311/1390/1311 1309/1388/1309 1343/1426/1343
f 1343/1426/1343 1309/1388/1309 1334/1417/1334
f 1343/1426/1343 1334/1417/1334 1344/1427/1344
f 1344/1427/1344 1334/1417/1334 1335/1418/1335
f 1344/1427/1344 1335/1418/1335 1345/1428/1345
f 1345/1428/1345 1335/1418/1335 1336/1419/1336
f 1345/1428/1345 1336/1419/1336 1346/1429/1346
f 1346/1429/1346 1336/1419/1336 1337/1420/1337
f 1346/1429/1346 1337/1420/1337 1347/1430/1347
f 1347/1430/1347 1337/1420/1337 1338/1421/1338
f 1347/1430/1347 1338/1421/1338 1348/1431/1348
f 1348/1431/1348 1338/1421/1338 1339/1422/1339
f 1348/1431/1348 1339/1422/1339 1349/1432/1349
f 1349/1432/1349 1339/1422/1339 1340/1423/1340
f 1349/1432/1349 1340/1423/1340 1350/1433/1350
f 1350/1433/1350 1340/1423/1340 1341/1424/1341
f 1350/1433/1350 1341/1424/1341 1351/1434/1351
f 1351/1434/1351 1341/1424/1341 1342/1425/1342
f 1351/1434/1351 1342/1425/1342 1352/1435/1352
f 1352/1435/1352 1342/1425/1342 1297/1363/1297
f 1352/1435/1352 1297/1363/1297 1295/1361/1295
f 1313/1392/1313 1311/1390/1311 1353/1436/1353
f 1353/1436/1353 1311/1390/1311 1343/1426/1343
f 1353/1436/1353 1343/1426/1343 1354/1437/1354
f 1354/1437/1354 1343/1426/1343 1344/1427/1344
f 1354/1437/1354 1344/1427/1344 1355/1438/1355
f 1355/1438/1355 1344/1427/1344 1345/1428/1345
f 1355/1438/1355 1345/1428/1345 1356/1439/1356
f 1356/1439/1356 1345/1428/1345 1346/1429/1346
f 1356/1439/1356 1346/1429/1346 1357/1440/1357
f 1357/1440/1357 1346/1429/1346 1347/1430/1347
f 1357/1440/1357 1347/1430/1347 1358/1441/1358
f 1358/1441/1358 1347/1430/1347 1348/1431/1348
f 1358/1441/1358 1348/1431/1348 1359/1442/1359
f 1359/1442/1359 1348/1431/1348 1349/1432/1349
f 1359/1442/1359 1349/1432/1349 1360/1443/1360
f 1360/1443/1360 1349/1432/1349 1350/1433/1350
f 1360/1443/1360 1350/1433/1350 1361/1444/1361
f 1361/1444/1361 1350/1433/1350 1351/1434/1351
f 1361/1444/1361 1351/1434/1351 1362/1445/1362
f 1362/1445/1362 1351/1434/1351 1352/1435/1352
f 1362/1445/1362 1352/1435/1352 1363/1446/1363
f 1363/1446/1363 1352/1435/1352 1295/1361/1295
f 1363/1446/1363 1295/1361/1295 1293/1359/1293
f 1315/1394/1315 1313/1392/1313 1364/1447/1364
f 1364/1447/1364 1313/1392/1313 1353/1436/1353
f 1364/1447/1364 1353/1436/1353 1365/1448/1365
f 1365/1448/1365 1353/1436/1353 1354/1437/1354
f 1365/1448/1365 1354/1437/1354 1366/1449/1366
f 1366/1449/1366 1354/1437/1354 1355/1438/1355
f 1366/1449/1366 1355/1438/1355 1367/1450/1367
f 1367/1450/1367 1355/1438/1355 1356/1439/1356
f 1367/1450/1367 1356/1439/1356 1368/1451/1368
f 1368/1451/1368 1356/1439/1356 1357/1440/1357
f 1368/1451/1368 1357/1440/1357 1369/1452/1369
f 1369/1452/1369 1357/1440/1357 1358/1441/1358
f 1369/1452/1369 1358/1441/1358 1370/1453/1370
f 1370/1453/1370 1358/1441/1358 1359/1442/1359
f 1370/1453/1370 1359/1442/1359 1371/1454/1371
f 1371/1454/1371 1359/1442/1359 1360/1443/1360
f 1371/1454/1371 1360/1443/1360 1372/1455/1372
f 1372/1455/1372 1360/1443/1360 1361/1444/1361
f 1372/1455/1372 1361/1444/1361 1373/1456/1373
f 1373/1456/1373 1361/1444/1361 1362/1445/1362
f 1373/1456/1373 1362/1445/1362 1374/1457/1374
f 1374/1457/1374 1362/1445/1362 1363/1446/1363
f 1374/1457/1374 1363/1446/1363 1291/1357/1291
f 1291/1357/1291 1363/1446/1363 1293/1359/1293
f 1315/1394/1315 1364/1447/1364 1317/1396/1317
f 1317/1396/1317 1364/1447/1364 1375/1458/1375
f 1317/1396/1317 1375/1458/1375 1319/1398/1319
f 1319/1398/1319 1375/1458/1375 1376/1459/1376
f 1319/1398/1319 1376/1459/1376 1321/1400/1321
f 1321/1400/1321 1376/1459/1376 1377/1460/1377
f 1321/1400/1321 1377/1460/1377 1265/1331/1265
f 1265/1331/1265 1377/1460/1377 1267/1333/1267
f 1375/1458/1375 1364/1447/1364 1365/1448/1365
f 1375/1458/1375 1365/1448/1365 1378/1461/1378
f 1378/1461/1378 1365/1448/1365 1366/1449/1366
f 1378/1461/1378 1366/1449/1366 1379/1462/1379
f 1379/1462/1379 1366/1449/1366 1367/1450/1367
f 1379/1462/1379 1367/1450/1367 1380/1463/1380
f 1380/1463/1380 1367/1450/1367 1368/1451/1368
f 1380/1463/1380 1368/1451/1368 1381/1464/1381
f 1381/1464/1381 1368/1451/1368 1369/1452/1369
f 1381/1464/1381 1369/1452/1369 1382/1465/1382
f 1382/1465/1382 1369/1452/1369 1370/1453/1370
f 1382/1465/1382 1370/1453/1370 1383/1466/1383
f 1383/1466/1383 1370/1453/1370 1371/1454/1371
f 1383/1466/1383 1371/1454/1371 1384/1467/1384
f 1384/1467/1384 1371/1454/1371 1372/1455/1372
f 1384/1467/1384 1372/1455/1372 1385/1468/1385
f 1385/1468/1385 1372/1455/1372 1373/1456/1373
f 1385/1468/1385 1373/1456/1373 1386/1469/1386
f 1386/1469/1386 1373/1456/1373 1374/1457/1374
f 1386/1469/1386 1374/1457/1374 1289/1355/1289
f 1289/1355/1289 1374/1457/1374 1291/1357/1291
f 1375/1458/1375 1378/1461/1378 1376/1459/1376
f 1376/1459/1376 1378/1461/1378 1387/1470/1387
f 1376/1459/1376 1387/1470/1387 1377/1460/1377
f 1377/1460/1377 1387/1470/1387 1388/1471/1388
f 1377/1460/1377 1388/1471/1388 1267/1333/1267
f 1267/1333/1267 1388/1471/1388 1269/1335/1269
f 1387/1470/1387 1378/1461/1378 1379/1462/1379
f 1387/1470/1387 1379/1462/1379 1389/1472/1389
f 1389/1472/1389 1379/1462/1379 1380/1463/1380
f 1389/1472/1389 1380/1463/1380 1390/1473/1390
f 1390/1473/1390 1380/1463/1380 1381/1464/1381
f 1390/1473/1390 1381/1464/1381 1391/1474/1391
f 1391/1474/1391 1381/1464/1381 1382/1465/1382
f 1391/1474/1391 1382/1465/1382 1392/1475/1392
f 1392/1475/1392 1382/1465/1382 1383/1466/1383
f 1392/1475/1392 1383/1466/1383 1393/1476/1393
f 1393/1476/1393 1383/1466/1383 1384/1467/1384
f 1393/1476/1393 1384/1467/1384 1394/1477/1394
f 1394/1477/1394 1384/1467/1384 1385/1468/1385
f 1394/1477/1394 1385/1468/1385 1395/1478/1395
f 1395/1478/1395 1385/1468/1385 1386/1469/1386
f 1395/1478/1395 1386/1469/1386 1287/1353/1287
f 1287/1353/1287 1386/1469/1386 1289/1355/1289
f 1387/1470/1387 1389/1472/1389 1388/1471/1388
f 1388/1471/1388 1389/1472/1389 1396/1479/1396
f 1388/1471/1388 1396/1479/1396 1269/1335/1269
f 1269/1335/1269 1396/1479/1396 1272/1338/1272
f 1396/1479/1396 1389/1472/1389 1390/1473/1390
f 1396/1479/1396 1390/1473/1390 1397/1480/1397
f 1397/1480/1397 1390/1473/1390 1391/1474/1391
f 1397/1480/1397 1391/1474/1391 1398/1481/1398
f 1398/1481/1398 1391/1474/1391 1392/1475/1392
f 1398/1481/1398 1392/1475/1392 1399/1482/1399
f 1399/1482/1399 1392/1475/1392 1393/1476/1393
f 1399/1482/1399 1393/1476/1393 1400/1483/1400
f 1400/1483/1400 1393/1476/1393 1394/1477/1394
f 1400/1483/1400 1394/1477/1394 1401/1484/1401
f 1401/1484/1401 1394/1477/1394 1395/1478/1395
f 1401/1484/1401 1395/1478/1395 1285/1351/1285
f 1285/1351/1285 1395/1478/1395 1287/1353/1287
f 1274/1340/1274 1272/1338/1272 1397/1480/1397
f 1397/1480/1397 1272/1338/1272 1396/1479/1396
f 1274/1340/1274 1397/1480/1397 1398/1481/1398
f 1276/1342/1276 1274/1340/1274 1398/1481/1398
f 1276/1342/1276 1398/1481/1398 1399/1482/1399
f 1278/1344/1278 1276/1342/1276 1399/1482/1399
f 1278/1344/1278 1399/1482/1399 1400/1483/1400
f 1280/1346/1280 1278/1344/1278 1400/1483/1400
f 1280/1346/1280 1400/1483/1400 1401/1484/1401
f 1282/1348/1282 1280/1346/1280 1401/1484/1401
f 1282/1348/1282 1401/1484/1401 1285/1351/1285
f 1402/1487/1404 1403/1486/1403 1404/1485/1402
f 1404/1485/1402 1403/1486/1403 1405/1488/1405
f 1404/1485/1402 1405/1488/1405 1406/1489/1406
f 1406/1489/1406 1405/1488/1405 1407/1490/1407
f 1406/1489/1406 1407/1490/1407 1408/1491/1408
f 1408/1491/1408 1407/1490/1407 1409/1492/1409
f 1408/1491/1408 1409/1492/1409 1410/1493/1410
f 1410/1493/1410 1409/1492/1409 1411/1494/1411
f 1410/1493/1410 1411/1494/1411 1412/1495/1412
f 1412/1495/1412 1411/1494/1411 1413/1496/1413
f 1412/1495/1412 1413/1496/1413 1414/1497/1414
f 1414/1497/1414 1413/1496/1413 1415/1498/1415
f 1414/1497/1414 1415/1498/1415 1416/1499/1416
f 1416/1499/1416 1415/1498/1415 1417/1500/1417
f 1416/1499/1416 1417/1500/1417 1418/1501/1418
f 1418/1501/1418 1417/1500/1417 1419/1502/1419
f 1418/1501/1418 1419/1502/1419 1420/1503/1420
f 1420/1503/1420 1419/1502/1419 1421/1504/1421
f 1420/1503/1420 1421/1504/1421 1422/1505/1422
f 1422/1505/1422 1421/1504/1421 1423/1506/1423
f 1422/1505/1422 1423/1506/1423 1424/1507/1424
f 1424/1507/1424 1423/1506/1423 1425/1508/1425
f 1424/1507/1424 1425/1508/1425 1426/1509/1426
f 1426/1509/1426 1425/1508/1425 1427/1510/1427
f 1426/1509/1426 1427/1510/1427 1428/1511/1428
f 1428/1511/1428 1427/1510/1427 1429/1512/1429
f 1428/1511/1428 1429/1512/1429 1430/1513/1430
f 1430/1513/1430 1429/1512/1429 1431/1514/1431
f 1403/1486/1403 1432/1515/1432 1405/1488/1405
f 1405/1488/1405 1432/1515/1432 1407/1490/1407
f 1432/1515/1432 1433/1516/1433 1407/1490/1407
f 1407/1490/1407 1433/1516/1433 1409/1492/1409
f 1433/1516/1433 1434/1517/1434 1409/1492/1409
f 1409/1492/1409 1434/1517/1434 1435/1518/1435
f 1409/1492/1409 1435/1518/1435 1411/1494/1411
f 1411/1494/1411 1435/1518/1435 1436/1519/1436
f 1411/1494/1411 1436/1519/1436 1413/1496/1413
f 1413/1496/1413 1436/1519/1436 1437/1520/1437
f 1413/1496/1413 1437/1520/1437 1415/1498/1415
f 1415/1498/1415 1437/1520/1437 1438/1521/1438
f 1415/1498/1415 1438/1521/1438 1417/1500/1417
f 1417/1500/1417 1438/1521/1438 1439/1522/1439
f 1417/1500/1417 1439/1522/1439 1419/1502/1419
f 1419/1502/1419 1439/1522/1439 1440/1523/1440
f 1419/1502/1419 1440/1523/1440 1421/1504/1421
f 1421/1504/1421 1440/1523/1440 1441/1524/1441
f 1421/1504/1421 1441/1524/1441 1423/1506/1423
f 1423/1506/1423 1441/1524/1441 1425/1508/1425
f 1441/1524/1441 1442/1525/1442 1425/1508/1425
f 1425/1508/1425 1442/1525/1442 1443/1526/1443
f 1425/1508/1425 1443/1526/1443 1427/1510/1427
f 1427/1510/1427 1443/1526/1443 1444/1527/1444
f 1427/1510/1427 1444/1527/1444 1429/1512/1429
f 1429/1512/1429 1444/1527/1444 1431/1528/1431
f 1445/1531/1447 1446/1530/1446 1447/1529/1445
f 1447/1529/1445 1446/1530/1446 1448/1532/1448
f 1447/1529/1445 1448/1532/1448 1431/1533/1431
f 1446/1530/1446 1445/1531/1447 1449/1534/1449
f 1449/1534/1449 1445/1531/1447 1450/1535/1450
f 1449/1534/1449 1450/1535/1450 1451/1536/1451
f 1452/1538/1453 1453/1537/1452 1451/1536/1451
f 1451/1536/1451 1453/1537/1452 1454/1539/1454
f 1451/1536/1451 1454/1539/1454 1449/1534/1449
f 1449/1534/1449 1454/1539/1454 1455/1540/1455
f 1449/1534/1449 1455/1540/1455 1456/1541/1456
f 1456/1541/1456 1455/1540/1455 1457/1542/1457
f 1456/1541/1456 1457/1542/1457 1458/1543/1458
f 1458/1543/1458 1457/1542/1457 1459/1544/1459
f 1458/1543/1458 1459/1544/1459 1431/1545/1431
f 1453/1537/1452 1452/1538/1453 1460/1546/1460
f 1460/1546/1460 1452/1538/1453 1461/1547/1461
f 1460/1546/1460 1461/1547/1461 1462/1548/1462
f 1462/1548/1462 1461/1547/1461 1463/1549/1463
f 1462/1548/1462 1463/1549/1463 1464/1550/1464
f 1464/1550/1464 1463/1549/1463 1465/1551/1465
f 1464/1550/1464 1465/1551/1465 1466/1552/1466
f 1466/1552/1466 1465/1551/1465 1467/1553/1467
f 1466/1552/1466 1467/1553/1467 1468/1554/1468
f 1468/1554/1468 1467/1553/1467 1469/1555/1469
f 1468/1554/1468 1469/1555/1469 1470/1556/1470
f 1470/1556/1470 1469/1555/1469 1471/1557/1471
f 1470/1556/1470 1471/1557/1471 1472/1558/1472
f 1470/1556/1470 1472/1558/1472 1473/1559/1473
f 1473/1559/1473 1472/1558/1472 1474/1560/1474
f 1473/1559/1473 1474/1560/1474 1475/1561/1475
f 1475/1561/1475 1474/1560/1474 1476/1562/1476
f 1475/1561/1475 1476/1562/1476 1477/1563/1477
f 1477/1563/1477 1476/1562/1476 1478/1564/1478
f 1477/1563/1477 1479/1565/1479 1475/1561/1475
f 1475/1561/1475 1479/1565/1479 1480/1566/1480
f 1475/1561/1475 1480/1566/1480 1481/1567/1481
f 1481/1567/1481 1480/1566/1480 1482/1568/1482
f 1481/1567/1481 1482/1568/1482 1483/1569/1483
f 1483/1569/1483 1482/1568/1482 1484/1570/1484
f 1483/1569/1483 1484/1570/1484 1485/1571/1485
f 1485/1571/1485 1484/1570/1484 1486/1572/1486
f 1485/1571/1485 1486/1572/1486 1487/1573/1487
f 1487/1573/1487 1486/1572/1486 1488/1574/1488
f 1487/1573/1487 1488/1574/1488 1489/1575/1489
f 1489/1575/1489 1488/1574/1488 1490/1576/1490
f 1489/1575/1489 1490/1576/1490 1491/1577/1491
f 1491/1577/1491 1490/1576/1490 1492/1578/1492
f 1491/1577/1491 1492/1578/1492 1493/1579/1493
f 1493/1579/1493 1492/1578/1492 1494/1580/1494
f 1493/1579/1493 1494/1580/1494 1495/1581/1495
f 1495/1581/1495 1494/1580/1494 1496/1582/1496
f 1495/1581/1495 1496/1582/1496 1497/1583/1497
f 1497/1583/1497 1496/1582/1496 1498/1584/1498
f 1497/1583/1497 1498/1584/1498 1499/1585/1499
f 1499/1585/1499 1498/1584/1498 1500/1586/1500
f 1499/1585/1499 1500/1586/1500 1501/1587/1501
f 1501/1587/1501 1500/1586/1500 1502/1588/1502
f 1501/1587/1501 1502/1588/1502 1503/1589/1503
f 1503/1589/1503 1502/1588/1502 1504/1590/1504
f 1503/1589/1503 1504/1590/1504 1505/1591/1505
f 1505/1591/1505 1504/1590/1504 1506/1592/1506
f 1505/1591/1505 1506/1592/1506 1507/1593/1507
f 1507/1593/1507 1506/1592/1506 1508/1594/1508
f 1507/1593/1507 1508/1594/1508 1431/1595/1431
f 1479/1565/1479 1509/1596/1509 1480/1566/1480
f 1480/1566/1480 1509/1596/1509 1510/1597/1510
f 1480/1566/1480 1510/1597/1510 1482/1568/1482
f 1482/1568/1482 1510/1597/1510 1511/1598/1511
f 1482/1568/1482 1511/1598/1511 1484/1570/1484
f 1484/1570/1484 1511/1598/1511 1512/1599/1512
f 1484/1570/1484 1512/1599/1512 1486/1572/1486
f 1486/1572/1486 1512/1599/1512 1513/1600/1513
f 1486/1572/1486 1513/1600/1513 1488/1574/1488
f 1488/1574/1488 1513/1600/1513 1514/1601/1514
f 1488/1574/1488 1514/1601/1514 1490/1576/1490
f 1490/1576/1490 1514/1601/1514 1515/1602/1515
f 1490/1576/1490 1515/1602/1515 1492/1578/1492
f 1492/1578/1492 1515/1602/1515 1516/1603/1516
f 1492/1578/1492 1516/1603/1516 1494/1580/1494
f 1494/1580/1494 1516/1603/1516 1517/1604/1517
f 1494/1580/1494 1517/1604/1517 1496/1582/1496
f 1496/1582/1496 1517/1604/1517 1518/1605/1518
f 1496/1582/1496 1518/1605/1518 1498/1584/1498
f 1498/1584/1498 1518/1605/1518 1519/1606/1519
f 1498/1584/1498 1519/1606/1519 1500/1586/1500
f 1500/1586/1500 1519/1606/1519 1520/1607/1520
f 1500/1586/1500 1520/1607/1520 1502/1588/1502
f 1502/1588/1502 1520/1607/1520 1521/1608/1521
f 1502/1588/1502 1521/1608/1521 1504/1590/1504
f 1504/1590/1504 1521/1608/1521 1522/1609/1522
f 1504/1590/1504 1522/1609/1522 1506/1592/1506
f 1506/1592/1506 1522/1609/1522 1523/1610/1523
f 1506/1592/1506 1523/1610/1523 1508/1594/1508
f 1508/1594/1508 1523/1610/1523 1524/1611/1524
f 1508/1594/1508 1524/1611/1524 1431/1612/1431
f 1509/1596/1509 1525/1613/1525 1510/1597/1510
f 1510/1597/1510 1525/1613/1525 1526/1614/1526
f 1510/1597/1510 1526/1614/1526 1511/1598/1511
f 1511/1598/1511 1526/1614/1526 1527/1615/1527
f 1511/1598/1511 1527/1615/1527 1512/1599/1512
f 1512/1599/1512 1527/1615/1527 1528/1616/1528
f 1512/1599/1512 1528/1616/1528 1513/1600/1513
f 1513/1600/1513 1528/1616/1528 1529/1617/1529
f 1513/1600/1513 1529/1617/1529 1514/1601/1514
f 1514/1601/1514 1529/1617/1529 1530/1618/1530
f 1514/1601/1514 1530/1618/1530 1515/1602/1515
f 1515/1602/1515 1530/1618/1530 1531/1619/1531
f 1515/1602/1515 1531/1619/1531 1516/1603/1516
f 1516/1603/1516 1531/1619/1531 1532/1620/1532
f 1516/1603/1516 1532/1620/1532 1517/1604/1517
f 1517/1604/1517 1532/1620/1532 1533/1621/1533
f 1517/1604/1517 1533/1621/1533 1518/1605/1518
f 1518/1605/1518 1533/1621/1533 1534/1622/1534
f 1518/1605/1518 1534/1622/1534 1519/1606/1519
f 1519/1606/1519 1534/1622/1534 1535/1623/1535
f 1519/1606/1519 1535/1623/1535 1520/1607/1520
f 1520/1607/1520 1535/1623/1535 1536/1624/1536
f 1520/1607/1520 1536/1624/1536 1521/1608/1521
f 1521/1608/1521 1536/1624/1536 1537/1625/1537
f 1521/1608/1521 1537/1625/1537 1522/1609/1522
f 1522/1609/1522 1537/1625/1537 1538/1626/1538
f 1522/1609/1522 1538/1626/1538 1523/1610/1523
f 1523/1610/1523 1538/1626/1538 1539/1627/1539
f 1523/1610/1523 1539/1627/1539 1524/1611/1524
f 1524/1611/1524 1539/1627/1539 1540/1628/1540
f 1524/1611/1524 1540/1628/1540 1431/1629/1431
f 1525/1613/1525 1541/1630/1541 1526/1614/1526
f 1526/1614/1526 1541/1630/1541 1542/1631/1542
f 1526/1614/1526 1542/1631/1542 1527/1615/1527
f 1527/1615/1527 1542/1631/1542 1543/1632/1543
f 1527/1615/1527 1543/1632/1543 1528/1616/1528
f 1528/1616/1528 1543/1632/1543 1544/1633/1544
f 1528/1616/1528 1544/1633/1544 1529/1617/1529
f 1529/1617/1529 1544/1633/1544 1545/1634/1545
f 1529/1617/1529 1545/1634/1545 1530/1618/1530
f 1530/1618/1530 1545/1634/1545 1546/1635/1546
f 1530/1618/1530 1546/1635/1546 1531/1619/1531
f 1531/1619/1531 1546/1635/1546 1547/1636/1547
f 1531/1619/1531 1547/1636/1547 1532/1620/1532
f 1532/1620/1532 1547/1636/1547 1548/1637/1548
f 1532/1620/1532 1548/1637/1548 1533/1621/1533
f 1533/1621/1533 1548/1637/1548 1549/1638/1549
f 1533/1621/1533 1549/1638/1549 1534/1622/1534
f 1534/1622/1534 1549/1638/1549 1550/1639/1550
f 1534/1622/1534 1550/1639/1550 1535/1623/1535
f 1535/1623/1535 1550/1639/1550 1551/1640/1551
f 1535/1623/1535 1551/1640/1551 1536/1624/1536
f 1536/1624/1536 1551/1640/1551 1552/1641/1552
f 1536/1624/1536 1552/1641/1552 1537/1625/1537
f 1537/1625/1537 1552/1641/1552 1553/1642/1553
f 1537/1625/1537 1553/1642/1553 1538/1626/1538
f 1538/1626/1538 1553/1642/1553 1554/1643/1554
f 1538/1626/1538 1554/1643/1554 1539/1627/1539
f 1539/1627/1539 1554/1643/1554 1555/1644/1555
f 1539/1627/1539 1555/1644/1555 1540/1628/1540
f 1540/1628/1540 1555/1644/1555 1556/1645/1556
f 1540/1628/1540 1556/1645/1556 1431/1646/1431
f 1541/1630/1541 1557/1647/1557 1542/1631/1542
f 1542/1631/1542 1557/1647/1557 1558/1648/1558
f 1542/1631/1542 1558/1648/1558 1543/1632/1543
f 1543/1632/1543 1558/1648/1558 1559/1649/1559
f 1543/1632/1543 1559/1649/1559 1544/1633/1544
f 1544/1633/1544 1559/1649/1559 1560/1650/1560
f 1544/1633/1544 1560/1650/1560 1545/1634/1545
f 1545/1634/1545 1560/1650/1560 1561/1651/1561
f 1545/1634/1545 1561/1651/1561 1546/1635/1546
f 1546/1635/1546 1561/1651/1561 1562/1652/1562
f 1546/1635/1546 1562/1652/1562 1547/1636/1547
f 1547/1636/1547 1562/1652/1562 1563/1653/1563
f 1547/1636/1547 1563/1653/1563 1548/1637/1548
f 1548/1637/1548 1563/1653/1563 1564/1654/1564
f 1548/1637/1548 1564/1654/1564 1549/1638/1549
f 1549/1638/1549 1564/1654/1564 1565/1655/1565
f 1549/1638/1549 1565/1655/1565 1550/1639/1550
f 1550/1639/1550 1565/1655/1565 1566/1656/1566
f 1550/1639/1550 1566/1656/1566 1551/1640/1551
f 1551/1640/1551 1566/1656/1566 1567/1657/1567
f 1551/1640/1551 1567/1657/1567 1552/1641/1552
f 1552/1641/1552 1567/1657/1567 1568/1658/1568
f 1552/1641/1552 1568/1658/1568 1553/1642/1553
f 1553/1642/1553 1568/1658/1568 1569/1659/1569
f 1553/1642/1553 1569/1659/1569 1554/1643/1554
f 1554/1643/1554 1569/1659/1569 1570/1660/1570
f 1554/1643/1554 1570/1660/1570 1555/1644/1555
f 1555/1644/1555 1570/1660/1570 1571/1661/1571
f 1555/1644/1555 1571/1661/1571 1556/1645/1556
f 1556/1645/1556 1571/1661/1571 1572/1662/1572
f 1556/1645/1556 1572/1662/1572 1431/1663/1431
f 1557/1647/1557 1573/1664/1573 1558/1648/1558
f 1558/1648/1558 1573/1664/1573 1559/1649/1559
f 1573/1664/1573 1574/1665/1574 1559/1649/1559
f 1559/1649/1559 1574/1665/1574 1575/1666/1575
f 1559/1649/1559 1575/1666/1575 1560/1650/1560
f 1560/1650/1560 1575/1666/1575 1576/1667/1576
f 1560/1650/1560 1576/1667/1576 1577/1668/1577
f 1577/1668/1577 1576/1667/1576 1578/1669/1578
f 1577/1668/1577 1578/1669/1578 1579/1670/1579
f 1579/1670/1579 1578/1669/1578 1580/1671/1580
f 1579/1670/1579 1580/1671/1580 1581/1672/1581
f 1581/1672/1581 1580/1671/1580 1582/1673/1582
f 1581/1672/1581 1582/1673/1582 1583/1674/1583
f 1583/1674/1583 1582/1673/1582 1584/1675/1584
f 1583/1674/1583 1584/1675/1584 1585/1676/1585
f 1585/1676/1585 1584/1675/1584 1586/1677/1586
f 1585/1676/1585 1586/1677/1586 1587/1678/1587
f 1587/1678/1587 1586/1677/1586 1588/1679/1588
f 1587/1678/1587 1588/1679/1588 1589/1680/1589
f 1587/1678/1587 1589/1680/1589 1590/1681/1590
f 1590/1681/1590 1589/1680/1589 1591/1682/1591
f 1590/1681/1590 1591/1682/1591 1592/1683/1592
f 1592/1683/1592 1591/1682/1591 1593/1684/1593
f 1592/1683/1592 1593/1684/1593 1594/1685/1594
f 1594/1685/1594 1593/1684/1593 1595/1686/1595
f 1594/1685/1594 1595/1686/1595 1596/1687/1596
f 1596/1687/1596 1595/1686/1595 1597/1688/1597
f 1596/1687/1596 1597/1688/1597 1598/1689/1598
f 1598/1689/1598 1597/1688/1597 1599/1690/1599
f 1598/1689/1598 1599/1690/1599 1600/1691/1600
f 1600/1691/1600 1599/1690/1599 1601/1692/1601
f 1600/1691/1600 1601/1692/1601 1602/1693/1602
f 1602/1693/1602 1601/1692/1601 1603/1694/1603
f 1602/1693/1602 1603/1694/1603 1604/1695/1604
f 1604/1695/1604 1603/1694/1603 1605/1696/1605
f 1604/1695/1604 1605/1696/1605 1606/1697/1606
f 1606/1697/1606 1605/1696/1605 1607/1698/1607
f 1606/1697/1606 1607/1698/1607 1608/1699/1608
f 1608/1699/1608 1607/1698/1607 1609/1700/1609
f 1608/1699/1608 1609/1700/1609 1610/1701/1610
f 1610/1701/1610 1609/1700/1609 1611/1702/1611
f 1610/1701/1610 1611/1702/1611 1612/1703/1612
f 1612/1703/1612 1611/1702/1611 1613/1704/1613
f 1612/1703/1612 1613/1704/1613 1614/1705/1614
f 1614/1705/1614 1613/1704/1613 1615/1706/1615
f 1614/1705/1614 1615/1706/1615 1616/1707/1616
f 1616/1707/1616 1615/1706/1615 1617/1708/1617
f 1616/1707/1616 1617/1708/1617 1618/1709/1618
f 1618/1709/1618 1617/1708/1617 1430/1513/1430
f 1618/1709/1618 1430/1513/1430 1431/1710/1431
f 1593/1684/1593 1619/1711/1619 1595/1686/1595
f 1595/1686/1595 1619/1711/1619 1620/1712/1620
f 1595/1686/1595 1620/1712/1620 1597/1688/1597
f 1597/1688/1597 1620/1712/1620 1621/1713/1621
f 1597/1688/1597 1621/1713/1621 1599/1690/1599
f 1599/1690/1599 1621/1713/1621 1622/1714/1622
f 1599/1690/1599 1622/1714/1622 1601/1692/1601
f 1601/1692/1601 1622/1714/1622 1623/1715/1623
f 1601/1692/1601 1623/1715/1623 1603/1694/1603
f 1603/1694/1603 1623/1715/1623 1624/1716/1624
f 1603/1694/1603 1624/1716/1624 1605/1696/1605
f 1605/1696/1605 1624/1716/1624 1625/1717/1625
f 1605/1696/1605 1625/1717/1625 1607/1698/1607
f 1607/1698/1607 1625/1717/1625 1626/1718/1626
f 1607/1698/1607 1626/1718/1626 1609/1700/1609
f 1609/1700/1609 1626/1718/1626 1627/1719/1627
f 1609/1700/1609 1627/1719/1627 1611/1702/1611
f 1611/1702/1611 1627/1719/1627 1628/1720/1628
f 1611/1702/1611 1628/1720/1628 1613/1704/1613
f 1613/1704/1613 1628/1720/1628 1629/1721/1629
f 1613/1704/1613 1629/1721/1629 1615/1706/1615
f 1615/1706/1615 1629/1721/1629 1630/1722/1630
f 1615/1706/1615 1630/1722/1630 1617/1708/1617
f 1617/1708/1617 1630/1722/1630 1428/1511/1428
f 1617/1708/1617 1428/1511/1428 1430/1513/1430
f 1619/1711/1619 1631/1723/1631 1620/1712/1620
f 1620/1712/1620 1631/1723/1631 1632/1724/1632
f 1620/1712/1620 1632/1724/1632 1621/1713/1621
f 1621/1713/1621 1632/1724/1632 1633/1725/1633
f 1621/1713/1621 1633/1725/1633 1622/1714/1622
f 1622/1714/1622 1633/1725/1633 1634/1726/1634
f 1622/1714/1622 1634/1726/1634 1623/1715/1623
f 1623/1715/1623 1634/1726/1634 1635/1727/1635
f 1623/1715/1623 1635/1727/1635 1624/1716/1624
f 1624/1716/1624 1635/1727/1635 1636/1728/1636
f 1624/1716/1624 1636/1728/1636 1625/1717/1625
f 1625/1717/1625 1636/1728/1636 1637/1729/1637
f 1625/1717/1625 1637/1729/1637 1626/1718/1626
f 1626/1718/1626 1637/1729/1637 1638/1730/1638
f 1626/1718/1626 1638/1730/1638 1627/1719/1627
f 1627/1719/1627 1638/1730/1638 1639/1731/1639
f 1627/1719/1627 1639/1731/1639 1628/1720/1628
f 1628/1720/1628 1639/1731/1639 1640/1732/1640
f 1628/1720/1628 1640/1732/1640 1629/1721/1629
f 1629/1721/1629 1640/1732/1640 1641/1733/1641
f 1629/1721/1629 1641/1733/1641 1630/1722/1630
f 1630/1722/1630 1641/1733/1641 1426/1509/1426
f 1630/1722/1630 1426/1509/1426 1428/1511/1428
f 1631/1723/1631 1642/1734/1642 1632/1724/1632
f 1632/1724/1632 1642/1734/1642 1643/1735/1643
f 1632/1724/1632 1643/1735/1643 1633/1725/1633
f 1633/1725/1633 1643/1735/1643 1644/1736/1644
f 1633/1725/1633 1644/1736/1644 1634/1726/1634
f 1634/1726/1634 1644/1736/1644 1645/1737/1645
f 1634/1726/1634 1645/1737/1645 1635/1727/1635
f 1635/1727/1635 1645/1737/1645 1646/1738/1646
f 1635/1727/1635 1646/1738/1646 1636/1728/1636
f 1636/1728/1636 1646/1738/1646 1647/1739/1647
f 1636/1728/1636 1647/1739/1647 1637/1729/1637
f 1637/1729/1637 1647/1739/1647 1648/1740/1648
f 1637/1729/1637 1648/1740/1648 1638/1730/1638
f 1638/1730/1638 1648/1740/1648 1649/1741/1649
f 1638/1730/1638 1649/1741/1649 1639/1731/1639
f 1639/1731/1639 1649/1741/1649 1650/1742/1650
f 1639/1731/1639 1650/1742/1650 1640/1732/1640
f 1640/1732/1640 1650/1742/1650 1651/1743/1651
f 1640/1732/1640 1651/1743/1651 1641/1733/1641
f 1641/1733/1641 1651/1743/1651 1424/1507/1424
f 1641/1733/1641 1424/1507/1424 1426/1509/1426
f 1642/1734/1642 1652/1744/1652 1643/1735/1643
f 1643/1735/1643 1652/1744/1652 1653/1745/1653
f 1643/1735/1643 1653/1745/1653 1644/1736/1644
f 1644/1736/1644 1653/1745/1653 1654/1746/1654
f 1644/1736/1644 1654/1746/1654 1645/1737/1645
f 1645/1737/1645 1654/1746/1654 1655/1747/1655
f 1645/1737/1645 1655/1747/1655 1646/1738/1646
f 1646/1738/1646 1655/1747/1655 1656/1748/1656
f 1646/1738/1646 1656/1748/1656 1647/1739/1647
f 1647/1739/1647 1656/1748/1656 1657/1749/1657
f 1647/1739/1647 1657/1749/1657 1648/1740/1648
f 1648/1740/1648 1657/1749/1657 1658/1750/1658
f 1648/1740/1648 1658/1750/1658 1649/1741/1649
f 1649/1741/1649 1658/1750/1658 1659/1751/1659
f 1649/1741/1649 1659/1751/1659 1650/1742/1650
f 1650/1742/1650 1659/1751/1659 1660/1752/1660
f 1650/1742/1650 1660/1752/1660 1651/1743/1651
f 1651/1743/1651 1660/1752/1660 1422/1505/1422
f 1651/1743/1651 1422/1505/1422 1424/1507/1424
f 1652/1744/1652 1661/1753/1661 1653/1745/1653
f 1653/1745/1653 1661/1753/1661 1662/1754/1662
f 1653/1745/1653 1662/1754/1662 1654/1746/1654
f 1654/1746/1654 1662/1754/1662 1663/1755/1663
f 1654/1746/1654 1663/1755/1663 1655/1747/1655
f 1655/1747/1655 1663/1755/1663 1664/1756/1664
f 1655/1747/1655 1664/1756/1664 1656/1748/1656
f 1656/1748/1656 1664/1756/1664 1665/1757/1665
f 1656/1748/1656 1665/1757/1665 1657/1749/1657
f 1657/1749/1657 1665/1757/1665 1666/1758/1666
f 1657/1749/1657 1666/1758/1666 1658/1750/1658
f 1658/1750/1658 1666/1758/1666 1667/1759/1667
f 1658/1750/1658 1667/1759/1667 1659/1751/1659
f 1659/1751/1659 1667/1759/1667 1668/1760/1668
f 1659/1751/1659 1668/1760/1668 1660/1752/1660
f 1660/1752/1660 1668/1760/1668 1420/1503/1420
f 1660/1752/1660 1420/1503/1420 1422/1505/1422
f 1661/1753/1661 1669/1761/1669 1662/1754/1662
f 1662/1754/1662 1669/1761/1669 1670/1762/1670
f 1662/1754/1662 1670/1762/1670 1663/1755/1663
f 1663/1755/1663 1670/1762/1670 1671/1763/1671
f 1663/1755/1663 1671/1763/1671 1664/1756/1664
f 1664/1756/1664 1671/1763/1671 1672/1764/1672
f 1664/1756/1664 1672/1764/1672 1665/1757/1665
f 1665/1757/1665 1672/1764/1672 1673/1765/1673
f 1665/1757/1665 1673/1765/1673 1666/1758/1666
f 1666/1758/1666 1673/1765/1673 1674/1766/1674
f 1666/1758/1666 1674/1766/1674 1667/1759/1667
f 1667/1759/1667 1674/1766/1674 1675/1767/1675
f 1667/1759/1667 1675/1767/1675 1668/1760/1668
f 1668/1760/1668 1675/1767/1675 1418/1501/1418
f 1668/1760/1668 1418/1501/1418 1420/1503/1420
f 1669/1761/1669 1676/1768/1676 1670/1762/1670
f 1670/1762/1670 1676/1768/1676 1677/1769/1677
f 1670/1762/1670 1677/1769/1677 1671/1763/1671
f 1671/1763/1671 1677/1769/1677 1678/1770/1678
f 1671/1763/1671 1678/1770/1678 1672/1764/1672
f 1672/1764/1672 1678/1770/1678 1679/1771/1679
f 1672/1764/1672 1679/1771/1679 1673/1765/1673
f 1673/1765/1673 1679/1771/1679 1680/1772/1680
f 1673/1765/1673 1680/1772/1680 1674/1766/1674
f 1674/1766/1674 1680/1772/1680 1681/1773/1681
f 1674/1766/1674 1681/1773/1681 1675/1767/1675
f 1675/1767/1675 1681/1773/1681 1416/1499/1416
f 1675/1767/1675 1416/1499/1416 1418/1501/1418
f 1676/1768/1676 1682/1774/1682 1677/1769/1677
f 1677/1769/1677 1682/1774/1682 1683/1775/1683
f 1677/1769/1677 1683/1775/1683 1678/1770/1678
f 1678/1770/1678 1683/1775/1683 1684/1776/1684
f 1678/1770/1678 1684/1776/1684 1679/1771/1679
f 1679/1771/1679 1684/1776/1684 1685/1777/1685
f 1679/1771/1679 1685/1777/1685 1680/1772/1680
f 1680/1772/1680 1685/1777/1685 1686/1778/1686
f 1680/1772/1680 1686/1778/1686 1681/1773/1681
f 1681/1773/1681 1686/1778/1686 1414/1497/1414
f 1681/1773/1681 1414/1497/1414 1416/1499/1416
f 1683/1775/1683 1682/1774/1682 1687/1779/1687
f 1687/1779/1687 1682/1774/1682 1688/1780/1688
f 1687/1779/1687 1688/1780/1688 1689/1781/1689
f 1689/1781/1689 1688/1780/1688 1690/1782/1690
f 1689/1781/1689 1690/1782/1690 1691/1783/1691
f 1691/1783/1691 1690/1782/1690 1692/1784/1692
f 1691/1783/1691 1692/1784/1692 1406/1489/1406
f 1406/1489/1406 1692/1784/1692 1404/1485/1402
f 1618/1709/1618 1431/1786/1431 1693/1785/1693
f 1693/1785/1693 1431/1788/1431 1694/1787/1694
f 1694/1787/1694 1431/1790/1431 1695/1789/1695
f 1695/1789/1695 1431/1792/1431 1696/1791/1696
f 1696/1791/1696 1431/1794/1431 1697/1793/1697
f 1697/1793/1697 1431/1796/1431 1698/1795/1698
f 1698/1795/1698 1431/1798/1431 1699/1797/1699
f 1699/1797/1699 1431/1800/1431 1700/1799/1700
f 1700/1799/1700 1431/1801/1431 1572/1662/1572
f 1507/1593/1507 1431/1803/1431 1701/1802/1701
f 1701/1802/1701 1431/1805/1431 1702/1804/1702
f 1702/1804/1702 1431/1807/1431 1703/1806/1703
f 1703/1806/1703 1431/1809/1431 1704/1808/1704
f 1704/1808/1704 1431/1811/1431 1705/1810/1705
f 1705/1810/1705 1431/1813/1431 1706/1812/1706
f 1706/1812/1706 1431/1815/1431 1707/1814/1707
f 1708/1818/1709 1431/1817/1431 1709/1816/1708
f 1709/1816/1708 1431/1819/1431 1459/1544/1459
f 1458/1543/1458 1431/1821/1431 1710/1820/1710
f 1710/1820/1710 1431/1822/1431 1448/1532/1448
f 1431/1824/1431 1711/1823/1711 1707/1814/1707
f 1707/1814/1707 1711/1823/1711 1712/1825/1712
f 1707/1814/1707 1712/1825/1712 1706/1812/1706
f 1706/1812/1706 1712/1825/1712 1713/1826/1713
f 1706/1812/1706 1713/1826/1713 1705/1810/1705
f 1705/1810/1705 1713/1826/1713 1714/1827/1714
f 1705/1810/1705 1714/1827/1714 1704/1808/1704
f 1704/1808/1704 1714/1827/1714 1715/1828/1715
f 1704/1808/1704 1715/1828/1715 1703/1806/1703
f 1703/1806/1703 1715/1828/1715 1716/1829/1716
f 1703/1806/1703 1716/1829/1716 1702/1804/1702
f 1702/1804/1702 1716/1829/1716 1717/1830/1717
f 1702/1804/1702 1717/1830/1717 1701/1802/1701
f 1701/1802/1701 1717/1830/1717 1505/1591/1505
f 1701/1802/1701 1505/1591/1505 1507/1593/1507
f 1711/1823/1711 1431/1824/1431 1708/1818/1709
f 1475/1561/1475 1481/1567/1481 1473/1559/1473
f 1473/1559/1473 1481/1567/1481 1718/1831/1718
f 1473/1559/1473 1718/1831/1718 1470/1556/1470
f 1470/1556/1470 1718/1831/1718 1719/1832/1719
f 1470/1556/1470 1719/1832/1719 1468/1554/1468
f 1468/1554/1468 1719/1832/1719 1720/1833/1720
f 1468/1554/1468 1720/1833/1720 1466/1552/1466
f 1466/1552/1466 1720/1833/1720 1721/1834/1721
f 1466/1552/1466 1721/1834/1721 1464/1550/1464
f 1464/1550/1464 1721/1834/1721 1722/1835/1722
f 1464/1550/1464 1722/1835/1722 1462/1548/1462
f 1462/1548/1462 1722/1835/1722 1723/1836/1723
f 1462/1548/1462 1723/1836/1723 1460/1546/1460
f 1460/1546/1460 1723/1836/1723 1724/1837/1724
f 1460/1546/1460 1724/1837/1724 1453/1537/1452
f 1453/1537/1452 1724/1837/1724 1725/1838/1725
f 1453/1537/1452 1725/1838/1725 1454/1539/1454
f 1454/1539/1454 1725/1838/1725 1455/1540/1455
f 1710/1820/1710 1448/1532/1448 1446/1530/1446
f 1710/1820/1710 1446/1530/1446 1456/1541/1456
f 1456/1541/1456 1446/1530/1446 1449/1534/1449
f 1481/1567/1481 1483/1569/1483 1718/1831/1718
f 1718/1831/1718 1483/1569/1483 1726/1839/1726
f 1718/1831/1718 1726/1839/1726 1719/1832/1719
f 1719/1832/1719 1726/1839/1726 1727/1840/1727
f 1719/1832/1719 1727/1840/1727 1720/1833/1720
f 1720/1833/1720 1727/1840/1727 1728/1841/1728
f 1720/1833/1720 1728/1841/1728 1721/1834/1721
f 1721/1834/1721 1728/1841/1728 1729/1842/1729
f 1721/1834/1721 1729/1842/1729 1722/1835/1722
f 1722/1835/1722 1729/1842/1729 1730/1843/1730
f 1722/1835/1722 1730/1843/1730 1723/1836/1723
f 1723/1836/1723 1730/1843/1730 1731/1844/1731
f 1723/1836/1723 1731/1844/1731 1724/1837/1724
f 1724/1837/1724 1731/1844/1731 1732/1845/1732
f 1724/1837/1724 1732/1845/1732 1725/1838/1725
f 1725/1838/1725 1732/1845/1732 1733/1846/1733
f 1725/1838/1725 1733/1846/1733 1455/1540/1455
f 1455/1540/1455 1733/1846/1733 1457/1542/1457
f 1458/1543/1458 1710/1820/1710 1456/1541/1456
f 1483/1569/1483 1485/1571/1485 1726/1839/1726
f 1726/1839/1726 1485/1571/1485 1734/1847/1734
f 1726/1839/1726 1734/1847/1734 1727/1840/1727
f 1727/1840/1727 1734/1847/1734 1735/1848/1735
f 1727/1840/1727 1735/1848/1735 1728/1841/1728
f 1728/1841/1728 1735/1848/1735 1736/1849/1736
f 1728/1841/1728 1736/1849/1736 1729/1842/1729
f 1729/1842/1729 1736/1849/1736 1737/1850/1737
f 1729/1842/1729 1737/1850/1737 1730/1843/1730
f 1730/1843/1730 1737/1850/1737 1738/1851/1738
f 1730/1843/1730 1738/1851/1738 1731/1844/1731
f 1731/1844/1731 1738/1851/1738 1739/1852/1739
f 1731/1844/1731 1739/1852/1739 1732/1845/1732
f 1732/1845/1732 1739/1852/1739 1740/1853/1740
f 1732/1845/1732 1740/1853/1740 1733/1846/1733
f 1733/1846/1733 1740/1853/1740 1741/1854/1741
f 1733/1846/1733 1741/1854/1741 1457/1542/1457
f 1457/1542/1457 1741/1854/1741 1459/1544/1459
f 1485/1571/1485 1487/1573/1487 1734/1847/1734
f 1734/1847/1734 1487/1573/1487 1742/1855/1742
f 1734/1847/1734 1742/1855/1742 1735/1848/1735
f 1735/1848/1735 1742/1855/1742 1743/1856/1743
f 1735/1848/1735 1743/1856/1743 1736/1849/1736
f 1736/1849/1736 1743/1856/1743 1744/1857/1744
f 1736/1849/1736 1744/1857/1744 1737/1850/1737
f 1737/1850/1737 1744/1857/1744 1745/1858/1745
f 1737/1850/1737 1745/1858/1745 1738/1851/1738
f 1738/1851/1738 1745/1858/1745 1746/1859/1746
f 1738/1851/1738 1746/1859/1746 1739/1852/1739
f 1739/1852/1739 1746/1859/1746 1747/1860/1747
f 1739/1852/1739 1747/1860/1747 1740/1853/1740
f 1740/1853/1740 1747/1860/1747 1748/1861/1748
f 1740/1853/1740 1748/1861/1748 1741/1854/1741
f 1741/1854/1741 1748/1861/1748 1709/1816/1708
f 1741/1854/1741 1709/1816/1708 1459/1544/1459
f 1487/1573/1487 1489/1575/1489 1742/1855/1742
f 1742/1855/1742 1489/1575/1489 1749/1862/1749
f 1742/1855/1742 1749/1862/1749 1743/1856/1743
f 1743/1856/1743 1749/1862/1749 1750/1863/1750
f 1743/1856/1743 1750/1863/1750 1744/1857/1744
f 1744/1857/1744 1750/1863/1750 1751/1864/1751
f 1744/1857/1744 1751/1864/1751 1745/1858/1745
f 1745/1858/1745 1751/1864/1751 1752/1865/1752
f 1745/1858/1745 1752/1865/1752 1746/1859/1746
f 1746/1859/1746 1752/1865/1752 1753/1866/1753
f 1746/1859/1746 1753/1866/1753 1747/1860/1747
f 1747/1860/1747 1753/1866/1753 1754/1867/1754
f 1747/1860/1747 1754/1867/1754 1748/1861/1748
f 1748/1861/1748 1754/1867/1754 1708/1818/1709
f 1748/1861/1748 1708/1818/1709 1709/1816/1708
f 1489/1575/1489 1491/1577/1491 1749/1862/1749
f 1749/1862/1749 1491/1577/1491 1755/1868/1755
f 1749/1862/1749 1755/1868/1755 1750/1863/1750
f 1750/1863/1750 1755/1868/1755 1756/1869/1756
f 1750/1863/1750 1756/1869/1756 1751/1864/1751
f 1751/1864/1751 1756/1869/1756 1757/1870/1757
f 1751/1864/1751 1757/1870/1757 1752/1865/1752
f 1752/1865/1752 1757/1870/1757 1758/1871/1758
f 1752/1865/1752 1758/1871/1758 1753/1866/1753
f 1753/1866/1753 1758/1871/1758 1759/1872/1759
f 1753/1866/1753 1759/1872/1759 1754/1867/1754
f 1754/1867/1754 1759/1872/1759 1760/1873/1760
f 1754/1867/1754 1760/1873/1760 1708/1818/1709
f 1708/1818/1709 1760/1873/1760 1711/1823/1711
f 1491/1577/1491 1493/1579/1493 1755/1868/1755
f 1755/1868/1755 1493/1579/1493 1761/1874/1761
f 1755/1868/1755 1761/1874/1761 1756/1869/1756
f 1756/1869/1756 1761/1874/1761 1762/1875/1762
f 1756/1869/1756 1762/1875/1762 1757/1870/1757
f 1757/1870/1757 1762/1875/1762 1763/1876/1763
f 1757/1870/1757 1763/1876/1763 1758/1871/1758
f 1758/1871/1758 1763/1876/1763 1764/1877/1764
f 1758/1871/1758 1764/1877/1764 1759/1872/1759
f 1759/1872/1759 1764/1877/1764 1765/1878/1765
f 1759/1872/1759 1765/1878/1765 1760/1873/1760
f 1760/1873/1760 1765/1878/1765 1712/1825/1712
f 1760/1873/1760 1712/1825/1712 1711/1823/1711
f 1493/1579/1493 1495/1581/1495 1761/1874/1761
f 1761/1874/1761 1495/1581/1495 1766/1879/1766
f 1761/1874/1761 1766/1879/1766 1762/1875/1762
f 1762/1875/1762 1766/1879/1766 1767/1880/1767
f 1762/1875/1762 1767/1880/1767 1763/1876/1763
f 1763/1876/1763 1767/1880/1767 1768/1881/1768
f 1763/1876/1763 1768/1881/1768 1764/1877/1764
f 1764/1877/1764 1768/1881/1768 1769/1882/1769
f 1764/1877/1764 1769/1882/1769 1765/1878/1765
f 1765/1878/1765 1769/1882/1769 1713/1826/1713
f 1765/1878/1765 1713/1826/1713 1712/1825/1712
f 1560/1650/1560 1577/1668/1577 1561/1651/1561
f 1561/1651/1561 1577/1668/1577 1770/1883/1770
f 1561/1651/1561 1770/1883/1770 1562/1652/1562
f 1562/1652/1562 1770/1883/1770 1771/1884/1771
f 1562/1652/1562 1771/1884/1771 1563/1653/1563
f 1563/1653/1563 1771/1884/1771 1772/1885/1772
f 1563/1653/1563 1772/1885/1772 1564/1654/1564
f 1564/1654/1564 1772/1885/1772 1773/1886/1773
f 1564/1654/1564 1773/1886/1773 1565/1655/1565
f 1565/1655/1565 1773/1886/1773 1774/1887/1774
f 1565/1655/1565 1774/1887/1774 1566/1656/1566
f 1566/1656/1566 1774/1887/1774 1775/1888/1775
f 1566/1656/1566 1775/1888/1775 1567/1657/1567
f 1567/1657/1567 1775/1888/1775 1776/1889/1776
f 1567/1657/1567 1776/1889/1776 1568/1658/1568
f 1568/1658/1568 1776/1889/1776 1777/1890/1777
f 1568/1658/1568 1777/1890/1777 1569/1659/1569
f 1569/1659/1569 1777/1890/1777 1778/1891/1778
f 1569/1659/1569 1778/1891/1778 1570/1660/1570
f 1570/1660/1570 1778/1891/1778 1779/1892/1779
f 1570/1660/1570 1779/1892/1779 1571/1661/1571
f 1571/1661/1571 1779/1892/1779 1780/1893/1780
f 1571/1661/1571 1780/1893/1780 1572/1662/1572
f 1572/1662/1572 1780/1893/1780 1700/1799/1700
f 1495/1581/1495 1497/1583/1497 1766/1879/1766
f 1766/1879/1766 1497/1583/1497 1781/1894/1781
f 1766/1879/1766 1781/1894/1781 1767/1880/1767
f 1767/1880/1767 1781/1894/1781 1782/1895/1782
f 1767/1880/1767 1782/1895/1782 1768/1881/1768
f 1768/1881/1768 1782/1895/1782 1783/1896/1783
f 1768/1881/1768 1783/1896/1783 1769/1882/1769
f 1769/1882/1769 1783/1896/1783 1714/1827/1714
f 1769/1882/1769 1714/1827/1714 1713/1826/1713
f 1577/1668/1577 1579/1670/1579 1770/1883/1770
f 1770/1883/1770 1579/1670/1579 1784/1897/1784
f 1770/1883/1770 1784/1897/1784 1771/1884/1771
f 1771/1884/1771 1784/1897/1784 1785/1898/1785
f 1771/1884/1771 1785/1898/1785 1772/1885/1772
f 1772/1885/1772 1785/1898/1785 1786/1899/1786
f 1772/1885/1772 1786/1899/1786 1773/1886/1773
f 1773/1886/1773 1786/1899/1786 1787/1900/1787
f 1773/1886/1773 1787/1900/1787 1774/1887/1774
f 1774/1887/1774 1787/1900/1787 1788/1901/1788
f 1774/1887/1774 1788/1901/1788 1775/1888/1775
f 1775/1888/1775 1788/1901/1788 1789/1902/1789
f 1775/1888/1775 1789/1902/1789 1776/1889/1776
f 1776/1889/1776 1789/1902/1789 1790/1903/1790
f 1776/1889/1776 1790/1903/1790 1777/1890/1777
f 1777/1890/1777 1790/1903/1790 1791/1904/1791
f 1777/1890/1777 1791/1904/1791 1778/1891/1778
f 1778/1891/1778 1791/1904/1791 1792/1905/1792
f 1778/1891/1778 1792/1905/1792 1779/1892/1779
f 1779/1892/1779 1792/1905/1792 1793/1906/1793
f 1779/1892/1779 1793/1906/1793 1780/1893/1780
f 1780/1893/1780 1793/1906/1793 1794/1907/1794
f 1780/1893/1780 1794/1907/1794 1700/1799/1700
f 1700/1799/1700 1794/1907/1794 1699/1797/1699
f 1497/1583/1497 1499/1585/1499 1781/1894/1781
f 1781/1894/1781 1499/1585/1499 1795/1908/1795
f 1781/1894/1781 1795/1908/1795 1782/1895/1782
f 1782/1895/1782 1795/1908/1795 1796/1909/1796
f 1782/1895/1782 1796/1909/1796 1783/1896/1783
f 1783/1896/1783 1796/1909/1796 1715/1828/1715
f 1783/1896/1783 1715/1828/1715 1714/1827/1714
f 1579/1670/1579 1581/1672/1581 1784/1897/1784
f 1784/1897/1784 1581/1672/1581 1797/1910/1797
f 1784/1897/1784 1797/1910/1797 1785/1898/1785
f 1785/1898/1785 1797/1910/1797 1798/1911/1798
f 1785/1898/1785 1798/1911/1798 1786/1899/1786
f 1786/1899/1786 1798/1911/1798 1799/1912/1799
f 1786/1899/1786 1799/1912/1799 1787/1900/1787
f 1787/1900/1787 1799/1912/1799 1800/1913/1800
f 1787/1900/1787 1800/1913/1800 1788/1901/1788
f 1788/1901/1788 1800/1913/1800 1801/1914/1801
f 1788/1901/1788 1801/1914/1801 1789/1902/1789
f 1789/1902/1789 1801/1914/1801 1802/1915/1802
f 1789/1902/1789 1802/1915/1802 1790/1903/1790
f 1790/1903/1790 1802/1915/1802 1803/1916/1803
f 1790/1903/1790 1803/1916/1803 1791/1904/1791
f 1791/1904/1791 1803/1916/1803 1804/1917/1804
f 1791/1904/1791 1804/1917/1804 1792/1905/1792
f 1792/1905/1792 1804/1917/1804 1805/1918/1805
f 1792/1905/1792 1805/1918/1805 1793/1906/1793
f 1793/1906/1793 1805/1918/1805 1806/1919/1806
f 1793/1906/1793 1806/1919/1806 1794/1907/1794
f 1794/1907/1794 1806/1919/1806 1807/1920/1807
f 1794/1907/1794 1807/1920/1807 1699/1797/1699
f 1699/1797/1699 1807/1920/1807 1698/1795/1698
f 1499/1585/1499 1501/1587/1501 1795/1908/1795
f 1795/1908/1795 1501/1587/1501 1808/1921/1808
f 1795/1908/1795 1808/1921/1808 1796/1909/1796
f 1796/1909/1796 1808/1921/1808 1716/1829/1716
f 1796/1909/1796 1716/1829/1716 1715/1828/1715
f 1581/1672/1581 1583/1674/1583 1797/1910/1797
f 1797/1910/1797 1583/1674/1583 1809/1922/1809
f 1797/1910/1797 1809/1922/1809 1798/1911/1798
f 1798/1911/1798 1809/1922/1809 1810/1923/1810
f 1798/1911/1798 1810/1923/1810 1799/1912/1799
f 1799/1912/1799 1810/1923/1810 1811/1924/1811
f 1799/1912/1799 1811/1924/1811 1800/1913/1800
f 1800/1913/1800 1811/1924/1811 1812/1925/1812
f 1800/1913/1800 1812/1925/1812 1801/1914/1801
f 1801/1914/1801 1812/1925/1812 1813/1926/1813
f 1801/1914/1801 1813/1926/1813 1802/1915/1802
f 1802/1915/1802 1813/1926/1813 1814/1927/1814
f 1802/1915/1802 1814/1927/1814 1803/1916/1803
f 1803/1916/1803 1814/1927/1814 1815/1928/1815
f 1803/1916/1803 1815/1928/1815 1804/1917/1804
f 1804/1917/1804 1815/1928/1815 1816/1929/1816
f 1804/1917/1804 1816/1929/1816 1805/1918/1805
f 1805/1918/1805 1816/1929/1816 1817/1930/1817
f 1805/1918/1805 1817/1930/1817 1806/1919/1806
f 1806/1919/1806 1817/1930/1817 1818/1931/1818
f 1806/1919/1806 1818/1931/1818 1807/1920/1807
f 1807/1920/1807 1818/1931/1818 1819/1932/1819
f 1807/1920/1807 1819/1932/1819 1698/1795/1698
f 1698/1795/1698 1819/1932/1819 1697/1793/1697
f 1717/1830/1717 1716/1829/1716 1808/1921/1808
f 1717/1830/1717 1808/1921/1808 1503/1589/1503
f 1503/1589/1503 1808/1921/1808 1501/1587/1501
f 1583/1674/1583 1585/1676/1585 1809/1922/1809
f 1809/1922/1809 1585/1676/1585 1820/1933/1820
f 1809/1922/1809 1820/1933/1820 1810/1923/1810
f 1810/1923/1810 1820/1933/1820 1821/1934/1821
f 1810/1923/1810 1821/1934/1821 1811/1924/1811
f 1811/1924/1811 1821/1934/1821 1822/1935/1822
f 1811/1924/1811 1822/1935/1822 1812/1925/1812
f 1812/1925/1812 1822/1935/1822 1823/1936/1823
f 1812/1925/1812 1823/1936/1823 1813/1926/1813
f 1813/1926/1813 1823/1936/1823 1824/1937/1824
f 1813/1926/1813 1824/1937/1824 1814/1927/1814
f 1814/1927/1814 1824/1937/1824 1825/1938/1825
f 1814/1927/1814 1825/1938/1825 1815/1928/1815
f 1815/1928/1815 1825/1938/1825 1826/1939/1826
f 1815/1928/1815 1826/1939/1826 1816/1929/1816
f 1816/1929/1816 1826/1939/1826 1827/1940/1827
f 1816/1929/1816 1827/1940/1827 1817/1930/1817
f 1817/1930/1817 1827/1940/1827 1828/1941/1828
f 1817/1930/1817 1828/1941/1828 1818/1931/1818
f 1818/1931/1818 1828/1941/1828 1829/1942/1829
f 1818/1931/1818 1829/1942/1829 1819/1932/1819
f 1819/1932/1819 1829/1942/1829 1830/1943/1830
f 1819/1932/1819 1830/1943/1830 1697/1793/1697
f 1697/1793/1697 1830/1943/1830 1696/1791/1696
f 1505/1591/1505 1717/1830/1717 1503/1589/1503
f 1585/1676/1585 1587/1678/1587 1820/1933/1820
f 1820/1933/1820 1587/1678/1587 1831/1944/1831
f 1820/1933/1820 1831/1944/1831 1821/1934/1821
f 1821/1934/1821 1831/1944/1831 1832/1945/1832
f 1821/1934/1821 1832/1945/1832 1822/1935/1822
f 1822/1935/1822 1832/1945/1832 1833/1946/1833
f 1822/1935/1822 1833/1946/1833 1823/1936/1823
f 1823/1936/1823 1833/1946/1833 1834/1947/1834
f 1823/1936/1823 1834/1947/1834 1824/1937/1824
f 1824/1937/1824 1834/1947/1834 1835/1948/1835
f 1824/1937/1824 1835/1948/1835 1825/1938/1825
f 1825/1938/1825 1835/1948/1835 1836/1949/1836
f 1825/1938/1825 1836/1949/1836 1826/1939/1826
f 1826/1939/1826 1836/1949/1836 1837/1950/1837
f 1826/1939/1826 1837/1950/1837 1827/1940/1827
f 1827/1940/1827 1837/1950/1837 1838/1951/1838
f 1827/1940/1827 1838/1951/1838 1828/1941/1828
f 1828/1941/1828 1838/1951/1838 1839/1952/1839
f 1828/1941/1828 1839/1952/1839 1829/1942/1829
f 1829/1942/1829 1839/1952/1839 1840/1953/1840
f 1829/1942/1829 1840/1953/1840 1830/1943/1830
f 1830/1943/1830 1840/1953/1840 1841/1954/1841
f 1830/1943/1830 1841/1954/1841 1696/1791/1696
f 1696/1791/1696 1841/1954/1841 1695/1789/1695
f 1587/1678/1587 1590/1681/1590 1831/1944/1831
f 1831/1944/1831 1590/1681/1590 1842/1955/1842
f 1831/1944/1831 1842/1955/1842 1832/1945/1832
f 1832/1945/1832 1842/1955/1842 1843/1956/1843
f 1832/1945/1832 1843/1956/1843 1833/1946/1833
f 1833/1946/1833 1843/1956/1843 1844/1957/1844
f 1833/1946/1833 1844/1957/1844 1834/1947/1834
f 1834/1947/1834 1844/1957/1844 1845/1958/1845
f 1834/1947/1834 1845/1958/1845 1835/1948/1835
f 1835/1948/1835 1845/1958/1845 1846/1959/1846
f 1835/1948/1835 1846/1959/1846 1836/1949/1836
f 1836/1949/1836 1846/1959/1846 1847/1960/1847
f 1836/1949/1836 1847/1960/1847 1837/1950/1837
f 1837/1950/1837 1847/1960/1847 1848/1961/1848
f 1837/1950/1837 1848/1961/1848 1838/1951/1838
f 1838/1951/1838 1848/1961/1848 1849/1962/1849
f 1838/1951/1838 1849/1962/1849 1839/1952/1839
f 1839/1952/1839 1849/1962/1849 1850/1963/1850
f 1839/1952/1839 1850/1963/1850 1840/1953/1840
f 1840/1953/1840 1850/1963/1850 1851/1964/1851
f 1840/1953/1840 1851/1964/1851 1841/1954/1841
f 1841/1954/1841 1851/1964/1851 1852/1965/1852
f 1841/1954/1841 1852/1965/1852 1695/1789/1695
f 1695/1789/1695 1852/1965/1852 1694/1787/1694
f 1590/1681/1590 1592/1683/1592 1842/1955/1842
f 1842/1955/1842 1592/1683/1592 1853/1966/1853
f 1842/1955/1842 1853/1966/1853 1843/1956/1843
f 1843/1956/1843 1853/1966/1853 1854/1967/1854
f 1843/1956/1843 1854/1967/1854 1844/1957/1844
f 1844/1957/1844 1854/1967/1854 1855/1968/1855
f 1844/1957/1844 1855/1968/1855 1845/1958/1845
f 1845/1958/1845 1855/1968/1855 1856/1969/1856
f 1845/1958/1845 1856/1969/1856 1846/1959/1846
f 1846/1959/1846 1856/1969/1856 1857/1970/1857
f 1846/1959/1846 1857/1970/1857 1847/1960/1847
f 1847/1960/1847 1857/1970/1857 1858/1971/1858
f 1847/1960/1847 1858/1971/1858 1848/1961/1848
f 1848/1961/1848 1858/1971/1858 1859/1972/1859
f 1848/1961/1848 1859/1972/1859 1849/1962/1849
f 1849/1962/1849 1859/1972/1859 1860/1973/1860
f 1849/1962/1849 1860/1973/1860 1850/1963/1850
f 1850/1963/1850 1860/1973/1860 1861/1974/1861
f 1850/1963/1850 1861/1974/1861 1851/1964/1851
f 1851/1964/1851 1861/1974/1861 1862/1975/1862
f 1851/1964/1851 1862/1975/1862 1852/1965/1852
f 1852/1965/1852 1862/1975/1862 1863/1976/1863
f 1852/1965/1852 1863/1976/1863 1694/1787/1694
f 1694/1787/1694 1863/1976/1863 1693/1785/1693
f 1594/1685/1594 1596/1687/1596 1853/1966/1853
f 1853/1966/1853 1596/1687/1596 1854/1967/1854
f 1855/1968/1855 1854/1967/1854 1598/1689/1598
f 1598/1689/1598 1854/1967/1854 1596/1687/1596
f 1592/1683/1592 1594/1685/1594 1853/1966/1853
f 1856/1969/1856 1855/1968/1855 1600/1691/1600
f 1600/1691/1600 1855/1968/1855 1598/1689/1598
f 1857/1970/1857 1856/1969/1856 1602/1693/1602
f 1602/1693/1602 1856/1969/1856 1600/1691/1600
f 1858/1971/1858 1857/1970/1857 1604/1695/1604
f 1604/1695/1604 1857/1970/1857 1602/1693/1602
f 1859/1972/1859 1858/1971/1858 1606/1697/1606
f 1606/1697/1606 1858/1971/1858 1604/1695/1604
f 1860/1973/1860 1859/1972/1859 1608/1699/1608
f 1608/1699/1608 1859/1972/1859 1606/1697/1606
f 1861/1974/1861 1860/1973/1860 1610/1701/1610
f 1610/1701/1610 1860/1973/1860 1608/1699/1608
f 1862/1975/1862 1861/1974/1861 1612/1703/1612
f 1612/1703/1612 1861/1974/1861 1610/1701/1610
f 1683/1775/1683 1687/1779/1687 1684/1776/1684
f 1684/1776/1684 1687/1779/1687 1864/1977/1864
f 1684/1776/1684 1864/1977/1864 1685/1777/1685
f 1685/1777/1685 1864/1977/1864 1865/1978/1865
f 1685/1777/1685 1865/1978/1865 1686/1778/1686
f 1686/1778/1686 1865/1978/1865 1412/1495/1412
f 1686/1778/1686 1412/1495/1412 1414/1497/1414
f 1862/1975/1862 1612/1703/1612 1614/1705/1614
f 1862/1975/1862 1614/1705/1614 1863/1976/1863
f 1863/1976/1863 1614/1705/1614 1616/1707/1616
f 1863/1976/1863 1616/1707/1616 1693/1785/1693
f 1693/1785/1693 1616/1707/1616 1618/1709/1618
f 1687/1779/1687 1689/1781/1689 1864/1977/1864
f 1864/1977/1864 1689/1781/1689 1866/1979/1866
f 1864/1977/1864 1866/1979/1866 1865/1978/1865
f 1865/1978/1865 1866/1979/1866 1410/1493/1410
f 1865/1978/1865 1410/1493/1410 1412/1495/1412
f 1689/1781/1689 1691/1783/1691 1866/1979/1866
f 1866/1979/1866 1691/1783/1691 1408/1491/1408
f 1866/1979/1866 1408/1491/1408 1410/1493/1410
f 1406/1489/1406 1408/1491/1408 1691/1783/1691
f 1867/874/1868 1402/1981/1404 1868/1980/1867
f 1868/1980/1867 1402/1981/1404 1869/1982/1869
f 1868/1980/1867 1869/1982/1869 1870/1983/1870
f 1870/1983/1870 1869/1982/1869 1871/1984/1871
f 1870/1983/1870 1871/1984/1871 1872/1985/1872
f 1872/1985/1872 1871/1984/1871 1873/1986/1873
f 1872/1985/1872 1873/1986/1873 1874/1987/1874
f 1874/1987/1874 1873/1986/1873 1875/1988/1875
f 1874/1987/1874 1875/1988/1875 1876/1989/1876
f 1876/1989/1876 1875/1988/1875 1877/1990/1877
f 1876/1989/1876 1877/1990/1877 1878/1991/1878
f 1878/1991/1878 1877/1990/1877 1879/1992/1879
f 1879/1992/1879 1877/1990/1877 1880/1993/1880
f 1879/1992/1879 1880/1993/1880 1881/1994/1881
f 1881/1994/1881 1880/1993/1880 1882/1995/1882
f 1882/1995/1882 1880/1993/1880 1883/1996/1883
f 1882/1995/1882 1883/1996/1883 1884/1997/1884
f 1884/1997/1884 1883/1996/1883 1885/1998/1885
f 1884/1997/1884 1885/1998/1885 1886/1999/1886
f 1886/1999/1886 1885/1998/1885 1887/2000/1887
f 1887/2000/1887 1885/1998/1885 1888/2001/1888
f 1887/2000/1887 1888/2001/1888 1889/2002/1889
f 1889/2002/1889 1888/2001/1888 1890/2003/1890
f 1889/2002/1889 1890/2003/1890 1891/2004/1891
f 1891/2004/1891 1890/2003/1890 1892/2005/1892
f 1892/2005/1892 1890/2003/1890 1893/2006/1893
f 1892/2005/1892 1893/2006/1893 301/2007/301
f 301/2007/301 1893/2006/1893 1894/2008/1894
f 301/2007/301 1894/2008/1894 303/2009/303
f 303/2009/303 1894/2008/1894 305/2010/305
f 305/2010/305 1894/2008/1894 1895/2011/1895
f 305/2010/305 1895/2011/1895 307/2012/307
f 307/2012/307 1895/2011/1895 309/2013/309
f 309/2013/309 1895/2011/1895 1896/2014/1896
f 309/2013/309 1896/2014/1896 311/2015/311
f 311/2015/311 1896/2014/1896 1897/2016/1897
f 311/2015/311 1897/2016/1897 320/2017/320
f 320/2017/320 1897/2016/1897 325/2018/325
f 325/2018/325 1897/2016/1897 1898/2019/1898
f 325/2018/325 1898/2019/1898 330/2020/330
f 330/2020/330 1898/2019/1898 1899/2021/1899
f 330/2020/330 1899/2021/1899 335/2022/335
f 335/2022/335 1899/2021/1899 340/2023/340
f 340/2023/340 1899/2021/1899 1900/2024/1900
f 340/2023/340 1900/2024/1900 345/2025/345
f 345/2025/345 1900/2024/1900 1901/2026/1901
f 345/2025/345 1901/2026/1901 350/2027/350
f 350/2027/350 1901/2026/1901 355/2028/355
f 355/2028/355 1901/2026/1901 1902/2029/1902
f 355/2028/355 1902/2029/1902 361/2030/361
f 361/2030/361 1902/2029/1902 1903/2031/1903
f 361/2030/361 1903/2031/1903 363/2032/363
f 363/2032/363 1903/2031/1903 365/2033/365
f 365/2033/365 1903/2031/1903 1477/2034/1477
f 365/2033/365 1477/2034/1477 1478/2035/1478
f 1402/1981/1404 1404/2036/1402 1869/1982/1869
f 1869/1982/1869 1404/2036/1402 1692/2037/1692
f 1869/1982/1869 1692/2037/1692 1871/1984/1871
f 1871/1984/1871 1692/2037/1692 1690/2038/1690
f 1871/1984/1871 1690/2038/1690 1873/1986/1873
f 1873/1986/1873 1690/2038/1690 1688/2039/1688
f 1873/1986/1873 1688/2039/1688 1875/1988/1875
f 1875/1988/1875 1688/2039/1688 1682/2040/1682
f 1875/1988/1875 1682/2040/1682 1877/1990/1877
f 1877/1990/1877 1682/2040/1682 1676/2041/1676
f 1877/1990/1877 1676/2041/1676 1669/2042/1669
f 1877/1990/1877 1669/2042/1669 1880/1993/1880
f 1880/1993/1880 1669/2042/1669 1661/2043/1661
f 1880/1993/1880 1661/2043/1661 1652/2044/1652
f 1880/1993/1880 1652/2044/1652 1883/1996/1883
f 1883/1996/1883 1652/2044/1652 1642/2045/1642
f 1883/1996/1883 1642/2045/1642 1885/1998/1885
f 1885/1998/1885 1642/2045/1642 1631/2046/1631
f 1885/1998/1885 1631/2046/1631 1619/2047/1619
f 1885/1998/1885 1619/2047/1619 1888/2001/1888
f 1888/2001/1888 1619/2047/1619 1593/2048/1593
f 1888/2001/1888 1593/2048/1593 1890/2003/1890
f 1890/2003/1890 1593/2048/1593 1591/2049/1591
f 1890/2003/1890 1591/2049/1591 1589/2050/1589
f 1890/2003/1890 1589/2050/1589 1893/2006/1893
f 1893/2006/1893 1589/2050/1589 1588/2051/1588
f 1893/2006/1893 1588/2051/1588 1894/2008/1894
f 1894/2008/1894 1588/2051/1588 1586/2052/1586
f 1894/2008/1894 1586/2052/1586 1584/2053/1584
f 1894/2008/1894 1584/2053/1584 1895/2011/1895
f 1895/2011/1895 1584/2053/1584 1582/2054/1582
f 1895/2011/1895 1582/2054/1582 1580/2055/1580
f 1895/2011/1895 1580/2055/1580 1896/2014/1896
f 1896/2014/1896 1580/2055/1580 1578/2056/1578
f 1896/2014/1896 1578/2056/1578 1897/2016/1897
f 1897/2016/1897 1578/2056/1578 1576/2057/1576
f 1897/2016/1897 1576/2057/1576 1575/2058/1575
f 1897/2016/1897 1575/2058/1575 1898/2019/1898
f 1898/2019/1898 1575/2058/1575 1574/2059/1574
f 1898/2019/1898 1574/2059/1574 1899/2021/1899
f 1899/2021/1899 1574/2059/1574 1573/2060/1573
f 1899/2021/1899 1573/2060/1573 1557/2061/1557
f 1899/2021/1899 1557/2061/1557 1900/2024/1900
f 1900/2024/1900 1557/2061/1557 1541/2062/1541
f 1900/2024/1900 1541/2062/1541 1901/2026/1901
f 1901/2026/1901 1541/2062/1541 1525/2063/1525
f 1901/2026/1901 1525/2063/1525 1509/2064/1509
f 1901/2026/1901 1509/2064/1509 1902/2029/1902
f 1902/2029/1902 1509/2064/1509 1479/2065/1479
f 1902/2029/1902 1479/2065/1479 1903/2031/1903
f 1903/2031/1903 1479/2065/1479 1477/2034/1477
f 1256/2068/1254 1904/2067/1904 1254/2066/1256
f 1254/2066/1256 1904/2067/1904 1905/2069/1905
f 1254/2066/1256 1905/2069/1905 1906/2070/1906
f 1906/2070/1906 1905/2069/1905 1907/2071/1907
f 1906/2070/1906 1907/2071/1907 1908/2072/1908
f 1908/2072/1908 1907/2071/1907 1909/2073/1909
f 1908/2072/1908 1909/2073/1909 1910/2074/1910
f 1910/2074/1910 1909/2073/1909 1911/2075/1911
f 1910/2074/1910 1911/2075/1911 1912/2076/1912
f 1912/2076/1912 1911/2075/1911 1913/2077/1913
f 1912/2076/1912 1913/2077/1913 1914/2078/1914
f 1914/2078/1914 1913/2077/1913 1915/2079/1915
f 1915/2079/1915 1913/2077/1913 1916/2080/1916
f 1915/2079/1915 1916/2080/1916 1917/2081/1917
f 1917/2081/1917 1916/2080/1916 1918/2082/1918
f 1917/2081/1917 1918/2082/1918 1919/2083/1919
f 1919/2083/1919 1918/2082/1918 1920/2084/1920
f 1919/2083/1919 1920/2084/1920 1921/2085/1921
f 1921/2085/1921 1920/2084/1920 1922/2086/1922
f 1921/2085/1921 1922/2086/1922 1923/2087/1923
f 1923/2087/1923 1922/2086/1922 1924/2088/1924
f 1923/2087/1923 1924/2088/1924 1925/2089/1925
f 1925/2089/1925 1924/2088/1924 1926/2090/1926
f 1925/2089/1925 1926/2090/1926 1927/2091/1927
f 1927/2091/1927 1926/2090/1926 1928/2092/1928
f 1927/2091/1927 1928/2092/1928 1929/2093/1929
f 1929/2093/1929 1928/2092/1928 1930/2094/1930
f 1929/2093/1929 1930/2094/1930 1931/2095/1931
f 1931/2095/1931 1930/2094/1930 1932/2096/1932
f 1931/2095/1931 1932/2096/1932 1933/2097/1933
f 1933/2097/1933 1932/2096/1932 1268/2098/1268
f 1933/2097/1933 1268/2098/1268 1270/2099/1270
f 1258/2101/1258 1934/2100/1934 1256/2068/1254
f 1256/2068/1254 1934/2100/1934 1935/2102/1935
f 1256/2068/1254 1935/2102/1935 1904/2067/1904
f 1904/2067/1904 1935/2102/1935 1905/2069/1905
f 1260/2104/1260 1936/2103/1936 1258/2101/1258
f 1258/2101/1258 1936/2103/1936 1937/2105/1937
f 1258/2101/1258 1937/2105/1937 1934/2100/1934
f 1934/2100/1934 1937/2105/1937 1935/2102/1935
f 1262/2107/1262 1938/2106/1938 1260/2104/1260
f 1260/2104/1260 1938/2106/1938 1939/2108/1939
f 1260/2104/1260 1939/2108/1939 1936/2103/1936
f 1936/2103/1936 1939/2108/1939 1937/2105/1937
f 1938/2106/1938 1262/2107/1262 1940/2109/1940
f 1940/2109/1940 1262/2107/1262 1264/2110/1264
f 1940/2109/1940 1264/2110/1264 1941/2111/1941
f 1941/2111/1941 1264/2110/1264 1266/2112/1266
f 1941/2111/1941 1266/2112/1266 1942/2113/1942
f 1942/2113/1942 1266/2112/1266 1268/2098/1268
f 1942/2113/1942 1268/2098/1268 1932/2096/1932
f 1270/2099/1270 1271/2114/1271 1933/2097/1933
f 1933/2097/1933 1271/2114/1271 1943/2115/1943
f 1933/2097/1933 1943/2115/1943 1944/2116/1944
f 1944/2116/1944 1943/2115/1943 1273/2117/1273
f 1944/2116/1944 1273/2117/1273 1945/2118/1945
f 1945/2118/1945 1273/2117/1273 1946/2119/1946
f 1945/2118/1945 1946/2119/1946 1275/2120/1275
f 1275/2120/1275 1946/2119/1946 1273/2117/1273
f 1271/2114/1271 1273/2117/1273 1943/2115/1943
f 1277/2122/1277 1947/2121/1947 1275/2120/1275
f 1275/2120/1275 1947/2121/1947 1948/2123/1948
f 1275/2120/1275 1948/2123/1948 1945/2118/1945
f 1945/2118/1945 1948/2123/1948 1949/2124/1949
f 1945/2118/1945 1949/2124/1949 1950/2125/1950
f 1950/2125/1950 1949/2124/1949 1951/2126/1951
f 1950/2125/1950 1951/2126/1951 1952/2127/1952
f 1952/2127/1952 1951/2126/1951 1953/2128/1953
f 1952/2127/1952 1953/2128/1953 1954/2129/1954
f 1954/2129/1954 1953/2128/1953 1955/2130/1955
f 1954/2129/1954 1955/2130/1955 1956/2131/1956
f 1956/2131/1956 1955/2130/1955 1957/2132/1957
f 1956/2131/1956 1957/2132/1957 1958/2133/1958
f 1279/2135/1279 1959/2134/1959 1277/2122/1277
f 1277/2122/1277 1959/2134/1959 1960/2136/1960
f 1277/2122/1277 1960/2136/1960 1948/2123/1948
f 1948/2123/1948 1960/2136/1960 1961/2137/1961
f 1948/2123/1948 1961/2137/1961 1949/2124/1949
f 1949/2124/1949 1961/2137/1961 1962/2138/1962
f 1949/2124/1949 1962/2138/1962 1951/2126/1951
f 1951/2126/1951 1962/2138/1962 1963/2139/1963
f 1951/2126/1951 1963/2139/1963 1953/2128/1953
f 1953/2128/1953 1963/2139/1963 1964/2140/1964
f 1953/2128/1953 1964/2140/1964 1955/2130/1955
f 1955/2130/1955 1964/2140/1964 1965/2141/1965
f 1955/2130/1955 1965/2141/1965 1957/2132/1957
f 1281/2143/1281 1966/2142/1966 1279/2135/1279
f 1279/2135/1279 1966/2142/1966 1967/2144/1967
f 1279/2135/1279 1967/2144/1967 1960/2136/1960
f 1960/2136/1960 1967/2144/1967 1968/2145/1968
f 1960/2136/1960 1968/2145/1968 1961/2137/1961
f 1961/2137/1961 1968/2145/1968 1969/2146/1969
f 1961/2137/1961 1969/2146/1969 1962/2138/1962
f 1962/2138/1962 1969/2146/1969 1970/2147/1970
f 1962/2138/1962 1970/2147/1970 1963/2139/1963
f 1963/2139/1963 1970/2147/1970 1971/2148/1971
f 1963/2139/1963 1971/2148/1971 1964/2140/1964
f 1964/2140/1964 1971/2148/1971 1972/2149/1972
f 1964/2140/1964 1972/2149/1972 1965/2141/1965
f 1283/2151/1283 1973/2150/1973 1281/2143/1281
f 1281/2143/1281 1973/2150/1973 1974/2152/1974
f 1281/2143/1281 1974/2152/1974 1966/2142/1966
f 1966/2142/1966 1974/2152/1974 1967/2144/1967
f 1283/2151/1283 1284/2153/1284 1973/2150/1973
f 1973/2150/1973 1284/2153/1284 1974/2152/1974
f 1284/2153/1284 1975/2154/1975 1974/2152/1974
f 1974/2152/1974 1975/2154/1975 1976/2155/1976
f 1974/2152/1974 1976/2155/1976 1967/2144/1967
f 1967/2144/1967 1976/2155/1976 1968/2145/1968
f 1976/2155/1976 1975/2154/1975 1977/2156/1977
f 1977/2156/1977 1975/2154/1975 1978/2157/1978
f 1977/2156/1977 1978/2157/1978 1979/2158/1979
f 1979/2158/1979 1978/2157/1978 1980/2159/1980
f 1979/2158/1979 1980/2159/1980 1981/2160/1981
f 1981/2160/1981 1980/2159/1980 1982/2161/1982
f 1981/2160/1981 1982/2161/1982 1983/2162/1983
f 1980/2159/1980 1984/2163/1984 1982/2161/1982
f 1981/2160/1981 1983/2162/1983 1971/2148/1971
f 1971/2148/1971 1983/2162/1983 1972/2149/1972
f 1956/2131/1956 1958/2133/1958 1985/2164/1985
f 1985/2164/1985 1958/2133/1958 1986/2165/1986
f 1985/2164/1985 1986/2165/1986 1923/2087/1923
f 1923/2087/1923 1986/2165/1986 1987/2166/1987
f 1923/2087/1923 1987/2166/1987 1921/2085/1921
f 1914/2078/1914 1988/2167/1988 1912/2076/1912
f 1912/2076/1912 1988/2167/1988 1989/2168/1989
f 1912/2076/1912 1989/2168/1989 1910/2074/1910
f 1910/2074/1910 1989/2168/1989 1990/2169/1990
f 1910/2074/1910 1990/2169/1990 1908/2072/1908
f 1908/2072/1908 1990/2169/1990 1991/2170/1991
f 1908/2072/1908 1991/2170/1991 1906/2070/1906
f 1988/2167/1988 1992/2171/1992 1989/2168/1989
f 1989/2168/1989 1992/2171/1992 1993/2172/1993
f 1989/2168/1989 1993/2172/1993 1990/2169/1990
f 1990/2169/1990 1993/2172/1993 1994/2173/1994
f 1990/2169/1990 1994/2173/1994 1991/2170/1991
f 1992/2171/1992 1995/2174/1995 1993/2172/1993
f 1993/2172/1993 1995/2174/1995 1994/2173/1994
f 1907/2071/1907 1905/2069/1905 1996/2175/1996
f 1996/2175/1996 1905/2069/1905 1935/2102/1935
f 1996/2175/1996 1935/2102/1935 1997/2176/1997
f 1997/2176/1997 1935/2102/1935 1937/2105/1937
f 1997/2176/1997 1937/2105/1937 1998/2177/1998
f 1998/2177/1998 1937/2105/1937 1939/2108/1939
f 1998/2177/1998 1939/2108/1939 1999/2178/1999
f 1999/2178/1999 1939/2108/1939 2000/2179/2000
f 1999/2178/1999 2000/2179/2000 2001/2180/2001
f 2001/2180/2001 2000/2179/2000 2002/2181/2002
f 2001/2180/2001 2002/2181/2002 2003/2182/2003
f 2003/2182/2003 2002/2181/2002 2004/2183/2004
f 2003/2182/2003 2004/2183/2004 1928/2092/1928
f 1928/2092/1928 2004/2183/2004 1930/2094/1930
f 1907/2071/1907 1996/2175/1996 1909/2073/1909
f 1909/2073/1909 1996/2175/1996 2005/2184/2005
f 1909/2073/1909 2005/2184/2005 1911/2075/1911
f 1911/2075/1911 2005/2184/2005 2006/2185/2006
f 1911/2075/1911 2006/2185/2006 1913/2077/1913
f 1913/2077/1913 2006/2185/2006 1916/2080/1916
f 2005/2184/2005 1996/2175/1996 1997/2176/1997
f 2005/2184/2005 1997/2176/1997 2007/2186/2007
f 2007/2186/2007 1997/2176/1997 1998/2177/1998
f 2007/2186/2007 1998/2177/1998 2008/2187/2008
f 2008/2187/2008 1998/2177/1998 1999/2178/1999
f 2008/2187/2008 1999/2178/1999 2009/2188/2009
f 2009/2188/2009 1999/2178/1999 2001/2180/2001
f 2009/2188/2009 2001/2180/2001 2010/2189/2010
f 2010/2189/2010 2001/2180/2001 2003/2182/2003
f 2010/2189/2010 2003/2182/2003 1926/2090/1926
f 1926/2090/1926 2003/2182/2003 1928/2092/1928
f 2000/2179/2000 1939/2108/1939 1938/2106/1938
f 2005/2184/2005 2007/2186/2007 2006/2185/2006
f 2006/2185/2006 2007/2186/2007 2011/2190/2011
f 2006/2185/2006 2011/2190/2011 1916/2080/1916
f 1916/2080/1916 2011/2190/2011 1918/2082/1918
f 2011/2190/2011 2007/2186/2007 2008/2187/2008
f 2002/2181/2002 2000/2179/2000 1940/2109/1940
f 1940/2109/1940 2000/2179/2000 1938/2106/1938
f 2011/2190/2011 2008/2187/2008 2012/2191/2012
f 2012/2191/2012 2008/2187/2008 2009/2188/2009
f 2012/2191/2012 2009/2188/2009 2013/2192/2013
f 2013/2192/2013 2009/2188/2009 2010/2189/2010
f 2013/2192/2013 2010/2189/2010 1924/2088/1924
f 1924/2088/1924 2010/2189/2010 1926/2090/1926
f 2004/2183/2004 2002/2181/2002 1941/2111/1941
f 1941/2111/1941 2002/2181/2002 1940/2109/1940
f 1920/2084/1920 1918/2082/1918 2012/2191/2012
f 2012/2191/2012 1918/2082/1918 2011/2190/2011
f 1920/2084/1920 2012/2191/2012 2013/2192/2013
f 1930/2094/1930 2004/2183/2004 1942/2113/1942
f 1942/2113/1942 2004/2183/2004 1941/2111/1941
f 1932/2096/1932 1930/2094/1930 1942/2113/1942
f 1922/2086/1922 1920/2084/1920 2013/2192/2013
f 1922/2086/1922 2013/2192/2013 1924/2088/1924
f 1933/2097/1933 1944/2116/1944 1931/2095/1931
f 1931/2095/1931 1944/2116/1944 2014/2193/2014
f 1931/2095/1931 2014/2193/2014 1929/2093/1929
f 1929/2093/1929 2014/2193/2014 2015/2194/2015
f 1929/2093/1929 2015/2194/2015 1927/2091/1927
f 1927/2091/1927 2015/2194/2015 2016/2195/2016
f 1927/2091/1927 2016/2195/2016 1925/2089/1925
f 1925/2089/1925 2016/2195/2016 1985/2164/1985
f 1925/2089/1925 1985/2164/1985 1923/2087/1923
f 1945/2118/1945 1950/2125/1950 1944/2116/1944
f 1944/2116/1944 1950/2125/1950 2014/2193/2014
f 1950/2125/1950 1952/2127/1952 2014/2193/2014
f 2014/2193/2014 1952/2127/1952 2015/2194/2015
f 1956/2131/1956 1985/2164/1985 2016/2195/2016
f 1952/2127/1952 1954/2129/1954 2015/2194/2015
f 2015/2194/2015 1954/2129/1954 2016/2195/2016
f 1954/2129/1954 1956/2131/1956 2016/2195/2016
f 1277/2122/1277 1948/2123/1948 1947/2121/1947
f 1279/2135/1279 1960/2136/1960 1959/2134/1959
f 1976/2155/1976 1977/2156/1977 1968/2145/1968
f 1968/2145/1968 1977/2156/1977 1969/2146/1969
f 1981/2160/1981 1971/2148/1971 1970/2147/1970
f 1977/2156/1977 1979/2158/1979 1969/2146/1969
f 1969/2146/1969 1979/2158/1979 1970/2147/1970
f 1979/2158/1979 1981/2160/1981 1970/2147/1970
f 1995/874/1995 2017/2197/2018 2018/2196/2017
f 2018/2196/2017 2017/2197/2018 2019/2198/2019
f 2018/2196/2017 2019/2198/2019 2020/2199/2020
f 2020/2199/2020 2019/2198/2019 2021/2200/2021
f 2020/2199/2020 2021/2200/2021 2022/2201/2022
f 2022/2201/2022 2021/2200/2021 2023/2202/2023
f 2022/2201/2022 2023/2202/2023 2024/2203/2024
f 2024/2203/2024 2023/2202/2023 2025/2204/2025
f 2024/2203/2024 2025/2204/2025 2026/2205/2026
f 2026/2205/2026 2025/2204/2025 2027/2206/2027
f 2026/2205/2026 2027/2206/2027 2028/2207/2028
f 2028/2207/2028 2027/2206/2027 2029/2208/2029
f 2028/2207/2028 2029/2208/2029 2030/2209/2030
f 2030/2209/2030 2029/2208/2029 2031/2210/2031
f 2030/2209/2030 2031/2210/2031 2032/2211/2032
f 2032/2211/2032 2031/2210/2031 2033/2212/2033
f 2032/2211/2032 2033/2212/2033 2034/2213/2034
f 2017/2197/2018 2035/2214/2035 2019/2198/2019
f 2019/2198/2019 2035/2214/2035 2021/2200/2021
f 2021/2200/2021 2035/2214/2035 2023/2202/2023
f 2023/2202/2023 2035/2214/2035 2036/2215/2036
f 2023/2202/2023 2036/2215/2036 2025/2204/2025
f 2025/2204/2025 2036/2215/2036 2037/2216/2037
f 2025/2204/2025 2037/2216/2037 2027/2206/2027
f 2027/2206/2027 2037/2216/2037 2038/2217/2038
f 2027/2206/2027 2038/2217/2038 2029/2208/2029
f 2029/2208/2029 2038/2217/2038 2039/2218/2039
f 2029/2208/2029 2039/2218/2039 2031/2210/2031
f 2031/2210/2031 2039/2218/2039 2040/2219/2040
f 2031/2210/2031 2040/2219/2040 2041/2220/2041
f 2041/2220/2041 2033/2212/2033 2031/2210/2031
f 2042/2222/2043 2043/2221/2042 2034/2213/2034
f 2034/2213/2034 2043/2221/2042 2044/2223/2044
f 2034/2213/2034 2044/2223/2044 2032/2211/2032
f 2032/2211/2032 2044/2223/2044 2045/2224/2045
f 2032/2211/2032 2045/2224/2045 2030/2209/2030
f 2030/2209/2030 2045/2224/2045 2046/2225/2046
f 2030/2209/2030 2046/2225/2046 2028/2207/2028
f 2028/2207/2028 2046/2225/2046 2047/2226/2047
f 2028/2207/2028 2047/2226/2047 2026/2205/2026
f 2026/2205/2026 2047/2226/2047 2048/2227/2048
f 2026/2205/2026 2048/2227/2048 2024/2203/2024
f 2024/2203/2024 2048/2227/2048 2049/2228/2049
f 2024/2203/2024 2049/2228/2049 2022/2201/2022
f 2022/2201/2022 2049/2228/2049 2050/2229/2050
f 2022/2201/2022 2050/2229/2050 2020/2199/2020
f 2020/2199/2020 2050/2229/2050 2051/2230/2051
f 2020/2199/2020 2051/2230/2051 2018/2196/2017
f 2043/2221/2042 2042/2222/2043 2052/2231/2052
f 2052/2231/2052 2042/2222/2043 2053/2232/2053
f 2052/2231/2052 2053/2232/2053 2054/2233/2054
f 2054/2233/2054 2053/2232/2053 2055/2234/2055
f 2054/2233/2054 2055/2234/2055 2056/2235/2056
f 2056/2235/2056 2055/2234/2055 2057/2236/2057
f 2056/2235/2056 2057/2236/2057 2058/2237/2058
f 2058/2237/2058 2057/2236/2057 2059/2238/2059
f 2058/2237/2058 2059/2238/2059 2060/2239/2060
f 2058/2237/2058 2060/2239/2060 2061/2240/2061
f 2061/2240/2061 2060/2239/2060 2062/2241/2062
f 2061/2240/2061 2062/2241/2062 2063/2242/2063
f 2063/2242/2063 2062/2241/2062 2064/2243/2064
f 2063/2242/2063 2064/2243/2064 2065/2244/2065
f 2065/2244/2065 2064/2243/2064 2066/2245/2066
f 2065/2244/2065 2066/2245/2066 2067/2246/2067
f 2067/2246/2067 2066/2245/2066 2068/2247/2068
f 2067/2246/2067 2068/2247/2068 2069/2248/2069
f 2069/2248/2069 2068/2247/2068 2070/2249/2070
f 2069/2248/2069 2070/2249/2070 2071/2250/2071
f 2071/2250/2071 2070/2249/2070 2072/2251/2072
f 2071/2250/2071 2072/2251/2072 2073/2252/2073
f 2073/2252/2073 2072/2251/2072 2074/2253/2074
f 2073/2252/2073 2074/2253/2074 2075/2254/2075
f 2075/2254/2075 2074/2253/2074 2076/2255/2076
f 2075/2254/2075 2076/2255/2076 2077/2256/2077
f 2074/2253/2074 2078/2257/2078 2076/2255/2076
f 2075/2254/2075 2077/2256/2077 2079/2258/2079
f 2079/2258/2079 2077/2256/2077 2080/2259/2080
f 2079/2258/2079 2080/2259/2080 2081/2260/2081
f 2081/2260/2081 2080/2259/2080 2082/2261/2082
f 2081/2260/2081 2082/2261/2082 2083/2262/2083
f 2083/2262/2083 2082/2261/2082 2084/2263/2084
f 2083/2262/2083 2084/2263/2084 2085/2264/2085
f 2085/2264/2085 2084/2263/2084 2086/2265/2086
f 2085/2264/2085 2086/2265/2086 2087/2266/2087
f 2087/2266/2087 2086/2265/2086 2088/2267/2088
f 2087/2266/2087 2088/2267/2088 2089/2268/2089
f 2089/2268/2089 2088/2267/2088 2090/2269/2090
f 2089/2268/2089 2090/2269/2090 2091/2270/2091
f 2091/2270/2091 2090/2269/2090 2092/2271/2092
f 2091/2270/2091 2092/2271/2092 2093/2272/2093
f 2093/2272/2093 2092/2271/2092 2094/2273/2094
f 2093/2272/2093 2094/2273/2094 2095/2274/2095
f 2095/2274/2095 2094/2273/2094 2096/2275/2096
f 2095/2274/2095 2096/2275/2096 2097/2276/2097
f 2097/2276/2097 2096/2275/2096 2098/2277/2098
f 2097/2276/2097 2098/2277/2098 2099/2278/2099
f 2099/2278/2099 2098/2277/2098 2100/2279/2100
f 2099/2278/2099 2100/2279/2100 2101/2280/2101
f 2101/2280/2101 2100/2279/2100 2102/2281/2102
f 2101/2280/2101 2102/2281/2102 2103/2282/2103
f 2103/2282/2103 2102/2281/2102 2104/2283/2104
f 2103/2282/2103 2104/2283/2104 2105/2284/2105
f 2105/2284/2105 2104/2283/2104 2106/2285/2106
f 2105/2284/2105 2106/2285/2106 2107/2286/2107
f 2107/2286/2107 2106/2285/2106 2108/2287/2108
f 2107/2286/2107 2108/2287/2108 2109/2288/2109
f 2109/2288/2109 2108/2287/2108 2110/2289/2110
f 2109/2288/2109 2110/2289/2110 2111/2290/2111
f 2111/2290/2111 2110/2289/2110 2112/2291/2112
f 2111/2290/2111 2112/2291/2112 2049/2228/2049
f 2049/2228/2049 2112/2291/2112 2050/2229/2050
f 2086/2265/2086 2113/2292/2113 2088/2267/2088
f 2088/2267/2088 2113/2292/2113 2114/2293/2114
f 2088/2267/2088 2114/2293/2114 2090/2269/2090
f 2090/2269/2090 2114/2293/2114 2115/2294/2115
f 2090/2269/2090 2115/2294/2115 2092/2271/2092
f 2092/2271/2092 2115/2294/2115 2116/2295/2116
f 2092/2271/2092 2116/2295/2116 2094/2273/2094
f 2094/2273/2094 2116/2295/2116 2117/2296/2117
f 2094/2273/2094 2117/2296/2117 2096/2275/2096
f 2096/2275/2096 2117/2296/2117 2118/2297/2118
f 2096/2275/2096 2118/2297/2118 2098/2277/2098
f 2098/2277/2098 2118/2297/2118 2119/2298/2119
f 2098/2277/2098 2119/2298/2119 2100/2279/2100
f 2100/2279/2100 2119/2298/2119 2120/2299/2120
f 2100/2279/2100 2120/2299/2120 2102/2281/2102
f 2102/2281/2102 2120/2299/2120 2121/2300/2121
f 2102/2281/2102 2121/2300/2121 2104/2283/2104
f 2104/2283/2104 2121/2300/2121 2122/2301/2122
f 2104/2283/2104 2122/2301/2122 2123/2302/2123
f 2113/2292/2113 1984/2303/1984 2114/2293/2114
f 2104/2283/2104 2123/2302/2123 2106/2285/2106
f 2106/2285/2106 2123/2302/2123 2124/2304/2124
f 2106/2285/2106 2124/2304/2124 2108/2287/2108
f 2108/2287/2108 2124/2304/2124 2125/2305/2125
f 2108/2287/2108 2125/2305/2125 2110/2289/2110
f 2110/2289/2110 2125/2305/2125 2126/2306/2126
f 2110/2289/2110 2126/2306/2126 2112/2291/2112
f 2112/2291/2112 2126/2306/2126 2051/2230/2051
f 2112/2291/2112 2051/2230/2051 2050/2229/2050
f 2045/2224/2045 2044/2223/2044 2127/2307/2127
f 2127/2307/2127 2044/2223/2044 2043/2221/2042
f 2127/2307/2127 2043/2221/2042 2128/2308/2128
f 2128/2308/2128 2043/2221/2042 2052/2231/2052
f 2128/2308/2128 2052/2231/2052 2129/2309/2129
f 2129/2309/2129 2052/2231/2052 2054/2233/2054
f 2129/2309/2129 2054/2233/2054 2130/2310/2130
f 2130/2310/2130 2054/2233/2054 2056/2235/2056
f 2130/2310/2130 2056/2235/2056 2131/2311/2131
f 2131/2311/2131 2056/2235/2056 2058/2237/2058
f 2131/2311/2131 2058/2237/2058 2132/2312/2132
f 2132/2312/2132 2058/2237/2058 2061/2240/2061
f 2132/2312/2132 2061/2240/2061 2133/2313/2133
f 2133/2313/2133 2061/2240/2061 2063/2242/2063
f 2133/2313/2133 2063/2242/2063 2134/2314/2134
f 2134/2314/2134 2063/2242/2063 2065/2244/2065
f 2134/2314/2134 2065/2244/2065 2135/2315/2135
f 2135/2315/2135 2065/2244/2065 2067/2246/2067
f 2135/2315/2135 2067/2246/2067 2136/2316/2136
f 2136/2316/2136 2067/2246/2067 2069/2248/2069
f 2136/2316/2136 2069/2248/2069 2137/2317/2137
f 2137/2317/2137 2069/2248/2069 2071/2250/2071
f 2137/2317/2137 2071/2250/2071 2138/2318/2138
f 2138/2318/2138 2071/2250/2071 2073/2252/2073
f 2138/2318/2138 2073/2252/2073 2079/2258/2079
f 2079/2258/2079 2073/2252/2073 2075/2254/2075
f 2046/2225/2046 2045/2224/2045 2139/2319/2139
f 2139/2319/2139 2045/2224/2045 2127/2307/2127
f 2139/2319/2139 2127/2307/2127 2140/2320/2140
f 2140/2320/2140 2127/2307/2127 2128/2308/2128
f 2140/2320/2140 2128/2308/2128 2141/2321/2141
f 2141/2321/2141 2128/2308/2128 2129/2309/2129
f 2141/2321/2141 2129/2309/2129 2142/2322/2142
f 2142/2322/2142 2129/2309/2129 2130/2310/2130
f 2142/2322/2142 2130/2310/2130 2143/2323/2143
f 2143/2323/2143 2130/2310/2130 2131/2311/2131
f 2143/2323/2143 2131/2311/2131 2144/2324/2144
f 2144/2324/2144 2131/2311/2131 2132/2312/2132
f 2144/2324/2144 2132/2312/2132 2145/2325/2145
f 2145/2325/2145 2132/2312/2132 2133/2313/2133
f 2145/2325/2145 2133/2313/2133 2146/2326/2146
f 2146/2326/2146 2133/2313/2133 2134/2314/2134
f 2146/2326/2146 2134/2314/2134 2147/2327/2147
f 2147/2327/2147 2134/2314/2134 2135/2315/2135
f 2147/2327/2147 2135/2315/2135 2148/2328/2148
f 2148/2328/2148 2135/2315/2135 2136/2316/2136
f 2148/2328/2148 2136/2316/2136 2149/2329/2149
f 2149/2329/2149 2136/2316/2136 2137/2317/2137
f 2149/2329/2149 2137/2317/2137 2150/2330/2150
f 2150/2330/2150 2137/2317/2137 2138/2318/2138
f 2150/2330/2150 2138/2318/2138 2081/2260/2081
f 2081/2260/2081 2138/2318/2138 2079/2258/2079
f 2047/2226/2047 2046/2225/2046 2151/2331/2151
f 2151/2331/2151 2046/2225/2046 2139/2319/2139
f 2151/2331/2151 2139/2319/2139 2152/2332/2152
f 2152/2332/2152 2139/2319/2139 2140/2320/2140
f 2152/2332/2152 2140/2320/2140 2153/2333/2153
f 2153/2333/2153 2140/2320/2140 2141/2321/2141
f 2153/2333/2153 2141/2321/2141 2154/2334/2154
f 2154/2334/2154 2141/2321/2141 2142/2322/2142
f 2154/2334/2154 2142/2322/2142 2155/2335/2155
f 2155/2335/2155 2142/2322/2142 2143/2323/2143
f 2155/2335/2155 2143/2323/2143 2156/2336/2156
f 2156/2336/2156 2143/2323/2143 2144/2324/2144
f 2156/2336/2156 2144/2324/2144 2157/2337/2157
f 2157/2337/2157 2144/2324/2144 2145/2325/2145
f 2157/2337/2157 2145/2325/2145 2158/2338/2158
f 2158/2338/2158 2145/2325/2145 2146/2326/2146
f 2158/2338/2158 2146/2326/2146 2159/2339/2159
f 2159/2339/2159 2146/2326/2146 2147/2327/2147
f 2159/2339/2159 2147/2327/2147 2160/2340/2160
f 2160/2340/2160 2147/2327/2147 2148/2328/2148
f 2160/2340/2160 2148/2328/2148 2161/2341/2161
f 2161/2341/2161 2148/2328/2148 2149/2329/2149
f 2161/2341/2161 2149/2329/2149 2162/2342/2162
f 2162/2342/2162 2149/2329/2149 2150/2330/2150
f 2162/2342/2162 2150/2330/2150 2083/2262/2083
f 2083/2262/2083 2150/2330/2150 2081/2260/2081
f 2048/2227/2048 2047/2226/2047 2163/2343/2163
f 2163/2343/2163 2047/2226/2047 2151/2331/2151
f 2163/2343/2163 2151/2331/2151 2164/2344/2164
f 2164/2344/2164 2151/2331/2151 2152/2332/2152
f 2164/2344/2164 2152/2332/2152 2165/2345/2165
f 2165/2345/2165 2152/2332/2152 2153/2333/2153
f 2165/2345/2165 2153/2333/2153 2166/2346/2166
f 2166/2346/2166 2153/2333/2153 2154/2334/2154
f 2166/2346/2166 2154/2334/2154 2167/2347/2167
f 2167/2347/2167 2154/2334/2154 2155/2335/2155
f 2167/2347/2167 2155/2335/2155 2168/2348/2168
f 2168/2348/2168 2155/2335/2155 2156/2336/2156
f 2168/2348/2168 2156/2336/2156 2169/2349/2169
f 2169/2349/2169 2156/2336/2156 2157/2337/2157
f 2169/2349/2169 2157/2337/2157 2170/2350/2170
f 2170/2350/2170 2157/2337/2157 2158/2338/2158
f 2170/2350/2170 2158/2338/2158 2171/2351/2171
f 2171/2351/2171 2158/2338/2158 2159/2339/2159
f 2171/2351/2171 2159/2339/2159 2172/2352/2172
f 2172/2352/2172 2159/2339/2159 2160/2340/2160
f 2172/2352/2172 2160/2340/2160 2173/2353/2173
f 2173/2353/2173 2160/2340/2160 2161/2341/2161
f 2173/2353/2173 2161/2341/2161 2174/2354/2174
f 2174/2354/2174 2161/2341/2161 2162/2342/2162
f 2174/2354/2174 2162/2342/2162 2085/2264/2085
f 2085/2264/2085 2162/2342/2162 2083/2262/2083
f 2049/2228/2049 2048/2227/2048 2111/2290/2111
f 2111/2290/2111 2048/2227/2048 2163/2343/2163
f 2111/2290/2111 2163/2343/2163 2109/2288/2109
f 2109/2288/2109 2163/2343/2163 2164/2344/2164
f 2109/2288/2109 2164/2344/2164 2107/2286/2107
f 2107/2286/2107 2164/2344/2164 2165/2345/2165
f 2107/2286/2107 2165/2345/2165 2105/2284/2105
f 2105/2284/2105 2165/2345/2165 2166/2346/2166
f 2105/2284/2105 2166/2346/2166 2103/2282/2103
f 2103/2282/2103 2166/2346/2166 2167/2347/2167
f 2103/2282/2103 2167/2347/2167 2101/2280/2101
f 2101/2280/2101 2167/2347/2167 2168/2348/2168
f 2101/2280/2101 2168/2348/2168 2099/2278/2099
f 2099/2278/2099 2168/2348/2168 2169/2349/2169
f 2099/2278/2099 2169/2349/2169 2097/2276/2097
f 2097/2276/2097 2169/2349/2169 2170/2350/2170
f 2097/2276/2097 2170/2350/2170 2095/2274/2095
f 2095/2274/2095 2170/2350/2170 2171/2351/2171
f 2095/2274/2095 2171/2351/2171 2093/2272/2093
f 2093/2272/2093 2171/2351/2171 2172/2352/2172
f 2093/2272/2093 2172/2352/2172 2091/2270/2091
f 2091/2270/2091 2172/2352/2172 2173/2353/2173
f 2091/2270/2091 2173/2353/2173 2089/2268/2089
f 2089/2268/2089 2173/2353/2173 2174/2354/2174
f 2089/2268/2089 2174/2354/2174 2087/2266/2087
f 2087/2266/2087 2174/2354/2174 2085/2264/2085
f 1995/2357/1995 1992/2356/1992 2017/2355/2018
f 2017/2355/2018 1992/2356/1992 2175/2358/2175
f 2017/2355/2018 2175/2358/2175 2035/2359/2035
f 2035/2359/2035 2175/2358/2175 2176/2360/2176
f 2035/2359/2035 2176/2360/2176 2177/2361/2177
f 2177/2361/2177 2176/2360/2176 2178/2362/2178
f 2177/2361/2177 2178/2362/2178 2179/2363/2179
f 2179/2363/2179 2178/2362/2178 2180/2364/2180
f 2179/2363/2179 2180/2364/2180 2181/2365/2181
f 2181/2365/2181 2180/2364/2180 2182/2366/2182
f 2181/2365/2181 2182/2366/2182 2183/2367/2183
f 2183/2367/2183 2182/2366/2182 2184/2368/2184
f 2183/2367/2183 2184/2368/2184 2185/2369/2185
f 2185/2369/2185 2184/2368/2184 2186/2370/2186
f 2185/2369/2185 2186/2370/2186 2187/2371/2187
f 2187/2371/2187 2186/2370/2186 2188/2372/2188
f 2188/2372/2188 2186/2370/2186 2189/2373/2189
f 2188/2372/2188 2189/2373/2189 2190/2374/2190
f 2190/2374/2190 2189/2373/2189 2191/2375/2191
f 2190/2374/2190 2191/2375/2191 2192/2376/2192
f 2192/2376/2192 2191/2375/2191 2193/2377/2193
f 2192/2376/2192 2193/2377/2193 2194/2378/2194
f 2194/2378/2194 2193/2377/2193 2195/2379/2195
f 2195/2379/2195 2193/2377/2193 2196/2380/2196
f 2195/2379/2195 2196/2380/2196 2197/2381/2197
f 2197/2381/2197 2196/2380/2196 2198/2382/2198
f 2197/2381/2197 2198/2382/2198 2199/2383/2199
f 2199/2383/2199 2198/2382/2198 2200/2384/2200
f 2199/2383/2199 2200/2384/2200 2201/2385/2201
f 2201/2385/2201 2200/2384/2200 2202/2386/2202
f 2201/2385/2201 2202/2386/2202 2203/2387/2203
f 2203/2387/2203 2202/2386/2202 2204/2388/2204
f 2203/2387/2203 2204/2388/2204 2205/2389/2205
f 2205/2389/2205 2204/2388/2204 2206/2390/2206
f 2205/2389/2205 2206/2390/2206 2207/2391/2207
f 2207/2391/2207 2206/2390/2206 2208/2392/2208
f 2207/2391/2207 2208/2392/2208 2209/2393/2209
f 2209/2393/2209 2208/2392/2208 2210/2394/2210
f 2209/2393/2209 2210/2394/2210 2211/2395/2211
f 2211/2395/2211 2210/2394/2210 2212/2396/2212
f 2211/2395/2211 2212/2396/2212 2213/2397/2213
f 2213/2397/2213 2212/2396/2212 2214/2398/2214
f 2213/2397/2213 2214/2398/2214 2215/2399/2215
f 2215/2399/2215 2214/2398/2214 2216/2400/2216
f 2215/2399/2215 2216/2400/2216 2217/2401/2217
f 2217/2401/2217 2216/2400/2216 1983/2402/1983
f 2217/2401/2217 1983/2402/1983 1982/2403/1982
f 2175/2358/2175 1992/2356/1992 2218/2404/2218
f 2218/2404/2218 1992/2356/1992 1988/2405/1988
f 2218/2404/2218 1988/2405/1988 2219/2406/2219
f 2219/2406/2219 1988/2405/1988 1914/2407/1914
f 2219/2406/2219 1914/2407/1914 2220/2408/2220
f 2220/2408/2220 1914/2407/1914 1915/2409/1915
f 2220/2408/2220 1915/2409/1915 2221/2410/2221
f 2221/2410/2221 1915/2409/1915 1917/2411/1917
f 2221/2410/2221 1917/2411/1917 2222/2412/2222
f 2222/2412/2222 1917/2411/1917 1919/2413/1919
f 2222/2412/2222 1919/2413/1919 2223/2414/2223
f 2223/2414/2223 1919/2413/1919 1921/2415/1921
f 2223/2414/2223 1921/2415/1921 2224/2416/2224
f 2224/2416/2224 1921/2415/1921 1987/2417/1987
f 2224/2416/2224 1987/2417/1987 2225/2418/2225
f 2225/2418/2225 1987/2417/1987 1986/2419/1986
f 2225/2418/2225 1986/2419/1986 1958/2420/1958
f 2225/2418/2225 1958/2420/1958 2226/2421/2226
f 2226/2421/2226 1958/2420/1958 1957/2422/1957
f 2226/2421/2226 1957/2422/1957 2227/2423/2227
f 2227/2423/2227 1957/2422/1957 1965/2424/1965
f 2227/2423/2227 1965/2424/1965 2228/2425/2228
f 2228/2425/2228 1965/2424/1965 1972/2426/1972
f 2228/2425/2228 1972/2426/1972 2229/2427/2229
f 2229/2427/2229 1972/2426/1972 1983/2402/1983
f 2229/2427/2229 1983/2402/1983 2216/2400/2216
f 1984/2429/1984 2113/2428/2113 1982/2403/1982
f 1982/2403/1982 2113/2428/2113 2230/2430/2230
f 1982/2403/1982 2230/2430/2230 2217/2401/2217
f 2217/2401/2217 2230/2430/2230 2231/2431/2231
f 2217/2401/2217 2231/2431/2231 2215/2399/2215
f 2215/2399/2215 2231/2431/2231 2232/2432/2232
f 2215/2399/2215 2232/2432/2232 2213/2397/2213
f 2213/2397/2213 2232/2432/2232 2233/2433/2233
f 2213/2397/2213 2233/2433/2233 2211/2395/2211
f 2211/2395/2211 2233/2433/2233 2234/2434/2234
f 2211/2395/2211 2234/2434/2234 2209/2393/2209
f 2209/2393/2209 2234/2434/2234 2235/2435/2235
f 2209/2393/2209 2235/2435/2235 2207/2391/2207
f 2207/2391/2207 2235/2435/2235 2236/2436/2236
f 2207/2391/2207 2236/2436/2236 2205/2389/2205
f 2205/2389/2205 2236/2436/2236 2237/2437/2237
f 2205/2389/2205 2237/2437/2237 2203/2387/2203
f 2113/2428/2113 2086/2438/2086 2230/2430/2230
f 2230/2430/2230 2086/2438/2086 2231/2431/2231
f 2231/2431/2231 2086/2438/2086 2232/2432/2232
f 2232/2432/2232 2086/2438/2086 2084/2439/2084
f 2232/2432/2232 2084/2439/2084 2233/2433/2233
f 2233/2433/2233 2084/2439/2084 2082/2440/2082
f 2233/2433/2233 2082/2440/2082 2234/2434/2234
f 2234/2434/2234 2082/2440/2082 2080/2441/2080
f 2234/2434/2234 2080/2441/2080 2235/2435/2235
f 2235/2435/2235 2080/2441/2080 2077/2442/2077
f 2235/2435/2235 2077/2442/2077 2236/2436/2236
f 2236/2436/2236 2077/2442/2077 2076/2443/2076
f 2236/2436/2236 2076/2443/2076 2078/2444/2078
f 2078/2444/2078 2237/2437/2237 2236/2436/2236
f 2187/2371/2187 2238/2445/2238 2185/2369/2185
f 2185/2369/2185 2238/2445/2238 2239/2446/2239
f 2185/2369/2185 2239/2446/2239 2183/2367/2183
f 2183/2367/2183 2239/2446/2239 2240/2447/2240
f 2183/2367/2183 2240/2447/2240 2181/2365/2181
f 2181/2365/2181 2240/2447/2240 2241/2448/2241
f 2181/2365/2181 2241/2448/2241 2179/2363/2179
f 2179/2363/2179 2241/2448/2241 2242/2449/2242
f 2179/2363/2179 2242/2449/2242 2177/2361/2177
f 2177/2361/2177 2242/2449/2242 2036/2450/2036
f 2177/2361/2177 2036/2450/2036 2035/2359/2035
f 2238/2445/2238 2243/2451/2243 2239/2446/2239
f 2239/2446/2239 2243/2451/2243 2244/2452/2244
f 2239/2446/2239 2244/2452/2244 2240/2447/2240
f 2240/2447/2240 2244/2452/2244 2245/2453/2245
f 2240/2447/2240 2245/2453/2245 2241/2448/2241
f 2241/2448/2241 2245/2453/2245 2246/2454/2246
f 2241/2448/2241 2246/2454/2246 2242/2449/2242
f 2242/2449/2242 2246/2454/2246 2037/2455/2037
f 2242/2449/2242 2037/2455/2037 2036/2450/2036
f 2243/2451/2243 2247/2456/2247 2244/2452/2244
f 2244/2452/2244 2247/2456/2247 2248/2457/2248
f 2244/2452/2244 2248/2457/2248 2245/2453/2245
f 2245/2453/2245 2248/2457/2248 2249/2458/2249
f 2245/2453/2245 2249/2458/2249 2246/2454/2246
f 2246/2454/2246 2249/2458/2249 2038/2459/2038
f 2246/2454/2246 2038/2459/2038 2037/2455/2037
f 2247/2456/2247 2250/2460/2250 2248/2457/2248
f 2248/2457/2248 2250/2460/2250 2251/2461/2251
f 2248/2457/2248 2251/2461/2251 2249/2458/2249
f 2249/2458/2249 2251/2461/2251 2039/2462/2039
f 2249/2458/2249 2039/2462/2039 2038/2459/2038
f 2041/2464/2041 2040/2463/2040 2250/2460/2250
f 2250/2460/2250 2040/2463/2040 2251/2461/2251
f 2040/2463/2040 2039/2462/2039 2251/2461/2251
f 2176/2360/2176 2175/2358/2175 2252/2465/2252
f 2252/2465/2252 2175/2358/2175 2218/2404/2218
f 2252/2465/2252 2218/2404/2218 2253/2466/2253
f 2253/2466/2253 2218/2404/2218 2219/2406/2219
f 2253/2466/2253 2219/2406/2219 2254/2467/2254
f 2254/2467/2254 2219/2406/2219 2220/2408/2220
f 2254/2467/2254 2220/2408/2220 2255/2468/2255
f 2255/2468/2255 2220/2408/2220 2221/2410/2221
f 2255/2468/2255 2221/2410/2221 2256/2469/2256
f 2256/2469/2256 2221/2410/2221 2222/2412/2222
f 2256/2469/2256 2222/2412/2222 2257/2470/2257
f 2257/2470/2257 2222/2412/2222 2223/2414/2223
f 2257/2470/2257 2223/2414/2223 2258/2471/2258
f 2258/2471/2258 2223/2414/2223 2224/2416/2224
f 2258/2471/2258 2224/2416/2224 2259/2472/2259
f 2259/2472/2259 2224/2416/2224 2225/2418/2225
f 2259/2472/2259 2225/2418/2225 2260/2473/2260
f 2260/2473/2260 2225/2418/2225 2226/2421/2226
f 2260/2473/2260 2226/2421/2226 2261/2474/2261
f 2261/2474/2261 2226/2421/2226 2227/2423/2227
f 2261/2474/2261 2227/2423/2227 2262/2475/2262
f 2262/2475/2262 2227/2423/2227 2228/2425/2228
f 2262/2475/2262 2228/2425/2228 2263/2476/2263
f 2263/2476/2263 2228/2425/2228 2229/2427/2229
f 2263/2476/2263 2229/2427/2229 2214/2398/2214
f 2214/2398/2214 2229/2427/2229 2216/2400/2216
f 2253/2466/2253 2264/2477/2264 2252/2465/2252
f 2252/2465/2252 2264/2477/2264 2178/2362/2178
f 2252/2465/2252 2178/2362/2178 2176/2360/2176
f 2178/2362/2178 2264/2477/2264 2180/2364/2180
f 2180/2364/2180 2264/2477/2264 2265/2478/2265
f 2180/2364/2180 2265/2478/2265 2182/2366/2182
f 2182/2366/2182 2265/2478/2265 2266/2479/2266
f 2182/2366/2182 2266/2479/2266 2184/2368/2184
f 2184/2368/2184 2266/2479/2266 2267/2480/2267
f 2184/2368/2184 2267/2480/2267 2186/2370/2186
f 2186/2370/2186 2267/2480/2267 2189/2373/2189
f 2264/2477/2264 2253/2466/2253 2268/2481/2268
f 2268/2481/2268 2253/2466/2253 2254/2467/2254
f 2268/2481/2268 2254/2467/2254 2269/2482/2269
f 2269/2482/2269 2254/2467/2254 2255/2468/2255
f 2269/2482/2269 2255/2468/2255 2270/2483/2270
f 2270/2483/2270 2255/2468/2255 2256/2469/2256
f 2270/2483/2270 2256/2469/2256 2271/2484/2271
f 2271/2484/2271 2256/2469/2256 2257/2470/2257
f 2271/2484/2271 2257/2470/2257 2272/2485/2272
f 2272/2485/2272 2257/2470/2257 2258/2471/2258
f 2272/2485/2272 2258/2471/2258 2273/2486/2273
f 2273/2486/2273 2258/2471/2258 2259/2472/2259
f 2273/2486/2273 2259/2472/2259 2274/2487/2274
f 2274/2487/2274 2259/2472/2259 2260/2473/2260
f 2274/2487/2274 2260/2473/2260 2275/2488/2275
f 2275/2488/2275 2260/2473/2260 2261/2474/2261
f 2275/2488/2275 2261/2474/2261 2276/2489/2276
f 2276/2489/2276 2261/2474/2261 2262/2475/2262
f 2276/2489/2276 2262/2475/2262 2277/2490/2277
f 2277/2490/2277 2262/2475/2262 2263/2476/2263
f 2277/2490/2277 2263/2476/2263 2212/2396/2212
f 2212/2396/2212 2263/2476/2263 2214/2398/2214
f 2264/2477/2264 2268/2481/2268 2265/2478/2265
f 2265/2478/2265 2268/2481/2268 2278/2491/2278
f 2265/2478/2265 2278/2491/2278 2266/2479/2266
f 2266/2479/2266 2278/2491/2278 2279/2492/2279
f 2266/2479/2266 2279/2492/2279 2267/2480/2267
f 2267/2480/2267 2279/2492/2279 2280/2493/2280
f 2267/2480/2267 2280/2493/2280 2189/2373/2189
f 2189/2373/2189 2280/2493/2280 2191/2375/2191
f 2278/2491/2278 2268/2481/2268 2269/2482/2269
f 2278/2491/2278 2269/2482/2269 2281/2494/2281
f 2281/2494/2281 2269/2482/2269 2270/2483/2270
f 2281/2494/2281 2270/2483/2270 2282/2495/2282
f 2282/2495/2282 2270/2483/2270 2271/2484/2271
f 2282/2495/2282 2271/2484/2271 2283/2496/2283
f 2283/2496/2283 2271/2484/2271 2272/2485/2272
f 2283/2496/2283 2272/2485/2272 2284/2497/2284
f 2284/2497/2284 2272/2485/2272 2273/2486/2273
f 2284/2497/2284 2273/2486/2273 2285/2498/2285
f 2285/2498/2285 2273/2486/2273 2274/2487/2274
f 2285/2498/2285 2274/2487/2274 2286/2499/2286
f 2286/2499/2286 2274/2487/2274 2275/2488/2275
f 2286/2499/2286 2275/2488/2275 2287/2500/2287
f 2287/2500/2287 2275/2488/2275 2276/2489/2276
f 2287/2500/2287 2276/2489/2276 2288/2501/2288
f 2288/2501/2288 2276/2489/2276 2277/2490/2277
f 2288/2501/2288 2277/2490/2277 2210/2394/2210
f 2210/2394/2210 2277/2490/2277 2212/2396/2212
f 2278/2491/2278 2281/2494/2281 2279/2492/2279
f 2279/2492/2279 2281/2494/2281 2289/2502/2289
f 2279/2492/2279 2289/2502/2289 2280/2493/2280
f 2280/2493/2280 2289/2502/2289 2290/2503/2290
f 2280/2493/2280 2290/2503/2290 2191/2375/2191
f 2191/2375/2191 2290/2503/2290 2193/2377/2193
f 2289/2502/2289 2281/2494/2281 2282/2495/2282
f 2289/2502/2289 2282/2495/2282 2291/2504/2291
f 2291/2504/2291 2282/2495/2282 2283/2496/2283
f 2291/2504/2291 2283/2496/2283 2292/2505/2292
f 2292/2505/2292 2283/2496/2283 2284/2497/2284
f 2292/2505/2292 2284/2497/2284 2293/2506/2293
f 2293/2506/2293 2284/2497/2284 2285/2498/2285
f 2293/2506/2293 2285/2498/2285 2294/2507/2294
f 2294/2507/2294 2285/2498/2285 2286/2499/2286
f 2294/2507/2294 2286/2499/2286 2295/2508/2295
f 2295/2508/2295 2286/2499/2286 2287/2500/2287
f 2295/2508/2295 2287/2500/2287 2296/2509/2296
f 2296/2509/2296 2287/2500/2287 2288/2501/2288
f 2296/2509/2296 2288/2501/2288 2208/2392/2208
f 2208/2392/2208 2288/2501/2288 2210/2394/2210
f 2289/2502/2289 2291/2504/2291 2290/2503/2290
f 2290/2503/2290 2291/2504/2291 2297/2510/2297
f 2290/2503/2290 2297/2510/2297 2193/2377/2193
f 2193/2377/2193 2297/2510/2297 2196/2380/2196
f 2297/2510/2297 2291/2504/2291 2292/2505/2292
f 2297/2510/2297 2292/2505/2292 2298/2511/2298
f 2298/2511/2298 2292/2505/2292 2293/2506/2293
f 2298/2511/2298 2293/2506/2293 2299/2512/2299
f 2299/2512/2299 2293/2506/2293 2294/2507/2294
f 2299/2512/2299 2294/2507/2294 2300/2513/2300
f 2300/2513/2300 2294/2507/2294 2295/2508/2295
f 2300/2513/2300 2295/2508/2295 2301/2514/2301
f 2301/2514/2301 2295/2508/2295 2296/2509/2296
f 2301/2514/2301 2296/2509/2296 2206/2390/2206
f 2206/2390/2206 2296/2509/2296 2208/2392/2208
f 2198/2382/2198 2196/2380/2196 2298/2511/2298
f 2298/2511/2298 2196/2380/2196 2297/2510/2297
f 2198/2382/2198 2298/2511/2298 2299/2512/2299
f 2200/2384/2200 2198/2382/2198 2299/2512/2299
f 2200/2384/2200 2299/2512/2299 2300/2513/2300
f 2202/2386/2202 2200/2384/2200 2300/2513/2300
f 2202/2386/2202 2300/2513/2300 2301/2514/2301
f 2204/2388/2204 2202/2386/2202 2301/2514/2301
f 2204/2388/2204 2301/2514/2301 2206/2390/2206
f 1995/2517/1995 2018/2516/2017 1994/2515/1994
f 1994/2515/1994 2018/2516/2017 2302/2518/2302
f 1994/2515/1994 2302/2518/2302 2303/2519/2303
f 2303/2519/2303 2302/2518/2302 2304/2520/2304
f 2303/2519/2303 2304/2520/2304 2305/2521/2305
f 2305/2521/2305 2304/2520/2304 2306/2522/2306
f 2305/2521/2305 2306/2522/2306 2307/2523/2307
f 2307/2523/2307 2306/2522/2306 2308/2524/2308
f 2307/2523/2307 2308/2524/2308 2309/2525/2309
f 2309/2525/2309 2308/2524/2308 2310/2526/2310
f 2309/2525/2309 2310/2526/2310 2311/2527/2311
f 2311/2527/2311 2310/2526/2310 2312/2528/2312
f 2311/2527/2311 2312/2528/2312 2313/2529/2313
f 2313/2529/2313 2312/2528/2312 2310/2526/2310
f 2313/2529/2313 2310/2526/2310 2314/2530/2314
f 2314/2530/2314 2310/2526/2310 2315/2531/2315
f 2314/2530/2314 2315/2531/2315 2316/2532/2316
f 2316/2532/2316 2315/2531/2315 2317/2533/2317
f 2316/2532/2316 2317/2533/2317 2318/2534/2318
f 2318/2534/2318 2317/2533/2317 2319/2535/2319
f 2318/2534/2318 2319/2535/2319 2320/2536/2320
f 2320/2536/2320 2319/2535/2319 2321/2537/2321
f 2320/2536/2320 2321/2537/2321 2322/2538/2322
f 2322/2538/2322 2321/2537/2321 2123/2539/2123
f 2322/2538/2322 2123/2539/2123 2122/2540/2122
f 2018/2516/2017 2051/2541/2051 2302/2518/2302
f 2302/2518/2302 2051/2541/2051 2323/2542/2323
f 2302/2518/2302 2323/2542/2323 2304/2520/2304
f 2304/2520/2304 2323/2542/2323 2324/2543/2324
f 2304/2520/2304 2324/2543/2324 2306/2522/2306
f 2306/2522/2306 2324/2543/2324 2325/2544/2325
f 2306/2522/2306 2325/2544/2325 2308/2524/2308
f 2308/2524/2308 2325/2544/2325 2315/2531/2315
f 2308/2524/2308 2315/2531/2315 2310/2526/2310
f 2051/2541/2051 2126/2545/2126 2323/2542/2323
f 2323/2542/2323 2126/2545/2126 2326/2546/2326
f 2323/2542/2323 2326/2546/2326 2324/2543/2324
f 2324/2543/2324 2326/2546/2326 2327/2547/2327
f 2324/2543/2324 2327/2547/2327 2325/2544/2325
f 2325/2544/2325 2327/2547/2327 2317/2533/2317
f 2325/2544/2325 2317/2533/2317 2315/2531/2315
f 2126/2545/2126 2125/2548/2125 2326/2546/2326
f 2326/2546/2326 2125/2548/2125 2328/2549/2328
f 2326/2546/2326 2328/2549/2328 2327/2547/2327
f 2327/2547/2327 2328/2549/2328 2319/2535/2319
f 2327/2547/2327 2319/2535/2319 2317/2533/2317
f 2125/2548/2125 2124/2550/2124 2328/2549/2328
f 2328/2549/2328 2124/2550/2124 2321/2537/2321
f 2328/2549/2328 2321/2537/2321 2319/2535/2319
f 2124/2550/2124 2123/2539/2123 2321/2537/2321
f 2322/2538/2322 2122/2540/2122 2329/2551/2329
f 2329/2551/2329 2122/2540/2122 2121/2552/2121
f 2329/2551/2329 2121/2552/2121 2120/2553/2120
f 2119/2555/2119 2330/2554/2330 2120/2553/2120
f 2120/2553/2120 2330/2554/2330 2331/2556/2331
f 2120/2553/2120 2331/2556/2331 2329/2551/2329
f 2329/2551/2329 2331/2556/2331 2332/2557/2332
f 2329/2551/2329 2332/2557/2332 2333/2558/2333
f 2333/2558/2333 2332/2557/2332 2334/2559/2334
f 2333/2558/2333 2334/2559/2334 2335/2560/2335
f 2335/2560/2335 2334/2559/2334 2336/2561/2336
f 2335/2560/2335 2336/2561/2336 2337/2562/2337
f 2337/2562/2337 2336/2561/2336 2338/2563/2338
f 2337/2562/2337 2338/2563/2338 2339/2564/2339
f 2339/2564/2339 2338/2563/2338 2340/2565/2340
f 2339/2564/2339 2340/2565/2340 2341/2566/2341
f 2341/2566/2341 2340/2565/2340 2342/2567/2342
f 2341/2566/2341 2342/2567/2342 2343/2568/2343
f 2330/2554/2330 2119/2555/2119 2344/2569/2344
f 2344/2569/2344 2119/2555/2119 2118/2570/2118
f 2344/2569/2344 2118/2570/2118 2345/2571/2345
f 2345/2571/2345 2118/2570/2118 2117/2572/2117
f 2345/2571/2345 2117/2572/2117 2346/2573/2346
f 2346/2573/2346 2117/2572/2117 2116/2574/2116
f 2346/2573/2346 2116/2574/2116 2347/2575/2347
f 2347/2575/2347 2116/2574/2116 2115/2576/2115
f 2347/2575/2347 2115/2576/2115 2348/2577/2348
f 2348/2577/2348 2115/2576/2115 2114/2578/2114
f 2348/2577/2348 2114/2578/2114 2349/2579/2349
f 2349/2579/2349 2114/2578/2114 1984/2580/1984
f 2349/2579/2349 1984/2580/1984 1980/2581/1980
f 2349/2579/2349 1980/2581/1980 2350/2582/2350
f 2350/2582/2350 1980/2581/1980 1978/2583/1978
f 2350/2582/2350 1978/2583/1978 2351/2584/2351
f 2351/2584/2351 1978/2583/1978 1975/2585/1975
f 2351/2584/2351 1975/2585/1975 2352/2586/2352
f 2352/2586/2352 1975/2585/1975 2353/2587/2353
f 2352/2586/2352 2353/2587/2353 2354/2588/2354
f 2354/2588/2354 2353/2587/2353 2355/2589/2355
f 2354/2588/2354 2355/2589/2355 2356/2590/2356
f 2356/2590/2356 2355/2589/2355 2357/2591/2357
f 2356/2590/2356 2357/2591/2357 2358/2592/2358
f 2358/2592/2358 2357/2591/2357 2359/2593/2359
f 2358/2592/2358 2359/2593/2359 2360/2594/2360
f 2360/2594/2360 2359/2593/2359 2361/2595/2361
f 2360/2594/2360 2361/2595/2361 2362/2596/2362
f 2362/2596/2362 2361/2595/2361 2363/2597/2363
f 2362/2596/2362 2363/2597/2363 2364/2598/2364
f 2364/2598/2364 2363/2597/2363 2365/2599/2365
f 2364/2598/2364 2365/2599/2365 2336/2561/2336
f 2336/2561/2336 2365/2599/2365 2338/2563/2338
f 1975/2585/1975 1284/2600/1284 2353/2587/2353
f 2353/2587/2353 1284/2600/1284 2366/2601/2366
f 2353/2587/2353 2366/2601/2366 2355/2589/2355
f 2355/2589/2355 2366/2601/2366 2367/2602/2367
f 2355/2589/2355 2367/2602/2367 2368/2603/2368
f 2368/2603/2368 2367/2602/2367 2369/2604/2369
f 2368/2603/2368 2369/2604/2369 2357/2591/2357
f 2357/2591/2357 2369/2604/2369 2370/2605/2370
f 2357/2591/2357 2370/2605/2370 2359/2593/2359
f 2359/2593/2359 2370/2605/2370 2371/2606/2371
f 2359/2593/2359 2371/2606/2371 2372/2607/2372
f 2372/2607/2372 2371/2606/2371 2373/2608/2373
f 2372/2607/2372 2373/2608/2373 2374/2609/2374
f 2374/2609/2374 2373/2608/2373 2375/2610/2375
f 2374/2609/2374 2375/2610/2375 2376/2611/2376
f 2376/2611/2376 2375/2610/2375 2377/2612/2377
f 2376/2611/2376 2377/2612/2377 2378/2613/2378
f 2378/2613/2378 2377/2612/2377 2342/2567/2342
f 2378/2613/2378 2342/2567/2342 2340/2565/2340
f 1284/2600/1284 2367/2602/2367 2366/2601/2366
f 2369/2604/2369 2371/2606/2371 2370/2605/2370
f 2343/2568/2343 2379/2614/2379 2341/2566/2341
f 2341/2566/2341 2379/2614/2379 2380/2615/2380
f 2341/2566/2341 2380/2615/2380 2314/2530/2314
f 2314/2530/2314 2380/2615/2380 2313/2529/2313
f 2379/2614/2379 2313/2529/2313 2380/2615/2380
f 2309/2525/2309 2311/2527/2311 2381/2616/2381
f 2381/2616/2381 2311/2527/2311 2382/2617/2382
f 2381/2616/2381 2382/2617/2382 2309/2525/2309
f 2309/2525/2309 2382/2617/2382 2383/2618/2383
f 2309/2525/2309 2383/2618/2383 2307/2523/2307
f 2307/2523/2307 2383/2618/2383 2384/2619/2384
f 2307/2523/2307 2384/2619/2384 2305/2521/2305
f 2305/2521/2305 2384/2619/2384 2385/2620/2385
f 2305/2521/2305 2385/2620/2385 2303/2519/2303
f 2303/2519/2303 2385/2620/2385 1991/2621/1991
f 2303/2519/2303 1991/2621/1991 1994/2515/1994
f 2383/2618/2383 2382/2617/2382 2386/2622/2386
f 2386/2622/2386 2382/2617/2382 2387/2623/2387
f 2386/2622/2386 2387/2623/2387 2383/2618/2383
f 2383/2618/2383 2387/2623/2387 2388/2624/2388
f 2383/2618/2383 2388/2624/2388 2384/2619/2384
f 2384/2619/2384 2388/2624/2388 2389/2625/2389
f 2384/2619/2384 2389/2625/2389 2385/2620/2385
f 2385/2620/2385 2389/2625/2389 1906/2626/1906
f 2385/2620/2385 1906/2626/1906 1991/2621/1991
f 2388/2624/2388 2387/2623/2387 2390/2627/2390
f 2390/2627/2390 2387/2623/2387 2391/2628/2391
f 2390/2627/2390 2391/2628/2391 2392/2629/2392
f 2392/2629/2392 2391/2628/2391 2393/2630/2393
f 2392/2629/2392 2393/2630/2393 1254/2631/1256
f 1254/2631/1256 2393/2630/2393 2394/2632/2394
f 2394/2632/2394 2393/2630/2393 2391/2628/2391
f 1254/2631/1256 1906/2626/1906 2392/2629/2392
f 2392/2629/2392 1906/2626/1906 2389/2625/2389
f 2392/2629/2392 2389/2625/2389 2388/2624/2388
f 2390/2627/2390 2392/2629/2392 2388/2624/2388
f 2329/2551/2329 2333/2558/2333 2322/2538/2322
f 2322/2538/2322 2333/2558/2333 2320/2536/2320
f 2333/2558/2333 2335/2560/2335 2320/2536/2320
f 2320/2536/2320 2335/2560/2335 2318/2534/2318
f 2335/2560/2335 2337/2562/2337 2318/2534/2318
f 2318/2534/2318 2337/2562/2337 2316/2532/2316
f 2337/2562/2337 2339/2564/2339 2316/2532/2316
f 2316/2532/2316 2339/2564/2339 2314/2530/2314
f 2339/2564/2339 2341/2566/2341 2314/2530/2314
f 2332/2557/2332 2331/2556/2331 2395/2633/2395
f 2395/2633/2395 2331/2556/2331 2330/2554/2330
f 2395/2633/2395 2330/2554/2330 2396/2634/2396
f 2396/2634/2396 2330/2554/2330 2344/2569/2344
f 2396/2634/2396 2344/2569/2344 2397/2635/2397
f 2397/2635/2397 2344/2569/2344 2345/2571/2345
f 2397/2635/2397 2345/2571/2345 2398/2636/2398
f 2398/2636/2398 2345/2571/2345 2346/2573/2346
f 2398/2636/2398 2346/2573/2346 2399/2637/2399
f 2399/2637/2399 2346/2573/2346 2347/2575/2347
f 2399/2637/2399 2347/2575/2347 2400/2638/2400
f 2400/2638/2400 2347/2575/2347 2348/2577/2348
f 2400/2638/2400 2348/2577/2348 2350/2582/2350
f 2350/2582/2350 2348/2577/2348 2349/2579/2349
f 2364/2598/2364 2336/2561/2336 2334/2559/2334
f 2334/2559/2334 2332/2557/2332 2401/2639/2401
f 2401/2639/2401 2332/2557/2332 2395/2633/2395
f 2401/2639/2401 2395/2633/2395 2402/2640/2402
f 2402/2640/2402 2395/2633/2395 2396/2634/2396
f 2402/2640/2402 2396/2634/2396 2403/2641/2403
f 2403/2641/2403 2396/2634/2396 2397/2635/2397
f 2403/2641/2403 2397/2635/2397 2404/2642/2404
f 2404/2642/2404 2397/2635/2397 2398/2636/2398
f 2404/2642/2404 2398/2636/2398 2405/2643/2405
f 2405/2643/2405 2398/2636/2398 2399/2637/2399
f 2405/2643/2405 2399/2637/2399 2406/2644/2406
f 2406/2644/2406 2399/2637/2399 2400/2638/2400
f 2406/2644/2406 2400/2638/2400 2351/2584/2351
f 2351/2584/2351 2400/2638/2400 2350/2582/2350
f 2378/2613/2378 2340/2565/2340 2338/2563/2338
f 2378/2613/2378 2338/2563/2338 2365/2599/2365
f 2378/2613/2378 2365/2599/2365 2376/2611/2376
f 2376/2611/2376 2365/2599/2365 2363/2597/2363
f 2376/2611/2376 2363/2597/2363 2374/2609/2374
f 2374/2609/2374 2363/2597/2363 2361/2595/2361
f 2374/2609/2374 2361/2595/2361 2372/2607/2372
f 2372/2607/2372 2361/2595/2361 2359/2593/2359
f 2364/2598/2364 2401/2639/2401 2362/2596/2362
f 2362/2596/2362 2401/2639/2401 2402/2640/2402
f 2362/2596/2362 2402/2640/2402 2360/2594/2360
f 2360/2594/2360 2402/2640/2402 2403/2641/2403
f 2360/2594/2360 2403/2641/2403 2358/2592/2358
f 2358/2592/2358 2403/2641/2403 2404/2642/2404
f 2358/2592/2358 2404/2642/2404 2356/2590/2356
f 2356/2590/2356 2404/2642/2404 2405/2643/2405
f 2356/2590/2356 2405/2643/2405 2354/2588/2354
f 2354/2588/2354 2405/2643/2405 2406/2644/2406
f 2354/2588/2354 2406/2644/2406 2352/2586/2352
f 2352/2586/2352 2406/2644/2406 2351/2584/2351
f 2401/2639/2401 2364/2598/2364 2334/2559/2334
f 2368/2603/2368 2357/2591/2357 2355/2589/2355
f 854/2647/854 2033/2646/2033 856/2645/857
f 856/2645/857 2033/2646/2033 2041/2648/2041
f 856/2645/857 2041/2648/2041 2250/2649/2250
f 854/2647/854 850/2650/850 2033/2646/2033
f 2033/2646/2033 850/2650/850 2034/2651/2034
f 2034/2651/2034 850/2650/850 846/2652/846
f 2034/2651/2034 846/2652/846 2042/2653/2043
f 2042/2653/2043 846/2652/846 841/2654/841
f 2042/2653/2043 841/2654/841 2053/2655/2053
f 2053/2655/2053 841/2654/841 758/2656/758
f 2053/2655/2053 758/2656/758 2055/2657/2055
f 2055/2657/2055 758/2656/758 2057/2658/2057
f 2057/2658/2057 758/2656/758 759/2659/759
f 2057/2658/2057 759/2659/759 761/2660/761
f 2057/2658/2057 761/2660/761 2059/2661/2059
f 2059/2661/2059 761/2660/761 763/2662/763
f 2059/2661/2059 763/2662/763 2060/2663/2060
f 2060/2663/2060 763/2662/763 764/2664/764
f 2060/2663/2060 764/2664/764 2062/2665/2062
f 2062/2665/2062 764/2664/764 2064/2666/2064
f 2064/2666/2064 764/2664/764 766/2667/766
f 2064/2666/2064 766/2667/766 768/2668/768
f 2064/2666/2064 768/2668/768 2066/2669/2066
f 2066/2669/2066 768/2668/768 770/2670/770
f 2066/2669/2066 770/2670/770 2068/2671/2068
f 2068/2671/2068 770/2670/770 772/2672/772
f 2068/2671/2068 772/2672/772 2070/2673/2070
f 2070/2673/2070 772/2672/772 774/2674/774
f 2070/2673/2070 774/2674/774 2072/2675/2072
f 2072/2675/2072 774/2674/774 2074/2676/2074
f 2074/2676/2074 774/2674/774 776/2677/776
f 2074/2676/2074 776/2677/776 778/2678/778
f 2407/2680/2407 2237/2679/2237 778/2678/778
f 778/2678/778 2237/2679/2237 2078/2681/2078
f 778/2678/778 2078/2681/2078 2074/2676/2074
f 2407/2680/2407 2408/2682/2408 2237/2679/2237
f 2237/2679/2237 2408/2682/2408 2203/2683/2203
f 2203/2683/2203 2408/2682/2408 2409/2684/2409
f 2203/2683/2203 2409/2684/2409 2201/2685/2201
f 2201/2685/2201 2409/2684/2409 2410/2686/2410
f 2201/2685/2201 2410/2686/2410 2199/2687/2199
f 2199/2687/2199 2410/2686/2410 2411/2688/2411
f 2199/2687/2199 2411/2688/2411 2197/2689/2197
f 2197/2689/2197 2411/2688/2411 2195/2690/2195
f 2195/2690/2195 2411/2688/2411 2412/2691/2412
f 2195/2690/2195 2412/2691/2412 2413/2692/2413
f 2195/2690/2195 2413/2692/2413 2194/2693/2194
f 2194/2693/2194 2413/2692/2413 2414/2694/2414
f 2194/2693/2194 2414/2694/2414 2192/2695/2192
f 2192/2695/2192 2414/2694/2414 2415/2696/2415
f 2192/2695/2192 2415/2696/2415 2190/2697/2190
f 2190/2697/2190 2415/2696/2415 2188/2698/2188
f 2188/2698/2188 2415/2696/2415 2416/2699/2416
f 2188/2698/2188 2416/2699/2416 2417/2700/2417
f 2188/2698/2188 2417/2700/2417 2187/2701/2187
f 2187/2701/2187 2417/2700/2417 2418/2702/2418
f 2187/2701/2187 2418/2702/2418 2238/2703/2238
f 2238/2703/2238 2418/2702/2418 2419/2704/2419
f 2238/2703/2238 2419/2704/2419 2243/2705/2243
f 2243/2705/2243 2419/2704/2419 2420/2706/2420
f 2243/2705/2243 2420/2706/2420 2247/2707/2247
f 2247/2707/2247 2420/2706/2420 2250/2649/2250
f 2250/2649/2250 2420/2706/2420 2421/2708/2421
f 2250/2649/2250 2421/2708/2421 856/2645/857
f 2422/2711/2423 1402/2710/1404 2423/2709/2422
f 2423/2709/2422 1402/2710/1404 1867/874/1868
f 2423/2709/2422 1867/874/1868 2424/2712/2424
f 2424/2712/2424 2425/2713/2425 2423/2709/2422
f 2423/2709/2422 2425/2713/2425 2426/2714/2426
f 2423/2709/2422 2426/2714/2426 2427/2715/2427
f 2427/2715/2427 2426/2714/2426 2428/2716/2428
f 2428/2716/2428 2426/2714/2426 2429/2717/2429
f 2428/2716/2428 2429/2717/2429 2430/2718/2430
f 2430/2718/2430 2429/2717/2429 2431/2719/2431
f 2431/2719/2431 2429/2717/2429 2432/2720/2432
f 2431/2719/2431 2432/2720/2432 2433/2721/2433
f 2433/2721/2433 2432/2720/2432 2434/2722/2434
f 2433/2721/2433 2434/2722/2434 2435/2723/2435
f 2435/2723/2435 2434/2722/2434 2436/2724/2436
f 2436/2724/2436 2434/2722/2434 2437/2725/2437
f 2436/2724/2436 2437/2725/2437 2438/2726/2438
f 2438/2726/2438 2437/2725/2437 2439/2727/2439
f 2438/2726/2438 2439/2727/2439 2440/2728/2440
f 2440/2728/2440 2439/2727/2439 2441/2729/2441
f 2441/2729/2441 2439/2727/2439 2442/2730/2442
f 2441/2729/2441 2442/2730/2442 2443/2731/2443
f 2443/2731/2443 2442/2730/2442 2444/2732/2444
f 2443/2731/2443 2444/2732/2444 2445/2733/2445
f 2445/2733/2445 2444/2732/2444 2446/2734/2446
f 2446/2734/2446 2444/2732/2444 2447/2735/2447
f 2446/2734/2446 2447/2735/2447 2448/2736/2448
f 2448/2736/2448 2447/2735/2447 2449/2737/2449
f 2449/2737/2449 2447/2735/2447 2450/2738/2450
f 2449/2737/2449 2450/2738/2450 2451/2739/2451
f 2451/2739/2451 2450/2738/2450 2452/2740/2452
f 2451/2739/2451 2452/2740/2452 2453/2741/2453
f 2453/2741/2453 2452/2740/2452 2454/2742/2454
f 2454/2742/2454 2452/2740/2452 2455/2743/2455
f 2454/2742/2454 2455/2743/2455 2456/2744/2456
f 2456/2744/2456 2455/2743/2455 2457/2745/2457
f 2456/2744/2456 2457/2745/2457 2458/2746/2458
f 2458/2746/2458 2457/2745/2457 2459/2747/2459
f 2459/2747/2459 2457/2745/2457 2460/2748/2460
f 2459/2747/2459 2460/2748/2460 2461/2749/2461
f 2461/2749/2461 2460/2748/2460 2462/2750/2462
f 2461/2749/2461 2462/2750/2462 2463/2751/2463
f 2463/2751/2463 2462/2750/2462 2464/2752/2464
f 2464/2752/2464 2462/2750/2462 2465/2753/2465
f 2464/2752/2464 2465/2753/2465 2466/2754/2466
f 2466/2754/2466 2465/2753/2465 2467/2755/2467
f 2467/2755/2467 2465/2753/2465 2468/2756/2468
f 2467/2755/2467 2468/2756/2468 2469/2757/2469
f 2469/2757/2469 2468/2756/2468 2470/2758/2470
f 2469/2757/2469 2470/2758/2470 2471/2759/2471
f 2471/2759/2471 2470/2758/2470 2472/2760/2472
f 2471/2759/2471 2472/2760/2472 2473/2761/2473
f 2473/2761/2473 2472/2760/2472 2474/2762/2474
f 2473/2761/2473 2474/2762/2474 2475/2763/2475
f 2475/2763/2475 2474/2762/2474 1478/2764/1478
f 1478/2764/1478 2474/2762/2474 366/2765/366
f 1478/2764/1478 366/2765/366 365/2766/365
f 2425/2713/2425 2476/2767/2476 2426/2714/2426
f 2426/2714/2426 2476/2767/2476 2429/2717/2429
f 2476/2767/2476 2477/2768/2477 2429/2717/2429
f 2429/2717/2429 2477/2768/2477 2478/2769/2478
f 2429/2717/2429 2478/2769/2478 2432/2720/2432
f 2432/2720/2432 2478/2769/2478 2479/2770/2479
f 2432/2720/2432 2479/2770/2479 2434/2722/2434
f 2434/2722/2434 2479/2770/2479 2480/2771/2480
f 2434/2722/2434 2480/2771/2480 2481/2772/2481
f 2434/2722/2434 2481/2772/2481 2437/2725/2437
f 2437/2725/2437 2481/2772/2481 2482/2773/2482
f 2437/2725/2437 2482/2773/2482 2439/2727/2439
f 2439/2727/2439 2482/2773/2482 2483/2774/2483
f 2439/2727/2439 2483/2774/2483 2484/2775/2484
f 2439/2727/2439 2484/2775/2484 2442/2730/2442
f 2442/2730/2442 2484/2775/2484 2485/2776/2485
f 2442/2730/2442 2485/2776/2485 2444/2732/2444
f 2444/2732/2444 2485/2776/2485 2486/2777/2486
f 2444/2732/2444 2486/2777/2486 2487/2778/2487
f 2444/2732/2444 2487/2778/2487 2447/2735/2447
f 2447/2735/2447 2487/2778/2487 2488/2779/2488
f 2447/2735/2447 2488/2779/2488 2/2780/2
f 2447/2735/2447 2/2780/2 2450/2738/2450
f 2450/2738/2450 2/2780/2 1/2781/3
f 2450/2738/2450 1/2781/3 2452/2740/2452
f 2452/2740/2452 1/2781/3 391/2782/391
f 2452/2740/2452 391/2782/391 389/2783/389
f 2452/2740/2452 389/2783/389 2455/2743/2455
f 2455/2743/2455 389/2783/389 387/2784/387
f 2455/2743/2455 387/2784/387 2457/2745/2457
f 2457/2745/2457 387/2784/387 385/2785/385
f 2457/2745/2457 385/2785/385 383/2786/383
f 2457/2745/2457 383/2786/383 2460/2748/2460
f 2460/2748/2460 383/2786/383 381/2787/381
f 2460/2748/2460 381/2787/381 2462/2750/2462
f 2462/2750/2462 381/2787/381 380/2788/380
f 2462/2750/2462 380/2788/380 378/2789/378
f 2462/2750/2462 378/2789/378 2465/2753/2465
f 2465/2753/2465 378/2789/378 376/2790/376
f 2465/2753/2465 376/2790/376 374/2791/374
f 2465/2753/2465 374/2791/374 2468/2756/2468
f 2468/2756/2468 374/2791/374 372/2792/372
f 2468/2756/2468 372/2792/372 2470/2758/2470
f 2470/2758/2470 372/2792/372 370/2793/370
f 2470/2758/2470 370/2793/370 2472/2760/2472
f 2472/2760/2472 370/2793/370 368/2794/368
f 2472/2760/2472 368/2794/368 2474/2762/2474
f 2474/2762/2474 368/2794/368 366/2765/366
f 2427/2715/2427 2422/2711/2423 2423/2709/2422
f 1443/2797/1443 2489/2796/2489 1444/2795/1444
f 1444/2795/1444 2489/2796/2489 2490/2798/2490
f 1444/2795/1444 2490/2798/2490 1431/2799/1431
f 2489/2796/2489 1443/2797/1443 2491/2800/2491
f 2491/2800/2491 1443/2797/1443 1442/2801/1442
f 2491/2800/2491 1442/2801/1442 1441/2802/1441
f 1440/2804/1440 2492/2803/2492 1441/2802/1441
f 1441/2802/1441 2492/2803/2492 2493/2805/2493
f 1441/2802/1441 2493/2805/2493 2491/2800/2491
f 2491/2800/2491 2493/2805/2493 2494/2806/2494
f 2491/2800/2491 2494/2806/2494 2495/2807/2495
f 2495/2807/2495 2494/2806/2494 2496/2808/2496
f 2495/2807/2495 2496/2808/2496 2497/2809/2497
f 2497/2809/2497 2496/2808/2496 2498/2810/2498
f 2497/2809/2497 2498/2810/2498 1431/2811/1431
f 2492/2803/2492 1440/2804/1440 2499/2812/2499
f 2499/2812/2499 1440/2804/1440 1439/2813/1439
f 2499/2812/2499 1439/2813/1439 2500/2814/2500
f 2500/2814/2500 1439/2813/1439 1438/2815/1438
f 2500/2814/2500 1438/2815/1438 2501/2816/2501
f 2501/2816/2501 1438/2815/1438 1437/2817/1437
f 2501/2816/2501 1437/2817/1437 2502/2818/2502
f 2502/2818/2502 1437/2817/1437 1436/2819/1436
f 2502/2818/2502 1436/2819/1436 2503/2820/2503
f 2503/2820/2503 1436/2819/1436 1435/2821/1435
f 2503/2820/2503 1435/2821/1435 2504/2822/2504
f 2504/2822/2504 1435/2821/1435 1434/2823/1434
f 2504/2822/2504 1434/2823/1434 1433/2824/1433
f 2504/2822/2504 1433/2824/1433 2505/2825/2505
f 2505/2825/2505 1433/2824/1433 1432/2826/1432
f 2505/2825/2505 1432/2826/1432 2506/2827/2506
f 2506/2827/2506 1432/2826/1432 1403/2828/1403
f 2506/2827/2506 1403/2828/1403 2422/2829/2423
f 2422/2829/2423 1403/2828/1403 1402/2830/1404
f 2422/2829/2423 2427/2831/2427 2506/2827/2506
f 2506/2827/2506 2427/2831/2427 2507/2832/2507
f 2506/2827/2506 2507/2832/2507 2508/2833/2508
f 2508/2833/2508 2507/2832/2507 2509/2834/2509
f 2508/2833/2508 2509/2834/2509 2510/2835/2510
f 2510/2835/2510 2509/2834/2509 2511/2836/2511
f 2510/2835/2510 2511/2836/2511 2512/2837/2512
f 2512/2837/2512 2511/2836/2511 2513/2838/2513
f 2512/2837/2512 2513/2838/2513 2514/2839/2514
f 2514/2839/2514 2513/2838/2513 2515/2840/2515
f 2514/2839/2514 2515/2840/2515 2516/2841/2516
f 2516/2841/2516 2515/2840/2515 2517/2842/2517
f 2516/2841/2516 2517/2842/2517 2518/2843/2518
f 2518/2843/2518 2517/2842/2517 2519/2844/2519
f 2518/2843/2518 2519/2844/2519 2520/2845/2520
f 2520/2845/2520 2519/2844/2519 2521/2846/2521
f 2520/2845/2520 2521/2846/2521 2522/2847/2522
f 2522/2847/2522 2521/2846/2521 2523/2848/2523
f 2522/2847/2522 2523/2848/2523 2524/2849/2524
f 2524/2849/2524 2523/2848/2523 2525/2850/2525
f 2524/2849/2524 2525/2850/2525 2526/2851/2526
f 2526/2851/2526 2525/2850/2525 2527/2852/2527
f 2526/2851/2526 2527/2852/2527 2528/2853/2528
f 2528/2853/2528 2527/2852/2527 2529/2854/2529
f 2528/2853/2528 2529/2854/2529 2530/2855/2530
f 2530/2855/2530 2529/2854/2529 2531/2856/2531
f 2530/2855/2530 2531/2856/2531 2532/2857/2532
f 2532/2857/2532 2531/2856/2531 2533/2858/2533
f 2532/2857/2532 2533/2858/2533 2534/2859/2534
f 2534/2859/2534 2533/2858/2533 2535/2860/2535
f 2534/2859/2534 2535/2860/2535 1431/2861/1431
f 2427/2831/2427 2428/2862/2428 2507/2832/2507
f 2507/2832/2507 2428/2862/2428 2536/2863/2536
f 2507/2832/2507 2536/2863/2536 2509/2834/2509
f 2509/2834/2509 2536/2863/2536 2537/2864/2537
f 2509/2834/2509 2537/2864/2537 2511/2836/2511
f 2511/2836/2511 2537/2864/2537 2538/2865/2538
f 2511/2836/2511 2538/2865/2538 2513/2838/2513
f 2513/2838/2513 2538/2865/2538 2539/2866/2539
f 2513/2838/2513 2539/2866/2539 2515/2840/2515
f 2515/2840/2515 2539/2866/2539 2540/2867/2540
f 2515/2840/2515 2540/2867/2540 2517/2842/2517
f 2517/2842/2517 2540/2867/2540 2541/2868/2541
f 2517/2842/2517 2541/2868/2541 2519/2844/2519
f 2519/2844/2519 2541/2868/2541 2542/2869/2542
f 2519/2844/2519 2542/2869/2542 2521/2846/2521
f 2521/2846/2521 2542/2869/2542 2543/2870/2543
f 2521/2846/2521 2543/2870/2543 2523/2848/2523
f 2523/2848/2523 2543/2870/2543 2544/2871/2544
f 2523/2848/2523 2544/2871/2544 2525/2850/2525
f 2525/2850/2525 2544/2871/2544 2545/2872/2545
f 2525/2850/2525 2545/2872/2545 2527/2852/2527
f 2527/2852/2527 2545/2872/2545 2546/2873/2546
f 2527/2852/2527 2546/2873/2546 2529/2854/2529
f 2529/2854/2529 2546/2873/2546 2547/2874/2547
f 2529/2854/2529 2547/2874/2547 2531/2856/2531
f 2531/2856/2531 2547/2874/2547 2548/2875/2548
f 2531/2856/2531 2548/2875/2548 2533/2858/2533
f 2533/2858/2533 2548/2875/2548 2549/2876/2549
f 2533/2858/2533 2549/2876/2549 2535/2860/2535
f 2535/2860/2535 2549/2876/2549 2550/2877/2550
f 2535/2860/2535 2550/2877/2550 1431/2878/1431
f 2428/2862/2428 2430/2879/2430 2536/2863/2536
f 2536/2863/2536 2430/2879/2430 2551/2880/2551
f 2536/2863/2536 2551/2880/2551 2537/2864/2537
f 2537/2864/2537 2551/2880/2551 2552/2881/2552
f 2537/2864/2537 2552/2881/2552 2538/2865/2538
f 2538/2865/2538 2552/2881/2552 2553/2882/2553
f 2538/2865/2538 2553/2882/2553 2539/2866/2539
f 2539/2866/2539 2553/2882/2553 2554/2883/2554
f 2539/2866/2539 2554/2883/2554 2540/2867/2540
f 2540/2867/2540 2554/2883/2554 2555/2884/2555
f 2540/2867/2540 2555/2884/2555 2541/2868/2541
f 2541/2868/2541 2555/2884/2555 2556/2885/2556
f 2541/2868/2541 2556/2885/2556 2542/2869/2542
f 2542/2869/2542 2556/2885/2556 2557/2886/2557
f 2542/2869/2542 2557/2886/2557 2543/2870/2543
f 2543/2870/2543 2557/2886/2557 2558/2887/2558
f 2543/2870/2543 2558/2887/2558 2544/2871/2544
f 2544/2871/2544 2558/2887/2558 2559/2888/2559
f 2544/2871/2544 2559/2888/2559 2545/2872/2545
f 2545/2872/2545 2559/2888/2559 2560/2889/2560
f 2545/2872/2545 2560/2889/2560 2546/2873/2546
f 2546/2873/2546 2560/2889/2560 2561/2890/2561
f 2546/2873/2546 2561/2890/2561 2547/2874/2547
f 2547/2874/2547 2561/2890/2561 2562/2891/2562
f 2547/2874/2547 2562/2891/2562 2548/2875/2548
f 2548/2875/2548 2562/2891/2562 2563/2892/2563
f 2548/2875/2548 2563/2892/2563 2549/2876/2549
f 2549/2876/2549 2563/2892/2563 2564/2893/2564
f 2549/2876/2549 2564/2893/2564 2550/2877/2550
f 2550/2877/2550 2564/2893/2564 2565/2894/2565
f 2550/2877/2550 2565/2894/2565 1431/2895/1431
f 2430/2879/2430 2431/2896/2431 2551/2880/2551
f 2551/2880/2551 2431/2896/2431 2566/2897/2566
f 2551/2880/2551 2566/2897/2566 2552/2881/2552
f 2552/2881/2552 2566/2897/2566 2567/2898/2567
f 2552/2881/2552 2567/2898/2567 2553/2882/2553
f 2553/2882/2553 2567/2898/2567 2568/2899/2568
f 2553/2882/2553 2568/2899/2568 2554/2883/2554
f 2554/2883/2554 2568/2899/2568 2569/2900/2569
f 2554/2883/2554 2569/2900/2569 2555/2884/2555
f 2555/2884/2555 2569/2900/2569 2570/2901/2570
f 2555/2884/2555 2570/2901/2570 2556/2885/2556
f 2556/2885/2556 2570/2901/2570 2571/2902/2571
f 2556/2885/2556 2571/2902/2571 2557/2886/2557
f 2557/2886/2557 2571/2902/2571 2572/2903/2572
f 2557/2886/2557 2572/2903/2572 2558/2887/2558
f 2558/2887/2558 2572/2903/2572 2573/2904/2573
f 2558/2887/2558 2573/2904/2573 2559/2888/2559
f 2559/2888/2559 2573/2904/2573 2574/2905/2574
f 2559/2888/2559 2574/2905/2574 2560/2889/2560
f 2560/2889/2560 2574/2905/2574 2575/2906/2575
f 2560/2889/2560 2575/2906/2575 2561/2890/2561
f 2561/2890/2561 2575/2906/2575 2576/2907/2576
f 2561/2890/2561 2576/2907/2576 2562/2891/2562
f 2562/2891/2562 2576/2907/2576 2577/2908/2577
f 2562/2891/2562 2577/2908/2577 2563/2892/2563
f 2563/2892/2563 2577/2908/2577 2578/2909/2578
f 2563/2892/2563 2578/2909/2578 2564/2893/2564
f 2564/2893/2564 2578/2909/2578 2579/2910/2579
f 2564/2893/2564 2579/2910/2579 2565/2894/2565
f 2565/2894/2565 2579/2910/2579 2580/2911/2580
f 2565/2894/2565 2580/2911/2580 1431/2912/1431
f 2431/2896/2431 2433/2913/2433 2566/2897/2566
f 2566/2897/2566 2433/2913/2433 2581/2914/2581
f 2566/2897/2566 2581/2914/2581 2567/2898/2567
f 2567/2898/2567 2581/2914/2581 2582/2915/2582
f 2567/2898/2567 2582/2915/2582 2568/2899/2568
f 2568/2899/2568 2582/2915/2582 2583/2916/2583
f 2568/2899/2568 2583/2916/2583 2569/2900/2569
f 2569/2900/2569 2583/2916/2583 2584/2917/2584
f 2569/2900/2569 2584/2917/2584 2570/2901/2570
f 2570/2901/2570 2584/2917/2584 2585/2918/2585
f 2570/2901/2570 2585/2918/2585 2571/2902/2571
f 2571/2902/2571 2585/2918/2585 2586/2919/2586
f 2571/2902/2571 2586/2919/2586 2572/2903/2572
f 2572/2903/2572 2586/2919/2586 2587/2920/2587
f 2572/2903/2572 2587/2920/2587 2573/2904/2573
f 2573/2904/2573 2587/2920/2587 2588/2921/2588
f 2573/2904/2573 2588/2921/2588 2574/2905/2574
f 2574/2905/2574 2588/2921/2588 2589/2922/2589
f 2574/2905/2574 2589/2922/2589 2575/2906/2575
f 2575/2906/2575 2589/2922/2589 2590/2923/2590
f 2575/2906/2575 2590/2923/2590 2576/2907/2576
f 2576/2907/2576 2590/2923/2590 2591/2924/2591
f 2576/2907/2576 2591/2924/2591 2577/2908/2577
f 2577/2908/2577 2591/2924/2591 2592/2925/2592
f 2577/2908/2577 2592/2925/2592 2578/2909/2578
f 2578/2909/2578 2592/2925/2592 2593/2926/2593
f 2578/2909/2578 2593/2926/2593 2579/2910/2579
f 2579/2910/2579 2593/2926/2593 2594/2927/2594
f 2579/2910/2579 2594/2927/2594 2580/2911/2580
f 2580/2911/2580 2594/2927/2594 2595/2928/2595
f 2580/2911/2580 2595/2928/2595 1431/2929/1431
f 2433/2913/2433 2435/2930/2435 2581/2914/2581
f 2581/2914/2581 2435/2930/2435 2582/2915/2582
f 2435/2930/2435 2436/2931/2436 2582/2915/2582
f 2582/2915/2582 2436/2931/2436 2438/2932/2438
f 2582/2915/2582 2438/2932/2438 2583/2916/2583
f 2583/2916/2583 2438/2932/2438 2440/2933/2440
f 2583/2916/2583 2440/2933/2440 2596/2934/2596
f 2596/2934/2596 2440/2933/2440 2441/2935/2441
f 2596/2934/2596 2441/2935/2441 2597/2936/2597
f 2597/2936/2597 2441/2935/2441 2443/2937/2443
f 2597/2936/2597 2443/2937/2443 2598/2938/2598
f 2598/2938/2598 2443/2937/2443 2445/2939/2445
f 2598/2938/2598 2445/2939/2445 2599/2940/2599
f 2599/2940/2599 2445/2939/2445 2446/2941/2446
f 2599/2940/2599 2446/2941/2446 2600/2942/2600
f 2600/2942/2600 2446/2941/2446 2448/2943/2448
f 2600/2942/2600 2448/2943/2448 2601/2944/2601
f 2601/2944/2601 2448/2943/2448 2449/2945/2449
f 2601/2944/2601 2449/2945/2449 2451/2946/2451
f 2601/2944/2601 2451/2946/2451 2602/2947/2602
f 2602/2947/2602 2451/2946/2451 2453/2948/2453
f 2602/2947/2602 2453/2948/2453 2603/2949/2603
f 2603/2949/2603 2453/2948/2453 2454/2950/2454
f 2603/2949/2603 2454/2950/2454 2604/2951/2604
f 2604/2951/2604 2454/2950/2454 2605/2952/2605
f 2604/2951/2604 2605/2952/2605 2606/2953/2606
f 2606/2953/2606 2605/2952/2605 2607/2954/2607
f 2606/2953/2606 2607/2954/2607 2608/2955/2608
f 2608/2955/2608 2607/2954/2607 2609/2956/2609
f 2608/2955/2608 2609/2956/2609 2610/2957/2610
f 2610/2957/2610 2609/2956/2609 2611/2958/2611
f 2610/2957/2610 2611/2958/2611 2612/2959/2612
f 2612/2959/2612 2611/2958/2611 2613/2960/2613
f 2612/2959/2612 2613/2960/2613 2614/2961/2614
f 2614/2961/2614 2613/2960/2613 2615/2962/2615
f 2614/2961/2614 2615/2962/2615 2616/2963/2616
f 2616/2963/2616 2615/2962/2615 2617/2964/2617
f 2616/2963/2616 2617/2964/2617 2618/2965/2618
f 2618/2965/2618 2617/2964/2617 2619/2966/2619
f 2618/2965/2618 2619/2966/2619 2620/2967/2620
f 2620/2967/2620 2619/2966/2619 2621/2968/2621
f 2620/2967/2620 2621/2968/2621 2622/2969/2622
f 2622/2969/2622 2621/2968/2621 2623/2970/2623
f 2622/2969/2622 2623/2970/2623 2624/2971/2624
f 2624/2971/2624 2623/2970/2623 2625/2972/2625
f 2624/2971/2624 2625/2972/2625 2626/2973/2626
f 2626/2973/2626 2625/2972/2625 2627/2974/2627
f 2626/2973/2626 2627/2974/2627 2628/2975/2628
f 2628/2975/2628 2627/2974/2627 2629/2976/2629
f 2628/2975/2628 2629/2976/2629 1431/2977/1431
f 2454/2950/2454 2456/2978/2456 2605/2952/2605
f 2605/2952/2605 2456/2978/2456 2630/2979/2630
f 2605/2952/2605 2630/2979/2630 2607/2954/2607
f 2607/2954/2607 2630/2979/2630 2631/2980/2631
f 2607/2954/2607 2631/2980/2631 2609/2956/2609
f 2609/2956/2609 2631/2980/2631 2632/2981/2632
f 2609/2956/2609 2632/2981/2632 2611/2958/2611
f 2611/2958/2611 2632/2981/2632 2633/2982/2633
f 2611/2958/2611 2633/2982/2633 2613/2960/2613
f 2613/2960/2613 2633/2982/2633 2634/2983/2634
f 2613/2960/2613 2634/2983/2634 2615/2962/2615
f 2615/2962/2615 2634/2983/2634 2635/2984/2635
f 2615/2962/2615 2635/2984/2635 2617/2964/2617
f 2617/2964/2617 2635/2984/2635 2636/2985/2636
f 2617/2964/2617 2636/2985/2636 2619/2966/2619
f 2619/2966/2619 2636/2985/2636 2637/2986/2637
f 2619/2966/2619 2637/2986/2637 2621/2968/2621
f 2621/2968/2621 2637/2986/2637 2638/2987/2638
f 2621/2968/2621 2638/2987/2638 2623/2970/2623
f 2623/2970/2623 2638/2987/2638 2639/2988/2639
f 2623/2970/2623 2639/2988/2639 2625/2972/2625
f 2625/2972/2625 2639/2988/2639 2640/2989/2640
f 2625/2972/2625 2640/2989/2640 2627/2974/2627
f 2627/2974/2627 2640/2989/2640 2641/2990/2641
f 2627/2974/2627 2641/2990/2641 2629/2976/2629
f 2629/2976/2629 2641/2990/2641 2642/2991/2642
f 2629/2976/2629 2642/2991/2642 1431/2992/1431
f 2456/2978/2456 2458/2993/2458 2630/2979/2630
f 2630/2979/2630 2458/2993/2458 2643/2994/2643
f 2630/2979/2630 2643/2994/2643 2631/2980/2631
f 2631/2980/2631 2643/2994/2643 2644/2995/2644
f 2631/2980/2631 2644/2995/2644 2632/2981/2632
f 2632/2981/2632 2644/2995/2644 2645/2996/2645
f 2632/2981/2632 2645/2996/2645 2633/2982/2633
f 2633/2982/2633 2645/2996/2645 2646/2997/2646
f 2633/2982/2633 2646/2997/2646 2634/2983/2634
f 2634/2983/2634 2646/2997/2646 2647/2998/2647
f 2634/2983/2634 2647/2998/2647 2635/2984/2635
f 2635/2984/2635 2647/2998/2647 2648/2999/2648
f 2635/2984/2635 2648/2999/2648 2636/2985/2636
f 2636/2985/2636 2648/2999/2648 2649/3000/2649
f 2636/2985/2636 2649/3000/2649 2637/2986/2637
f 2637/2986/2637 2649/3000/2649 2650/3001/2650
f 2637/2986/2637 2650/3001/2650 2638/2987/2638
f 2638/2987/2638 2650/3001/2650 2651/3002/2651
f 2638/2987/2638 2651/3002/2651 2639/2988/2639
f 2639/2988/2639 2651/3002/2651 2652/3003/2652
f 2639/2988/2639 2652/3003/2652 2640/2989/2640
f 2640/2989/2640 2652/3003/2652 2653/3004/2653
f 2640/2989/2640 2653/3004/2653 2641/2990/2641
f 2641/2990/2641 2653/3004/2653 2654/3005/2654
f 2641/2990/2641 2654/3005/2654 2642/2991/2642
f 2642/2991/2642 2654/3005/2654 1447/3006/1445
f 2642/2991/2642 1447/3006/1445 1431/3007/1431
f 2458/2993/2458 2459/3008/2459 2643/2994/2643
f 2643/2994/2643 2459/3008/2459 2655/3009/2655
f 2643/2994/2643 2655/3009/2655 2644/2995/2644
f 2644/2995/2644 2655/3009/2655 2656/3010/2656
f 2644/2995/2644 2656/3010/2656 2645/2996/2645
f 2645/2996/2645 2656/3010/2656 2657/3011/2657
f 2645/2996/2645 2657/3011/2657 2646/2997/2646
f 2646/2997/2646 2657/3011/2657 2658/3012/2658
f 2646/2997/2646 2658/3012/2658 2647/2998/2647
f 2647/2998/2647 2658/3012/2658 2659/3013/2659
f 2647/2998/2647 2659/3013/2659 2648/2999/2648
f 2648/2999/2648 2659/3013/2659 2660/3014/2660
f 2648/2999/2648 2660/3014/2660 2649/3000/2649
f 2649/3000/2649 2660/3014/2660 2661/3015/2661
f 2649/3000/2649 2661/3015/2661 2650/3001/2650
f 2650/3001/2650 2661/3015/2661 2662/3016/2662
f 2650/3001/2650 2662/3016/2662 2651/3002/2651
f 2651/3002/2651 2662/3016/2662 2663/3017/2663
f 2651/3002/2651 2663/3017/2663 2652/3003/2652
f 2652/3003/2652 2663/3017/2663 2664/3018/2664
f 2652/3003/2652 2664/3018/2664 2653/3004/2653
f 2653/3004/2653 2664/3018/2664 2665/3019/2665
f 2653/3004/2653 2665/3019/2665 2654/3005/2654
f 2654/3005/2654 2665/3019/2665 1445/3020/1447
f 2654/3005/2654 1445/3020/1447 1447/3006/1445
f 2459/3008/2459 2461/3021/2461 2655/3009/2655
f 2655/3009/2655 2461/3021/2461 2666/3022/2666
f 2655/3009/2655 2666/3022/2666 2656/3010/2656
f 2656/3010/2656 2666/3022/2666 2667/3023/2667
f 2656/3010/2656 2667/3023/2667 2657/3011/2657
f 2657/3011/2657 2667/3023/2667 2668/3024/2668
f 2657/3011/2657 2668/3024/2668 2658/3012/2658
f 2658/3012/2658 2668/3024/2668 2669/3025/2669
f 2658/3012/2658 2669/3025/2669 2659/3013/2659
f 2659/3013/2659 2669/3025/2669 2670/3026/2670
f 2659/3013/2659 2670/3026/2670 2660/3014/2660
f 2660/3014/2660 2670/3026/2670 2671/3027/2671
f 2660/3014/2660 2671/3027/2671 2661/3015/2661
f 2661/3015/2661 2671/3027/2671 2672/3028/2672
f 2661/3015/2661 2672/3028/2672 2662/3016/2662
f 2662/3016/2662 2672/3028/2672 2673/3029/2673
f 2662/3016/2662 2673/3029/2673 2663/3017/2663
f 2663/3017/2663 2673/3029/2673 2674/3030/2674
f 2663/3017/2663 2674/3030/2674 2664/3018/2664
f 2664/3018/2664 2674/3030/2674 2675/3031/2675
f 2664/3018/2664 2675/3031/2675 2665/3019/2665
f 2665/3019/2665 2675/3031/2675 1451/3032/1451
f 2665/3019/2665 1451/3032/1451 1450/3033/1450
f 2461/3021/2461 2463/3034/2463 2666/3022/2666
f 2666/3022/2666 2463/3034/2463 2676/3035/2676
f 2666/3022/2666 2676/3035/2676 2667/3023/2667
f 2667/3023/2667 2676/3035/2676 2677/3036/2677
f 2667/3023/2667 2677/3036/2677 2668/3024/2668
f 2668/3024/2668 2677/3036/2677 2678/3037/2678
f 2668/3024/2668 2678/3037/2678 2669/3025/2669
f 2669/3025/2669 2678/3037/2678 2679/3038/2679
f 2669/3025/2669 2679/3038/2679 2670/3026/2670
f 2670/3026/2670 2679/3038/2679 2680/3039/2680
f 2670/3026/2670 2680/3039/2680 2671/3027/2671
f 2671/3027/2671 2680/3039/2680 2681/3040/2681
f 2671/3027/2671 2681/3040/2681 2672/3028/2672
f 2672/3028/2672 2681/3040/2681 2682/3041/2682
f 2672/3028/2672 2682/3041/2682 2673/3029/2673
f 2673/3029/2673 2682/3041/2682 2683/3042/2683
f 2673/3029/2673 2683/3042/2683 2674/3030/2674
f 2674/3030/2674 2683/3042/2683 2684/3043/2684
f 2674/3030/2674 2684/3043/2684 2675/3031/2675
f 2675/3031/2675 2684/3043/2684 1451/3032/1451
f 2463/3034/2463 2464/3044/2464 2676/3035/2676
f 2676/3035/2676 2464/3044/2464 2685/3045/2685
f 2676/3035/2676 2685/3045/2685 2677/3036/2677
f 2677/3036/2677 2685/3045/2685 2686/3046/2686
f 2677/3036/2677 2686/3046/2686 2678/3037/2678
f 2678/3037/2678 2686/3046/2686 2687/3047/2687
f 2678/3037/2678 2687/3047/2687 2679/3038/2679
f 2679/3038/2679 2687/3047/2687 2688/3048/2688
f 2679/3038/2679 2688/3048/2688 2680/3039/2680
f 2680/3039/2680 2688/3048/2688 2689/3049/2689
f 2680/3039/2680 2689/3049/2689 2681/3040/2681
f 2681/3040/2681 2689/3049/2689 2690/3050/2690
f 2681/3040/2681 2690/3050/2690 2682/3041/2682
f 2682/3041/2682 2690/3050/2690 2691/3051/2691
f 2682/3041/2682 2691/3051/2691 2683/3042/2683
f 2683/3042/2683 2691/3051/2691 2692/3052/2692
f 2683/3042/2683 2692/3052/2692 2684/3043/2684
f 2684/3043/2684 2692/3052/2692 1452/3053/1453
f 2684/3043/2684 1452/3053/1453 1451/3032/1451
f 2464/3044/2464 2466/3054/2466 2685/3045/2685
f 2685/3045/2685 2466/3054/2466 2693/3055/2693
f 2685/3045/2685 2693/3055/2693 2686/3046/2686
f 2686/3046/2686 2693/3055/2693 2694/3056/2694
f 2686/3046/2686 2694/3056/2694 2687/3047/2687
f 2687/3047/2687 2694/3056/2694 2695/3057/2695
f 2687/3047/2687 2695/3057/2695 2688/3048/2688
f 2688/3048/2688 2695/3057/2695 2696/3058/2696
f 2688/3048/2688 2696/3058/2696 2689/3049/2689
f 2689/3049/2689 2696/3058/2696 2697/3059/2697
f 2689/3049/2689 2697/3059/2697 2690/3050/2690
f 2690/3050/2690 2697/3059/2697 2698/3060/2698
f 2690/3050/2690 2698/3060/2698 2691/3051/2691
f 2691/3051/2691 2698/3060/2698 2699/3061/2699
f 2691/3051/2691 2699/3061/2699 2692/3052/2692
f 2692/3052/2692 2699/3061/2699 1461/3062/1461
f 2692/3052/2692 1461/3062/1461 1452/3053/1453
f 2466/3054/2466 2467/3063/2467 2693/3055/2693
f 2693/3055/2693 2467/3063/2467 2700/3064/2700
f 2693/3055/2693 2700/3064/2700 2694/3056/2694
f 2694/3056/2694 2700/3064/2700 2701/3065/2701
f 2694/3056/2694 2701/3065/2701 2695/3057/2695
f 2695/3057/2695 2701/3065/2701 2702/3066/2702
f 2695/3057/2695 2702/3066/2702 2696/3058/2696
f 2696/3058/2696 2702/3066/2702 2703/3067/2703
f 2696/3058/2696 2703/3067/2703 2697/3059/2697
f 2697/3059/2697 2703/3067/2703 2704/3068/2704
f 2697/3059/2697 2704/3068/2704 2698/3060/2698
f 2698/3060/2698 2704/3068/2704 2705/3069/2705
f 2698/3060/2698 2705/3069/2705 2699/3061/2699
f 2699/3061/2699 2705/3069/2705 1463/3070/1463
f 2699/3061/2699 1463/3070/1463 1461/3062/1461
f 2700/3064/2700 2467/3063/2467 2706/3071/2706
f 2706/3071/2706 2467/3063/2467 2469/3072/2469
f 2706/3071/2706 2469/3072/2469 2707/3073/2707
f 2707/3073/2707 2469/3072/2469 2471/3074/2471
f 2707/3073/2707 2471/3074/2471 2708/3075/2708
f 2708/3075/2708 2471/3074/2471 2473/3076/2473
f 2708/3075/2708 2473/3076/2473 2709/3077/2709
f 2709/3077/2709 2473/3076/2473 2475/3078/2475
f 2709/3077/2709 2475/3078/2475 2710/3079/2710
f 2710/3079/2710 2475/3078/2475 1476/3080/1476
f 2710/3079/2710 1476/3080/1476 1474/3081/1474
f 2475/3078/2475 1478/3082/1478 1476/3080/1476
f 2710/3079/2710 1474/3081/1474 2711/3083/2711
f 2711/3083/2711 1474/3081/1474 1472/3084/1472
f 2711/3083/2711 1472/3084/1472 2712/3085/2712
f 2712/3085/2712 1472/3084/1472 1471/3086/1471
f 2712/3085/2712 1471/3086/1471 1469/3087/1469
f 2712/3085/2712 1469/3087/1469 2713/3088/2713
f 2713/3088/2713 1469/3087/1469 1467/3089/1467
f 2713/3088/2713 1467/3089/1467 2714/3090/2714
f 2714/3090/2714 1467/3089/1467 1465/3091/1465
f 2714/3090/2714 1465/3091/1465 2705/3069/2705
f 2705/3069/2705 1465/3091/1465 1463/3070/1463
f 1450/3033/1450 1445/3020/1447 2665/3019/2665
f 2628/2975/2628 1431/3093/1431 2715/3092/2715
f 2715/3092/2715 1431/3095/1431 2716/3094/2716
f 2716/3094/2716 1431/3097/1431 2717/3096/2717
f 2717/3096/2717 1431/3099/1431 2718/3098/2718
f 2718/3098/2718 1431/3101/1431 2719/3100/2719
f 2719/3100/2719 1431/3103/1431 2720/3102/2720
f 2720/3102/2720 1431/3105/1431 2721/3104/2721
f 2721/3104/2721 1431/3107/1431 2722/3106/2722
f 2722/3106/2722 1431/3108/1431 2595/2928/2595
f 2534/2859/2534 1431/3110/1431 2723/3109/2723
f 2723/3109/2723 1431/3112/1431 2724/3111/2724
f 2724/3111/2724 1431/3114/1431 2725/3113/2725
f 2725/3113/2725 1431/3116/1431 2726/3115/2726
f 2726/3115/2726 1431/3118/1431 2727/3117/2727
f 2727/3117/2727 1431/3120/1431 2728/3119/2728
f 2728/3119/2728 1431/3122/1431 2729/3121/2729
f 2730/3125/2731 1431/3124/1431 2731/3123/2730
f 2731/3123/2730 1431/3126/1431 2498/2810/2498
f 2497/2809/2497 1431/3128/1431 2732/3127/2732
f 2732/3127/2732 1431/3129/1431 2490/2798/2490
f 1431/3131/1431 2733/3130/2733 2729/3121/2729
f 2729/3121/2729 2733/3130/2733 2734/3132/2734
f 2729/3121/2729 2734/3132/2734 2728/3119/2728
f 2728/3119/2728 2734/3132/2734 2735/3133/2735
f 2728/3119/2728 2735/3133/2735 2727/3117/2727
f 2727/3117/2727 2735/3133/2735 2736/3134/2736
f 2727/3117/2727 2736/3134/2736 2726/3115/2726
f 2726/3115/2726 2736/3134/2736 2737/3135/2737
f 2726/3115/2726 2737/3135/2737 2725/3113/2725
f 2725/3113/2725 2737/3135/2737 2738/3136/2738
f 2725/3113/2725 2738/3136/2738 2724/3111/2724
f 2724/3111/2724 2738/3136/2738 2739/3137/2739
f 2724/3111/2724 2739/3137/2739 2723/3109/2723
f 2723/3109/2723 2739/3137/2739 2532/2857/2532
f 2723/3109/2723 2532/2857/2532 2534/2859/2534
f 2733/3130/2733 1431/3131/1431 2730/3125/2731
f 2506/2827/2506 2508/2833/2508 2505/2825/2505
f 2505/2825/2505 2508/2833/2508 2740/3138/2740
f 2505/2825/2505 2740/3138/2740 2504/2822/2504
f 2504/2822/2504 2740/3138/2740 2741/3139/2741
f 2504/2822/2504 2741/3139/2741 2503/2820/2503
f 2503/2820/2503 2741/3139/2741 2742/3140/2742
f 2503/2820/2503 2742/3140/2742 2502/2818/2502
f 2502/2818/2502 2742/3140/2742 2743/3141/2743
f 2502/2818/2502 2743/3141/2743 2501/2816/2501
f 2501/2816/2501 2743/3141/2743 2744/3142/2744
f 2501/2816/2501 2744/3142/2744 2500/2814/2500
f 2500/2814/2500 2744/3142/2744 2745/3143/2745
f 2500/2814/2500 2745/3143/2745 2499/2812/2499
f 2499/2812/2499 2745/3143/2745 2746/3144/2746
f 2499/2812/2499 2746/3144/2746 2492/2803/2492
f 2492/2803/2492 2746/3144/2746 2747/3145/2747
f 2492/2803/2492 2747/3145/2747 2493/2805/2493
f 2493/2805/2493 2747/3145/2747 2494/2806/2494
f 2732/3127/2732 2490/2798/2490 2489/2796/2489
f 2732/3127/2732 2489/2796/2489 2495/2807/2495
f 2495/2807/2495 2489/2796/2489 2491/2800/2491
f 2508/2833/2508 2510/2835/2510 2740/3138/2740
f 2740/3138/2740 2510/2835/2510 2748/3146/2748
f 2740/3138/2740 2748/3146/2748 2741/3139/2741
f 2741/3139/2741 2748/3146/2748 2749/3147/2749
f 2741/3139/2741 2749/3147/2749 2742/3140/2742
f 2742/3140/2742 2749/3147/2749 2750/3148/2750
f 2742/3140/2742 2750/3148/2750 2743/3141/2743
f 2743/3141/2743 2750/3148/2750 2751/3149/2751
f 2743/3141/2743 2751/3149/2751 2744/3142/2744
f 2744/3142/2744 2751/3149/2751 2752/3150/2752
f 2744/3142/2744 2752/3150/2752 2745/3143/2745
f 2745/3143/2745 2752/3150/2752 2753/3151/2753
f 2745/3143/2745 2753/3151/2753 2746/3144/2746
f 2746/3144/2746 2753/3151/2753 2754/3152/2754
f 2746/3144/2746 2754/3152/2754 2747/3145/2747
f 2747/3145/2747 2754/3152/2754 2755/3153/2755
f 2747/3145/2747 2755/3153/2755 2494/2806/2494
f 2494/2806/2494 2755/3153/2755 2496/2808/2496
f 2497/2809/2497 2732/3127/2732 2495/2807/2495
f 2510/2835/2510 2512/2837/2512 2748/3146/2748
f 2748/3146/2748 2512/2837/2512 2756/3154/2756
f 2748/3146/2748 2756/3154/2756 2749/3147/2749
f 2749/3147/2749 2756/3154/2756 2757/3155/2757
f 2749/3147/2749 2757/3155/2757 2750/3148/2750
f 2750/3148/2750 2757/3155/2757 2758/3156/2758
f 2750/3148/2750 2758/3156/2758 2751/3149/2751
f 2751/3149/2751 2758/3156/2758 2759/3157/2759
f 2751/3149/2751 2759/3157/2759 2752/3150/2752
f 2752/3150/2752 2759/3157/2759 2760/3158/2760
f 2752/3150/2752 2760/3158/2760 2753/3151/2753
f 2753/3151/2753 2760/3158/2760 2761/3159/2761
f 2753/3151/2753 2761/3159/2761 2754/3152/2754
f 2754/3152/2754 2761/3159/2761 2762/3160/2762
f 2754/3152/2754 2762/3160/2762 2755/3153/2755
f 2755/3153/2755 2762/3160/2762 2763/3161/2763
f 2755/3153/2755 2763/3161/2763 2496/2808/2496
f 2496/2808/2496 2763/3161/2763 2498/2810/2498
f 2512/2837/2512 2514/2839/2514 2756/3154/2756
f 2756/3154/2756 2514/2839/2514 2764/3162/2764
f 2756/3154/2756 2764/3162/2764 2757/3155/2757
f 2757/3155/2757 2764/3162/2764 2765/3163/2765
f 2757/3155/2757 2765/3163/2765 2758/3156/2758
f 2758/3156/2758 2765/3163/2765 2766/3164/2766
f 2758/3156/2758 2766/3164/2766 2759/3157/2759
f 2759/3157/2759 2766/3164/2766 2767/3165/2767
f 2759/3157/2759 2767/3165/2767 2760/3158/2760
f 2760/3158/2760 2767/3165/2767 2768/3166/2768
f 2760/3158/2760 2768/3166/2768 2761/3159/2761
f 2761/3159/2761 2768/3166/2768 2769/3167/2769
f 2761/3159/2761 2769/3167/2769 2762/3160/2762
f 2762/3160/2762 2769/3167/2769 2770/3168/2770
f 2762/3160/2762 2770/3168/2770 2763/3161/2763
f 2763/3161/2763 2770/3168/2770 2731/3123/2730
f 2763/3161/2763 2731/3123/2730 2498/2810/2498
f 2514/2839/2514 2516/2841/2516 2764/3162/2764
f 2764/3162/2764 2516/2841/2516 2771/3169/2771
f 2764/3162/2764 2771/3169/2771 2765/3163/2765
f 2765/3163/2765 2771/3169/2771 2772/3170/2772
f 2765/3163/2765 2772/3170/2772 2766/3164/2766
f 2766/3164/2766 2772/3170/2772 2773/3171/2773
f 2766/3164/2766 2773/3171/2773 2767/3165/2767
f 2767/3165/2767 2773/3171/2773 2774/3172/2774
f 2767/3165/2767 2774/3172/2774 2768/3166/2768
f 2768/3166/2768 2774/3172/2774 2775/3173/2775
f 2768/3166/2768 2775/3173/2775 2769/3167/2769
f 2769/3167/2769 2775/3173/2775 2776/3174/2776
f 2769/3167/2769 2776/3174/2776 2770/3168/2770
f 2770/3168/2770 2776/3174/2776 2730/3125/2731
f 2770/3168/2770 2730/3125/2731 2731/3123/2730
f 2516/2841/2516 2518/2843/2518 2771/3169/2771
f 2771/3169/2771 2518/2843/2518 2777/3175/2777
f 2771/3169/2771 2777/3175/2777 2772/3170/2772
f 2772/3170/2772 2777/3175/2777 2778/3176/2778
f 2772/3170/2772 2778/3176/2778 2773/3171/2773
f 2773/3171/2773 2778/3176/2778 2779/3177/2779
f 2773/3171/2773 2779/3177/2779 2774/3172/2774
f 2774/3172/2774 2779/3177/2779 2780/3178/2780
f 2774/3172/2774 2780/3178/2780 2775/3173/2775
f 2775/3173/2775 2780/3178/2780 2781/3179/2781
f 2775/3173/2775 2781/3179/2781 2776/3174/2776
f 2776/3174/2776 2781/3179/2781 2782/3180/2782
f 2776/3174/2776 2782/3180/2782 2730/3125/2731
f 2730/3125/2731 2782/3180/2782 2733/3130/2733
f 2518/2843/2518 2520/2845/2520 2777/3175/2777
f 2777/3175/2777 2520/2845/2520 2783/3181/2783
f 2777/3175/2777 2783/3181/2783 2778/3176/2778
f 2778/3176/2778 2783/3181/2783 2784/3182/2784
f 2778/3176/2778 2784/3182/2784 2779/3177/2779
f 2779/3177/2779 2784/3182/2784 2785/3183/2785
f 2779/3177/2779 2785/3183/2785 2780/3178/2780
f 2780/3178/2780 2785/3183/2785 2786/3184/2786
f 2780/3178/2780 2786/3184/2786 2781/3179/2781
f 2781/3179/2781 2786/3184/2786 2787/3185/2787
f 2781/3179/2781 2787/3185/2787 2782/3180/2782
f 2782/3180/2782 2787/3185/2787 2734/3132/2734
f 2782/3180/2782 2734/3132/2734 2733/3130/2733
f 2520/2845/2520 2522/2847/2522 2783/3181/2783
f 2783/3181/2783 2522/2847/2522 2788/3186/2788
f 2783/3181/2783 2788/3186/2788 2784/3182/2784
f 2784/3182/2784 2788/3186/2788 2789/3187/2789
f 2784/3182/2784 2789/3187/2789 2785/3183/2785
f 2785/3183/2785 2789/3187/2789 2790/3188/2790
f 2785/3183/2785 2790/3188/2790 2786/3184/2786
f 2786/3184/2786 2790/3188/2790 2791/3189/2791
f 2786/3184/2786 2791/3189/2791 2787/3185/2787
f 2787/3185/2787 2791/3189/2791 2735/3133/2735
f 2787/3185/2787 2735/3133/2735 2734/3132/2734
f 2583/2916/2583 2596/2934/2596 2584/2917/2584
f 2584/2917/2584 2596/2934/2596 2792/3190/2792
f 2584/2917/2584 2792/3190/2792 2585/2918/2585
f 2585/2918/2585 2792/3190/2792 2793/3191/2793
f 2585/2918/2585 2793/3191/2793 2586/2919/2586
f 2586/2919/2586 2793/3191/2793 2794/3192/2794
f 2586/2919/2586 2794/3192/2794 2587/2920/2587
f 2587/2920/2587 2794/3192/2794 2795/3193/2795
f 2587/2920/2587 2795/3193/2795 2588/2921/2588
f 2588/2921/2588 2795/3193/2795 2796/3194/2796
f 2588/2921/2588 2796/3194/2796 2589/2922/2589
f 2589/2922/2589 2796/3194/2796 2797/3195/2797
f 2589/2922/2589 2797/3195/2797 2590/2923/2590
f 2590/2923/2590 2797/3195/2797 2798/3196/2798
f 2590/2923/2590 2798/3196/2798 2591/2924/2591
f 2591/2924/2591 2798/3196/2798 2799/3197/2799
f 2591/2924/2591 2799/3197/2799 2592/2925/2592
f 2592/2925/2592 2799/3197/2799 2800/3198/2800
f 2592/2925/2592 2800/3198/2800 2593/2926/2593
f 2593/2926/2593 2800/3198/2800 2801/3199/2801
f 2593/2926/2593 2801/3199/2801 2594/2927/2594
f 2594/2927/2594 2801/3199/2801 2802/3200/2802
f 2594/2927/2594 2802/3200/2802 2595/2928/2595
f 2595/2928/2595 2802/3200/2802 2722/3106/2722
f 2522/2847/2522 2524/2849/2524 2788/3186/2788
f 2788/3186/2788 2524/2849/2524 2803/3201/2803
f 2788/3186/2788 2803/3201/2803 2789/3187/2789
f 2789/3187/2789 2803/3201/2803 2804/3202/2804
f 2789/3187/2789 2804/3202/2804 2790/3188/2790
f 2790/3188/2790 2804/3202/2804 2805/3203/2805
f 2790/3188/2790 2805/3203/2805 2791/3189/2791
f 2791/3189/2791 2805/3203/2805 2736/3134/2736
f 2791/3189/2791 2736/3134/2736 2735/3133/2735
f 2596/2934/2596 2597/2936/2597 2792/3190/2792
f 2792/3190/2792 2597/2936/2597 2806/3204/2806
f 2792/3190/2792 2806/3204/2806 2793/3191/2793
f 2793/3191/2793 2806/3204/2806 2807/3205/2807
f 2793/3191/2793 2807/3205/2807 2794/3192/2794
f 2794/3192/2794 2807/3205/2807 2808/3206/2808
f 2794/3192/2794 2808/3206/2808 2795/3193/2795
f 2795/3193/2795 2808/3206/2808 2809/3207/2809
f 2795/3193/2795 2809/3207/2809 2796/3194/2796
f 2796/3194/2796 2809/3207/2809 2810/3208/2810
f 2796/3194/2796 2810/3208/2810 2797/3195/2797
f 2797/3195/2797 2810/3208/2810 2811/3209/2811
f 2797/3195/2797 2811/3209/2811 2798/3196/2798
f 2798/3196/2798 2811/3209/2811 2812/3210/2812
f 2798/3196/2798 2812/3210/2812 2799/3197/2799
f 2799/3197/2799 2812/3210/2812 2813/3211/2813
f 2799/3197/2799 2813/3211/2813 2800/3198/2800
f 2800/3198/2800 2813/3211/2813 2814/3212/2814
f 2800/3198/2800 2814/3212/2814 2801/3199/2801
f 2801/3199/2801 2814/3212/2814 2815/3213/2815
f 2801/3199/2801 2815/3213/2815 2802/3200/2802
f 2802/3200/2802 2815/3213/2815 2816/3214/2816
f 2802/3200/2802 2816/3214/2816 2722/3106/2722
f 2722/3106/2722 2816/3214/2816 2721/3104/2721
f 2524/2849/2524 2526/2851/2526 2803/3201/2803
f 2803/3201/2803 2526/2851/2526 2817/3215/2817
f 2803/3201/2803 2817/3215/2817 2804/3202/2804
f 2804/3202/2804 2817/3215/2817 2818/3216/2818
f 2804/3202/2804 2818/3216/2818 2805/3203/2805
f 2805/3203/2805 2818/3216/2818 2737/3135/2737
f 2805/3203/2805 2737/3135/2737 2736/3134/2736
f 2597/2936/2597 2598/2938/2598 2806/3204/2806
f 2806/3204/2806 2598/2938/2598 2819/3217/2819
f 2806/3204/2806 2819/3217/2819 2807/3205/2807
f 2807/3205/2807 2819/3217/2819 2820/3218/2820
f 2807/3205/2807 2820/3218/2820 2808/3206/2808
f 2808/3206/2808 2820/3218/2820 2821/3219/2821
f 2808/3206/2808 2821/3219/2821 2809/3207/2809
f 2809/3207/2809 2821/3219/2821 2822/3220/2822
f 2809/3207/2809 2822/3220/2822 2810/3208/2810
f 2810/3208/2810 2822/3220/2822 2823/3221/2823
f 2810/3208/2810 2823/3221/2823 2811/3209/2811
f 2811/3209/2811 2823/3221/2823 2824/3222/2824
f 2811/3209/2811 2824/3222/2824 2812/3210/2812
f 2812/3210/2812 2824/3222/2824 2825/3223/2825
f 2812/3210/2812 2825/3223/2825 2813/3211/2813
f 2813/3211/2813 2825/3223/2825 2826/3224/2826
f 2813/3211/2813 2826/3224/2826 2814/3212/2814
f 2814/3212/2814 2826/3224/2826 2827/3225/2827
f 2814/3212/2814 2827/3225/2827 2815/3213/2815
f 2815/3213/2815 2827/3225/2827 2828/3226/2828
f 2815/3213/2815 2828/3226/2828 2816/3214/2816
f 2816/3214/2816 2828/3226/2828 2829/3227/2829
f 2816/3214/2816 2829/3227/2829 2721/3104/2721
f 2721/3104/2721 2829/3227/2829 2720/3102/2720
f 2526/2851/2526 2528/2853/2528 2817/3215/2817
f 2817/3215/2817 2528/2853/2528 2830/3228/2830
f 2817/3215/2817 2830/3228/2830 2818/3216/2818
f 2818/3216/2818 2830/3228/2830 2738/3136/2738
f 2818/3216/2818 2738/3136/2738 2737/3135/2737
f 2598/2938/2598 2599/2940/2599 2819/3217/2819
f 2819/3217/2819 2599/2940/2599 2831/3229/2831
f 2819/3217/2819 2831/3229/2831 2820/3218/2820
f 2820/3218/2820 2831/3229/2831 2832/3230/2832
f 2820/3218/2820 2832/3230/2832 2821/3219/2821
f 2821/3219/2821 2832/3230/2832 2833/3231/2833
f 2821/3219/2821 2833/3231/2833 2822/3220/2822
f 2822/3220/2822 2833/3231/2833 2834/3232/2834
f 2822/3220/2822 2834/3232/2834 2823/3221/2823
f 2823/3221/2823 2834/3232/2834 2835/3233/2835
f 2823/3221/2823 2835/3233/2835 2824/3222/2824
f 2824/3222/2824 2835/3233/2835 2836/3234/2836
f 2824/3222/2824 2836/3234/2836 2825/3223/2825
f 2825/3223/2825 2836/3234/2836 2837/3235/2837
f 2825/3223/2825 2837/3235/2837 2826/3224/2826
f 2826/3224/2826 2837/3235/2837 2838/3236/2838
f 2826/3224/2826 2838/3236/2838 2827/3225/2827
f 2827/3225/2827 2838/3236/2838 2839/3237/2839
f 2827/3225/2827 2839/3237/2839 2828/3226/2828
f 2828/3226/2828 2839/3237/2839 2840/3238/2840
f 2828/3226/2828 2840/3238/2840 2829/3227/2829
f 2829/3227/2829 2840/3238/2840 2841/3239/2841
f 2829/3227/2829 2841/3239/2841 2720/3102/2720
f 2720/3102/2720 2841/3239/2841 2719/3100/2719
f 2739/3137/2739 2738/3136/2738 2830/3228/2830
f 2739/3137/2739 2830/3228/2830 2530/2855/2530
f 2530/2855/2530 2830/3228/2830 2528/2853/2528
f 2599/2940/2599 2600/2942/2600 2831/3229/2831
f 2831/3229/2831 2600/2942/2600 2842/3240/2842
f 2831/3229/2831 2842/3240/2842 2832/3230/2832
f 2832/3230/2832 2842/3240/2842 2843/3241/2843
f 2832/3230/2832 2843/3241/2843 2833/3231/2833
f 2833/3231/2833 2843/3241/2843 2844/3242/2844
f 2833/3231/2833 2844/3242/2844 2834/3232/2834
f 2834/3232/2834 2844/3242/2844 2845/3243/2845
f 2834/3232/2834 2845/3243/2845 2835/3233/2835
f 2835/3233/2835 2845/3243/2845 2846/3244/2846
f 2835/3233/2835 2846/3244/2846 2836/3234/2836
f 2836/3234/2836 2846/3244/2846 2847/3245/2847
f 2836/3234/2836 2847/3245/2847 2837/3235/2837
f 2837/3235/2837 2847/3245/2847 2848/3246/2848
f 2837/3235/2837 2848/3246/2848 2838/3236/2838
f 2838/3236/2838 2848/3246/2848 2849/3247/2849
f 2838/3236/2838 2849/3247/2849 2839/3237/2839
f 2839/3237/2839 2849/3247/2849 2850/3248/2850
f 2839/3237/2839 2850/3248/2850 2840/3238/2840
f 2840/3238/2840 2850/3248/2850 2851/3249/2851
f 2840/3238/2840 2851/3249/2851 2841/3239/2841
f 2841/3239/2841 2851/3249/2851 2852/3250/2852
f 2841/3239/2841 2852/3250/2852 2719/3100/2719
f 2719/3100/2719 2852/3250/2852 2718/3098/2718
f 2532/2857/2532 2739/3137/2739 2530/2855/2530
f 2600/2942/2600 2601/2944/2601 2842/3240/2842
f 2842/3240/2842 2601/2944/2601 2853/3251/2853
f 2842/3240/2842 2853/3251/2853 2843/3241/2843
f 2843/3241/2843 2853/3251/2853 2854/3252/2854
f 2843/3241/2843 2854/3252/2854 2844/3242/2844
f 2844/3242/2844 2854/3252/2854 2855/3253/2855
f 2844/3242/2844 2855/3253/2855 2845/3243/2845
f 2845/3243/2845 2855/3253/2855 2856/3254/2856
f 2845/3243/2845 2856/3254/2856 2846/3244/2846
f 2846/3244/2846 2856/3254/2856 2857/3255/2857
f 2846/3244/2846 2857/3255/2857 2847/3245/2847
f 2847/3245/2847 2857/3255/2857 2858/3256/2858
f 2847/3245/2847 2858/3256/2858 2848/3246/2848
f 2848/3246/2848 2858/3256/2858 2859/3257/2859
f 2848/3246/2848 2859/3257/2859 2849/3247/2849
f 2849/3247/2849 2859/3257/2859 2860/3258/2860
f 2849/3247/2849 2860/3258/2860 2850/3248/2850
f 2850/3248/2850 2860/3258/2860 2861/3259/2861
f 2850/3248/2850 2861/3259/2861 2851/3249/2851
f 2851/3249/2851 2861/3259/2861 2862/3260/2862
f 2851/3249/2851 2862/3260/2862 2852/3250/2852
f 2852/3250/2852 2862/3260/2862 2863/3261/2863
f 2852/3250/2852 2863/3261/2863 2718/3098/2718
f 2718/3098/2718 2863/3261/2863 2717/3096/2717
f 2601/2944/2601 2602/2947/2602 2853/3251/2853
f 2853/3251/2853 2602/2947/2602 2864/3262/2864
f 2853/3251/2853 2864/3262/2864 2854/3252/2854
f 2854/3252/2854 2864/3262/2864 2865/3263/2865
f 2854/3252/2854 2865/3263/2865 2855/3253/2855
f 2855/3253/2855 2865/3263/2865 2866/3264/2866
f 2855/3253/2855 2866/3264/2866 2856/3254/2856
f 2856/3254/2856 2866/3264/2866 2867/3265/2867
f 2856/3254/2856 2867/3265/2867 2857/3255/2857
f 2857/3255/2857 2867/3265/2867 2868/3266/2868
f 2857/3255/2857 2868/3266/2868 2858/3256/2858
f 2858/3256/2858 2868/3266/2868 2869/3267/2869
f 2858/3256/2858 2869/3267/2869 2859/3257/2859
f 2859/3257/2859 2869/3267/2869 2870/3268/2870
f 2859/3257/2859 2870/3268/2870 2860/3258/2860
f 2860/3258/2860 2870/3268/2870 2871/3269/2871
f 2860/3258/2860 2871/3269/2871 2861/3259/2861
f 2861/3259/2861 2871/3269/2871 2872/3270/2872
f 2861/3259/2861 2872/3270/2872 2862/3260/2862
f 2862/3260/2862 2872/3270/2872 2873/3271/2873
f 2862/3260/2862 2873/3271/2873 2863/3261/2863
f 2863/3261/2863 2873/3271/2873 2874/3272/2874
f 2863/3261/2863 2874/3272/2874 2717/3096/2717
f 2717/3096/2717 2874/3272/2874 2716/3094/2716
f 2602/2947/2602 2603/2949/2603 2864/3262/2864
f 2864/3262/2864 2603/2949/2603 2875/3273/2875
f 2864/3262/2864 2875/3273/2875 2865/3263/2865
f 2865/3263/2865 2875/3273/2875 2876/3274/2876
f 2865/3263/2865 2876/3274/2876 2866/3264/2866
f 2866/3264/2866 2876/3274/2876 2877/3275/2877
f 2866/3264/2866 2877/3275/2877 2867/3265/2867
f 2867/3265/2867 2877/3275/2877 2878/3276/2878
f 2867/3265/2867 2878/3276/2878 2868/3266/2868
f 2868/3266/2868 2878/3276/2878 2879/3277/2879
f 2868/3266/2868 2879/3277/2879 2869/3267/2869
f 2869/3267/2869 2879/3277/2879 2880/3278/2880
f 2869/3267/2869 2880/3278/2880 2870/3268/2870
f 2870/3268/2870 2880/3278/2880 2881/3279/2881
f 2870/3268/2870 2881/3279/2881 2871/3269/2871
f 2871/3269/2871 2881/3279/2881 2882/3280/2882
f 2871/3269/2871 2882/3280/2882 2872/3270/2872
f 2872/3270/2872 2882/3280/2882 2883/3281/2883
f 2872/3270/2872 2883/3281/2883 2873/3271/2873
f 2873/3271/2873 2883/3281/2883 2884/3282/2884
f 2873/3271/2873 2884/3282/2884 2874/3272/2874
f 2874/3272/2874 2884/3282/2884 2885/3283/2885
f 2874/3272/2874 2885/3283/2885 2716/3094/2716
f 2716/3094/2716 2885/3283/2885 2715/3092/2715
f 2876/3274/2876 2875/3273/2875 2606/2953/2606
f 2606/2953/2606 2875/3273/2875 2604/2951/2604
f 2604/2951/2604 2875/3273/2875 2603/2949/2603
f 2877/3275/2877 2876/3274/2876 2608/2955/2608
f 2608/2955/2608 2876/3274/2876 2606/2953/2606
f 2878/3276/2878 2877/3275/2877 2610/2957/2610
f 2610/2957/2610 2877/3275/2877 2608/2955/2608
f 2879/3277/2879 2878/3276/2878 2612/2959/2612
f 2612/2959/2612 2878/3276/2878 2610/2957/2610
f 2880/3278/2880 2879/3277/2879 2614/2961/2614
f 2614/2961/2614 2879/3277/2879 2612/2959/2612
f 2881/3279/2881 2880/3278/2880 2616/2963/2616
f 2616/2963/2616 2880/3278/2880 2614/2961/2614
f 2882/3280/2882 2881/3279/2881 2618/2965/2618
f 2618/2965/2618 2881/3279/2881 2616/2963/2616
f 2883/3281/2883 2882/3280/2882 2620/2967/2620
f 2620/2967/2620 2882/3280/2882 2618/2965/2618
f 2884/3282/2884 2883/3281/2883 2622/2969/2622
f 2622/2969/2622 2883/3281/2883 2620/2967/2620
f 2700/3064/2700 2706/3071/2706 2701/3065/2701
f 2701/3065/2701 2706/3071/2706 2886/3284/2886
f 2701/3065/2701 2886/3284/2886 2702/3066/2702
f 2702/3066/2702 2886/3284/2886 2887/3285/2887
f 2702/3066/2702 2887/3285/2887 2703/3067/2703
f 2703/3067/2703 2887/3285/2887 2888/3286/2888
f 2703/3067/2703 2888/3286/2888 2704/3068/2704
f 2704/3068/2704 2888/3286/2888 2714/3090/2714
f 2704/3068/2704 2714/3090/2714 2705/3069/2705
f 2884/3282/2884 2622/2969/2622 2624/2971/2624
f 2884/3282/2884 2624/2971/2624 2885/3283/2885
f 2885/3283/2885 2624/2971/2624 2626/2973/2626
f 2885/3283/2885 2626/2973/2626 2715/3092/2715
f 2715/3092/2715 2626/2973/2626 2628/2975/2628
f 2706/3071/2706 2707/3073/2707 2886/3284/2886
f 2886/3284/2886 2707/3073/2707 2889/3287/2889
f 2886/3284/2886 2889/3287/2889 2887/3285/2887
f 2887/3285/2887 2889/3287/2889 2890/3288/2890
f 2887/3285/2887 2890/3288/2890 2888/3286/2888
f 2888/3286/2888 2890/3288/2890 2713/3088/2713
f 2888/3286/2888 2713/3088/2713 2714/3090/2714
f 2707/3073/2707 2708/3075/2708 2889/3287/2889
f 2889/3287/2889 2708/3075/2708 2891/3289/2891
f 2889/3287/2889 2891/3289/2891 2890/3288/2890
f 2890/3288/2890 2891/3289/2891 2712/3085/2712
f 2890/3288/2890 2712/3085/2712 2713/3088/2713
f 2708/3075/2708 2709/3077/2709 2891/3289/2891
f 2891/3289/2891 2709/3077/2709 2711/3083/2711
f 2891/3289/2891 2711/3083/2711 2712/3085/2712
f 2710/3079/2710 2711/3083/2711 2709/3077/2709
f 2394/3292/2394 2892/3291/2892 1254/3290/1256
f 1254/3290/1256 2892/3291/2892 2893/3293/2893
f 1254/3290/1256 2893/3293/2893 1255/3294/1255
f 1255/3294/1255 2893/3293/2893 2894/3295/2894
f 1255/3294/1255 2894/3295/2894 1322/3296/1322
f 1322/3296/1322 2894/3295/2894 2895/3297/2895
f 1322/3296/1322 2895/3297/2895 1325/3298/1325
f 1325/3298/1325 2895/3297/2895 2896/3299/2896
f 1325/3298/1325 2896/3299/2896 1327/3300/1327
f 1327/3300/1327 2896/3299/2896 2897/3301/2897
f 1327/3300/1327 2897/3301/2897 2898/3302/2898
f 2898/3302/2898 2897/3301/2897 2899/3303/2899
f 2898/3302/2898 2899/3303/2899 2900/3304/2900
f 2900/3304/2900 2899/3303/2899 2901/3305/2901
f 2900/3304/2900 2901/3305/2901 2902/3306/2902
f 2902/3306/2902 2901/3305/2901 2903/3307/2903
f 2902/3306/2902 2903/3307/2903 2904/3308/2904
f 2904/3308/2904 2903/3307/2903 2905/3309/2905
f 2905/3309/2905 2903/3307/2903 2906/3310/2906
f 2905/3309/2905 2906/3310/2906 2907/3311/2907
f 2907/3311/2907 2906/3310/2906 2908/3312/2908
f 2907/3311/2907 2908/3312/2908 2909/3313/2909
f 2909/3313/2909 2908/3312/2908 2910/3314/2910
f 2909/3313/2909 2910/3314/2910 2911/3315/2911
f 2911/3315/2911 2910/3314/2910 2912/3316/2912
f 2912/3316/2912 2910/3314/2910 2913/3317/2913
f 2912/3316/2912 2913/3317/2913 2914/3318/2914
f 2914/3318/2914 2913/3317/2913 2915/3319/2915
f 2914/3318/2914 2915/3319/2915 2916/3320/2916
f 2916/3320/2916 2915/3319/2915 2917/3321/2917
f 2916/3320/2916 2917/3321/2917 2918/3322/2918
f 2918/3322/2918 2917/3321/2917 2919/3323/2919
f 2918/3322/2918 2919/3323/2919 2920/3324/2920
f 2920/3324/2920 2919/3323/2919 2921/3325/2921
f 2920/3324/2920 2921/3325/2921 2922/3326/2922
f 2922/3326/2922 2921/3325/2921 2923/3327/2923
f 2922/3326/2922 2923/3327/2923 2924/3328/2924
f 2924/3328/2924 2923/3327/2923 1165/3329/1165
f 1165/3329/1165 2923/3327/2923 2925/3330/2925
f 1165/3329/1165 2925/3330/2925 1332/3331/1332
f 1332/3331/1332 2925/3330/2925 2926/3332/2926
f 1332/3331/1332 2926/3332/2926 1333/3333/1333
f 1333/3333/1333 2926/3332/2926 2927/3334/2927
f 1333/3333/1333 2927/3334/2927 1330/3335/1330
f 1330/3335/1330 2927/3334/2927 2928/3336/2928
f 1330/3335/1330 2928/3336/2928 2929/3337/2929
f 2929/3337/2929 2928/3336/2928 2930/3338/2930
f 2929/3337/2929 2930/3338/2930 2931/3339/2931
f 2931/3339/2931 2930/3338/2930 2932/3340/2932
f 2931/3339/2931 2932/3340/2932 2933/3341/2933
f 2933/3341/2933 2932/3340/2932 2934/3342/2934
f 2933/3341/2933 2934/3342/2934 2935/3343/2935
f 2935/3343/2935 2934/3342/2934 2936/3344/2936
f 2935/3343/2935 2936/3344/2936 2375/3345/2375
f 2375/3345/2375 2936/3344/2936 2377/3346/2377
f 2377/3346/2377 2936/3344/2936 2937/3347/2937
f 2377/3346/2377 2937/3347/2937 2342/3348/2342
f 2342/3348/2342 2937/3347/2937 2938/3349/2938
f 2342/3348/2342 2938/3349/2938 2343/3350/2343
f 2343/3350/2343 2938/3349/2938 2379/3351/2379
f 2379/3351/2379 2938/3349/2938 2939/3352/2939
f 2379/3351/2379 2939/3352/2939 2313/3353/2313
f 2313/3353/2313 2939/3352/2939 2940/3354/2940
f 2313/3353/2313 2940/3354/2940 2311/3355/2311
f 2311/3355/2311 2940/3354/2940 2941/3356/2941
f 2311/3355/2311 2941/3356/2941 2382/3357/2382
f 2382/3357/2382 2941/3356/2941 2942/3358/2942
f 2382/3357/2382 2942/3358/2942 2387/3359/2387
f 2387/3359/2387 2942/3358/2942 2943/3360/2943
f 2387/3359/2387 2943/3360/2943 2391/3361/2391
f 2391/3361/2391 2943/3360/2943 2892/3291/2892
f 2391/3361/2391 2892/3291/2892 2394/3292/2394
f 2375/3345/2375 2373/3362/2373 2935/3343/2935
f 2935/3343/2935 2373/3362/2373 2944/3363/2944
f 2935/3343/2935 2944/3363/2944 2933/3341/2933
f 2933/3341/2933 2944/3363/2944 2945/3364/2945
f 2933/3341/2933 2945/3364/2945 2931/3339/2931
f 2931/3339/2931 2945/3364/2945 2946/3365/2946
f 2931/3339/2931 2946/3365/2946 2929/3337/2929
f 2929/3337/2929 2946/3365/2946 1292/3366/1292
f 2929/3337/2929 1292/3366/1292 1330/3335/1330
f 2373/3362/2373 2371/3367/2371 2944/3363/2944
f 2944/3363/2944 2371/3367/2371 2947/3368/2947
f 2944/3363/2944 2947/3368/2947 2945/3364/2945
f 2945/3364/2945 2947/3368/2947 2948/3369/2948
f 2945/3364/2945 2948/3369/2948 2946/3365/2946
f 2946/3365/2946 2948/3369/2948 1290/3370/1290
f 2946/3365/2946 1290/3370/1290 1292/3366/1292
f 2371/3367/2371 2369/3371/2369 2947/3368/2947
f 2947/3368/2947 2369/3371/2369 2949/3372/2949
f 2947/3368/2947 2949/3372/2949 2948/3369/2948
f 2948/3369/2948 2949/3372/2949 1288/3373/1288
f 2948/3369/2948 1288/3373/1288 1290/3370/1290
f 2369/3371/2369 2367/3374/2367 2949/3372/2949
f 2949/3372/2949 2367/3374/2367 1286/3375/1286
f 2949/3372/2949 1286/3375/1286 1288/3373/1288
f 2367/3374/2367 1284/3376/1284 1286/3375/1286
f 2904/3308/2904 2950/3377/2950 2902/3306/2902
f 2902/3306/2902 2950/3377/2950 2951/3378/2951
f 2902/3306/2902 2951/3378/2951 2900/3304/2900
f 2900/3304/2900 2951/3378/2951 2952/3379/2952
f 2900/3304/2900 2952/3379/2952 2898/3302/2898
f 2898/3302/2898 2952/3379/2952 1314/3380/1314
f 2898/3302/2898 1314/3380/1314 1327/3300/1327
f 2950/3377/2950 2953/3381/2953 2951/3378/2951
f 2951/3378/2951 2953/3381/2953 2954/3382/2954
f 2951/3378/2951 2954/3382/2954 2952/3379/2952
f 2952/3379/2952 2954/3382/2954 1310/3383/1310
f 2952/3379/2952 1310/3383/1310 1312/3384/1312
f 2953/3381/2953 2955/3385/2955 2954/3382/2954
f 2954/3382/2954 2955/3385/2955 945/3386/945
f 2954/3382/2954 945/3386/945 1310/3383/1310
f 1312/3384/1312 1314/3380/1314 2952/3379/2952
f 2893/3293/2893 2892/3291/2892 2956/3387/2956
f 2956/3387/2956 2892/3291/2892 2943/3360/2943
f 2956/3387/2956 2943/3360/2943 2957/3388/2957
f 2957/3388/2957 2943/3360/2943 2942/3358/2942
f 2957/3388/2957 2942/3358/2942 2958/3389/2958
f 2958/3389/2958 2942/3358/2942 2941/3356/2941
f 2958/3389/2958 2941/3356/2941 2959/3390/2959
f 2959/3390/2959 2941/3356/2941 2940/3354/2940
f 2959/3390/2959 2940/3354/2940 2960/3391/2960
f 2960/3391/2960 2940/3354/2940 2939/3352/2939
f 2960/3391/2960 2939/3352/2939 2961/3392/2961
f 2961/3392/2961 2939/3352/2939 2938/3349/2938
f 2961/3392/2961 2938/3349/2938 2962/3393/2962
f 2962/3393/2962 2938/3349/2938 2937/3347/2937
f 2962/3393/2962 2937/3347/2937 2963/3394/2963
f 2963/3394/2963 2937/3347/2937 2936/3344/2936
f 2963/3394/2963 2936/3344/2936 2934/3342/2934
f 2894/3295/2894 2893/3293/2893 2964/3395/2964
f 2964/3395/2964 2893/3293/2893 2956/3387/2956
f 2964/3395/2964 2956/3387/2956 2965/3396/2965
f 2965/3396/2965 2956/3387/2956 2957/3388/2957
f 2965/3396/2965 2957/3388/2957 2966/3397/2966
f 2966/3397/2966 2957/3388/2957 2958/3389/2958
f 2966/3397/2966 2958/3389/2958 2967/3398/2967
f 2967/3398/2967 2958/3389/2958 2959/3390/2959
f 2967/3398/2967 2959/3390/2959 2968/3399/2968
f 2968/3399/2968 2959/3390/2959 2960/3391/2960
f 2968/3399/2968 2960/3391/2960 2969/3400/2969
f 2969/3400/2969 2960/3391/2960 2961/3392/2961
f 2969/3400/2969 2961/3392/2961 2970/3401/2970
f 2970/3401/2970 2961/3392/2961 2962/3393/2962
f 2970/3401/2970 2962/3393/2962 2971/3402/2971
f 2971/3402/2971 2962/3393/2962 2963/3394/2963
f 2971/3402/2971 2963/3394/2963 2972/3403/2972
f 2972/3403/2972 2963/3394/2963 2934/3342/2934
f 2972/3403/2972 2934/3342/2934 2932/3340/2932
f 2895/3297/2895 2894/3295/2894 2973/3404/2973
f 2973/3404/2973 2894/3295/2894 2964/3395/2964
f 2973/3404/2973 2964/3395/2964 2974/3405/2974
f 2974/3405/2974 2964/3395/2964 2965/3396/2965
f 2974/3405/2974 2965/3396/2965 2975/3406/2975
f 2975/3406/2975 2965/3396/2965 2966/3397/2966
f 2975/3406/2975 2966/3397/2966 2976/3407/2976
f 2976/3407/2976 2966/3397/2966 2967/3398/2967
f 2976/3407/2976 2967/3398/2967 2977/3408/2977
f 2977/3408/2977 2967/3398/2967 2968/3399/2968
f 2977/3408/2977 2968/3399/2968 2978/3409/2978
f 2978/3409/2978 2968/3399/2968 2969/3400/2969
f 2978/3409/2978 2969/3400/2969 2979/3410/2979
f 2979/3410/2979 2969/3400/2969 2970/3401/2970
f 2979/3410/2979 2970/3401/2970 2980/3411/2980
f 2980/3411/2980 2970/3401/2970 2971/3402/2971
f 2980/3411/2980 2971/3402/2971 2981/3412/2981
f 2981/3412/2981 2971/3402/2971 2972/3403/2972
f 2981/3412/2981 2972/3403/2972 2982/3413/2982
f 2982/3413/2982 2972/3403/2972 2932/3340/2932
f 2982/3413/2982 2932/3340/2932 2930/3338/2930
f 2896/3299/2896 2895/3297/2895 2983/3414/2983
f 2983/3414/2983 2895/3297/2895 2973/3404/2973
f 2983/3414/2983 2973/3404/2973 2984/3415/2984
f 2984/3415/2984 2973/3404/2973 2974/3405/2974
f 2984/3415/2984 2974/3405/2974 2985/3416/2985
f 2985/3416/2985 2974/3405/2974 2975/3406/2975
f 2985/3416/2985 2975/3406/2975 2986/3417/2986
f 2986/3417/2986 2975/3406/2975 2976/3407/2976
f 2986/3417/2986 2976/3407/2976 2987/3418/2987
f 2987/3418/2987 2976/3407/2976 2977/3408/2977
f 2987/3418/2987 2977/3408/2977 2988/3419/2988
f 2988/3419/2988 2977/3408/2977 2978/3409/2978
f 2988/3419/2988 2978/3409/2978 2989/3420/2989
f 2989/3420/2989 2978/3409/2978 2979/3410/2979
f 2989/3420/2989 2979/3410/2979 2990/3421/2990
f 2990/3421/2990 2979/3410/2979 2980/3411/2980
f 2990/3421/2990 2980/3411/2980 2991/3422/2991
f 2991/3422/2991 2980/3411/2980 2981/3412/2981
f 2991/3422/2991 2981/3412/2981 2992/3423/2992
f 2992/3423/2992 2981/3412/2981 2982/3413/2982
f 2992/3423/2992 2982/3413/2982 2993/3424/2993
f 2993/3424/2993 2982/3413/2982 2930/3338/2930
f 2993/3424/2993 2930/3338/2930 2928/3336/2928
f 2897/3301/2897 2896/3299/2896 2994/3425/2994
f 2994/3425/2994 2896/3299/2896 2983/3414/2983
f 2994/3425/2994 2983/3414/2983 2995/3426/2995
f 2995/3426/2995 2983/3414/2983 2984/3415/2984
f 2995/3426/2995 2984/3415/2984 2996/3427/2996
f 2996/3427/2996 2984/3415/2984 2985/3416/2985
f 2996/3427/2996 2985/3416/2985 2997/3428/2997
f 2997/3428/2997 2985/3416/2985 2986/3417/2986
f 2997/3428/2997 2986/3417/2986 2998/3429/2998
f 2998/3429/2998 2986/3417/2986 2987/3418/2987
f 2998/3429/2998 2987/3418/2987 2999/3430/2999
f 2999/3430/2999 2987/3418/2987 2988/3419/2988
f 2999/3430/2999 2988/3419/2988 3000/3431/3000
f 3000/3431/3000 2988/3419/2988 2989/3420/2989
f 3000/3431/3000 2989/3420/2989 3001/3432/3001
f 3001/3432/3001 2989/3420/2989 2990/3421/2990
f 3001/3432/3001 2990/3421/2990 3002/3433/3002
f 3002/3433/3002 2990/3421/2990 2991/3422/2991
f 3002/3433/3002 2991/3422/2991 3003/3434/3003
f 3003/3434/3003 2991/3422/2991 2992/3423/2992
f 3003/3434/3003 2992/3423/2992 3004/3435/3004
f 3004/3435/3004 2992/3423/2992 2993/3424/2993
f 3004/3435/3004 2993/3424/2993 2927/3334/2927
f 2927/3334/2927 2993/3424/2993 2928/3336/2928
f 2897/3301/2897 2994/3425/2994 2899/3303/2899
f 2899/3303/2899 2994/3425/2994 3005/3436/3005
f 2899/3303/2899 3005/3436/3005 2901/3305/2901
f 2901/3305/2901 3005/3436/3005 3006/3437/3006
f 2901/3305/2901 3006/3437/3006 2903/3307/2903
f 2903/3307/2903 3006/3437/3006 2906/3310/2906
f 3005/3436/3005 2994/3425/2994 2995/3426/2995
f 3005/3436/3005 2995/3426/2995 3007/3438/3007
f 3007/3438/3007 2995/3426/2995 2996/3427/2996
f 3007/3438/3007 2996/3427/2996 3008/3439/3008
f 3008/3439/3008 2996/3427/2996 2997/3428/2997
f 3008/3439/3008 2997/3428/2997 3009/3440/3009
f 3009/3440/3009 2997/3428/2997 2998/3429/2998
f 3009/3440/3009 2998/3429/2998 3010/3441/3010
f 3010/3441/3010 2998/3429/2998 2999/3430/2999
f 3010/3441/3010 2999/3430/2999 3011/3442/3011
f 3011/3442/3011 2999/3430/2999 3000/3431/3000
f 3011/3442/3011 3000/3431/3000 3012/3443/3012
f 3012/3443/3012 3000/3431/3000 3001/3432/3001
f 3012/3443/3012 3001/3432/3001 3013/3444/3013
f 3013/3444/3013 3001/3432/3001 3002/3433/3002
f 3013/3444/3013 3002/3433/3002 3014/3445/3014
f 3014/3445/3014 3002/3433/3002 3003/3434/3003
f 3014/3445/3014 3003/3434/3003 3015/3446/3015
f 3015/3446/3015 3003/3434/3003 3004/3435/3004
f 3015/3446/3015 3004/3435/3004 2926/3332/2926
f 2926/3332/2926 3004/3435/3004 2927/3334/2927
f 3005/3436/3005 3007/3438/3007 3006/3437/3006
f 3006/3437/3006 3007/3438/3007 3016/3447/3016
f 3006/3437/3006 3016/3447/3016 2906/3310/2906
f 2906/3310/2906 3016/3447/3016 2908/3312/2908
f 3016/3447/3016 3007/3438/3007 3008/3439/3008
f 3016/3447/3016 3008/3439/3008 3017/3448/3017
f 3017/3448/3017 3008/3439/3008 3009/3440/3009
f 3017/3448/3017 3009/3440/3009 3018/3449/3018
f 3018/3449/3018 3009/3440/3009 3010/3441/3010
f 3018/3449/3018 3010/3441/3010 3019/3450/3019
f 3019/3450/3019 3010/3441/3010 3011/3442/3011
f 3019/3450/3019 3011/3442/3011 3020/3451/3020
f 3020/3451/3020 3011/3442/3011 3012/3443/3012
f 3020/3451/3020 3012/3443/3012 3021/3452/3021
f 3021/3452/3021 3012/3443/3012 3013/3444/3013
f 3021/3452/3021 3013/3444/3013 3022/3453/3022
f 3022/3453/3022 3013/3444/3013 3014/3445/3014
f 3022/3453/3022 3014/3445/3014 3023/3454/3023
f 3023/3454/3023 3014/3445/3014 3015/3446/3015
f 3023/3454/3023 3015/3446/3015 2925/3330/2925
f 2925/3330/2925 3015/3446/3015 2926/3332/2926
f 2910/3314/2910 2908/3312/2908 3017/3448/3017
f 3017/3448/3017 2908/3312/2908 3016/3447/3016
f 2910/3314/2910 3017/3448/3017 3018/3449/3018
f 2913/3317/2913 2910/3314/2910 3018/3449/3018
f 2913/3317/2913 3018/3449/3018 3019/3450/3019
f 2915/3319/2915 2913/3317/2913 3019/3450/3019
f 2915/3319/2915 3019/3450/3019 3020/3451/3020
f 2917/3321/2917 2915/3319/2915 3020/3451/3020
f 2917/3321/2917 3020/3451/3020 3021/3452/3021
f 2919/3323/2919 2917/3321/2917 3021/3452/3021
f 2919/3323/2919 3021/3452/3021 3022/3453/3022
f 2921/3325/2921 2919/3323/2919 3022/3453/3022
f 2921/3325/2921 3022/3453/3022 3023/3454/3023
f 2923/3327/2923 2921/3325/2921 3023/3454/3023
f 2923/3327/2923 3023/3454/3023 2925/3330/2925
f 3024/3457/3025 858/3456/860 3025/3455/3024
f 3025/3455/3024 858/3456/860 1016/3458/1016
f 3025/3455/3024 1016/3458/1016 3026/3459/3026
f 3026/3459/3026 1016/3458/1016 1009/3460/1009
f 3026/3459/3026 1009/3460/1009 3027/3461/3027
f 3027/3461/3027 1009/3460/1009 991/3462/991
f 3027/3461/3027 991/3462/991 3028/3463/3028
f 3028/3463/3028 991/3462/991 953/3464/953
f 3028/3463/3028 953/3464/953 3029/3465/3029
f 3029/3465/3029 953/3464/953 3030/3466/3030
f 3029/3465/3029 3030/3466/3030 3031/3467/3031
f 3031/3467/3031 3030/3466/3030 3032/3468/3032
f 3031/3467/3031 3032/3468/3032 3033/3469/3033
f 3033/3469/3033 3032/3468/3032 3034/3470/3034
f 3033/3469/3033 3034/3470/3034 3035/3471/3035
f 3035/3471/3035 3034/3470/3034 3036/3472/3036
f 3035/3471/3035 3036/3472/3036 3037/3473/3037
f 3037/3473/3037 3036/3472/3036 3038/3474/3038
f 3037/3473/3037 3038/3474/3038 3039/3475/3039
f 3039/3475/3039 3038/3474/3038 3040/3476/3040
f 3039/3475/3039 3040/3476/3040 3041/3477/3041
f 3041/3477/3041 3040/3476/3040 3042/3478/3042
f 3041/3477/3041 3042/3478/3042 3043/3479/3043
f 3043/3479/3043 3042/3478/3042 3044/3480/3044
f 3043/3479/3043 3044/3480/3044 3045/3481/3045
f 3045/3481/3045 3044/3480/3044 3046/3482/3046
f 3045/3481/3045 3046/3482/3046 3047/3483/3047
f 3047/3483/3047 3046/3482/3046 3048/3484/3048
f 3047/3483/3047 3048/3484/3048 3049/3485/3049
f 3049/3485/3049 3048/3484/3048 3050/3486/3050
f 3049/3485/3049 3050/3486/3050 3051/3487/3051
f 3051/3487/3051 3050/3486/3050 3052/3488/3052
f 3051/3487/3051 3052/3488/3052 3053/3489/3053
f 3053/3489/3053 3052/3488/3052 3054/3490/3054
f 3053/3489/3053 3054/3490/3054 3055/3491/3055
f 3055/3491/3055 3054/3490/3054 3056/3492/3056
f 3055/3491/3055 3056/3492/3056 3057/3493/3057
f 3057/3493/3057 3056/3492/3056 3058/3494/3058
f 3057/3493/3057 3058/3494/3058 3059/3495/3059
f 3059/3495/3059 3058/3494/3058 3060/3496/3060
f 3059/3495/3059 3060/3496/3060 3061/3497/3061
f 3061/3497/3061 3060/3496/3060 3062/3498/3062
f 3061/3497/3061 3062/3498/3062 3063/3499/3063
f 3063/3499/3063 3062/3498/3062 3064/3500/3064
f 3063/3499/3063 3064/3500/3064 3065/3501/3065
f 3065/3501/3065 3064/3500/3064 3066/3502/3066
f 3065/3501/3065 3066/3502/3066 3067/3503/3067
f 3067/3503/3067 3066/3502/3066 3068/3504/3068
f 3067/3503/3067 3068/3504/3068 3069/3505/3069
f 3069/3505/3069 3068/3504/3068 3070/3506/3070
f 3069/3505/3069 3070/3506/3070 3071/3507/3071
f 3071/3507/3071 3070/3506/3070 3072/3508/3072
f 3071/3507/3071 3072/3508/3072 3073/3509/3073
f 3073/3509/3073 3072/3508/3072 3074/3510/3074
f 3073/3509/3073 3074/3510/3074 3075/3511/3075
f 3075/3511/3075 3074/3510/3074 3076/3512/3076
f 3075/3511/3075 3076/3512/3076 3077/3513/3077
f 3077/3513/3077 3076/3512/3076 3078/3514/3078
f 3077/3513/3077 3078/3514/3078 3079/3515/3079
f 3079/3515/3079 3078/3514/3078 3080/3516/3080
f 3079/3515/3079 3080/3516/3080 3081/3517/3081
f 3081/3517/3081 3080/3516/3080 2922/3518/2922
f 3081/3517/3081 2922/3518/2922 3082/3519/3082
f 3082/3519/3082 2922/3518/2922 2924/3520/2924
f 3082/3519/3082 2924/3520/2924 3083/3521/3083
f 3083/3521/3083 2924/3520/2924 3084/3522/3084
f 3083/3521/3083 3084/3522/3084 3085/3523/3085
f 3085/3523/3085 3084/3522/3084 3086/3524/3086
f 3085/3523/3085 3086/3524/3086 3087/3525/3087
f 3087/3525/3087 3086/3524/3086 1161/3526/1161
f 3087/3525/3087 1161/3526/1161 1159/3527/1159
f 953/3464/953 951/3528/951 3030/3466/3030
f 3030/3466/3030 951/3528/951 3088/3529/3088
f 3030/3466/3030 3088/3529/3088 3032/3468/3032
f 3032/3468/3032 3088/3529/3088 3089/3530/3089
f 3032/3468/3032 3089/3530/3089 3034/3470/3034
f 3034/3470/3034 3089/3530/3089 3090/3531/3090
f 3034/3470/3034 3090/3531/3090 3036/3472/3036
f 3036/3472/3036 3090/3531/3090 3091/3532/3091
f 3036/3472/3036 3091/3532/3091 3038/3474/3038
f 3038/3474/3038 3091/3532/3091 3092/3533/3092
f 3038/3474/3038 3092/3533/3092 3040/3476/3040
f 3040/3476/3040 3092/3533/3092 3093/3534/3093
f 3040/3476/3040 3093/3534/3093 3042/3478/3042
f 3042/3478/3042 3093/3534/3093 3094/3535/3094
f 3042/3478/3042 3094/3535/3094 3044/3480/3044
f 3044/3480/3044 3094/3535/3094 3095/3536/3095
f 3044/3480/3044 3095/3536/3095 3046/3482/3046
f 3046/3482/3046 3095/3536/3095 3096/3537/3096
f 3046/3482/3046 3096/3537/3096 3048/3484/3048
f 3048/3484/3048 3096/3537/3096 3097/3538/3097
f 3048/3484/3048 3097/3538/3097 3050/3486/3050
f 3050/3486/3050 3097/3538/3097 3098/3539/3098
f 3050/3486/3050 3098/3539/3098 3052/3488/3052
f 3052/3488/3052 3098/3539/3098 3099/3540/3099
f 3052/3488/3052 3099/3540/3099 3054/3490/3054
f 3054/3490/3054 3099/3540/3099 3100/3541/3100
f 3054/3490/3054 3100/3541/3100 3056/3492/3056
f 3056/3492/3056 3100/3541/3100 3101/3542/3101
f 3056/3492/3056 3101/3542/3101 3058/3494/3058
f 3058/3494/3058 3101/3542/3101 3102/3543/3102
f 3058/3494/3058 3102/3543/3102 3060/3496/3060
f 3060/3496/3060 3102/3543/3102 3103/3544/3103
f 3060/3496/3060 3103/3544/3103 3062/3498/3062
f 3062/3498/3062 3103/3544/3103 3104/3545/3104
f 3062/3498/3062 3104/3545/3104 3064/3500/3064
f 3064/3500/3064 3104/3545/3104 3105/3546/3105
f 3064/3500/3064 3105/3546/3105 3066/3502/3066
f 3066/3502/3066 3105/3546/3105 3106/3547/3106
f 3066/3502/3066 3106/3547/3106 3068/3504/3068
f 3068/3504/3068 3106/3547/3106 3107/3548/3107
f 3068/3504/3068 3107/3548/3107 3070/3506/3070
f 3070/3506/3070 3107/3548/3107 3108/3549/3108
f 3070/3506/3070 3108/3549/3108 3072/3508/3072
f 3072/3508/3072 3108/3549/3108 3109/3550/3109
f 3072/3508/3072 3109/3550/3109 3074/3510/3074
f 3074/3510/3074 3109/3550/3109 3110/3551/3110
f 3074/3510/3074 3110/3551/3110 3076/3512/3076
f 3076/3512/3076 3110/3551/3110 3111/3552/3111
f 3076/3512/3076 3111/3552/3111 3078/3514/3078
f 3078/3514/3078 3111/3552/3111 3112/3553/3112
f 3078/3514/3078 3112/3553/3112 3080/3516/3080
f 3080/3516/3080 3112/3553/3112 2920/3554/2920
f 3080/3516/3080 2920/3554/2920 2922/3518/2922
f 951/3528/951 949/3555/949 3088/3529/3088
f 3088/3529/3088 949/3555/949 3113/3556/3113
f 3088/3529/3088 3113/3556/3113 3089/3530/3089
f 3089/3530/3089 3113/3556/3113 3114/3557/3114
f 3089/3530/3089 3114/3557/3114 3090/3531/3090
f 3090/3531/3090 3114/3557/3114 3115/3558/3115
f 3090/3531/3090 3115/3558/3115 3091/3532/3091
f 3091/3532/3091 3115/3558/3115 3116/3559/3116
f 3091/3532/3091 3116/3559/3116 3092/3533/3092
f 3092/3533/3092 3116/3559/3116 3117/3560/3117
f 3092/3533/3092 3117/3560/3117 3093/3534/3093
f 3093/3534/3093 3117/3560/3117 3118/3561/3118
f 3093/3534/3093 3118/3561/3118 3094/3535/3094
f 3094/3535/3094 3118/3561/3118 3119/3562/3119
f 3094/3535/3094 3119/3562/3119 3095/3536/3095
f 3095/3536/3095 3119/3562/3119 3120/3563/3120
f 3095/3536/3095 3120/3563/3120 3096/3537/3096
f 3096/3537/3096 3120/3563/3120 3121/3564/3121
f 3096/3537/3096 3121/3564/3121 3097/3538/3097
f 3097/3538/3097 3121/3564/3121 3122/3565/3122
f 3097/3538/3097 3122/3565/3122 3098/3539/3098
f 3098/3539/3098 3122/3565/3122 3123/3566/3123
f 3098/3539/3098 3123/3566/3123 3099/3540/3099
f 3099/3540/3099 3123/3566/3123 3124/3567/3124
f 3099/3540/3099 3124/3567/3124 3100/3541/3100
f 3100/3541/3100 3124/3567/3124 3125/3568/3125
f 3100/3541/3100 3125/3568/3125 3101/3542/3101
f 3101/3542/3101 3125/3568/3125 3126/3569/3126
f 3101/3542/3101 3126/3569/3126 3102/3543/3102
f 3102/3543/3102 3126/3569/3126 2911/3570/2911
f 3102/3543/3102 2911/3570/2911 2912/3571/2912
f 949/3555/949 947/3572/947 3113/3556/3113
f 3113/3556/3113 947/3572/947 3127/3573/3127
f 3113/3556/3113 3127/3573/3127 3114/3557/3114
f 3114/3557/3114 3127/3573/3127 3128/3574/3128
f 3114/3557/3114 3128/3574/3128 3115/3558/3115
f 3115/3558/3115 3128/3574/3128 3129/3575/3129
f 3115/3558/3115 3129/3575/3129 3116/3559/3116
f 3116/3559/3116 3129/3575/3129 3130/3576/3130
f 3116/3559/3116 3130/3576/3130 3117/3560/3117
f 3117/3560/3117 3130/3576/3130 3131/3577/3131
f 3117/3560/3117 3131/3577/3131 3118/3561/3118
f 3118/3561/3118 3131/3577/3131 3132/3578/3132
f 3118/3561/3118 3132/3578/3132 3119/3562/3119
f 3119/3562/3119 3132/3578/3132 3133/3579/3133
f 3119/3562/3119 3133/3579/3133 3120/3563/3120
f 3120/3563/3120 3133/3579/3133 3134/3580/3134
f 3120/3563/3120 3134/3580/3134 3121/3564/3121
f 3121/3564/3121 3134/3580/3134 3135/3581/3135
f 3121/3564/3121 3135/3581/3135 3122/3565/3122
f 3122/3565/3122 3135/3581/3135 3136/3582/3136
f 3122/3565/3122 3136/3582/3136 3123/3566/3123
f 3123/3566/3123 3136/3582/3136 3137/3583/3137
f 3123/3566/3123 3137/3583/3137 3124/3567/3124
f 3124/3567/3124 3137/3583/3137 3138/3584/3138
f 3124/3567/3124 3138/3584/3138 3125/3568/3125
f 3125/3568/3125 3138/3584/3138 3139/3585/3139
f 3125/3568/3125 3139/3585/3139 3126/3569/3126
f 3126/3569/3126 3139/3585/3139 2911/3570/2911
f 947/3572/947 945/3586/945 3127/3573/3127
f 3127/3573/3127 945/3586/945 2955/3587/2955
f 3127/3573/3127 2955/3587/2955 3128/3574/3128
f 3128/3574/3128 2955/3587/2955 3129/3575/3129
f 2955/3587/2955 2953/3588/2953 3129/3575/3129
f 3129/3575/3129 2953/3588/2953 3130/3576/3130
f 2953/3588/2953 2950/3589/2950 3130/3576/3130
f 3130/3576/3130 2950/3589/2950 3131/3577/3131
f 3131/3577/3131 2950/3589/2950 3132/3578/3132
f 3132/3578/3132 2950/3589/2950 2904/3590/2904
f 3132/3578/3132 2904/3590/2904 3133/3579/3133
f 3133/3579/3133 2904/3590/2904 3134/3580/3134
f 2904/3590/2904 2905/3591/2905 3134/3580/3134
f 3134/3580/3134 2905/3591/2905 3135/3581/3135
f 3135/3581/3135 2905/3591/2905 3136/3582/3136
f 3136/3582/3136 2905/3591/2905 2907/3592/2907
f 3136/3582/3136 2907/3592/2907 3137/3583/3137
f 3137/3583/3137 2907/3592/2907 2909/3593/2909
f 3137/3583/3137 2909/3593/2909 3138/3584/3138
f 3138/3584/3138 2909/3593/2909 3139/3585/3139
f 2909/3593/2909 2911/3570/2911 3139/3585/3139
f 2914/3594/2914 3104/3545/3104 2912/3571/2912
f 2912/3571/2912 3104/3545/3104 3103/3544/3103
f 2912/3571/2912 3103/3544/3103 3102/3543/3102
f 2916/3595/2916 3106/3547/3106 2914/3594/2914
f 2914/3594/2914 3106/3547/3106 3105/3546/3105
f 2914/3594/2914 3105/3546/3105 3104/3545/3104
f 2918/3596/2918 3109/3550/3109 2916/3595/2916
f 2916/3595/2916 3109/3550/3109 3108/3549/3108
f 2916/3595/2916 3108/3549/3108 3107/3548/3107
f 2920/3554/2920 3111/3552/3111 2918/3596/2918
f 2918/3596/2918 3111/3552/3111 3110/3551/3110
f 2918/3596/2918 3110/3551/3110 3109/3550/3109
f 3084/3522/3084 2924/3520/2924 3140/3597/3140
f 3140/3597/3140 2924/3520/2924 1165/3598/1165
f 3140/3597/3140 1165/3598/1165 1163/3599/1163
f 3140/3597/3140 1163/3599/1163 3086/3524/3086
f 3086/3524/3086 1163/3599/1163 1161/3526/1161
f 3087/3525/3087 1159/3527/1159 3141/3600/3141
f 3141/3600/3141 1159/3527/1159 1127/3601/1127
f 3141/3600/3141 1127/3601/1127 3142/3602/3142
f 3142/3602/3142 1127/3601/1127 3143/3603/3143
f 3142/3602/3142 3143/3603/3143 3144/3604/3144
f 3144/3604/3144 3143/3603/3143 3145/3605/3145
f 3144/3604/3144 3145/3605/3145 3146/3606/3146
f 3146/3606/3146 3145/3605/3145 3147/3607/3147
f 3146/3606/3146 3147/3607/3147 3148/3608/3148
f 3148/3608/3148 3147/3607/3147 3149/3609/3149
f 3148/3608/3148 3149/3609/3149 3150/3610/3150
f 3150/3610/3150 3149/3609/3149 3151/3611/3151
f 3150/3610/3150 3151/3611/3151 3152/3612/3152
f 3152/3612/3152 3151/3611/3151 3153/3613/3153
f 3152/3612/3152 3153/3613/3153 3154/3614/3154
f 3154/3614/3154 3153/3613/3153 3155/3615/3155
f 3154/3614/3154 3155/3615/3155 3156/3616/3156
f 3156/3616/3156 3155/3615/3155 3157/3617/3157
f 3156/3616/3156 3157/3617/3157 3158/3618/3158
f 3158/3618/3158 3157/3617/3157 3159/3619/3159
f 3158/3618/3158 3159/3619/3159 3160/3620/3160
f 3160/3620/3160 3159/3619/3159 3161/3621/3161
f 3160/3620/3160 3161/3621/3161 3162/3622/3162
f 3162/3622/3162 3161/3621/3161 3163/3623/3163
f 3162/3622/3162 3163/3623/3163 3164/3624/3164
f 3164/3624/3164 3163/3623/3163 3165/3625/3165
f 3164/3624/3164 3165/3625/3165 3166/3626/3166
f 3166/3626/3166 3165/3625/3165 3167/3627/3167
f 3166/3626/3166 3167/3627/3167 3168/3628/3168
f 3168/3628/3168 3167/3627/3167 3169/3629/3169
f 3168/3628/3168 3169/3629/3169 3170/3630/3170
f 3170/3630/3170 3169/3629/3169 3171/3631/3171
f 3170/3630/3170 3171/3631/3171 3172/3632/3172
f 3172/3632/3172 3171/3631/3171 3173/3633/3173
f 3172/3632/3172 3173/3633/3173 3174/3634/3174
f 3174/3634/3174 3173/3633/3173 3175/3635/3175
f 3174/3634/3174 3175/3635/3175 3176/3636/3176
f 3176/3636/3176 3175/3635/3175 3177/3637/3177
f 3176/3636/3176 3177/3637/3177 3178/3638/3178
f 3178/3638/3178 3177/3637/3177 3179/3639/3179
f 3178/3638/3178 3179/3639/3179 3180/3640/3180
f 1127/3601/1127 1096/3641/1096 3143/3603/3143
f 3143/3603/3143 1096/3641/1096 3181/3642/3181
f 3143/3603/3143 3181/3642/3181 3145/3605/3145
f 3145/3605/3145 3181/3642/3181 3182/3643/3182
f 3145/3605/3145 3182/3643/3182 3147/3607/3147
f 3147/3607/3147 3182/3643/3182 3183/3644/3183
f 3147/3607/3147 3183/3644/3183 3149/3609/3149
f 3149/3609/3149 3183/3644/3183 3184/3645/3184
f 3149/3609/3149 3184/3645/3184 3151/3611/3151
f 3151/3611/3151 3184/3645/3184 3185/3646/3185
f 3151/3611/3151 3185/3646/3185 3153/3613/3153
f 3153/3613/3153 3185/3646/3185 3186/3647/3186
f 3153/3613/3153 3186/3647/3186 3155/3615/3155
f 3155/3615/3155 3186/3647/3186 3187/3648/3187
f 3155/3615/3155 3187/3648/3187 3157/3617/3157
f 3157/3617/3157 3187/3648/3187 3188/3649/3188
f 3157/3617/3157 3188/3649/3188 3159/3619/3159
f 3159/3619/3159 3188/3649/3188 3189/3650/3189
f 3159/3619/3159 3189/3650/3189 3161/3621/3161
f 3161/3621/3161 3189/3650/3189 3190/3651/3190
f 3161/3621/3161 3190/3651/3190 3163/3623/3163
f 3163/3623/3163 3190/3651/3190 3191/3652/3191
f 3163/3623/3163 3191/3652/3191 3165/3625/3165
f 3165/3625/3165 3191/3652/3191 3192/3653/3192
f 3165/3625/3165 3192/3653/3192 3167/3627/3167
f 3167/3627/3167 3192/3653/3192 3193/3654/3193
f 3167/3627/3167 3193/3654/3193 3169/3629/3169
f 3169/3629/3169 3193/3654/3193 3194/3655/3194
f 3169/3629/3169 3194/3655/3194 3171/3631/3171
f 3171/3631/3171 3194/3655/3194 3195/3656/3195
f 3171/3631/3171 3195/3656/3195 3173/3633/3173
f 3173/3633/3173 3195/3656/3195 3196/3657/3196
f 3173/3633/3173 3196/3657/3196 3175/3635/3175
f 3175/3635/3175 3196/3657/3196 3197/3658/3197
f 3175/3635/3175 3197/3658/3197 3177/3637/3177
f 3177/3637/3177 3197/3658/3197 3198/3659/3198
f 3177/3637/3177 3198/3659/3198 3199/3660/3199
f 1096/3641/1096 1065/3661/1065 3181/3642/3181
f 3181/3642/3181 1065/3661/1065 3200/3662/3200
f 3181/3642/3181 3200/3662/3200 3182/3643/3182
f 3182/3643/3182 3200/3662/3200 3201/3663/3201
f 3182/3643/3182 3201/3663/3201 3183/3644/3183
f 3183/3644/3183 3201/3663/3201 3202/3664/3202
f 3183/3644/3183 3202/3664/3202 3184/3645/3184
f 3184/3645/3184 3202/3664/3202 3203/3665/3203
f 3184/3645/3184 3203/3665/3203 3185/3646/3185
f 3185/3646/3185 3203/3665/3203 3204/3666/3204
f 3185/3646/3185 3204/3666/3204 3186/3647/3186
f 3186/3647/3186 3204/3666/3204 3205/3667/3205
f 3186/3647/3186 3205/3667/3205 3187/3648/3187
f 3187/3648/3187 3205/3667/3205 3206/3668/3206
f 3187/3648/3187 3206/3668/3206 3207/3669/3207
f 1065/3661/1065 1034/3670/1034 3200/3662/3200
f 3200/3662/3200 1034/3670/1034 3208/3671/3208
f 3200/3662/3200 3208/3671/3208 3201/3663/3201
f 3201/3663/3201 3208/3671/3208 3209/3672/3209
f 3201/3663/3201 3209/3672/3209 3202/3664/3202
f 3202/3664/3202 3209/3672/3209 3210/3673/3210
f 3202/3664/3202 3210/3673/3210 3203/3665/3203
f 3203/3665/3203 3210/3673/3210 3211/3674/3211
f 3203/3665/3203 3211/3674/3211 3204/3666/3204
f 3204/3666/3204 3211/3674/3211 3212/3675/3212
f 3204/3666/3204 3212/3675/3212 3205/3667/3205
f 3205/3667/3205 3212/3675/3212 3206/3668/3206
f 1034/3670/1034 933/3676/933 3208/3671/3208
f 3208/3671/3208 933/3676/933 3213/3677/3213
f 3208/3671/3208 3213/3677/3213 3209/3672/3209
f 3209/3672/3209 3213/3677/3213 3214/3678/3214
f 3209/3672/3209 3214/3678/3214 3210/3673/3210
f 3210/3673/3210 3214/3678/3214 3215/3679/3215
f 3210/3673/3210 3215/3679/3215 3211/3674/3211
f 3211/3674/3211 3215/3679/3215 3216/3680/3216
f 3211/3674/3211 3216/3680/3216 3212/3675/3212
f 3212/3675/3212 3216/3680/3216 3206/3668/3206
f 3187/3648/3187 3207/3669/3207 3188/3649/3188
f 3188/3649/3188 3207/3669/3207 3217/3681/3217
f 3188/3649/3188 3217/3681/3217 3189/3650/3189
f 3189/3650/3189 3217/3681/3217 3218/3682/3218
f 3189/3650/3189 3218/3682/3218 3190/3651/3190
f 3190/3651/3190 3218/3682/3218 3219/3683/3219
f 3190/3651/3190 3219/3683/3219 3191/3652/3191
f 3191/3652/3191 3219/3683/3219 3220/3684/3220
f 3191/3652/3191 3220/3684/3220 3192/3653/3192
f 3192/3653/3192 3220/3684/3220 3221/3685/3221
f 3192/3653/3192 3221/3685/3221 3193/3654/3193
f 3193/3654/3193 3221/3685/3221 3222/3686/3222
f 3193/3654/3193 3222/3686/3222 3194/3655/3194
f 3194/3655/3194 3222/3686/3222 3223/3687/3223
f 3194/3655/3194 3223/3687/3223 3195/3656/3195
f 3195/3656/3195 3223/3687/3223 3196/3657/3196
f 3223/3687/3223 3224/3688/3224 3196/3657/3196
f 3196/3657/3196 3224/3688/3224 3197/3658/3197
f 3224/3688/3224 3198/3659/3198 3197/3658/3197
f 3199/3660/3199 3179/3639/3179 3177/3637/3177
f 3178/3638/3178 3180/3640/3180 3225/3689/3225
f 3225/3689/3225 3180/3640/3180 3226/3690/3226
f 3225/3689/3225 3226/3690/3226 3227/3691/3227
f 3227/3691/3227 3226/3690/3226 3228/3692/3228
f 3227/3691/3227 3228/3692/3228 3229/3693/3229
f 3229/3693/3229 3228/3692/3228 3230/3694/3230
f 3229/3693/3229 3230/3694/3230 3231/3695/3231
f 3231/3695/3231 3230/3694/3230 3232/3696/3232
f 3231/3695/3231 3232/3696/3232 3233/3697/3233
f 3233/3697/3233 3232/3696/3232 3234/3698/3234
f 3233/3697/3233 3234/3698/3234 3235/3699/3235
f 3235/3699/3235 3234/3698/3234 3236/3700/3236
f 3235/3699/3235 3236/3700/3236 3237/3701/3237
f 3235/3699/3235 3237/3701/3237 3238/3702/3238
f 3238/3702/3238 3237/3701/3237 3239/3703/3239
f 3238/3702/3238 3239/3703/3239 3240/3704/3240
f 3240/3704/3240 3239/3703/3239 3241/3705/3241
f 3240/3704/3240 3241/3705/3241 3242/3706/3242
f 3242/3706/3242 3241/3705/3241 3243/3707/3243
f 3242/3706/3242 3243/3707/3243 3244/3708/3244
f 3244/3708/3244 3243/3707/3243 3245/3709/3245
f 3244/3708/3244 3245/3709/3245 3246/3710/3246
f 3246/3710/3246 3245/3709/3245 3247/3711/3247
f 3246/3710/3246 3247/3711/3247 3025/3455/3024
f 3025/3455/3024 3247/3711/3247 3024/3457/3025
f 3106/3547/3106 2916/3595/2916 3107/3548/3107
f 3028/3463/3028 3029/3465/3029 3248/3712/3248
f 3248/3712/3248 3029/3465/3029 3031/3467/3031
f 3248/3712/3248 3031/3467/3031 3249/3713/3249
f 3249/3713/3249 3031/3467/3031 3033/3469/3033
f 3249/3713/3249 3033/3469/3033 3250/3714/3250
f 3250/3714/3250 3033/3469/3033 3035/3471/3035
f 3250/3714/3250 3035/3471/3035 3251/3715/3251
f 3251/3715/3251 3035/3471/3035 3037/3473/3037
f 3251/3715/3251 3037/3473/3037 3252/3716/3252
f 3252/3716/3252 3037/3473/3037 3039/3475/3039
f 3252/3716/3252 3039/3475/3039 3253/3717/3253
f 3253/3717/3253 3039/3475/3039 3041/3477/3041
f 3253/3717/3253 3041/3477/3041 3254/3718/3254
f 3254/3718/3254 3041/3477/3041 3043/3479/3043
f 3254/3718/3254 3043/3479/3043 3255/3719/3255
f 3255/3719/3255 3043/3479/3043 3045/3481/3045
f 3255/3719/3255 3045/3481/3045 3256/3720/3256
f 3256/3720/3256 3045/3481/3045 3047/3483/3047
f 3256/3720/3256 3047/3483/3047 3257/3721/3257
f 3257/3721/3257 3047/3483/3047 3049/3485/3049
f 3257/3721/3257 3049/3485/3049 3258/3722/3258
f 3258/3722/3258 3049/3485/3049 3051/3487/3051
f 3258/3722/3258 3051/3487/3051 3259/3723/3259
f 3259/3723/3259 3051/3487/3051 3053/3489/3053
f 3259/3723/3259 3053/3489/3053 3260/3724/3260
f 3260/3724/3260 3053/3489/3053 3055/3491/3055
f 3260/3724/3260 3055/3491/3055 3261/3725/3261
f 3261/3725/3261 3055/3491/3055 3057/3493/3057
f 3261/3725/3261 3057/3493/3057 3262/3726/3262
f 3262/3726/3262 3057/3493/3057 3059/3495/3059
f 3262/3726/3262 3059/3495/3059 3263/3727/3263
f 3263/3727/3263 3059/3495/3059 3061/3497/3061
f 3263/3727/3263 3061/3497/3061 3264/3728/3264
f 3264/3728/3264 3061/3497/3061 3063/3499/3063
f 3264/3728/3264 3063/3499/3063 3265/3729/3265
f 3265/3729/3265 3063/3499/3063 3065/3501/3065
f 3265/3729/3265 3065/3501/3065 3266/3730/3266
f 3266/3730/3266 3065/3501/3065 3067/3503/3067
f 3266/3730/3266 3067/3503/3067 3267/3731/3267
f 3267/3731/3267 3067/3503/3067 3069/3505/3069
f 3267/3731/3267 3069/3505/3069 3268/3732/3268
f 3268/3732/3268 3069/3505/3069 3071/3507/3071
f 3268/3732/3268 3071/3507/3071 3269/3733/3269
f 3269/3733/3269 3071/3507/3071 3073/3509/3073
f 3269/3733/3269 3073/3509/3073 3270/3734/3270
f 3270/3734/3270 3073/3509/3073 3075/3511/3075
f 3270/3734/3270 3075/3511/3075 3271/3735/3271
f 3271/3735/3271 3075/3511/3075 3077/3513/3077
f 3271/3735/3271 3077/3513/3077 3272/3736/3272
f 3272/3736/3272 3077/3513/3077 3079/3515/3079
f 3272/3736/3272 3079/3515/3079 3273/3737/3273
f 3273/3737/3273 3079/3515/3079 3081/3517/3081
f 3273/3737/3273 3081/3517/3081 3274/3738/3274
f 3274/3738/3274 3081/3517/3081 3082/3519/3082
f 3274/3738/3274 3082/3519/3082 3275/3739/3275
f 3275/3739/3275 3082/3519/3082 3083/3521/3083
f 3275/3739/3275 3083/3521/3083 3085/3523/3085
f 3027/3461/3027 3028/3463/3028 3276/3740/3276
f 3276/3740/3276 3028/3463/3028 3248/3712/3248
f 3276/3740/3276 3248/3712/3248 3277/3741/3277
f 3277/3741/3277 3248/3712/3248 3249/3713/3249
f 3277/3741/3277 3249/3713/3249 3278/3742/3278
f 3278/3742/3278 3249/3713/3249 3250/3714/3250
f 3278/3742/3278 3250/3714/3250 3279/3743/3279
f 3279/3743/3279 3250/3714/3250 3251/3715/3251
f 3279/3743/3279 3251/3715/3251 3280/3744/3280
f 3280/3744/3280 3251/3715/3251 3252/3716/3252
f 3280/3744/3280 3252/3716/3252 3281/3745/3281
f 3281/3745/3281 3252/3716/3252 3253/3717/3253
f 3281/3745/3281 3253/3717/3253 3282/3746/3282
f 3282/3746/3282 3253/3717/3253 3254/3718/3254
f 3282/3746/3282 3254/3718/3254 3283/3747/3283
f 3283/3747/3283 3254/3718/3254 3255/3719/3255
f 3283/3747/3283 3255/3719/3255 3284/3748/3284
f 3284/3748/3284 3255/3719/3255 3256/3720/3256
f 3284/3748/3284 3256/3720/3256 3285/3749/3285
f 3285/3749/3285 3256/3720/3256 3257/3721/3257
f 3285/3749/3285 3257/3721/3257 3286/3750/3286
f 3286/3750/3286 3257/3721/3257 3258/3722/3258
f 3286/3750/3286 3258/3722/3258 3287/3751/3287
f 3287/3751/3287 3258/3722/3258 3259/3723/3259
f 3287/3751/3287 3259/3723/3259 3288/3752/3288
f 3288/3752/3288 3259/3723/3259 3260/3724/3260
f 3288/3752/3288 3260/3724/3260 3289/3753/3289
f 3289/3753/3289 3260/3724/3260 3261/3725/3261
f 3289/3753/3289 3261/3725/3261 3290/3754/3290
f 3290/3754/3290 3261/3725/3261 3262/3726/3262
f 3290/3754/3290 3262/3726/3262 3291/3755/3291
f 3291/3755/3291 3262/3726/3262 3263/3727/3263
f 3291/3755/3291 3263/3727/3263 3292/3756/3292
f 3292/3756/3292 3263/3727/3263 3264/3728/3264
f 3292/3756/3292 3264/3728/3264 3293/3757/3293
f 3293/3757/3293 3264/3728/3264 3265/3729/3265
f 3293/3757/3293 3265/3729/3265 3294/3758/3294
f 3294/3758/3294 3265/3729/3265 3266/3730/3266
f 3294/3758/3294 3266/3730/3266 3295/3759/3295
f 3295/3759/3295 3266/3730/3266 3267/3731/3267
f 3295/3759/3295 3267/3731/3267 3296/3760/3296
f 3296/3760/3296 3267/3731/3267 3268/3732/3268
f 3296/3760/3296 3268/3732/3268 3297/3761/3297
f 3297/3761/3297 3268/3732/3268 3269/3733/3269
f 3297/3761/3297 3269/3733/3269 3298/3762/3298
f 3298/3762/3298 3269/3733/3269 3270/3734/3270
f 3298/3762/3298 3270/3734/3270 3299/3763/3299
f 3299/3763/3299 3270/3734/3270 3271/3735/3271
f 3299/3763/3299 3271/3735/3271 3300/3764/3300
f 3300/3764/3300 3271/3735/3271 3272/3736/3272
f 3300/3764/3300 3272/3736/3272 3301/3765/3301
f 3301/3765/3301 3272/3736/3272 3273/3737/3273
f 3301/3765/3301 3273/3737/3273 3302/3766/3302
f 3302/3766/3302 3273/3737/3273 3274/3738/3274
f 3302/3766/3302 3274/3738/3274 3303/3767/3303
f 3303/3767/3303 3274/3738/3274 3275/3739/3275
f 3303/3767/3303 3275/3739/3275 3304/3768/3304
f 3304/3768/3304 3275/3739/3275 3085/3523/3085
f 3304/3768/3304 3085/3523/3085 3087/3525/3087
f 3246/3710/3246 3025/3455/3024 3026/3459/3026
f 3026/3459/3026 3027/3461/3027 3305/3769/3305
f 3305/3769/3305 3027/3461/3027 3276/3740/3276
f 3305/3769/3305 3276/3740/3276 3306/3770/3306
f 3306/3770/3306 3276/3740/3276 3277/3741/3277
f 3306/3770/3306 3277/3741/3277 3307/3771/3307
f 3307/3771/3307 3277/3741/3277 3278/3742/3278
f 3307/3771/3307 3278/3742/3278 3308/3772/3308
f 3308/3772/3308 3278/3742/3278 3279/3743/3279
f 3308/3772/3308 3279/3743/3279 3309/3773/3309
f 3309/3773/3309 3279/3743/3279 3280/3744/3280
f 3309/3773/3309 3280/3744/3280 3310/3774/3310
f 3310/3774/3310 3280/3744/3280 3281/3745/3281
f 3310/3774/3310 3281/3745/3281 3311/3775/3311
f 3311/3775/3311 3281/3745/3281 3282/3746/3282
f 3311/3775/3311 3282/3746/3282 3312/3776/3312
f 3312/3776/3312 3282/3746/3282 3283/3747/3283
f 3312/3776/3312 3283/3747/3283 3313/3777/3313
f 3313/3777/3313 3283/3747/3283 3284/3748/3284
f 3313/3777/3313 3284/3748/3284 3314/3778/3314
f 3314/3778/3314 3284/3748/3284 3285/3749/3285
f 3314/3778/3314 3285/3749/3285 3315/3779/3315
f 3315/3779/3315 3285/3749/3285 3286/3750/3286
f 3315/3779/3315 3286/3750/3286 3316/3780/3316
f 3316/3780/3316 3286/3750/3286 3287/3751/3287
f 3316/3780/3316 3287/3751/3287 3317/3781/3317
f 3317/3781/3317 3287/3751/3287 3288/3752/3288
f 3317/3781/3317 3288/3752/3288 3318/3782/3318
f 3318/3782/3318 3288/3752/3288 3289/3753/3289
f 3318/3782/3318 3289/3753/3289 3319/3783/3319
f 3319/3783/3319 3289/3753/3289 3290/3754/3290
f 3319/3783/3319 3290/3754/3290 3320/3784/3320
f 3320/3784/3320 3290/3754/3290 3291/3755/3291
f 3320/3784/3320 3291/3755/3291 3321/3785/3321
f 3321/3785/3321 3291/3755/3291 3292/3756/3292
f 3321/3785/3321 3292/3756/3292 3322/3786/3322
f 3322/3786/3322 3292/3756/3292 3293/3757/3293
f 3322/3786/3322 3293/3757/3293 3323/3787/3323
f 3323/3787/3323 3293/3757/3293 3294/3758/3294
f 3323/3787/3323 3294/3758/3294 3324/3788/3324
f 3324/3788/3324 3294/3758/3294 3295/3759/3295
f 3324/3788/3324 3295/3759/3295 3325/3789/3325
f 3325/3789/3325 3295/3759/3295 3296/3760/3296
f 3325/3789/3325 3296/3760/3296 3326/3790/3326
f 3326/3790/3326 3296/3760/3296 3297/3761/3297
f 3326/3790/3326 3297/3761/3297 3327/3791/3327
f 3327/3791/3327 3297/3761/3297 3298/3762/3298
f 3327/3791/3327 3298/3762/3298 3328/3792/3328
f 3328/3792/3328 3298/3762/3298 3299/3763/3299
f 3328/3792/3328 3299/3763/3299 3329/3793/3329
f 3329/3793/3329 3299/3763/3299 3300/3764/3300
f 3329/3793/3329 3300/3764/3300 3330/3794/3330
f 3330/3794/3330 3300/3764/3300 3301/3765/3301
f 3330/3794/3330 3301/3765/3301 3331/3795/3331
f 3331/3795/3331 3301/3765/3301 3302/3766/3302
f 3331/3795/3331 3302/3766/3302 3332/3796/3332
f 3332/3796/3332 3302/3766/3302 3303/3767/3303
f 3332/3796/3332 3303/3767/3303 3333/3797/3333
f 3333/3797/3333 3303/3767/3303 3304/3768/3304
f 3333/3797/3333 3304/3768/3304 3141/3600/3141
f 3141/3600/3141 3304/3768/3304 3087/3525/3087
f 3244/3708/3244 3246/3710/3246 3305/3769/3305
f 3305/3769/3305 3246/3710/3246 3026/3459/3026
f 3244/3708/3244 3305/3769/3305 3306/3770/3306
f 3244/3708/3244 3306/3770/3306 3242/3706/3242
f 3242/3706/3242 3306/3770/3306 3307/3771/3307
f 3242/3706/3242 3307/3771/3307 3240/3704/3240
f 3240/3704/3240 3307/3771/3307 3308/3772/3308
f 3240/3704/3240 3308/3772/3308 3238/3702/3238
f 3238/3702/3238 3308/3772/3308 3309/3773/3309
f 3238/3702/3238 3309/3773/3309 3235/3699/3235
f 3235/3699/3235 3309/3773/3309 3310/3774/3310
f 3235/3699/3235 3310/3774/3310 3233/3697/3233
f 3233/3697/3233 3310/3774/3310 3311/3775/3311
f 3233/3697/3233 3311/3775/3311 3231/3695/3231
f 3231/3695/3231 3311/3775/3311 3312/3776/3312
f 3231/3695/3231 3312/3776/3312 3229/3693/3229
f 3229/3693/3229 3312/3776/3312 3313/3777/3313
f 3229/3693/3229 3313/3777/3313 3227/3691/3227
f 3227/3691/3227 3313/3777/3313 3314/3778/3314
f 3227/3691/3227 3314/3778/3314 3225/3689/3225
f 3225/3689/3225 3314/3778/3314 3315/3779/3315
f 3225/3689/3225 3315/3779/3315 3178/3638/3178
f 3178/3638/3178 3315/3779/3315 3316/3780/3316
f 3178/3638/3178 3316/3780/3316 3176/3636/3176
f 3176/3636/3176 3316/3780/3316 3317/3781/3317
f 3176/3636/3176 3317/3781/3317 3174/3634/3174
f 3174/3634/3174 3317/3781/3317 3318/3782/3318
f 3174/3634/3174 3318/3782/3318 3172/3632/3172
f 3172/3632/3172 3318/3782/3318 3319/3783/3319
f 3172/3632/3172 3319/3783/3319 3170/3630/3170
f 3170/3630/3170 3319/3783/3319 3320/3784/3320
f 3170/3630/3170 3320/3784/3320 3168/3628/3168
f 3168/3628/3168 3320/3784/3320 3321/3785/3321
f 3168/3628/3168 3321/3785/3321 3166/3626/3166
f 3166/3626/3166 3321/3785/3321 3322/3786/3322
f 3166/3626/3166 3322/3786/3322 3164/3624/3164
f 3164/3624/3164 3322/3786/3322 3323/3787/3323
f 3164/3624/3164 3323/3787/3323 3162/3622/3162
f 3162/3622/3162 3323/3787/3323 3324/3788/3324
f 3162/3622/3162 3324/3788/3324 3160/3620/3160
f 3160/3620/3160 3324/3788/3324 3325/3789/3325
f 3160/3620/3160 3325/3789/3325 3158/3618/3158
f 3158/3618/3158 3325/3789/3325 3326/3790/3326
f 3158/3618/3158 3326/3790/3326 3156/3616/3156
f 3156/3616/3156 3326/3790/3326 3327/3791/3327
f 3156/3616/3156 3327/3791/3327 3154/3614/3154
f 3154/3614/3154 3327/3791/3327 3328/3792/3328
f 3154/3614/3154 3328/3792/3328 3152/3612/3152
f 3152/3612/3152 3328/3792/3328 3329/3793/3329
f 3152/3612/3152 3329/3793/3329 3150/3610/3150
f 3150/3610/3150 3329/3793/3329 3330/3794/3330
f 3150/3610/3150 3330/3794/3330 3148/3608/3148
f 3148/3608/3148 3330/3794/3330 3331/3795/3331
f 3148/3608/3148 3331/3795/3331 3146/3606/3146
f 3146/3606/3146 3331/3795/3331 3332/3796/3332
f 3146/3606/3146 3332/3796/3332 3144/3604/3144
f 3144/3604/3144 3332/3796/3332 3333/3797/3333
f 3144/3604/3144 3333/3797/3333 3142/3602/3142
f 3142/3602/3142 3333/3797/3333 3141/3600/3141
f 2920/3554/2920 3112/3553/3112 3111/3552/3111
f 3140/3597/3140 3086/3524/3086 3084/3522/3084
f 859/876/859 858/874/860 3334/3798/3334
f 3334/3798/3334 858/874/860 3335/3799/3335
f 3334/3798/3334 3335/3799/3335 3336/3800/3336
f 3336/3800/3336 3335/3799/3335 3337/3801/3337
f 3336/3800/3336 3337/3801/3337 3338/3802/3338
f 3338/3802/3338 3337/3801/3337 3339/3803/3339
f 3338/3802/3338 3339/3803/3339 3340/3804/3340
f 3340/3804/3340 3339/3803/3339 3245/3805/3245
f 3340/3804/3340 3245/3805/3245 3243/3806/3243
f 858/874/860 3024/3807/3025 3335/3799/3335
f 3335/3799/3335 3024/3807/3025 3247/3808/3247
f 3335/3799/3335 3247/3808/3247 3337/3801/3337
f 3337/3801/3337 3247/3808/3247 3245/3805/3245
f 3337/3801/3337 3245/3805/3245 3339/3803/3339
f 3340/3804/3340 3243/3806/3243 3341/3809/3341
f 3341/3809/3341 3243/3806/3243 3241/3810/3241
f 3341/3809/3341 3241/3810/3241 3342/3811/3342
f 3342/3811/3342 3241/3810/3241 3239/3812/3239
f 3342/3811/3342 3239/3812/3239 3343/3813/3343
f 3343/3813/3343 3239/3812/3239 3237/3814/3237
f 3343/3813/3343 3237/3814/3237 3344/3815/3344
f 3344/3815/3344 3237/3814/3237 3345/3816/3345
f 3344/3815/3344 3345/3816/3345 3346/3817/3346
f 3346/3817/3346 3345/3816/3345 3347/3818/3347
f 3347/3818/3347 3345/3816/3345 3348/3819/3348
f 3347/3818/3347 3348/3819/3348 3349/3820/3349
f 3349/3820/3349 3348/3819/3348 3350/3821/3350
f 3349/3820/3349 3350/3821/3350 3351/3822/3351
f 3351/3822/3351 3350/3821/3350 3352/3823/3352
f 3351/3822/3351 3352/3823/3352 3353/3824/3353
f 3353/3824/3353 3352/3823/3352 3354/3825/3354
f 3353/3824/3353 3354/3825/3354 3355/3826/3355
f 3355/3826/3355 3354/3825/3354 3230/3827/3230
f 3355/3826/3355 3230/3827/3230 3228/3828/3228
f 3237/3814/3237 3236/3829/3236 3345/3816/3345
f 3345/3816/3345 3236/3829/3236 3348/3819/3348
f 3236/3829/3236 3234/3830/3234 3348/3819/3348
f 3348/3819/3348 3234/3830/3234 3350/3821/3350
f 3234/3830/3234 3232/3831/3232 3350/3821/3350
f 3350/3821/3350 3232/3831/3232 3352/3823/3352
f 3232/3831/3232 3230/3827/3230 3352/3823/3352
f 3352/3823/3352 3230/3827/3230 3354/3825/3354
f 3355/3826/3355 3228/3828/3228 3356/3832/3356
f 3356/3832/3356 3228/3828/3228 3226/3833/3226
f 3356/3832/3356 3226/3833/3226 3357/3834/3357
f 3357/3834/3357 3226/3833/3226 3180/3835/3180
f 3357/3834/3357 3180/3835/3180 3358/3836/3358
f 3358/3836/3358 3180/3835/3180 3359/3837/3359
f 3358/3836/3358 3359/3837/3359 3360/3838/3360
f 3360/3838/3360 3359/3837/3359 3361/3839/3361
f 3361/3839/3361 3359/3837/3359 3362/3840/3362
f 3361/3839/3361 3362/3840/3362 192/3841/192
f 192/3841/192 3362/3840/3362 3363/3842/3363
f 192/3841/192 3363/3842/3363 191/3843/191
f 191/3843/191 3363/3842/3363 3364/3844/3364
f 191/3843/191 3364/3844/3364 193/3845/193
f 193/3845/193 3364/3844/3364 3365/3846/3365
f 193/3845/193 3365/3846/3365 3366/3847/3366
f 3366/3847/3366 3365/3846/3365 3224/3848/3224
f 3366/3847/3366 3224/3848/3224 3223/3849/3223
f 3180/3835/3180 3179/3850/3179 3359/3837/3359
f 3359/3837/3359 3179/3850/3179 3362/3840/3362
f 3179/3850/3179 3199/3851/3199 3362/3840/3362
f 3362/3840/3362 3199/3851/3199 3363/3842/3363
f 3199/3851/3199 3198/3852/3198 3363/3842/3363
f 3363/3842/3363 3198/3852/3198 3364/3844/3364
f 3198/3852/3198 3224/3848/3224 3364/3844/3364
f 3364/3844/3364 3224/3848/3224 3365/3846/3365
f 3366/3847/3366 3223/3849/3223 3367/3853/3367
f 3367/3853/3367 3223/3849/3223 3222/3854/3222
f 3367/3853/3367 3222/3854/3222 3368/3855/3368
f 3368/3855/3368 3222/3854/3222 3221/3856/3221
f 3368/3855/3368 3221/3856/3221 3369/3857/3369
f 3369/3857/3369 3221/3856/3221 3220/3858/3220
f 3369/3857/3369 3220/3858/3220 3370/3859/3370
f 3370/3859/3370 3220/3858/3220 3371/3860/3371
f 3370/3859/3370 3371/3860/3371 231/3861/231
f 231/3861/231 3371/3860/3371 239/3862/239
f 239/3862/239 3371/3860/3371 3372/3863/3372
f 239/3862/239 3372/3863/3372 247/3864/247
f 247/3864/247 3372/3863/3372 3373/3865/3373
f 247/3864/247 3373/3865/3373 248/3866/248
f 248/3866/248 3373/3865/3373 3374/3867/3374
f 248/3866/248 3374/3867/3374 3375/3868/3375
f 3375/3868/3375 3374/3867/3374 3217/3869/3217
f 3375/3868/3375 3217/3869/3217 3207/3870/3207
f 3220/3858/3220 3219/3871/3219 3371/3860/3371
f 3371/3860/3371 3219/3871/3219 3372/3863/3372
f 3219/3871/3219 3218/3872/3218 3372/3863/3372
f 3372/3863/3372 3218/3872/3218 3373/3865/3373
f 3218/3872/3218 3217/3869/3217 3373/3865/3373
f 3373/3865/3373 3217/3869/3217 3374/3867/3374
f 3375/3868/3375 3207/3870/3207 3376/3873/3376
f 3376/3873/3376 3207/3870/3207 3206/3874/3206
f 3376/3873/3376 3206/3874/3206 3377/3875/3377
f 3377/3875/3377 3206/3874/3206 3216/3876/3216
f 3377/3875/3377 3216/3876/3216 3378/3877/3378
f 3378/3877/3378 3216/3876/3216 3215/3878/3215
f 3378/3877/3378 3215/3878/3215 3379/3879/3379
f 3379/3879/3379 3215/3878/3215 3214/3880/3214
f 3379/3879/3379 3214/3880/3214 3380/3881/3380
f 3380/3881/3380 3214/3880/3214 3213/3882/3213
f 3380/3881/3380 3213/3882/3213 262/3883/262
f 262/3883/262 3213/3882/3213 933/3884/933
f 262/3883/262 260/3885/260 3380/3881/3380
f 3380/3881/3380 260/3885/260 258/3886/258
f 3380/3881/3380 258/3886/258 3379/3879/3379
f 3379/3879/3379 258/3886/258 256/3887/256
f 3379/3879/3379 256/3887/256 3378/3877/3378
f 3378/3877/3378 256/3887/256 254/3888/254
f 3378/3877/3378 254/3888/254 3377/3875/3377
f 3377/3875/3377 254/3888/254 252/3889/252
f 3377/3875/3377 252/3889/252 3376/3873/3376
f 3376/3873/3376 252/3889/252 250/3890/250
f 3376/3873/3376 250/3890/250 3375/3868/3375
f 3375/3868/3375 250/3890/250 248/3866/248
f 3370/3859/3370 231/3861/231 3369/3857/3369
f 3369/3857/3369 231/3861/231 223/3891/223
f 3369/3857/3369 223/3891/223 3368/3855/3368
f 3368/3855/3368 223/3891/223 215/3892/215
f 3368/3855/3368 215/3892/215 3367/3853/3367
f 3367/3853/3367 215/3892/215 207/3893/207
f 3367/3853/3367 207/3893/207 3366/3847/3366
f 3366/3847/3366 207/3893/207 193/3845/193
f 3358/3836/3358 3360/3838/3360 3357/3834/3357
f 3357/3834/3357 3360/3838/3360 3381/3894/3381
f 3357/3834/3357 3381/3894/3381 3356/3832/3356
f 3356/3832/3356 3381/3894/3381 3382/3895/3382
f 3356/3832/3356 3382/3895/3382 3355/3826/3355
f 3355/3826/3355 3382/3895/3382 3353/3824/3353
f 3344/3815/3344 3346/3817/3346 3343/3813/3343
f 3343/3813/3343 3346/3817/3346 3383/3896/3383
f 3343/3813/3343 3383/3896/3383 3342/3811/3342
f 3342/3811/3342 3383/3896/3383 3384/3897/3384
f 3342/3811/3342 3384/3897/3384 3341/3809/3341
f 3341/3809/3341 3384/3897/3384 3385/3898/3385
f 3341/3809/3341 3385/3898/3385 3340/3804/3340
f 3340/3804/3340 3385/3898/3385 3338/3802/3338
f 594/3901/594 748/3900/747 596/3899/596
f 596/3899/596 748/3900/747 845/3902/845
f 596/3899/596 845/3902/845 3386/3903/3386
f 3386/3903/3386 845/3902/845 849/3904/849
f 3386/3903/3386 849/3904/849 3387/3905/3387
f 3387/3905/3387 849/3904/849 853/3906/853
f 3387/3905/3387 853/3906/853 3388/3907/3388
f 3388/3907/3388 853/3906/853 852/3908/852
f 3388/3907/3388 852/3908/852 3389/3909/3389
f 3389/3909/3389 852/3908/852 855/3910/855
f 3389/3909/3389 855/3910/855 3390/3911/3390
f 3390/3911/3390 855/3910/855 857/3912/856
f 3390/3911/3390 857/3912/856 2421/3913/2421
f 2421/3913/2421 857/3912/856 856/874/857
f 2421/3913/2421 2420/3914/2420 3390/3911/3390
f 3390/3911/3390 2420/3914/2420 3391/3915/3391
f 3390/3911/3390 3391/3915/3391 3392/3916/3392
f 3392/3916/3392 3391/3915/3391 3393/3917/3393
f 3392/3916/3392 3393/3917/3393 3394/3918/3394
f 3394/3918/3394 3393/3917/3393 3395/3919/3395
f 3394/3918/3394 3395/3919/3395 3396/3920/3396
f 3396/3920/3396 3395/3919/3395 3397/3921/3397
f 3396/3920/3396 3397/3921/3397 3398/3922/3398
f 3398/3922/3398 3397/3921/3397 3399/3923/3399
f 3398/3922/3398 3399/3923/3399 606/3924/606
f 606/3924/606 3399/3923/3399 608/3925/608
f 608/3925/608 3399/3923/3399 3400/3926/3400
f 608/3925/608 3400/3926/3400 626/3927/626
f 626/3927/626 3400/3926/3400 627/3928/627
f 627/3928/627 3400/3926/3400 3401/3929/3401
f 627/3928/627 3401/3929/3401 629/3930/629
f 629/3930/629 3401/3929/3401 3402/3931/3402
f 629/3930/629 3402/3931/3402 631/3932/631
f 631/3932/631 3402/3931/3402 3403/3933/3403
f 631/3932/631 3403/3933/3403 633/3934/633
f 633/3934/633 3403/3933/3403 3404/3935/3404
f 633/3934/633 3404/3935/3404 635/3936/635
f 635/3936/635 3404/3935/3404 3405/3937/3405
f 635/3936/635 3405/3937/3405 637/3938/637
f 637/3938/637 3405/3937/3405 3406/3939/3406
f 637/3938/637 3406/3939/3406 639/3940/639
f 639/3940/639 3406/3939/3406 824/3941/824
f 639/3940/639 824/3941/824 641/3942/641
f 2420/3914/2420 2419/3943/2419 3391/3915/3391
f 3391/3915/3391 2419/3943/2419 3407/3944/3407
f 3391/3915/3391 3407/3944/3407 3393/3917/3393
f 3393/3917/3393 3407/3944/3407 3408/3945/3408
f 3393/3917/3393 3408/3945/3408 3395/3919/3395
f 3395/3919/3395 3408/3945/3408 3409/3946/3409
f 3395/3919/3395 3409/3946/3409 3397/3921/3397
f 3397/3921/3397 3409/3946/3409 3410/3947/3410
f 3397/3921/3397 3410/3947/3410 3399/3923/3399
f 3399/3923/3399 3410/3947/3410 3400/3926/3400
f 2419/3943/2419 2418/3948/2418 3407/3944/3407
f 3407/3944/3407 2418/3948/2418 3411/3949/3411
f 3407/3944/3407 3411/3949/3411 3408/3945/3408
f 3408/3945/3408 3411/3949/3411 3412/3950/3412
f 3408/3945/3408 3412/3950/3412 3409/3946/3409
f 3409/3946/3409 3412/3950/3412 3413/3951/3413
f 3409/3946/3409 3413/3951/3413 3410/3947/3410
f 3410/3947/3410 3413/3951/3413 3414/3952/3414
f 3410/3947/3410 3414/3952/3414 3400/3926/3400
f 3400/3926/3400 3414/3952/3414 3401/3929/3401
f 2418/3948/2418 2417/3953/2417 3411/3949/3411
f 3411/3949/3411 2417/3953/2417 3415/3954/3415
f 3411/3949/3411 3415/3954/3415 3412/3950/3412
f 3412/3950/3412 3415/3954/3415 3416/3955/3416
f 3412/3950/3412 3416/3955/3416 3413/3951/3413
f 3413/3951/3413 3416/3955/3416 3417/3956/3417
f 3413/3951/3413 3417/3956/3417 3414/3952/3414
f 3414/3952/3414 3417/3956/3417 3418/3957/3418
f 3414/3952/3414 3418/3957/3418 3401/3929/3401
f 3401/3929/3401 3418/3957/3418 3402/3931/3402
f 2417/3953/2417 2416/3958/2416 3415/3954/3415
f 3415/3954/3415 2416/3958/2416 3419/3959/3419
f 3415/3954/3415 3419/3959/3419 3416/3955/3416
f 3416/3955/3416 3419/3959/3419 3420/3960/3420
f 3416/3955/3416 3420/3960/3420 3417/3956/3417
f 3417/3956/3417 3420/3960/3420 3421/3961/3421
f 3417/3956/3417 3421/3961/3421 3418/3957/3418
f 3418/3957/3418 3421/3961/3421 3422/3962/3422
f 3418/3957/3418 3422/3962/3422 3402/3931/3402
f 3402/3931/3402 3422/3962/3422 3403/3933/3403
f 2416/3958/2416 2415/3963/2415 3419/3959/3419
f 3419/3959/3419 2415/3963/2415 3423/3964/3423
f 3419/3959/3419 3423/3964/3423 3420/3960/3420
f 3420/3960/3420 3423/3964/3423 3424/3965/3424
f 3420/3960/3420 3424/3965/3424 3421/3961/3421
f 3421/3961/3421 3424/3965/3424 3425/3966/3425
f 3421/3961/3421 3425/3966/3425 3422/3962/3422
f 3422/3962/3422 3425/3966/3425 3426/3967/3426
f 3422/3962/3422 3426/3967/3426 3403/3933/3403
f 3403/3933/3403 3426/3967/3426 3404/3935/3404
f 2415/3963/2415 2414/3968/2414 3423/3964/3423
f 3423/3964/3423 2414/3968/2414 2413/3969/2413
f 3423/3964/3423 2413/3969/2413 3427/3970/3427
f 3427/3970/3427 2413/3969/2413 2412/3971/2412
f 3427/3970/3427 2412/3971/2412 3428/3972/3428
f 3428/3972/3428 2412/3971/2412 2411/3973/2411
f 3428/3972/3428 2411/3973/2411 3429/3974/3429
f 3429/3974/3429 2411/3973/2411 2410/3975/2410
f 3429/3974/3429 2410/3975/2410 3430/3976/3430
f 3430/3976/3430 2410/3975/2410 2409/3977/2409
f 3430/3976/3430 2409/3977/2409 3431/3978/3431
f 3431/3978/3431 2409/3977/2409 2408/3979/2408
f 3431/3978/3431 2408/3979/2408 3432/3980/3432
f 3432/3980/3432 2408/3979/2408 2407/3981/2407
f 3432/3980/3432 2407/3981/2407 840/3982/840
f 840/3982/840 2407/3981/2407 777/3983/777
f 777/3983/777 2407/3981/2407 778/3984/778
f 840/3982/840 836/3985/836 3432/3980/3432
f 3432/3980/3432 836/3985/836 3433/3986/3433
f 3432/3980/3432 3433/3986/3433 3431/3978/3431
f 3431/3978/3431 3433/3986/3433 3434/3987/3434
f 3431/3978/3431 3434/3987/3434 3430/3976/3430
f 3430/3976/3430 3434/3987/3434 3435/3988/3435
f 3430/3976/3430 3435/3988/3435 3429/3974/3429
f 3429/3974/3429 3435/3988/3435 3436/3989/3436
f 3429/3974/3429 3436/3989/3436 3428/3972/3428
f 3428/3972/3428 3436/3989/3436 3437/3990/3437
f 3428/3972/3428 3437/3990/3437 3427/3970/3427
f 3427/3970/3427 3437/3990/3437 3424/3965/3424
f 3427/3970/3427 3424/3965/3424 3423/3964/3423
f 836/3985/836 831/3991/831 3433/3986/3433
f 3433/3986/3433 831/3991/831 825/3992/825
f 3433/3986/3433 825/3992/825 3438/3993/3438
f 3438/3993/3438 825/3992/825 823/3994/823
f 3438/3993/3438 823/3994/823 3439/3995/3439
f 3439/3995/3439 823/3994/823 824/3941/824
f 3439/3995/3439 824/3941/824 3406/3939/3406
f 606/3924/606 604/3996/604 3398/3922/3398
f 3398/3922/3398 604/3996/604 3440/3997/3440
f 3398/3922/3398 3440/3997/3440 3396/3920/3396
f 3396/3920/3396 3440/3997/3440 3441/3998/3441
f 3396/3920/3396 3441/3998/3441 3394/3918/3394
f 3394/3918/3394 3441/3998/3441 3442/3999/3442
f 3394/3918/3394 3442/3999/3442 3392/3916/3392
f 3392/3916/3392 3442/3999/3442 3389/3909/3389
f 3392/3916/3392 3389/3909/3389 3390/3911/3390
f 604/3996/604 602/4000/602 3440/3997/3440
f 3440/3997/3440 602/4000/602 3443/4001/3443
f 3440/3997/3440 3443/4001/3443 3441/3998/3441
f 3441/3998/3441 3443/4001/3443 3444/4002/3444
f 3441/3998/3441 3444/4002/3444 3442/3999/3442
f 3442/3999/3442 3444/4002/3444 3388/3907/3388
f 3442/3999/3442 3388/3907/3388 3389/3909/3389
f 602/4000/602 600/4003/600 3443/4001/3443
f 3443/4001/3443 600/4003/600 3445/4004/3445
f 3443/4001/3443 3445/4004/3445 3444/4002/3444
f 3444/4002/3444 3445/4004/3445 3387/3905/3387
f 3444/4002/3444 3387/3905/3387 3388/3907/3388
f 600/4003/600 598/4005/598 3445/4004/3445
f 3445/4004/3445 598/4005/598 3386/3903/3386
f 3445/4004/3445 3386/3903/3386 3387/3905/3387
f 598/4005/598 596/3899/596 3386/3903/3386
f 3425/3966/3425 3424/3965/3424 3437/3990/3437
f 3425/3966/3425 3437/3990/3437 3446/4006/3446
f 3446/4006/3446 3437/3990/3437 3436/3989/3436
f 3446/4006/3446 3436/3989/3436 3447/4007/3447
f 3447/4007/3447 3436/3989/3436 3435/3988/3435
f 3447/4007/3447 3435/3988/3435 3448/4008/3448
f 3448/4008/3448 3435/3988/3435 3434/3987/3434
f 3448/4008/3448 3434/3987/3434 3438/3993/3438
f 3438/3993/3438 3434/3987/3434 3433/3986/3433
f 3425/3966/3425 3446/4006/3446 3426/3967/3426
f 3426/3967/3426 3446/4006/3446 3449/4009/3449
f 3426/3967/3426 3449/4009/3449 3404/3935/3404
f 3404/3935/3404 3449/4009/3449 3405/3937/3405
f 3449/4009/3449 3446/4006/3446 3447/4007/3447
f 3449/4009/3449 3447/4007/3447 3450/4010/3450
f 3450/4010/3450 3447/4007/3447 3448/4008/3448
f 3450/4010/3450 3448/4008/3448 3439/3995/3439
f 3439/3995/3439 3448/4008/3448 3438/3993/3438
f 3406/3939/3406 3405/3937/3405 3450/4010/3450
f 3450/4010/3450 3405/3937/3405 3449/4009/3449
f 3406/3939/3406 3450/4010/3450 3439/3995/3439
f 594/4013/594 593/4012/595 747/4011/748
f 747/4011/748 593/4012/595 3451/4014/3451
f 747/4011/748 3451/4014/3451 779/4015/779
f 779/4015/779 3451/4014/3451 3452/4016/3452
f 779/4015/779 3452/4016/3452 784/4017/784
f 784/4017/784 3452/4016/3452 3453/4018/3453
f 784/4017/784 3453/4018/3453 789/4019/789
f 789/4019/789 3453/4018/3453 3454/4020/3454
f 789/4019/789 3454/4020/3454 794/4021/794
f 794/4021/794 3454/4020/3454 3455/4022/3455
f 794/4021/794 3455/4022/3455 799/4023/799
f 799/4023/799 3455/4022/3455 3456/4024/3456
f 799/4023/799 3456/4024/3456 804/4025/804
f 804/4025/804 3456/4024/3456 3457/4026/3457
f 804/4025/804 3457/4026/3457 809/4027/809
f 809/4027/809 3457/4026/3457 810/4028/810
f 810/4028/810 3457/4026/3457 3458/4029/3458
f 810/4028/810 3458/4029/3458 3459/4030/3459
f 3459/4030/3459 3458/4029/3458 3460/4031/3460
f 3459/4030/3459 3460/4031/3460 3461/4032/3461
f 3461/4032/3461 3460/4031/3460 3462/4033/3462
f 3461/4032/3461 3462/4033/3462 3463/4034/3463
f 3463/4034/3463 3462/4033/3462 3464/4035/3464
f 3463/4034/3463 3464/4035/3464 3465/4036/3465
f 3465/4036/3465 3464/4035/3464 3466/4037/3466
f 3465/4036/3465 3466/4037/3466 3467/4038/3467
f 3467/4038/3467 3466/4037/3466 3468/4039/3468
f 3467/4038/3467 3468/4039/3468 3469/4040/3469
f 3469/4040/3469 3468/4039/3468 3470/4041/3470
f 3469/4040/3469 3470/4041/3470 3471/4042/3471
f 3471/4042/3471 3470/4041/3470 3472/4043/3472
f 3471/4042/3471 3472/4043/3472 3473/4044/3473
f 3473/4044/3473 3472/4043/3472 652/4045/652
f 3451/4014/3451 593/4012/595 3474/4046/3474
f 3474/4046/3474 593/4012/595 665/4047/665
f 3474/4046/3474 665/4047/665 3475/4048/3475
f 3475/4048/3475 665/4047/665 663/4049/663
f 3475/4048/3475 663/4049/663 3476/4050/3476
f 3476/4050/3476 663/4049/663 661/4051/661
f 3476/4050/3476 661/4051/661 3477/4052/3477
f 3477/4052/3477 661/4051/661 659/4053/659
f 3477/4052/3477 659/4053/659 3478/4054/3478
f 3478/4054/3478 659/4053/659 657/4055/657
f 3478/4054/3478 657/4055/657 3479/4056/3479
f 3479/4056/3479 657/4055/657 655/4057/655
f 3479/4056/3479 655/4057/655 3480/4058/3480
f 3480/4058/3480 655/4057/655 653/4059/654
f 3480/4058/3480 653/4059/654 652/4060/652
f 652/4063/652 625/4062/625 3481/4061/3481
f 3481/4061/3481 625/4062/625 624/4064/624
f 3481/4061/3481 624/4064/624 3482/4065/3482
f 3482/4065/3482 624/4064/624 651/4066/651
f 3482/4065/3482 651/4066/651 3483/4067/3483
f 3483/4067/3483 651/4066/651 649/4068/649
f 3483/4067/3483 649/4068/649 3484/4069/3484
f 3484/4069/3484 649/4068/649 647/4070/647
f 3484/4069/3484 647/4070/647 3485/4071/3485
f 3485/4071/3485 647/4070/647 645/4072/645
f 3485/4071/3485 645/4072/645 3486/4073/3486
f 3486/4073/3486 645/4072/645 643/4074/643
f 3486/4073/3486 643/4074/643 3487/4075/3487
f 3487/4075/3487 643/4074/643 640/4076/640
f 3487/4075/3487 640/4076/640 3488/4077/3488
f 3488/4077/3488 640/4076/640 641/4078/641
f 3488/4077/3488 641/4078/641 822/4079/822
f 3488/4077/3488 822/4079/822 3489/4080/3489
f 3489/4080/3489 822/4079/822 820/4081/820
f 3489/4080/3489 820/4081/820 3490/4082/3490
f 3490/4082/3490 820/4081/820 818/4083/818
f 3490/4082/3490 818/4083/818 3491/4084/3491
f 3491/4084/3491 818/4083/818 816/4085/816
f 3491/4084/3491 816/4085/816 3492/4086/3492
f 3492/4086/3492 816/4085/816 814/4087/814
f 3492/4086/3492 814/4087/814 3493/4088/3493
f 3493/4088/3493 814/4087/814 812/4089/812
f 3493/4088/3493 812/4089/812 3459/4030/3459
f 3459/4030/3459 812/4089/812 810/4028/810
f 3480/4058/3480 652/4091/652 3494/4090/3494
f 3494/4090/3494 652/4093/652 3495/4092/3495
f 3495/4092/3495 652/4095/652 3496/4094/3496
f 3496/4094/3496 652/4097/652 3497/4096/3497
f 3497/4096/3497 652/4099/652 3498/4098/3498
f 3498/4098/3498 652/4101/652 3499/4100/3499
f 3473/4044/3473 652/4103/652 3500/4102/3500
f 3500/4102/3500 652/4105/652 3501/4104/3501
f 3501/4104/3501 652/4107/652 3502/4106/3502
f 3502/4106/3502 652/4109/652 3503/4108/3503
f 3503/4108/3503 652/4111/652 3504/4110/3504
f 3504/4110/3504 652/4112/652 3481/4061/3481
f 652/4045/652 3472/4043/3472 3499/4100/3499
f 3499/4100/3499 3472/4043/3472 3505/4113/3505
f 3499/4100/3499 3505/4113/3505 3506/4114/3506
f 3506/4114/3506 3505/4113/3505 3507/4115/3507
f 3506/4114/3506 3507/4115/3507 3508/4116/3508
f 3508/4116/3508 3507/4115/3507 3509/4117/3509
f 3508/4116/3508 3509/4117/3509 3510/4118/3510
f 3510/4118/3510 3509/4117/3509 3511/4119/3511
f 3510/4118/3510 3511/4119/3511 3512/4120/3512
f 3512/4120/3512 3511/4119/3511 3513/4121/3513
f 3512/4120/3512 3513/4121/3513 3514/4122/3514
f 3514/4122/3514 3513/4121/3513 3515/4123/3515
f 3514/4122/3514 3515/4123/3515 3479/4056/3479
f 3479/4056/3479 3515/4123/3515 3478/4054/3478
f 3514/4122/3514 3479/4056/3479 3480/4058/3480
f 3514/4122/3514 3480/4058/3480 3494/4090/3494
f 3477/4052/3477 3478/4054/3478 3516/4124/3516
f 3516/4124/3516 3478/4054/3478 3515/4123/3515
f 3516/4124/3516 3515/4123/3515 3517/4125/3517
f 3517/4125/3517 3515/4123/3515 3513/4121/3513
f 3517/4125/3517 3513/4121/3513 3518/4126/3518
f 3518/4126/3518 3513/4121/3513 3511/4119/3511
f 3518/4126/3518 3511/4119/3511 3519/4127/3519
f 3519/4127/3519 3511/4119/3511 3509/4117/3509
f 3519/4127/3519 3509/4117/3509 3520/4128/3520
f 3520/4128/3520 3509/4117/3509 3507/4115/3507
f 3520/4128/3520 3507/4115/3507 3521/4129/3521
f 3521/4129/3521 3507/4115/3507 3505/4113/3505
f 3521/4129/3521 3505/4113/3505 3470/4041/3470
f 3470/4041/3470 3505/4113/3505 3472/4043/3472
f 3476/4050/3476 3477/4052/3477 3522/4130/3522
f 3522/4130/3522 3477/4052/3477 3516/4124/3516
f 3522/4130/3522 3516/4124/3516 3523/4131/3523
f 3523/4131/3523 3516/4124/3516 3517/4125/3517
f 3523/4131/3523 3517/4125/3517 3524/4132/3524
f 3524/4132/3524 3517/4125/3517 3518/4126/3518
f 3524/4132/3524 3518/4126/3518 3525/4133/3525
f 3525/4133/3525 3518/4126/3518 3519/4127/3519
f 3525/4133/3525 3519/4127/3519 3526/4134/3526
f 3526/4134/3526 3519/4127/3519 3520/4128/3520
f 3526/4134/3526 3520/4128/3520 3527/4135/3527
f 3527/4135/3527 3520/4128/3520 3521/4129/3521
f 3527/4135/3527 3521/4129/3521 3468/4039/3468
f 3468/4039/3468 3521/4129/3521 3470/4041/3470
f 3475/4048/3475 3476/4050/3476 3528/4136/3528
f 3528/4136/3528 3476/4050/3476 3522/4130/3522
f 3528/4136/3528 3522/4130/3522 3529/4137/3529
f 3529/4137/3529 3522/4130/3522 3523/4131/3523
f 3529/4137/3529 3523/4131/3523 3530/4138/3530
f 3530/4138/3530 3523/4131/3523 3524/4132/3524
f 3530/4138/3530 3524/4132/3524 3531/4139/3531
f 3531/4139/3531 3524/4132/3524 3525/4133/3525
f 3531/4139/3531 3525/4133/3525 3532/4140/3532
f 3532/4140/3532 3525/4133/3525 3526/4134/3526
f 3532/4140/3532 3526/4134/3526 3533/4141/3533
f 3533/4141/3533 3526/4134/3526 3527/4135/3527
f 3533/4141/3533 3527/4135/3527 3466/4037/3466
f 3466/4037/3466 3527/4135/3527 3468/4039/3468
f 3452/4016/3452 3451/4014/3451 3474/4046/3474
f 3474/4046/3474 3475/4048/3475 3534/4142/3534
f 3534/4142/3534 3475/4048/3475 3528/4136/3528
f 3534/4142/3534 3528/4136/3528 3535/4143/3535
f 3535/4143/3535 3528/4136/3528 3529/4137/3529
f 3535/4143/3535 3529/4137/3529 3536/4144/3536
f 3536/4144/3536 3529/4137/3529 3530/4138/3530
f 3536/4144/3536 3530/4138/3530 3537/4145/3537
f 3537/4145/3537 3530/4138/3530 3531/4139/3531
f 3537/4145/3537 3531/4139/3531 3538/4146/3538
f 3538/4146/3538 3531/4139/3531 3532/4140/3532
f 3538/4146/3538 3532/4140/3532 3539/4147/3539
f 3539/4147/3539 3532/4140/3532 3533/4141/3533
f 3539/4147/3539 3533/4141/3533 3464/4035/3464
f 3464/4035/3464 3533/4141/3533 3466/4037/3466
f 3487/4075/3487 3488/4077/3488 3540/4148/3540
f 3540/4148/3540 3488/4077/3488 3489/4080/3489
f 3540/4148/3540 3489/4080/3489 3541/4149/3541
f 3541/4149/3541 3489/4080/3489 3490/4082/3490
f 3541/4149/3541 3490/4082/3490 3542/4150/3542
f 3542/4150/3542 3490/4082/3490 3491/4084/3491
f 3542/4150/3542 3491/4084/3491 3543/4151/3543
f 3543/4151/3543 3491/4084/3491 3492/4086/3492
f 3543/4151/3543 3492/4086/3492 3544/4152/3544
f 3544/4152/3544 3492/4086/3492 3493/4088/3493
f 3544/4152/3544 3493/4088/3493 3461/4032/3461
f 3461/4032/3461 3493/4088/3493 3459/4030/3459
f 3486/4073/3486 3487/4075/3487 3545/4153/3545
f 3545/4153/3545 3487/4075/3487 3540/4148/3540
f 3545/4153/3545 3540/4148/3540 3546/4154/3546
f 3546/4154/3546 3540/4148/3540 3541/4149/3541
f 3546/4154/3546 3541/4149/3541 3547/4155/3547
f 3547/4155/3547 3541/4149/3541 3542/4150/3542
f 3547/4155/3547 3542/4150/3542 3548/4156/3548
f 3548/4156/3548 3542/4150/3542 3543/4151/3543
f 3548/4156/3548 3543/4151/3543 3549/4157/3549
f 3549/4157/3549 3543/4151/3543 3544/4152/3544
f 3549/4157/3549 3544/4152/3544 3463/4034/3463
f 3463/4034/3463 3544/4152/3544 3461/4032/3461
f 3485/4071/3485 3486/4073/3486 3550/4158/3550
f 3550/4158/3550 3486/4073/3486 3545/4153/3545
f 3550/4158/3550 3545/4153/3545 3551/4159/3551
f 3551/4159/3551 3545/4153/3545 3546/4154/3546
f 3551/4159/3551 3546/4154/3546 3552/4160/3552
f 3552/4160/3552 3546/4154/3546 3547/4155/3547
f 3552/4160/3552 3547/4155/3547 3553/4161/3553
f 3553/4161/3553 3547/4155/3547 3548/4156/3548
f 3553/4161/3553 3548/4156/3548 3554/4162/3554
f 3554/4162/3554 3548/4156/3548 3549/4157/3549
f 3554/4162/3554 3549/4157/3549 3465/4036/3465
f 3465/4036/3465 3549/4157/3549 3463/4034/3463
f 3484/4069/3484 3485/4071/3485 3555/4163/3555
f 3555/4163/3555 3485/4071/3485 3550/4158/3550
f 3555/4163/3555 3550/4158/3550 3556/4164/3556
f 3556/4164/3556 3550/4158/3550 3551/4159/3551
f 3556/4164/3556 3551/4159/3551 3557/4165/3557
f 3557/4165/3557 3551/4159/3551 3552/4160/3552
f 3557/4165/3557 3552/4160/3552 3558/4166/3558
f 3558/4166/3558 3552/4160/3552 3553/4161/3553
f 3558/4166/3558 3553/4161/3553 3559/4167/3559
f 3559/4167/3559 3553/4161/3553 3554/4162/3554
f 3559/4167/3559 3554/4162/3554 3467/4038/3467
f 3467/4038/3467 3554/4162/3554 3465/4036/3465
f 3483/4067/3483 3484/4069/3484 3560/4168/3560
f 3560/4168/3560 3484/4069/3484 3555/4163/3555
f 3560/4168/3560 3555/4163/3555 3561/4169/3561
f 3561/4169/3561 3555/4163/3555 3556/4164/3556
f 3561/4169/3561 3556/4164/3556 3562/4170/3562
f 3562/4170/3562 3556/4164/3556 3557/4165/3557
f 3562/4170/3562 3557/4165/3557 3563/4171/3563
f 3563/4171/3563 3557/4165/3557 3558/4166/3558
f 3563/4171/3563 3558/4166/3558 3564/4172/3564
f 3564/4172/3564 3558/4166/3558 3559/4167/3559
f 3564/4172/3564 3559/4167/3559 3469/4040/3469
f 3469/4040/3469 3559/4167/3559 3467/4038/3467
f 3504/4110/3504 3481/4061/3481 3482/4065/3482
f 3482/4065/3482 3483/4067/3483 3565/4173/3565
f 3565/4173/3565 3483/4067/3483 3560/4168/3560
f 3565/4173/3565 3560/4168/3560 3566/4174/3566
f 3566/4174/3566 3560/4168/3560 3561/4169/3561
f 3566/4174/3566 3561/4169/3561 3567/4175/3567
f 3567/4175/3567 3561/4169/3561 3562/4170/3562
f 3567/4175/3567 3562/4170/3562 3568/4176/3568
f 3568/4176/3568 3562/4170/3562 3563/4171/3563
f 3568/4176/3568 3563/4171/3563 3569/4177/3569
f 3569/4177/3569 3563/4171/3563 3564/4172/3564
f 3569/4177/3569 3564/4172/3564 3471/4042/3471
f 3471/4042/3471 3564/4172/3564 3469/4040/3469
f 3503/4108/3503 3504/4110/3504 3565/4173/3565
f 3565/4173/3565 3504/4110/3504 3482/4065/3482
f 3503/4108/3503 3565/4173/3565 3566/4174/3566
f 3502/4106/3502 3503/4108/3503 3566/4174/3566
f 3502/4106/3502 3566/4174/3566 3567/4175/3567
f 3501/4104/3501 3502/4106/3502 3567/4175/3567
f 3501/4104/3501 3567/4175/3567 3568/4176/3568
f 3500/4102/3500 3501/4104/3501 3568/4176/3568
f 3500/4102/3500 3568/4176/3568 3569/4177/3569
f 3473/4044/3473 3500/4102/3500 3569/4177/3569
f 3473/4044/3473 3569/4177/3569 3471/4042/3471
f 3464/4035/3464 3462/4033/3462 3539/4147/3539
f 3539/4147/3539 3462/4033/3462 3570/4178/3570
f 3539/4147/3539 3570/4178/3570 3538/4146/3538
f 3538/4146/3538 3570/4178/3570 3456/4024/3456
f 3538/4146/3538 3456/4024/3456 3537/4145/3537
f 3537/4145/3537 3456/4024/3456 3455/4022/3455
f 3537/4145/3537 3455/4022/3455 3536/4144/3536
f 3536/4144/3536 3455/4022/3455 3454/4020/3454
f 3536/4144/3536 3454/4020/3454 3535/4143/3535
f 3535/4143/3535 3454/4020/3454 3453/4018/3453
f 3535/4143/3535 3453/4018/3453 3534/4142/3534
f 3534/4142/3534 3453/4018/3453 3452/4016/3452
f 3534/4142/3534 3452/4016/3452 3474/4046/3474
f 3462/4033/3462 3460/4031/3460 3570/4178/3570
f 3570/4178/3570 3460/4031/3460 3457/4026/3457
f 3570/4178/3570 3457/4026/3457 3456/4024/3456
f 3460/4031/3460 3458/4029/3458 3457/4026/3457
f 3498/4098/3498 3499/4100/3499 3506/4114/3506
f 3497/4096/3497 3498/4098/3498 3506/4114/3506
f 3497/4096/3497 3506/4114/3506 3508/4116/3508
f 3496/4094/3496 3497/4096/3497 3508/4116/3508
f 3496/4094/3496 3508/4116/3508 3510/4118/3510
f 3495/4092/3495 3496/4094/3496 3510/4118/3510
f 3495/4092/3495 3510/4118/3510 3512/4120/3512
f 3494/4090/3494 3495/4092/3495 3512/4120/3512
f 3494/4090/3494 3512/4120/3512 3514/4122/3514
f 192/4180/192 190/190/190 3361/4179/3361
f 3361/4179/3361 190/190/190 3571/4181/3571
f 3361/4179/3361 3571/4181/3571 3572/4182/3572
f 3572/4182/3572 3571/4181/3571 3573/4183/3573
f 3572/4182/3572 3573/4183/3573 3574/4184/3574
f 3574/4184/3574 3573/4183/3573 3575/4185/3575
f 3574/4184/3574 3575/4185/3575 3576/4186/3576
f 3576/4186/3576 3575/4185/3575 3577/4187/3577
f 3576/4186/3576 3577/4187/3577 3578/4188/3578
f 3578/4188/3578 3577/4187/3577 3579/4189/3579
f 3578/4188/3578 3579/4189/3579 3580/4190/3580
f 3580/4190/3580 3579/4189/3579 3581/4191/3581
f 3580/4190/3580 3581/4191/3581 3582/4192/3582
f 3582/4192/3582 3581/4191/3581 3583/4193/3583
f 3582/4192/3582 3583/4193/3583 3584/4194/3584
f 3584/4194/3584 3583/4193/3583 3585/4195/3585
f 3584/4194/3584 3585/4195/3585 3586/4196/3586
f 3586/4196/3586 3585/4195/3585 3587/4197/3587
f 3586/4196/3586 3587/4197/3587 3588/4198/3588
f 3588/4198/3588 3587/4197/3587 3589/4199/3589
f 3588/4198/3588 3589/4199/3589 3590/4200/3590
f 3590/4200/3590 3589/4199/3589 3591/4201/3591
f 3590/4200/3590 3591/4201/3591 3592/4202/3592
f 3592/4202/3592 3591/4201/3591 3593/4203/3593
f 3592/4202/3592 3593/4203/3593 3594/4204/3594
f 3594/4204/3594 3593/4203/3593 3595/4205/3595
f 3594/4204/3594 3595/4205/3595 3596/4206/3596
f 3596/4206/3596 3595/4205/3595 3597/4207/3597
f 3596/4206/3596 3597/4207/3597 3598/4208/3598
f 3598/4208/3598 3597/4207/3597 3599/4209/3599
f 3598/4208/3598 3599/4209/3599 3600/4210/3600
f 3600/4210/3600 3599/4209/3599 3601/4211/3601
f 3600/4210/3600 3601/4211/3601 3602/4212/3602
f 3602/4212/3602 3601/4211/3601 2488/4213/2488
f 3602/4212/3602 2488/4213/2488 2487/4214/2487
f 190/190/190 188/188/188 3571/4181/3571
f 3571/4181/3571 188/188/188 3573/4183/3573
f 188/188/188 186/186/186 3573/4183/3573
f 3573/4183/3573 186/186/186 3575/4185/3575
f 186/186/186 184/184/184 3575/4185/3575
f 3575/4185/3575 184/184/184 3577/4187/3577
f 184/184/184 182/182/182 3577/4187/3577
f 3577/4187/3577 182/182/182 3579/4189/3579
f 182/182/182 180/180/180 3579/4189/3579
f 3579/4189/3579 180/180/180 3581/4191/3581
f 180/180/180 178/178/178 3581/4191/3581
f 3581/4191/3581 178/178/178 3583/4193/3583
f 178/178/178 161/161/161 3583/4193/3583
f 3583/4193/3583 161/161/161 3585/4195/3585
f 3585/4195/3585 161/161/161 3587/4197/3587
f 3587/4197/3587 161/161/161 145/145/145
f 3587/4197/3587 145/145/145 3589/4199/3589
f 3589/4199/3589 145/145/145 129/129/129
f 3589/4199/3589 129/129/129 3591/4201/3591
f 3591/4201/3591 129/129/129 11/11/11
f 3591/4201/3591 11/11/11 3593/4203/3593
f 3593/4203/3593 11/11/11 9/9/9
f 3593/4203/3593 9/9/9 7/7/7
f 3593/4203/3593 7/7/7 3595/4205/3595
f 3595/4205/3595 7/7/7 6/6/6
f 3595/4205/3595 6/6/6 3597/4207/3597
f 3597/4207/3597 6/6/6 4/4/4
f 3597/4207/3597 4/4/4 3599/4209/3599
f 3599/4209/3599 4/4/4 2/4215/2
f 3599/4209/3599 2/4215/2 3601/4211/3601
f 3601/4211/3601 2/4215/2 2488/4213/2488
f 3602/4212/3602 2487/4214/2487 3603/4216/3603
f 3603/4216/3603 2487/4214/2487 2486/4217/2486
f 3603/4216/3603 2486/4217/2486 3604/4218/3604
f 3604/4218/3604 2486/4217/2486 2485/4219/2485
f 3604/4218/3604 2485/4219/2485 3605/4220/3605
f 3605/4220/3605 2485/4219/2485 2484/4221/2484
f 3605/4220/3605 2484/4221/2484 3606/4222/3606
f 3606/4222/3606 2484/4221/2484 3607/4223/3607
f 3606/4222/3606 3607/4223/3607 3608/4224/3608
f 3608/4224/3608 3607/4223/3607 3609/4225/3609
f 3608/4224/3608 3609/4225/3609 3610/4226/3610
f 3610/4226/3610 3609/4225/3609 3611/4227/3611
f 3610/4226/3610 3611/4227/3611 3612/4228/3612
f 3612/4228/3612 3611/4227/3611 3613/4229/3613
f 3612/4228/3612 3613/4229/3613 3614/4230/3614
f 3614/4230/3614 3613/4229/3613 3615/4231/3615
f 3614/4230/3614 3615/4231/3615 3616/4232/3616
f 3616/4232/3616 3615/4231/3615 3617/4233/3617
f 3616/4232/3616 3617/4233/3617 3618/4234/3618
f 3618/4234/3618 3617/4233/3617 3619/4235/3619
f 3618/4234/3618 3619/4235/3619 3620/4236/3620
f 3620/4236/3620 3619/4235/3619 3621/4237/3621
f 3620/4236/3620 3621/4237/3621 3622/4238/3622
f 3622/4238/3622 3621/4237/3621 3623/4239/3623
f 3622/4238/3622 3623/4239/3623 3624/4240/3624
f 3624/4240/3624 3623/4239/3623 3625/4241/3625
f 3624/4240/3624 3625/4241/3625 3626/4242/3626
f 3626/4242/3626 3625/4241/3625 3627/4243/3627
f 3626/4242/3626 3627/4243/3627 3628/4244/3628
f 3628/4244/3628 3627/4243/3627 3629/4245/3629
f 3628/4244/3628 3629/4245/3629 3630/4246/3630
f 3630/4246/3630 3629/4245/3629 3631/4247/3631
f 3630/4246/3630 3631/4247/3631 3632/4248/3632
f 3632/4248/3632 3631/4247/3631 3633/4249/3633
f 3632/4248/3632 3633/4249/3633 3634/4250/3634
f 3634/4250/3634 3633/4249/3633 3635/4251/3635
f 3634/4250/3634 3635/4251/3635 3636/4252/3636
f 3636/4252/3636 3635/4251/3635 3637/4253/3637
f 3636/4252/3636 3637/4253/3637 880/4254/880
f 880/4254/880 3637/4253/3637 881/4255/881
f 881/4255/881 3637/4253/3637 3638/4256/3638
f 881/4255/881 3638/4256/3638 882/4257/882
f 882/4257/882 3638/4256/3638 3639/4258/3639
f 882/4257/882 3639/4258/3639 875/4259/875
f 875/4259/875 3639/4258/3639 3640/4260/3640
f 875/4259/875 3640/4260/3640 876/4261/876
f 876/4261/876 3640/4260/3640 884/4262/884
f 884/4262/884 3640/4260/3640 3641/4263/3641
f 884/4262/884 3641/4263/3641 886/4264/886
f 886/4264/886 3641/4263/3641 3642/4265/3642
f 886/4264/886 3642/4265/3642 901/4266/901
f 901/4266/901 3642/4265/3642 3643/4267/3643
f 901/4266/901 3643/4267/3643 902/4268/902
f 902/4268/902 3643/4267/3643 3644/4269/3644
f 902/4268/902 3644/4269/3644 903/4270/903
f 903/4270/903 3644/4269/3644 3645/4271/3645
f 903/4270/903 3645/4271/3645 899/4272/899
f 899/4272/899 3645/4271/3645 3646/4273/3646
f 899/4272/899 3646/4273/3646 900/4274/900
f 900/4274/900 3646/4273/3646 283/4275/283
f 900/4274/900 283/4275/283 285/4276/285
f 2484/4221/2484 2483/4277/2483 3607/4223/3607
f 3607/4223/3607 2483/4277/2483 3647/4278/3647
f 3607/4223/3607 3647/4278/3647 3609/4225/3609
f 3609/4225/3609 3647/4278/3647 3648/4279/3648
f 3609/4225/3609 3648/4279/3648 3611/4227/3611
f 3611/4227/3611 3648/4279/3648 3649/4280/3649
f 3611/4227/3611 3649/4280/3649 3613/4229/3613
f 3613/4229/3613 3649/4280/3649 3650/4281/3650
f 3613/4229/3613 3650/4281/3650 3615/4231/3615
f 3615/4231/3615 3650/4281/3650 3651/4282/3651
f 3615/4231/3615 3651/4282/3651 3617/4233/3617
f 3617/4233/3617 3651/4282/3651 3652/4283/3652
f 3617/4233/3617 3652/4283/3652 3619/4235/3619
f 3619/4235/3619 3652/4283/3652 3653/4284/3653
f 3619/4235/3619 3653/4284/3653 3621/4237/3621
f 3621/4237/3621 3653/4284/3653 3654/4285/3654
f 3621/4237/3621 3654/4285/3654 3623/4239/3623
f 3623/4239/3623 3654/4285/3654 3655/4286/3655
f 3623/4239/3623 3655/4286/3655 3625/4241/3625
f 3625/4241/3625 3655/4286/3655 3656/4287/3656
f 3625/4241/3625 3656/4287/3656 3627/4243/3627
f 3627/4243/3627 3656/4287/3656 3657/4288/3657
f 3627/4243/3627 3657/4288/3657 3629/4245/3629
f 3629/4245/3629 3657/4288/3657 3658/4289/3658
f 3629/4245/3629 3658/4289/3658 3631/4247/3631
f 3631/4247/3631 3658/4289/3658 3659/4290/3659
f 3631/4247/3631 3659/4290/3659 3633/4249/3633
f 3633/4249/3633 3659/4290/3659 3660/4291/3660
f 3633/4249/3633 3660/4291/3660 3635/4251/3635
f 3635/4251/3635 3660/4291/3660 3661/4292/3661
f 3635/4251/3635 3661/4292/3661 3637/4253/3637
f 3637/4253/3637 3661/4292/3661 3638/4256/3638
f 2483/4277/2483 2482/4293/2482 3647/4278/3647
f 3647/4278/3647 2482/4293/2482 3662/4294/3662
f 3647/4278/3647 3662/4294/3662 3648/4279/3648
f 3648/4279/3648 3662/4294/3662 3663/4295/3663
f 3648/4279/3648 3663/4295/3663 3649/4280/3649
f 3649/4280/3649 3663/4295/3663 3664/4296/3664
f 3649/4280/3649 3664/4296/3664 3650/4281/3650
f 3650/4281/3650 3664/4296/3664 3665/4297/3665
f 3650/4281/3650 3665/4297/3665 3651/4282/3651
f 3651/4282/3651 3665/4297/3665 3666/4298/3666
f 3651/4282/3651 3666/4298/3666 3652/4283/3652
f 3652/4283/3652 3666/4298/3666 3667/4299/3667
f 3652/4283/3652 3667/4299/3667 3653/4284/3653
f 3653/4284/3653 3667/4299/3667 3668/4300/3668
f 3653/4284/3653 3668/4300/3668 3654/4285/3654
f 3654/4285/3654 3668/4300/3668 3669/4301/3669
f 3654/4285/3654 3669/4301/3669 3655/4286/3655
f 3655/4286/3655 3669/4301/3669 3670/4302/3670
f 3655/4286/3655 3670/4302/3670 3656/4287/3656
f 3656/4287/3656 3670/4302/3670 3671/4303/3671
f 3656/4287/3656 3671/4303/3671 3657/4288/3657
f 3657/4288/3657 3671/4303/3671 3672/4304/3672
f 3657/4288/3657 3672/4304/3672 3658/4289/3658
f 3658/4289/3658 3672/4304/3672 3673/4305/3673
f 3658/4289/3658 3673/4305/3673 3659/4290/3659
f 3659/4290/3659 3673/4305/3673 3674/4306/3674
f 3659/4290/3659 3674/4306/3674 3660/4291/3660
f 3660/4291/3660 3674/4306/3674 3675/4307/3675
f 3660/4291/3660 3675/4307/3675 3661/4292/3661
f 3661/4292/3661 3675/4307/3675 3676/4308/3676
f 3661/4292/3661 3676/4308/3676 3638/4256/3638
f 3638/4256/3638 3676/4308/3676 3639/4258/3639
f 2482/4293/2482 2481/4309/2481 3662/4294/3662
f 3662/4294/3662 2481/4309/2481 3677/4310/3677
f 3662/4294/3662 3677/4310/3677 3663/4295/3663
f 3663/4295/3663 3677/4310/3677 3678/4311/3678
f 3663/4295/3663 3678/4311/3678 3664/4296/3664
f 3664/4296/3664 3678/4311/3678 3679/4312/3679
f 3664/4296/3664 3679/4312/3679 3665/4297/3665
f 3665/4297/3665 3679/4312/3679 3680/4313/3680
f 3665/4297/3665 3680/4313/3680 3666/4298/3666
f 3666/4298/3666 3680/4313/3680 3681/4314/3681
f 3666/4298/3666 3681/4314/3681 3667/4299/3667
f 3667/4299/3667 3681/4314/3681 3682/4315/3682
f 3667/4299/3667 3682/4315/3682 3668/4300/3668
f 3668/4300/3668 3682/4315/3682 3683/4316/3683
f 3668/4300/3668 3683/4316/3683 3669/4301/3669
f 3669/4301/3669 3683/4316/3683 3684/4317/3684
f 3669/4301/3669 3684/4317/3684 3670/4302/3670
f 3670/4302/3670 3684/4317/3684 3685/4318/3685
f 3670/4302/3670 3685/4318/3685 3671/4303/3671
f 3671/4303/3671 3685/4318/3685 3686/4319/3686
f 3671/4303/3671 3686/4319/3686 3672/4304/3672
f 3672/4304/3672 3686/4319/3686 3687/4320/3687
f 3672/4304/3672 3687/4320/3687 3673/4305/3673
f 3673/4305/3673 3687/4320/3687 3688/4321/3688
f 3673/4305/3673 3688/4321/3688 3674/4306/3674
f 3674/4306/3674 3688/4321/3688 3689/4322/3689
f 3674/4306/3674 3689/4322/3689 3675/4307/3675
f 3675/4307/3675 3689/4322/3689 3690/4323/3690
f 3675/4307/3675 3690/4323/3690 3676/4308/3676
f 3676/4308/3676 3690/4323/3690 3691/4324/3691
f 3676/4308/3676 3691/4324/3691 3639/4258/3639
f 3639/4258/3639 3691/4324/3691 3640/4260/3640
f 2481/4309/2481 2480/4325/2480 3677/4310/3677
f 3677/4310/3677 2480/4325/2480 3692/4326/3692
f 3677/4310/3677 3692/4326/3692 3678/4311/3678
f 3678/4311/3678 3692/4326/3692 3693/4327/3693
f 3678/4311/3678 3693/4327/3693 3679/4312/3679
f 3679/4312/3679 3693/4327/3693 3694/4328/3694
f 3679/4312/3679 3694/4328/3694 3680/4313/3680
f 3680/4313/3680 3694/4328/3694 3695/4329/3695
f 3680/4313/3680 3695/4329/3695 3681/4314/3681
f 3681/4314/3681 3695/4329/3695 3696/4330/3696
f 3681/4314/3681 3696/4330/3696 3682/4315/3682
f 3682/4315/3682 3696/4330/3696 3697/4331/3697
f 3682/4315/3682 3697/4331/3697 3683/4316/3683
f 3683/4316/3683 3697/4331/3697 3698/4332/3698
f 3683/4316/3683 3698/4332/3698 3684/4317/3684
f 3684/4317/3684 3698/4332/3698 3699/4333/3699
f 3684/4317/3684 3699/4333/3699 3685/4318/3685
f 3685/4318/3685 3699/4333/3699 3700/4334/3700
f 3685/4318/3685 3700/4334/3700 3686/4319/3686
f 3686/4319/3686 3700/4334/3700 3701/4335/3701
f 3686/4319/3686 3701/4335/3701 3687/4320/3687
f 3687/4320/3687 3701/4335/3701 3702/4336/3702
f 3687/4320/3687 3702/4336/3702 3688/4321/3688
f 3688/4321/3688 3702/4336/3702 3703/4337/3703
f 3688/4321/3688 3703/4337/3703 3689/4322/3689
f 3689/4322/3689 3703/4337/3703 3704/4338/3704
f 3689/4322/3689 3704/4338/3704 3690/4323/3690
f 3690/4323/3690 3704/4338/3704 3705/4339/3705
f 3690/4323/3690 3705/4339/3705 3691/4324/3691
f 3691/4324/3691 3705/4339/3705 3706/4340/3706
f 3691/4324/3691 3706/4340/3706 3640/4260/3640
f 3640/4260/3640 3706/4340/3706 3641/4263/3641
f 2480/4325/2480 2479/4341/2479 3692/4326/3692
f 3692/4326/3692 2479/4341/2479 3707/4342/3707
f 3692/4326/3692 3707/4342/3707 3693/4327/3693
f 3693/4327/3693 3707/4342/3707 3708/4343/3708
f 3693/4327/3693 3708/4343/3708 3694/4328/3694
f 3694/4328/3694 3708/4343/3708 3709/4344/3709
f 3694/4328/3694 3709/4344/3709 3695/4329/3695
f 3695/4329/3695 3709/4344/3709 3710/4345/3710
f 3695/4329/3695 3710/4345/3710 3696/4330/3696
f 3696/4330/3696 3710/4345/3710 3711/4346/3711
f 3696/4330/3696 3711/4346/3711 3697/4331/3697
f 3697/4331/3697 3711/4346/3711 3712/4347/3712
f 3697/4331/3697 3712/4347/3712 3698/4332/3698
f 3698/4332/3698 3712/4347/3712 3713/4348/3713
f 3698/4332/3698 3713/4348/3713 3699/4333/3699
f 3699/4333/3699 3713/4348/3713 3714/4349/3714
f 3699/4333/3699 3714/4349/3714 3700/4334/3700
f 3700/4334/3700 3714/4349/3714 3715/4350/3715
f 3700/4334/3700 3715/4350/3715 3701/4335/3701
f 3701/4335/3701 3715/4350/3715 3716/4351/3716
f 3701/4335/3701 3716/4351/3716 3702/4336/3702
f 3702/4336/3702 3716/4351/3716 3717/4352/3717
f 3702/4336/3702 3717/4352/3717 3703/4337/3703
f 3703/4337/3703 3717/4352/3717 3718/4353/3718
f 3703/4337/3703 3718/4353/3718 3704/4338/3704
f 3704/4338/3704 3718/4353/3718 3719/4354/3719
f 3704/4338/3704 3719/4354/3719 3705/4339/3705
f 3705/4339/3705 3719/4354/3719 3720/4355/3720
f 3705/4339/3705 3720/4355/3720 3706/4340/3706
f 3706/4340/3706 3720/4355/3720 3721/4356/3721
f 3706/4340/3706 3721/4356/3721 3641/4263/3641
f 3641/4263/3641 3721/4356/3721 3642/4265/3642
f 2479/4341/2479 2478/4357/2478 3707/4342/3707
f 3707/4342/3707 2478/4357/2478 3722/4358/3722
f 3707/4342/3707 3722/4358/3722 3708/4343/3708
f 3708/4343/3708 3722/4358/3722 3723/4359/3723
f 3708/4343/3708 3723/4359/3723 3709/4344/3709
f 3709/4344/3709 3723/4359/3723 3724/4360/3724
f 3709/4344/3709 3724/4360/3724 3710/4345/3710
f 3710/4345/3710 3724/4360/3724 3725/4361/3725
f 3710/4345/3710 3725/4361/3725 3711/4346/3711
f 3711/4346/3711 3725/4361/3725 3726/4362/3726
f 3711/4346/3711 3726/4362/3726 3712/4347/3712
f 3712/4347/3712 3726/4362/3726 3727/4363/3727
f 3712/4347/3712 3727/4363/3727 3713/4348/3713
f 3713/4348/3713 3727/4363/3727 3728/4364/3728
f 3713/4348/3713 3728/4364/3728 3714/4349/3714
f 3714/4349/3714 3728/4364/3728 3729/4365/3729
f 3714/4349/3714 3729/4365/3729 3715/4350/3715
f 3715/4350/3715 3729/4365/3729 3730/4366/3730
f 3715/4350/3715 3730/4366/3730 3716/4351/3716
f 3716/4351/3716 3730/4366/3730 3731/4367/3731
f 3716/4351/3716 3731/4367/3731 3717/4352/3717
f 3717/4352/3717 3731/4367/3731 3732/4368/3732
f 3717/4352/3717 3732/4368/3732 3718/4353/3718
f 3718/4353/3718 3732/4368/3732 3733/4369/3733
f 3718/4353/3718 3733/4369/3733 3719/4354/3719
f 3719/4354/3719 3733/4369/3733 3734/4370/3734
f 3719/4354/3719 3734/4370/3734 3720/4355/3720
f 3720/4355/3720 3734/4370/3734 3735/4371/3735
f 3720/4355/3720 3735/4371/3735 3721/4356/3721
f 3721/4356/3721 3735/4371/3735 3736/4372/3736
f 3721/4356/3721 3736/4372/3736 3642/4265/3642
f 3642/4265/3642 3736/4372/3736 3643/4267/3643
f 2478/4357/2478 2477/4373/2477 3722/4358/3722
f 3722/4358/3722 2477/4373/2477 3737/4374/3737
f 3722/4358/3722 3737/4374/3737 3723/4359/3723
f 3723/4359/3723 3737/4374/3737 3738/4375/3738
f 3723/4359/3723 3738/4375/3738 3724/4360/3724
f 3724/4360/3724 3738/4375/3738 3739/4376/3739
f 3724/4360/3724 3739/4376/3739 3725/4361/3725
f 3725/4361/3725 3739/4376/3739 3740/4377/3740
f 3725/4361/3725 3740/4377/3740 3726/4362/3726
f 3726/4362/3726 3740/4377/3740 3741/4378/3741
f 3726/4362/3726 3741/4378/3741 3727/4363/3727
f 3727/4363/3727 3741/4378/3741 3742/4379/3742
f 3727/4363/3727 3742/4379/3742 3728/4364/3728
f 3728/4364/3728 3742/4379/3742 3743/4380/3743
f 3728/4364/3728 3743/4380/3743 3729/4365/3729
f 3729/4365/3729 3743/4380/3743 3744/4381/3744
f 3729/4365/3729 3744/4381/3744 3730/4366/3730
f 3730/4366/3730 3744/4381/3744 3745/4382/3745
f 3730/4366/3730 3745/4382/3745 3731/4367/3731
f 3731/4367/3731 3745/4382/3745 3746/4383/3746
f 3731/4367/3731 3746/4383/3746 3732/4368/3732
f 3732/4368/3732 3746/4383/3746 3747/4384/3747
f 3732/4368/3732 3747/4384/3747 3733/4369/3733
f 3733/4369/3733 3747/4384/3747 3748/4385/3748
f 3733/4369/3733 3748/4385/3748 3734/4370/3734
f 3734/4370/3734 3748/4385/3748 3749/4386/3749
f 3734/4370/3734 3749/4386/3749 3735/4371/3735
f 3735/4371/3735 3749/4386/3749 3750/4387/3750
f 3735/4371/3735 3750/4387/3750 3736/4372/3736
f 3736/4372/3736 3750/4387/3750 3751/4388/3751
f 3736/4372/3736 3751/4388/3751 3643/4267/3643
f 3643/4267/3643 3751/4388/3751 3644/4269/3644
f 2477/4373/2477 2476/4389/2476 3737/4374/3737
f 3737/4374/3737 2476/4389/2476 3752/4390/3752
f 3737/4374/3737 3752/4390/3752 3738/4375/3738
f 3738/4375/3738 3752/4390/3752 3753/4391/3753
f 3738/4375/3738 3753/4391/3753 3739/4376/3739
f 3739/4376/3739 3753/4391/3753 3754/4392/3754
f 3739/4376/3739 3754/4392/3754 3740/4377/3740
f 3740/4377/3740 3754/4392/3754 3755/4393/3755
f 3740/4377/3740 3755/4393/3755 3741/4378/3741
f 3741/4378/3741 3755/4393/3755 3756/4394/3756
f 3741/4378/3741 3756/4394/3756 3742/4379/3742
f 3742/4379/3742 3756/4394/3756 3757/4395/3757
f 3742/4379/3742 3757/4395/3757 3743/4380/3743
f 3743/4380/3743 3757/4395/3757 3758/4396/3758
f 3743/4380/3743 3758/4396/3758 3744/4381/3744
f 3744/4381/3744 3758/4396/3758 3759/4397/3759
f 3744/4381/3744 3759/4397/3759 3745/4382/3745
f 3745/4382/3745 3759/4397/3759 3760/4398/3760
f 3745/4382/3745 3760/4398/3760 3746/4383/3746
f 3746/4383/3746 3760/4398/3760 3761/4399/3761
f 3746/4383/3746 3761/4399/3761 3747/4384/3747
f 3747/4384/3747 3761/4399/3761 3762/4400/3762
f 3747/4384/3747 3762/4400/3762 3748/4385/3748
f 3748/4385/3748 3762/4400/3762 3763/4401/3763
f 3748/4385/3748 3763/4401/3763 3749/4386/3749
f 3749/4386/3749 3763/4401/3763 3764/4402/3764
f 3749/4386/3749 3764/4402/3764 3750/4387/3750
f 3750/4387/3750 3764/4402/3764 3765/4403/3765
f 3750/4387/3750 3765/4403/3765 3751/4388/3751
f 3751/4388/3751 3765/4403/3765 3766/4404/3766
f 3751/4388/3751 3766/4404/3766 3644/4269/3644
f 3644/4269/3644 3766/4404/3766 3645/4271/3645
f 3752/4390/3752 2476/4389/2476 3767/4405/3767
f 3767/4405/3767 2476/4389/2476 2425/4406/2425
f 3767/4405/3767 2425/4406/2425 3768/4407/3768
f 3768/4407/3768 2425/4406/2425 2424/4408/2424
f 3768/4407/3768 2424/4408/2424 3769/4409/3769
f 3769/4409/3769 2424/4408/2424 1867/4410/1868
f 3769/4409/3769 1867/4410/1868 1868/4411/1867
f 3769/4409/3769 1868/4411/1867 3770/4412/3770
f 3770/4412/3770 1868/4411/1867 1870/4413/1870
f 3770/4412/3770 1870/4413/1870 3771/4414/3771
f 3771/4414/3771 1870/4413/1870 1872/4415/1872
f 3771/4414/3771 1872/4415/1872 3772/4416/3772
f 3772/4416/3772 1872/4415/1872 1874/4417/1874
f 3772/4416/3772 1874/4417/1874 3773/4418/3773
f 3773/4418/3773 1874/4417/1874 1876/4419/1876
f 3773/4418/3773 1876/4419/1876 3774/4420/3774
f 3774/4420/3774 1876/4419/1876 1878/4421/1878
f 3774/4420/3774 1878/4421/1878 3775/4422/3775
f 3775/4422/3775 1878/4421/1878 1879/4423/1879
f 3775/4422/3775 1879/4423/1879 3776/4424/3776
f 3776/4424/3776 1879/4423/1879 1881/4425/1881
f 3776/4424/3776 1881/4425/1881 1882/4426/1882
f 3776/4424/3776 1882/4426/1882 3777/4427/3777
f 3777/4427/3777 1882/4426/1882 1884/4428/1884
f 3777/4427/3777 1884/4428/1884 3778/4429/3778
f 3778/4429/3778 1884/4428/1884 1886/4430/1886
f 3778/4429/3778 1886/4430/1886 3779/4431/3779
f 3779/4431/3779 1886/4430/1886 1887/4432/1887
f 3779/4431/3779 1887/4432/1887 3780/4433/3780
f 3780/4433/3780 1887/4432/1887 1889/4434/1889
f 3780/4433/3780 1889/4434/1889 3781/4435/3781
f 3781/4435/3781 1889/4434/1889 1891/4436/1891
f 3781/4435/3781 1891/4436/1891 3782/4437/3782
f 3782/4437/3782 1891/4436/1891 1892/4438/1892
f 3782/4437/3782 1892/4438/1892 301/4439/301
f 301/4439/301 299/4440/299 3782/4437/3782
f 3782/4437/3782 299/4440/299 3783/4441/3783
f 3782/4437/3782 3783/4441/3783 3781/4435/3781
f 3781/4435/3781 3783/4441/3783 3784/4442/3784
f 3781/4435/3781 3784/4442/3784 3780/4433/3780
f 3780/4433/3780 3784/4442/3784 3785/4443/3785
f 3780/4433/3780 3785/4443/3785 3779/4431/3779
f 3779/4431/3779 3785/4443/3785 3786/4444/3786
f 3779/4431/3779 3786/4444/3786 3778/4429/3778
f 3778/4429/3778 3786/4444/3786 3787/4445/3787
f 3778/4429/3778 3787/4445/3787 3777/4427/3777
f 3777/4427/3777 3787/4445/3787 3788/4446/3788
f 3777/4427/3777 3788/4446/3788 3776/4424/3776
f 3776/4424/3776 3788/4446/3788 3789/4447/3789
f 3776/4424/3776 3789/4447/3789 3775/4422/3775
f 3775/4422/3775 3789/4447/3789 3790/4448/3790
f 3775/4422/3775 3790/4448/3790 3774/4420/3774
f 3774/4420/3774 3790/4448/3790 3791/4449/3791
f 3774/4420/3774 3791/4449/3791 3773/4418/3773
f 3773/4418/3773 3791/4449/3791 3792/4450/3792
f 3773/4418/3773 3792/4450/3792 3772/4416/3772
f 3772/4416/3772 3792/4450/3792 3793/4451/3793
f 3772/4416/3772 3793/4451/3793 3771/4414/3771
f 3771/4414/3771 3793/4451/3793 3794/4452/3794
f 3771/4414/3771 3794/4452/3794 3770/4412/3770
f 3770/4412/3770 3794/4452/3794 3795/4453/3795
f 3770/4412/3770 3795/4453/3795 3769/4409/3769
f 3769/4409/3769 3795/4453/3795 3796/4454/3796
f 3769/4409/3769 3796/4454/3796 3768/4407/3768
f 3768/4407/3768 3796/4454/3796 3797/4455/3797
f 3768/4407/3768 3797/4455/3797 3767/4405/3767
f 3767/4405/3767 3797/4455/3797 3753/4391/3753
f 3767/4405/3767 3753/4391/3753 3752/4390/3752
f 299/4440/299 297/4456/297 3783/4441/3783
f 3783/4441/3783 297/4456/297 295/4457/295
f 3783/4441/3783 295/4457/295 3798/4458/3798
f 3798/4458/3798 295/4457/295 294/4459/294
f 3798/4458/3798 294/4459/294 3799/4460/3799
f 3799/4460/3799 294/4459/294 74/4461/74
f 3799/4460/3799 74/4461/74 3800/4462/3800
f 3800/4462/3800 74/4461/74 3801/4463/3801
f 3800/4462/3800 3801/4463/3801 3802/4464/3802
f 3802/4464/3802 3801/4463/3801 3803/4465/3803
f 3802/4464/3802 3803/4465/3803 3804/4466/3804
f 3804/4466/3804 3803/4465/3803 3805/4467/3805
f 3804/4466/3804 3805/4467/3805 3806/4468/3806
f 3806/4468/3806 3805/4467/3805 3807/4469/3807
f 3806/4468/3806 3807/4469/3807 3808/4470/3808
f 3808/4470/3808 3807/4469/3807 3809/4471/3809
f 3808/4470/3808 3809/4471/3809 3810/4472/3810
f 3810/4472/3810 3809/4471/3809 3811/4473/3811
f 3810/4472/3810 3811/4473/3811 3812/4474/3812
f 3812/4474/3812 3811/4473/3811 3813/4475/3813
f 3812/4474/3812 3813/4475/3813 3814/4476/3814
f 3814/4476/3814 3813/4475/3813 3815/4477/3815
f 3814/4476/3814 3815/4477/3815 3816/4478/3816
f 3816/4478/3816 3815/4477/3815 3817/4479/3817
f 3816/4478/3816 3817/4479/3817 3818/4480/3818
f 3818/4480/3818 3817/4479/3817 3819/4481/3819
f 3818/4480/3818 3819/4481/3819 3820/4482/3820
f 3820/4482/3820 3819/4481/3819 3821/4483/3821
f 3820/4482/3820 3821/4483/3821 3822/4484/3822
f 3822/4484/3822 3821/4483/3821 3757/4395/3757
f 3822/4484/3822 3757/4395/3757 3756/4394/3756
f 74/4461/74 75/4485/75 3801/4463/3801
f 3801/4463/3801 75/4485/75 3823/4486/3823
f 3801/4463/3801 3823/4486/3823 3803/4465/3803
f 3803/4465/3803 3823/4486/3823 3824/4487/3824
f 3803/4465/3803 3824/4487/3824 3805/4467/3805
f 3805/4467/3805 3824/4487/3824 3825/4488/3825
f 3805/4467/3805 3825/4488/3825 3807/4469/3807
f 3807/4469/3807 3825/4488/3825 3826/4489/3826
f 3807/4469/3807 3826/4489/3826 3809/4471/3809
f 3809/4471/3809 3826/4489/3826 3827/4490/3827
f 3809/4471/3809 3827/4490/3827 3811/4473/3811
f 3811/4473/3811 3827/4490/3827 3828/4491/3828
f 3811/4473/3811 3828/4491/3828 3813/4475/3813
f 3813/4475/3813 3828/4491/3828 3829/4492/3829
f 3813/4475/3813 3829/4492/3829 3815/4477/3815
f 3815/4477/3815 3829/4492/3829 3830/4493/3830
f 3815/4477/3815 3830/4493/3830 3817/4479/3817
f 3817/4479/3817 3830/4493/3830 3831/4494/3831
f 3817/4479/3817 3831/4494/3831 3819/4481/3819
f 3819/4481/3819 3831/4494/3831 3832/4495/3832
f 3819/4481/3819 3832/4495/3832 3821/4483/3821
f 3821/4483/3821 3832/4495/3832 3758/4396/3758
f 3821/4483/3821 3758/4396/3758 3757/4395/3757
f 75/4485/75 77/4496/77 3823/4486/3823
f 3823/4486/3823 77/4496/77 3833/4497/3833
f 3823/4486/3823 3833/4497/3833 3824/4487/3824
f 3824/4487/3824 3833/4497/3833 3834/4498/3834
f 3824/4487/3824 3834/4498/3834 3825/4488/3825
f 3825/4488/3825 3834/4498/3834 3835/4499/3835
f 3825/4488/3825 3835/4499/3835 3826/4489/3826
f 3826/4489/3826 3835/4499/3835 3836/4500/3836
f 3826/4489/3826 3836/4500/3836 3827/4490/3827
f 3827/4490/3827 3836/4500/3836 3837/4501/3837
f 3827/4490/3827 3837/4501/3837 3828/4491/3828
f 3828/4491/3828 3837/4501/3837 3838/4502/3838
f 3828/4491/3828 3838/4502/3838 3829/4492/3829
f 3829/4492/3829 3838/4502/3838 3839/4503/3839
f 3829/4492/3829 3839/4503/3839 3830/4493/3830
f 3830/4493/3830 3839/4503/3839 3840/4504/3840
f 3830/4493/3830 3840/4504/3840 3831/4494/3831
f 3831/4494/3831 3840/4504/3840 3841/4505/3841
f 3831/4494/3831 3841/4505/3841 3832/4495/3832
f 3832/4495/3832 3841/4505/3841 3759/4397/3759
f 3832/4495/3832 3759/4397/3759 3758/4396/3758
f 77/4496/77 79/4506/79 3833/4497/3833
f 3833/4497/3833 79/4506/79 3842/4507/3842
f 3833/4497/3833 3842/4507/3842 3834/4498/3834
f 3834/4498/3834 3842/4507/3842 3843/4508/3843
f 3834/4498/3834 3843/4508/3843 3835/4499/3835
f 3835/4499/3835 3843/4508/3843 3844/4509/3844
f 3835/4499/3835 3844/4509/3844 3836/4500/3836
f 3836/4500/3836 3844/4509/3844 3845/4510/3845
f 3836/4500/3836 3845/4510/3845 3837/4501/3837
f 3837/4501/3837 3845/4510/3845 3846/4511/3846
f 3837/4501/3837 3846/4511/3846 3838/4502/3838
f 3838/4502/3838 3846/4511/3846 3847/4512/3847
f 3838/4502/3838 3847/4512/3847 3839/4503/3839
f 3839/4503/3839 3847/4512/3847 3848/4513/3848
f 3839/4503/3839 3848/4513/3848 3840/4504/3840
f 3840/4504/3840 3848/4513/3848 3849/4514/3849
f 3840/4504/3840 3849/4514/3849 3841/4505/3841
f 3841/4505/3841 3849/4514/3849 3760/4398/3760
f 3841/4505/3841 3760/4398/3760 3759/4397/3759
f 3842/4507/3842 79/4506/79 3850/4515/3850
f 3850/4515/3850 79/4506/79 273/4516/273
f 3850/4515/3850 273/4516/273 3851/4517/3851
f 3851/4517/3851 273/4516/273 293/4518/293
f 3851/4517/3851 293/4518/293 3852/4519/3852
f 3852/4519/3852 293/4518/293 291/4520/291
f 3852/4519/3852 291/4520/291 3853/4521/3853
f 3853/4521/3853 291/4520/291 289/4522/289
f 3853/4521/3853 289/4522/289 3854/4523/3854
f 3854/4523/3854 289/4522/289 287/4524/287
f 3854/4523/3854 287/4524/287 3855/4525/3855
f 3855/4525/3855 287/4524/287 284/4526/284
f 3855/4525/3855 284/4526/284 3646/4273/3646
f 3646/4273/3646 284/4526/284 283/4275/283
f 880/4254/880 879/4527/879 3636/4252/3636
f 3636/4252/3636 879/4527/879 3856/4528/3856
f 3636/4252/3636 3856/4528/3856 3634/4250/3634
f 3634/4250/3634 3856/4528/3856 3857/4529/3857
f 3634/4250/3634 3857/4529/3857 3632/4248/3632
f 3632/4248/3632 3857/4529/3857 3858/4530/3858
f 3632/4248/3632 3858/4530/3858 3630/4246/3630
f 3630/4246/3630 3858/4530/3858 3859/4531/3859
f 3630/4246/3630 3859/4531/3859 3628/4244/3628
f 3628/4244/3628 3859/4531/3859 3860/4532/3860
f 3628/4244/3628 3860/4532/3860 3626/4242/3626
f 3626/4242/3626 3860/4532/3860 3861/4533/3861
f 3626/4242/3626 3861/4533/3861 3624/4240/3624
f 3624/4240/3624 3861/4533/3861 3862/4534/3862
f 3624/4240/3624 3862/4534/3862 3622/4238/3622
f 3622/4238/3622 3862/4534/3862 3863/4535/3863
f 3622/4238/3622 3863/4535/3863 3620/4236/3620
f 3620/4236/3620 3863/4535/3863 3864/4536/3864
f 3620/4236/3620 3864/4536/3864 3618/4234/3618
f 3618/4234/3618 3864/4536/3864 3865/4537/3865
f 3618/4234/3618 3865/4537/3865 3616/4232/3616
f 3616/4232/3616 3865/4537/3865 3866/4538/3866
f 3616/4232/3616 3866/4538/3866 3614/4230/3614
f 3614/4230/3614 3866/4538/3866 3867/4539/3867
f 3614/4230/3614 3867/4539/3867 3612/4228/3612
f 3612/4228/3612 3867/4539/3867 3868/4540/3868
f 3612/4228/3612 3868/4540/3868 3610/4226/3610
f 3610/4226/3610 3868/4540/3868 3869/4541/3869
f 3610/4226/3610 3869/4541/3869 3608/4224/3608
f 3608/4224/3608 3869/4541/3869 3870/4542/3870
f 3608/4224/3608 3870/4542/3870 3606/4222/3606
f 3606/4222/3606 3870/4542/3870 3605/4220/3605
f 879/4527/879 878/4543/878 3856/4528/3856
f 3856/4528/3856 878/4543/878 3871/4544/3871
f 3856/4528/3856 3871/4544/3871 3857/4529/3857
f 3857/4529/3857 3871/4544/3871 3872/4545/3872
f 3857/4529/3857 3872/4545/3872 3858/4530/3858
f 3858/4530/3858 3872/4545/3872 3873/4546/3873
f 3858/4530/3858 3873/4546/3873 3859/4531/3859
f 3859/4531/3859 3873/4546/3873 3874/4547/3874
f 3859/4531/3859 3874/4547/3874 3860/4532/3860
f 3860/4532/3860 3874/4547/3874 3875/4548/3875
f 3860/4532/3860 3875/4548/3875 3861/4533/3861
f 3861/4533/3861 3875/4548/3875 3876/4549/3876
f 3861/4533/3861 3876/4549/3876 3862/4534/3862
f 3862/4534/3862 3876/4549/3876 3877/4550/3877
f 3862/4534/3862 3877/4550/3877 3863/4535/3863
f 3863/4535/3863 3877/4550/3877 3878/4551/3878
f 3863/4535/3863 3878/4551/3878 3864/4536/3864
f 3864/4536/3864 3878/4551/3878 3879/4552/3879
f 3864/4536/3864 3879/4552/3879 3865/4537/3865
f 3865/4537/3865 3879/4552/3879 3880/4553/3880
f 3865/4537/3865 3880/4553/3880 3866/4538/3866
f 3866/4538/3866 3880/4553/3880 3881/4554/3881
f 3866/4538/3866 3881/4554/3881 3867/4539/3867
f 3867/4539/3867 3881/4554/3881 3882/4555/3882
f 3867/4539/3867 3882/4555/3882 3868/4540/3868
f 3868/4540/3868 3882/4555/3882 3883/4556/3883
f 3868/4540/3868 3883/4556/3883 3869/4541/3869
f 3869/4541/3869 3883/4556/3883 3884/4557/3884
f 3869/4541/3869 3884/4557/3884 3870/4542/3870
f 3870/4542/3870 3884/4557/3884 3885/4558/3885
f 3870/4542/3870 3885/4558/3885 3605/4220/3605
f 3605/4220/3605 3885/4558/3885 3604/4218/3604
f 878/4543/878 877/4559/877 3871/4544/3871
f 3871/4544/3871 877/4559/877 3886/4560/3886
f 3871/4544/3871 3886/4560/3886 3872/4545/3872
f 3872/4545/3872 3886/4560/3886 3887/4561/3887
f 3872/4545/3872 3887/4561/3887 3873/4546/3873
f 3873/4546/3873 3887/4561/3887 3888/4562/3888
f 3873/4546/3873 3888/4562/3888 3874/4547/3874
f 3874/4547/3874 3888/4562/3888 3889/4563/3889
f 3874/4547/3874 3889/4563/3889 3875/4548/3875
f 3875/4548/3875 3889/4563/3889 3890/4564/3890
f 3875/4548/3875 3890/4564/3890 3876/4549/3876
f 3876/4549/3876 3890/4564/3890 3891/4565/3891
f 3876/4549/3876 3891/4565/3891 3877/4550/3877
f 3877/4550/3877 3891/4565/3891 3892/4566/3892
f 3877/4550/3877 3892/4566/3892 3878/4551/3878
f 3878/4551/3878 3892/4566/3892 3893/4567/3893
f 3878/4551/3878 3893/4567/3893 3879/4552/3879
f 3879/4552/3879 3893/4567/3893 3894/4568/3894
f 3879/4552/3879 3894/4568/3894 3880/4553/3880
f 3880/4553/3880 3894/4568/3894 3895/4569/3895
f 3880/4553/3880 3895/4569/3895 3881/4554/3881
f 3881/4554/3881 3895/4569/3895 3896/4570/3896
f 3881/4554/3881 3896/4570/3896 3882/4555/3882
f 3882/4555/3882 3896/4570/3896 3897/4571/3897
f 3882/4555/3882 3897/4571/3897 3883/4556/3883
f 3883/4556/3883 3897/4571/3897 3898/4572/3898
f 3883/4556/3883 3898/4572/3898 3884/4557/3884
f 3884/4557/3884 3898/4572/3898 3899/4573/3899
f 3884/4557/3884 3899/4573/3899 3885/4558/3885
f 3885/4558/3885 3899/4573/3899 3900/4574/3900
f 3885/4558/3885 3900/4574/3900 3604/4218/3604
f 3604/4218/3604 3900/4574/3900 3603/4216/3603
f 877/4559/877 859/4575/859 3886/4560/3886
f 3886/4560/3886 859/4575/859 3334/4576/3334
f 3886/4560/3886 3334/4576/3334 3901/4577/3901
f 3901/4577/3901 3334/4576/3334 3336/4578/3336
f 3901/4577/3901 3336/4578/3336 3902/4579/3902
f 3902/4579/3902 3336/4578/3336 3338/4580/3338
f 3902/4579/3902 3338/4580/3338 3903/4581/3903
f 3903/4581/3903 3338/4580/3338 3904/4582/3904
f 3903/4581/3903 3904/4582/3904 3905/4583/3905
f 3905/4583/3905 3904/4582/3904 3906/4584/3906
f 3905/4583/3905 3906/4584/3906 3907/4585/3907
f 3907/4585/3907 3906/4584/3906 3908/4586/3908
f 3907/4585/3907 3908/4586/3908 3909/4587/3909
f 3909/4587/3909 3908/4586/3908 3910/4588/3910
f 3909/4587/3909 3910/4588/3910 3911/4589/3911
f 3911/4589/3911 3910/4588/3910 3912/4590/3912
f 3911/4589/3911 3912/4590/3912 3913/4591/3913
f 3913/4591/3913 3912/4590/3912 3914/4592/3914
f 3913/4591/3913 3914/4592/3914 3915/4593/3915
f 3915/4593/3915 3914/4592/3914 3916/4594/3916
f 3915/4593/3915 3916/4594/3916 3917/4595/3917
f 3917/4595/3917 3916/4594/3916 3918/4596/3918
f 3917/4595/3917 3918/4596/3918 3919/4597/3919
f 3919/4597/3919 3918/4596/3918 3920/4598/3920
f 3919/4597/3919 3920/4598/3920 3921/4599/3921
f 3921/4599/3921 3920/4598/3920 3922/4600/3922
f 3921/4599/3921 3922/4600/3922 3923/4601/3923
f 3923/4601/3923 3922/4600/3922 3924/4602/3924
f 3923/4601/3923 3924/4602/3924 3925/4603/3925
f 3925/4603/3925 3924/4602/3924 3926/4604/3926
f 3925/4603/3925 3926/4604/3926 3927/4605/3927
f 3927/4605/3927 3926/4604/3926 3596/4206/3596
f 3927/4605/3927 3596/4206/3596 3598/4208/3598
f 3338/4580/3338 3385/4606/3385 3904/4582/3904
f 3904/4582/3904 3385/4606/3385 3928/4607/3928
f 3904/4582/3904 3928/4607/3928 3906/4584/3906
f 3906/4584/3906 3928/4607/3928 3929/4608/3929
f 3906/4584/3906 3929/4608/3929 3908/4586/3908
f 3908/4586/3908 3929/4608/3929 3930/4609/3930
f 3908/4586/3908 3930/4609/3930 3910/4588/3910
f 3910/4588/3910 3930/4609/3930 3931/4610/3931
f 3910/4588/3910 3931/4610/3931 3912/4590/3912
f 3912/4590/3912 3931/4610/3931 3932/4611/3932
f 3912/4590/3912 3932/4611/3932 3914/4592/3914
f 3914/4592/3914 3932/4611/3932 3933/4612/3933
f 3914/4592/3914 3933/4612/3933 3916/4594/3916
f 3916/4594/3916 3933/4612/3933 3934/4613/3934
f 3916/4594/3916 3934/4613/3934 3918/4596/3918
f 3918/4596/3918 3934/4613/3934 3935/4614/3935
f 3918/4596/3918 3935/4614/3935 3920/4598/3920
f 3920/4598/3920 3935/4614/3935 3936/4615/3936
f 3920/4598/3920 3936/4615/3936 3922/4600/3922
f 3922/4600/3922 3936/4615/3936 3937/4616/3937
f 3922/4600/3922 3937/4616/3937 3924/4602/3924
f 3924/4602/3924 3937/4616/3937 3938/4617/3938
f 3924/4602/3924 3938/4617/3938 3926/4604/3926
f 3926/4604/3926 3938/4617/3938 3594/4204/3594
f 3926/4604/3926 3594/4204/3594 3596/4206/3596
f 3385/4606/3385 3384/4618/3384 3928/4607/3928
f 3928/4607/3928 3384/4618/3384 3939/4619/3939
f 3928/4607/3928 3939/4619/3939 3929/4608/3929
f 3929/4608/3929 3939/4619/3939 3940/4620/3940
f 3929/4608/3929 3940/4620/3940 3930/4609/3930
f 3930/4609/3930 3940/4620/3940 3941/4621/3941
f 3930/4609/3930 3941/4621/3941 3931/4610/3931
f 3931/4610/3931 3941/4621/3941 3942/4622/3942
f 3931/4610/3931 3942/4622/3942 3932/4611/3932
f 3932/4611/3932 3942/4622/3942 3943/4623/3943
f 3932/4611/3932 3943/4623/3943 3933/4612/3933
f 3933/4612/3933 3943/4623/3943 3944/4624/3944
f 3933/4612/3933 3944/4624/3944 3934/4613/3934
f 3934/4613/3934 3944/4624/3944 3945/4625/3945
f 3934/4613/3934 3945/4625/3945 3935/4614/3935
f 3935/4614/3935 3945/4625/3945 3946/4626/3946
f 3935/4614/3935 3946/4626/3946 3936/4615/3936
f 3936/4615/3936 3946/4626/3946 3947/4627/3947
f 3936/4615/3936 3947/4627/3947 3937/4616/3937
f 3937/4616/3937 3947/4627/3947 3948/4628/3948
f 3937/4616/3937 3948/4628/3948 3938/4617/3938
f 3938/4617/3938 3948/4628/3948 3592/4202/3592
f 3938/4617/3938 3592/4202/3592 3594/4204/3594
f 3384/4618/3384 3383/4629/3383 3939/4619/3939
f 3939/4619/3939 3383/4629/3383 3949/4630/3949
f 3939/4619/3939 3949/4630/3949 3940/4620/3940
f 3940/4620/3940 3949/4630/3949 3950/4631/3950
f 3940/4620/3940 3950/4631/3950 3941/4621/3941
f 3941/4621/3941 3950/4631/3950 3951/4632/3951
f 3941/4621/3941 3951/4632/3951 3942/4622/3942
f 3942/4622/3942 3951/4632/3951 3952/4633/3952
f 3942/4622/3942 3952/4633/3952 3943/4623/3943
f 3943/4623/3943 3952/4633/3952 3953/4634/3953
f 3943/4623/3943 3953/4634/3953 3944/4624/3944
f 3944/4624/3944 3953/4634/3953 3954/4635/3954
f 3944/4624/3944 3954/4635/3954 3945/4625/3945
f 3945/4625/3945 3954/4635/3954 3955/4636/3955
f 3945/4625/3945 3955/4636/3955 3946/4626/3946
f 3946/4626/3946 3955/4636/3955 3956/4637/3956
f 3946/4626/3946 3956/4637/3956 3947/4627/3947
f 3947/4627/3947 3956/4637/3956 3957/4638/3957
f 3947/4627/3947 3957/4638/3957 3948/4628/3948
f 3948/4628/3948 3957/4638/3957 3590/4200/3590
f 3948/4628/3948 3590/4200/3590 3592/4202/3592
f 3383/4629/3383 3346/4639/3346 3949/4630/3949
f 3949/4630/3949 3346/4639/3346 3958/4640/3958
f 3949/4630/3949 3958/4640/3958 3950/4631/3950
f 3950/4631/3950 3958/4640/3958 3959/4641/3959
f 3950/4631/3950 3959/4641/3959 3951/4632/3951
f 3951/4632/3951 3959/4641/3959 3960/4642/3960
f 3951/4632/3951 3960/4642/3960 3952/4633/3952
f 3952/4633/3952 3960/4642/3960 3961/4643/3961
f 3952/4633/3952 3961/4643/3961 3953/4634/3953
f 3953/4634/3953 3961/4643/3961 3962/4644/3962
f 3953/4634/3953 3962/4644/3962 3954/4635/3954
f 3954/4635/3954 3962/4644/3962 3963/4645/3963
f 3954/4635/3954 3963/4645/3963 3955/4636/3955
f 3955/4636/3955 3963/4645/3963 3964/4646/3964
f 3955/4636/3955 3964/4646/3964 3956/4637/3956
f 3956/4637/3956 3964/4646/3964 3965/4647/3965
f 3956/4637/3956 3965/4647/3965 3957/4638/3957
f 3957/4638/3957 3965/4647/3965 3588/4198/3588
f 3957/4638/3957 3588/4198/3588 3590/4200/3590
f 3346/4639/3346 3347/4648/3347 3958/4640/3958
f 3958/4640/3958 3347/4648/3347 3966/4649/3966
f 3958/4640/3958 3966/4649/3966 3959/4641/3959
f 3959/4641/3959 3966/4649/3966 3967/4650/3967
f 3959/4641/3959 3967/4650/3967 3960/4642/3960
f 3960/4642/3960 3967/4650/3967 3968/4651/3968
f 3960/4642/3960 3968/4651/3968 3961/4643/3961
f 3961/4643/3961 3968/4651/3968 3969/4652/3969
f 3961/4643/3961 3969/4652/3969 3962/4644/3962
f 3962/4644/3962 3969/4652/3969 3970/4653/3970
f 3962/4644/3962 3970/4653/3970 3963/4645/3963
f 3963/4645/3963 3970/4653/3970 3971/4654/3971
f 3963/4645/3963 3971/4654/3971 3964/4646/3964
f 3964/4646/3964 3971/4654/3971 3972/4655/3972
f 3964/4646/3964 3972/4655/3972 3965/4647/3965
f 3965/4647/3965 3972/4655/3972 3586/4196/3586
f 3965/4647/3965 3586/4196/3586 3588/4198/3588
f 3347/4648/3347 3349/4656/3349 3966/4649/3966
f 3966/4649/3966 3349/4656/3349 3973/4657/3973
f 3966/4649/3966 3973/4657/3973 3967/4650/3967
f 3967/4650/3967 3973/4657/3973 3974/4658/3974
f 3967/4650/3967 3974/4658/3974 3968/4651/3968
f 3968/4651/3968 3974/4658/3974 3975/4659/3975
f 3968/4651/3968 3975/4659/3975 3969/4652/3969
f 3969/4652/3969 3975/4659/3975 3976/4660/3976
f 3969/4652/3969 3976/4660/3976 3970/4653/3970
f 3970/4653/3970 3976/4660/3976 3977/4661/3977
f 3970/4653/3970 3977/4661/3977 3971/4654/3971
f 3971/4654/3971 3977/4661/3977 3978/4662/3978
f 3971/4654/3971 3978/4662/3978 3972/4655/3972
f 3972/4655/3972 3978/4662/3978 3584/4194/3584
f 3972/4655/3972 3584/4194/3584 3586/4196/3586
f 3349/4656/3349 3351/4663/3351 3973/4657/3973
f 3973/4657/3973 3351/4663/3351 3979/4664/3979
f 3973/4657/3973 3979/4664/3979 3974/4658/3974
f 3974/4658/3974 3979/4664/3979 3980/4665/3980
f 3974/4658/3974 3980/4665/3980 3975/4659/3975
f 3975/4659/3975 3980/4665/3980 3981/4666/3981
f 3975/4659/3975 3981/4666/3981 3976/4660/3976
f 3976/4660/3976 3981/4666/3981 3982/4667/3982
f 3976/4660/3976 3982/4667/3982 3977/4661/3977
f 3977/4661/3977 3982/4667/3982 3983/4668/3983
f 3977/4661/3977 3983/4668/3983 3978/4662/3978
f 3978/4662/3978 3983/4668/3983 3582/4192/3582
f 3978/4662/3978 3582/4192/3582 3584/4194/3584
f 3351/4663/3351 3353/4669/3353 3979/4664/3979
f 3979/4664/3979 3353/4669/3353 3984/4670/3984
f 3979/4664/3979 3984/4670/3984 3980/4665/3980
f 3980/4665/3980 3984/4670/3984 3985/4671/3985
f 3980/4665/3980 3985/4671/3985 3981/4666/3981
f 3981/4666/3981 3985/4671/3985 3986/4672/3986
f 3981/4666/3981 3986/4672/3986 3982/4667/3982
f 3982/4667/3982 3986/4672/3986 3987/4673/3987
f 3982/4667/3982 3987/4673/3987 3983/4668/3983
f 3983/4668/3983 3987/4673/3987 3580/4190/3580
f 3983/4668/3983 3580/4190/3580 3582/4192/3582
f 3984/4670/3984 3353/4669/3353 3988/4674/3988
f 3988/4674/3988 3353/4669/3353 3382/4675/3382
f 3988/4674/3988 3382/4675/3382 3989/4676/3989
f 3989/4676/3989 3382/4675/3382 3381/4677/3381
f 3989/4676/3989 3381/4677/3381 3990/4678/3990
f 3990/4678/3990 3381/4677/3381 3360/4679/3360
f 3990/4678/3990 3360/4679/3360 3572/4182/3572
f 3572/4182/3572 3360/4679/3360 3361/4179/3361
f 3600/4210/3600 3602/4212/3602 3991/4680/3991
f 3991/4680/3991 3602/4212/3602 3603/4216/3603
f 3991/4680/3991 3603/4216/3603 3900/4574/3900
f 3598/4208/3598 3600/4210/3600 3992/4681/3992
f 3992/4681/3992 3600/4210/3600 3991/4680/3991
f 3992/4681/3992 3991/4680/3991 3993/4682/3993
f 3993/4682/3993 3991/4680/3991 3900/4574/3900
f 3993/4682/3993 3900/4574/3900 3899/4573/3899
f 3580/4190/3580 3987/4673/3987 3578/4188/3578
f 3578/4188/3578 3987/4673/3987 3994/4683/3994
f 3578/4188/3578 3994/4683/3994 3576/4186/3576
f 3576/4186/3576 3994/4683/3994 3995/4684/3995
f 3576/4186/3576 3995/4684/3995 3574/4184/3574
f 3574/4184/3574 3995/4684/3995 3990/4678/3990
f 3574/4184/3574 3990/4678/3990 3572/4182/3572
f 3598/4208/3598 3992/4681/3992 3927/4605/3927
f 3927/4605/3927 3992/4681/3992 3996/4685/3996
f 3927/4605/3927 3996/4685/3996 3925/4603/3925
f 3925/4603/3925 3996/4685/3996 3997/4686/3997
f 3925/4603/3925 3997/4686/3997 3923/4601/3923
f 3923/4601/3923 3997/4686/3997 3998/4687/3998
f 3923/4601/3923 3998/4687/3998 3921/4599/3921
f 3921/4599/3921 3998/4687/3998 3999/4688/3999
f 3921/4599/3921 3999/4688/3999 3919/4597/3919
f 3919/4597/3919 3999/4688/3999 4000/4689/4000
f 3919/4597/3919 4000/4689/4000 3917/4595/3917
f 3917/4595/3917 4000/4689/4000 4001/4690/4001
f 3917/4595/3917 4001/4690/4001 3915/4593/3915
f 3915/4593/3915 4001/4690/4001 4002/4691/4002
f 3915/4593/3915 4002/4691/4002 3913/4591/3913
f 3913/4591/3913 4002/4691/4002 4003/4692/4003
f 3913/4591/3913 4003/4692/4003 3911/4589/3911
f 3911/4589/3911 4003/4692/4003 4004/4693/4004
f 3911/4589/3911 4004/4693/4004 3909/4587/3909
f 3909/4587/3909 4004/4693/4004 4005/4694/4005
f 3909/4587/3909 4005/4694/4005 3907/4585/3907
f 3907/4585/3907 4005/4694/4005 4006/4695/4006
f 3907/4585/3907 4006/4695/4006 3905/4583/3905
f 3905/4583/3905 4006/4695/4006 4007/4696/4007
f 3905/4583/3905 4007/4696/4007 3903/4581/3903
f 3903/4581/3903 4007/4696/4007 3902/4579/3902
f 3996/4685/3996 3992/4681/3992 3993/4682/3993
f 3987/4673/3987 3986/4672/3986 3994/4683/3994
f 3994/4683/3994 3986/4672/3986 4008/4697/4008
f 3994/4683/3994 4008/4697/4008 3995/4684/3995
f 3995/4684/3995 4008/4697/4008 3989/4676/3989
f 3995/4684/3995 3989/4676/3989 3990/4678/3990
f 3996/4685/3996 3993/4682/3993 4009/4698/4009
f 4009/4698/4009 3993/4682/3993 3899/4573/3899
f 4009/4698/4009 3899/4573/3899 3898/4572/3898
f 3988/4674/3988 3989/4676/3989 4008/4697/4008
f 3988/4674/3988 4008/4697/4008 3985/4671/3985
f 3985/4671/3985 4008/4697/4008 3986/4672/3986
f 3996/4685/3996 4009/4698/4009 3997/4686/3997
f 3997/4686/3997 4009/4698/4009 4010/4699/4010
f 3997/4686/3997 4010/4699/4010 3998/4687/3998
f 3998/4687/3998 4010/4699/4010 4011/4700/4011
f 3998/4687/3998 4011/4700/4011 3999/4688/3999
f 3999/4688/3999 4011/4700/4011 4012/4701/4012
f 3999/4688/3999 4012/4701/4012 4000/4689/4000
f 4000/4689/4000 4012/4701/4012 4013/4702/4013
f 4000/4689/4000 4013/4702/4013 4001/4690/4001
f 4001/4690/4001 4013/4702/4013 4014/4703/4014
f 4001/4690/4001 4014/4703/4014 4002/4691/4002
f 4002/4691/4002 4014/4703/4014 4015/4704/4015
f 4002/4691/4002 4015/4704/4015 4003/4692/4003
f 4003/4692/4003 4015/4704/4015 4016/4705/4016
f 4003/4692/4003 4016/4705/4016 4004/4693/4004
f 4004/4693/4004 4016/4705/4016 4017/4706/4017
f 4004/4693/4004 4017/4706/4017 4005/4694/4005
f 4005/4694/4005 4017/4706/4017 4018/4707/4018
f 4005/4694/4005 4018/4707/4018 4006/4695/4006
f 4006/4695/4006 4018/4707/4018 4019/4708/4019
f 4006/4695/4006 4019/4708/4019 4007/4696/4007
f 4007/4696/4007 4019/4708/4019 4020/4709/4020
f 4007/4696/4007 4020/4709/4020 3902/4579/3902
f 3902/4579/3902 4020/4709/4020 3901/4577/3901
f 4010/4699/4010 4009/4698/4009 3898/4572/3898
f 3984/4670/3984 3988/4674/3988 3985/4671/3985
f 4010/4699/4010 3898/4572/3898 3897/4571/3897
f 4010/4699/4010 3897/4571/3897 4011/4700/4011
f 4011/4700/4011 3897/4571/3897 3896/4570/3896
f 4011/4700/4011 3896/4570/3896 4012/4701/4012
f 4012/4701/4012 3896/4570/3896 3895/4569/3895
f 4012/4701/4012 3895/4569/3895 4013/4702/4013
f 4013/4702/4013 3895/4569/3895 3894/4568/3894
f 4013/4702/4013 3894/4568/3894 4014/4703/4014
f 4014/4703/4014 3894/4568/3894 3893/4567/3893
f 4014/4703/4014 3893/4567/3893 4015/4704/4015
f 4015/4704/4015 3893/4567/3893 3892/4566/3892
f 4015/4704/4015 3892/4566/3892 4016/4705/4016
f 4016/4705/4016 3892/4566/3892 3891/4565/3891
f 4016/4705/4016 3891/4565/3891 4017/4706/4017
f 4017/4706/4017 3891/4565/3891 3890/4564/3890
f 4017/4706/4017 3890/4564/3890 4018/4707/4018
f 4018/4707/4018 3890/4564/3890 3889/4563/3889
f 4018/4707/4018 3889/4563/3889 4019/4708/4019
f 4019/4708/4019 3889/4563/3889 3888/4562/3888
f 4019/4708/4019 3888/4562/3888 4020/4709/4020
f 4020/4709/4020 3888/4562/3888 3887/4561/3887
f 4020/4709/4020 3887/4561/3887 3901/4577/3901
f 3901/4577/3901 3887/4561/3887 3886/4560/3886
f 3753/4391/3753 3797/4455/3797 3754/4392/3754
f 3754/4392/3754 3797/4455/3797 4021/4710/4021
f 3754/4392/3754 4021/4710/4021 3755/4393/3755
f 3755/4393/3755 4021/4710/4021 4022/4711/4022
f 3755/4393/3755 4022/4711/4022 3756/4394/3756
f 3756/4394/3756 4022/4711/4022 3822/4484/3822
f 4021/4710/4021 3797/4455/3797 3796/4454/3796
f 4021/4710/4021 3796/4454/3796 4023/4712/4023
f 4023/4712/4023 3796/4454/3796 3795/4453/3795
f 4023/4712/4023 3795/4453/3795 4024/4713/4024
f 4024/4713/4024 3795/4453/3795 3794/4452/3794
f 4024/4713/4024 3794/4452/3794 4025/4714/4025
f 4025/4714/4025 3794/4452/3794 3793/4451/3793
f 4025/4714/4025 3793/4451/3793 4026/4715/4026
f 4026/4715/4026 3793/4451/3793 3792/4450/3792
f 4026/4715/4026 3792/4450/3792 4027/4716/4027
f 4027/4716/4027 3792/4450/3792 3791/4449/3791
f 4027/4716/4027 3791/4449/3791 4028/4717/4028
f 4028/4717/4028 3791/4449/3791 3790/4448/3790
f 4028/4717/4028 3790/4448/3790 4029/4718/4029
f 4029/4718/4029 3790/4448/3790 3789/4447/3789
f 4029/4718/4029 3789/4447/3789 4030/4719/4030
f 4030/4719/4030 3789/4447/3789 3788/4446/3788
f 4030/4719/4030 3788/4446/3788 4031/4720/4031
f 4031/4720/4031 3788/4446/3788 3787/4445/3787
f 4031/4720/4031 3787/4445/3787 4032/4721/4032
f 4032/4721/4032 3787/4445/3787 3786/4444/3786
f 4032/4721/4032 3786/4444/3786 4033/4722/4033
f 4033/4722/4033 3786/4444/3786 3785/4443/3785
f 4033/4722/4033 3785/4443/3785 4034/4723/4034
f 4034/4723/4034 3785/4443/3785 3784/4442/3784
f 4034/4723/4034 3784/4442/3784 3798/4458/3798
f 3798/4458/3798 3784/4442/3784 3783/4441/3783
f 4021/4710/4021 4023/4712/4023 4022/4711/4022
f 4022/4711/4022 4023/4712/4023 4035/4724/4035
f 4022/4711/4022 4035/4724/4035 3822/4484/3822
f 3822/4484/3822 4035/4724/4035 3820/4482/3820
f 4035/4724/4035 4023/4712/4023 4024/4713/4024
f 4035/4724/4035 4024/4713/4024 4036/4725/4036
f 4036/4725/4036 4024/4713/4024 4025/4714/4025
f 4036/4725/4036 4025/4714/4025 4037/4726/4037
f 4037/4726/4037 4025/4714/4025 4026/4715/4026
f 4037/4726/4037 4026/4715/4026 4038/4727/4038
f 4038/4727/4038 4026/4715/4026 4027/4716/4027
f 4038/4727/4038 4027/4716/4027 4039/4728/4039
f 4039/4728/4039 4027/4716/4027 4028/4717/4028
f 4039/4728/4039 4028/4717/4028 4040/4729/4040
f 4040/4729/4040 4028/4717/4028 4029/4718/4029
f 4040/4729/4040 4029/4718/4029 4041/4730/4041
f 4041/4730/4041 4029/4718/4029 4030/4719/4030
f 4041/4730/4041 4030/4719/4030 4042/4731/4042
f 4042/4731/4042 4030/4719/4030 4031/4720/4031
f 4042/4731/4042 4031/4720/4031 4043/4732/4043
f 4043/4732/4043 4031/4720/4031 4032/4721/4032
f 4043/4732/4043 4032/4721/4032 4044/4733/4044
f 4044/4733/4044 4032/4721/4032 4033/4722/4033
f 4044/4733/4044 4033/4722/4033 4045/4734/4045
f 4045/4734/4045 4033/4722/4033 4034/4723/4034
f 4045/4734/4045 4034/4723/4034 3799/4460/3799
f 3799/4460/3799 4034/4723/4034 3798/4458/3798
f 3818/4480/3818 3820/4482/3820 4036/4725/4036
f 4036/4725/4036 3820/4482/3820 4035/4724/4035
f 3818/4480/3818 4036/4725/4036 4037/4726/4037
f 3816/4478/3816 3818/4480/3818 4037/4726/4037
f 3816/4478/3816 4037/4726/4037 4038/4727/4038
f 3814/4476/3814 3816/4478/3816 4038/4727/4038
f 3814/4476/3814 4038/4727/4038 4039/4728/4039
f 3761/4399/3761 3760/4398/3760 3849/4514/3849
f 3812/4474/3812 3814/4476/3814 4039/4728/4039
f 3812/4474/3812 4039/4728/4039 4040/4729/4040
f 3761/4399/3761 3849/4514/3849 4046/4735/4046
f 4046/4735/4046 3849/4514/3849 3848/4513/3848
f 4046/4735/4046 3848/4513/3848 4047/4736/4047
f 4047/4736/4047 3848/4513/3848 3847/4512/3847
f 4047/4736/4047 3847/4512/3847 4048/4737/4048
f 4048/4737/4048 3847/4512/3847 3846/4511/3846
f 4048/4737/4048 3846/4511/3846 4049/4738/4049
f 4049/4738/4049 3846/4511/3846 3845/4510/3845
f 4049/4738/4049 3845/4510/3845 4050/4739/4050
f 4050/4739/4050 3845/4510/3845 3844/4509/3844
f 4050/4739/4050 3844/4509/3844 4051/4740/4051
f 4051/4740/4051 3844/4509/3844 3843/4508/3843
f 4051/4740/4051 3843/4508/3843 3850/4515/3850
f 3850/4515/3850 3843/4508/3843 3842/4507/3842
f 3810/4472/3810 3812/4474/3812 4040/4729/4040
f 3810/4472/3810 4040/4729/4040 4041/4730/4041
f 3761/4399/3761 4046/4735/4046 3762/4400/3762
f 3762/4400/3762 4046/4735/4046 4052/4741/4052
f 3762/4400/3762 4052/4741/4052 3763/4401/3763
f 3763/4401/3763 4052/4741/4052 4053/4742/4053
f 3763/4401/3763 4053/4742/4053 3764/4402/3764
f 3764/4402/3764 4053/4742/4053 4054/4743/4054
f 3764/4402/3764 4054/4743/4054 3765/4403/3765
f 3765/4403/3765 4054/4743/4054 4055/4744/4055
f 3765/4403/3765 4055/4744/4055 3766/4404/3766
f 3766/4404/3766 4055/4744/4055 4056/4745/4056
f 3766/4404/3766 4056/4745/4056 3645/4271/3645
f 3645/4271/3645 4056/4745/4056 3646/4273/3646
f 4052/4741/4052 4046/4735/4046 4047/4736/4047
f 3808/4470/3808 3810/4472/3810 4041/4730/4041
f 3808/4470/3808 4041/4730/4041 4042/4731/4042
f 4052/4741/4052 4047/4736/4047 4057/4746/4057
f 4057/4746/4057 4047/4736/4047 4048/4737/4048
f 4057/4746/4057 4048/4737/4048 4058/4747/4058
f 4058/4747/4058 4048/4737/4048 4049/4738/4049
f 4058/4747/4058 4049/4738/4049 4059/4748/4059
f 4059/4748/4059 4049/4738/4049 4050/4739/4050
f 4059/4748/4059 4050/4739/4050 4060/4749/4060
f 4060/4749/4060 4050/4739/4050 4051/4740/4051
f 4060/4749/4060 4051/4740/4051 3851/4517/3851
f 3851/4517/3851 4051/4740/4051 3850/4515/3850
f 3806/4468/3806 3808/4470/3808 4042/4731/4042
f 3806/4468/3806 4042/4731/4042 4043/4732/4043
f 4052/4741/4052 4057/4746/4057 4053/4742/4053
f 4053/4742/4053 4057/4746/4057 4061/4750/4061
f 4053/4742/4053 4061/4750/4061 4054/4743/4054
f 4054/4743/4054 4061/4750/4061 4062/4751/4062
f 4054/4743/4054 4062/4751/4062 4055/4744/4055
f 4055/4744/4055 4062/4751/4062 4063/4752/4063
f 4055/4744/4055 4063/4752/4063 4056/4745/4056
f 4056/4745/4056 4063/4752/4063 3855/4525/3855
f 4056/4745/4056 3855/4525/3855 3646/4273/3646
f 4061/4750/4061 4057/4746/4057 4058/4747/4058
f 3804/4466/3804 3806/4468/3806 4043/4732/4043
f 3804/4466/3804 4043/4732/4043 4044/4733/4044
f 4061/4750/4061 4058/4747/4058 4064/4753/4064
f 4064/4753/4064 4058/4747/4058 4059/4748/4059
f 4064/4753/4064 4059/4748/4059 4065/4754/4065
f 4065/4754/4065 4059/4748/4059 4060/4749/4060
f 4065/4754/4065 4060/4749/4060 3852/4519/3852
f 3852/4519/3852 4060/4749/4060 3851/4517/3851
f 3802/4464/3802 3804/4466/3804 4044/4733/4044
f 3802/4464/3802 4044/4733/4044 4045/4734/4045
f 4061/4750/4061 4064/4753/4064 4062/4751/4062
f 4062/4751/4062 4064/4753/4064 4066/4755/4066
f 4062/4751/4062 4066/4755/4066 4063/4752/4063
f 4063/4752/4063 4066/4755/4066 3854/4523/3854
f 4063/4752/4063 3854/4523/3854 3855/4525/3855
f 4066/4755/4066 4064/4753/4064 4065/4754/4065
f 3800/4462/3800 3802/4464/3802 4045/4734/4045
f 3800/4462/3800 4045/4734/4045 3799/4460/3799
f 3852/4519/3852 3853/4521/3853 4065/4754/4065
f 4065/4754/4065 3853/4521/3853 4066/4755/4066
f 3853/4521/3853 3854/4523/3854 4066/4755/4066
s 1
s 1
# 8128 elements

