# Blender 5.2.0 LTS
# www.blender.org
mtllib THASI.mtl
o HaSi.001
v -0.013867 0.065556 -0.488377
v -0.014011 0.080026 -0.501994
v -0.014149 0.067937 -0.517915
v -0.014046 0.080353 -0.505686
v -0.014082 0.080678 -0.509377
v -0.014050 0.086842 -0.505126
v -0.014085 0.087182 -0.508815
v -0.013947 0.088052 -0.505021
v -0.013982 0.088394 -0.508710
v -0.013645 0.089229 -0.504920
v -0.013679 0.089573 -0.508609
v -0.013158 0.090343 -0.504823
v -0.013191 0.090689 -0.508512
v -0.012499 0.091365 -0.504735
v -0.012532 0.091713 -0.508424
v -0.011683 0.092265 -0.504657
v -0.011714 0.092615 -0.508346
v -0.010727 0.093017 -0.504592
v -0.010756 0.093368 -0.508281
v -0.009661 0.093606 -0.504542
v -0.009688 0.093959 -0.508230
v -0.008514 0.094020 -0.504506
v -0.008539 0.094373 -0.508194
v -0.007558 0.094214 -0.504489
v -0.007581 0.094568 -0.508177
v -0.006586 0.094280 -0.504483
v -0.006607 0.094634 -0.508172
v -0.000073 0.094279 -0.504483
v -0.000080 0.094632 -0.508172
v 0.013281 0.094281 -0.504483
v 0.013302 0.094634 -0.508172
v 0.014253 0.094214 -0.504489
v 0.014276 0.094568 -0.508177
v 0.015209 0.094020 -0.504506
v 0.015234 0.094373 -0.508194
v 0.016356 0.093606 -0.504542
v 0.016383 0.093959 -0.508230
v 0.017422 0.093017 -0.504592
v 0.017451 0.093369 -0.508281
v 0.018378 0.092265 -0.504657
v 0.018409 0.092615 -0.508346
v 0.019194 0.091366 -0.504735
v 0.019226 0.091714 -0.508424
v 0.019852 0.090343 -0.504823
v 0.019886 0.090690 -0.508512
v 0.020339 0.089229 -0.504920
v 0.020374 0.089573 -0.508609
v 0.020641 0.088052 -0.505021
v 0.020676 0.088395 -0.508710
v 0.020851 0.087862 -0.516195
v 0.020694 0.088566 -0.510555
v 0.020711 0.088736 -0.512401
v 0.020408 0.089918 -0.512299
v 0.020425 0.090090 -0.514144
v 0.019936 0.091210 -0.514047
v 0.020268 0.090720 -0.515948
v 0.019576 0.092013 -0.515836
v -0.013585 0.063176 -0.458837
v -0.013585 0.063816 -0.458779
v -0.013585 0.065070 -0.458668
v -0.013585 0.067482 -0.458460
v -0.013870 0.078723 -0.487239
v -0.013585 0.069893 -0.458252
v -0.013585 0.082218 -0.457193
v -0.013344 0.084277 -0.457010
v -0.013771 0.086341 -0.486581
v -0.013873 0.085144 -0.486684
v -0.013944 0.085823 -0.494056
v -0.013940 0.079374 -0.494613
v -0.013472 0.087507 -0.486480
v -0.012852 0.085597 -0.456897
v -0.012990 0.088611 -0.486385
v -0.012113 0.086797 -0.456793
v -0.012338 0.089624 -0.486297
v -0.011529 0.090515 -0.486221
v -0.011591 0.091214 -0.493591
v -0.010640 0.091963 -0.493526
v -0.011652 0.091915 -0.500968
v -0.010698 0.092666 -0.500903
v -0.011154 0.087833 -0.456704
v -0.010582 0.091260 -0.486156
v -0.009579 0.092548 -0.493476
v -0.009634 0.093254 -0.500852
v -0.010012 0.088664 -0.456632
v -0.009525 0.091844 -0.486105
v -0.008439 0.092960 -0.493440
v -0.008489 0.093666 -0.500817
v -0.008735 0.089259 -0.456579
v -0.008389 0.092253 -0.486070
v -0.007489 0.093153 -0.493423
v -0.007535 0.093860 -0.500800
v -0.007368 0.089596 -0.456553
v -0.007443 0.092445 -0.486053
v -0.006522 0.093219 -0.493418
v -0.006565 0.093926 -0.500794
v -0.006480 0.092511 -0.486047
v -0.002935 0.089674 -0.456544
v -0.000036 0.092509 -0.486047
v 0.011136 0.089674 -0.456544
v 0.013175 0.092511 -0.486047
v 0.013539 0.089654 -0.456550
v 0.014138 0.092446 -0.486053
v 0.014241 0.089569 -0.456554
v 0.015084 0.092253 -0.486070
v 0.015604 0.089197 -0.456586
v 0.016220 0.091845 -0.486105
v 0.016252 0.088915 -0.456610
v 0.017277 0.091261 -0.486155
v 0.017451 0.088167 -0.456675
v 0.018224 0.090516 -0.486220
v 0.018482 0.087203 -0.456758
v 0.019032 0.089624 -0.486295
v 0.019307 0.086058 -0.456857
v 0.019684 0.088611 -0.486383
v 0.019894 0.084774 -0.456967
v 0.020167 0.087507 -0.486478
v 0.020466 0.086341 -0.486579
v 0.020536 0.087025 -0.493952
v 0.020606 0.087710 -0.501331
v 0.020220 0.083402 -0.457085
v 0.020568 0.085145 -0.486682
v 0.020286 0.082422 -0.457170
v 0.020729 0.088908 -0.514246
v 0.020701 0.089319 -0.516069
v 0.019275 0.092236 -0.513958
v 0.018647 0.093146 -0.515739
v 0.018455 0.093141 -0.513880
v 0.017510 0.094071 -0.515659
v 0.017495 0.093896 -0.513815
v 0.016424 0.094488 -0.513764
v 0.017480 0.093720 -0.511970
v 0.016410 0.094312 -0.511919
v 0.017466 0.093544 -0.510126
v 0.016397 0.094135 -0.510075
v 0.016212 0.094762 -0.515599
v 0.015271 0.094903 -0.513728
v 0.015259 0.094727 -0.511883
v 0.015246 0.094550 -0.510039
v 0.014806 0.095193 -0.515562
v 0.014311 0.095099 -0.513711
v 0.014300 0.094922 -0.511867
v 0.014288 0.094745 -0.510022
v 0.013345 0.095342 -0.515549
v 0.013334 0.095165 -0.513705
v 0.013324 0.094988 -0.511861
v 0.013313 0.094812 -0.510016
v -0.000092 0.095163 -0.513706
v -0.006650 0.095342 -0.515549
v -0.006639 0.095165 -0.513705
v -0.007616 0.095099 -0.513711
v -0.006628 0.094988 -0.511861
v -0.007604 0.094921 -0.511867
v -0.006618 0.094811 -0.510016
v -0.007593 0.094745 -0.510022
v -0.008111 0.095193 -0.515562
v -0.008576 0.094903 -0.513728
v -0.008564 0.094726 -0.511883
v -0.008551 0.094550 -0.510039
v -0.009517 0.094762 -0.515599
v -0.009729 0.094488 -0.513764
v -0.009715 0.094312 -0.511919
v -0.009701 0.094135 -0.510075
v -0.010815 0.094071 -0.515659
v -0.010800 0.093896 -0.513815
v -0.010785 0.093720 -0.511970
v -0.010771 0.093544 -0.510126
v -0.011760 0.093140 -0.513880
v -0.011952 0.093146 -0.515739
v -0.012580 0.092236 -0.513958
v -0.012881 0.092012 -0.515837
v -0.013242 0.091209 -0.514047
v -0.013574 0.090720 -0.515948
v -0.013731 0.090090 -0.514144
v -0.014007 0.089319 -0.516069
v -0.014034 0.088908 -0.514246
v -0.014156 0.087862 -0.516195
v -0.014138 0.087692 -0.514351
v -0.014135 0.081168 -0.514914
v -0.014120 0.087523 -0.512505
v -0.014117 0.081005 -0.513068
v -0.014103 0.087352 -0.510660
v -0.014099 0.080842 -0.511222
v -0.014017 0.088736 -0.512401
v -0.013999 0.088565 -0.510556
v -0.013714 0.089918 -0.512299
v -0.013696 0.089746 -0.510454
v -0.013225 0.091036 -0.512202
v -0.013208 0.090862 -0.510357
v -0.012564 0.092062 -0.512113
v -0.012548 0.091888 -0.510269
v -0.011745 0.092966 -0.512035
v -0.011729 0.092790 -0.510191
v -0.000088 0.094986 -0.511861
v -0.000084 0.094810 -0.510016
v 0.018440 0.092966 -0.512035
v 0.018424 0.092790 -0.510191
v 0.019259 0.092062 -0.512113
v 0.019242 0.091889 -0.510269
v 0.019919 0.091037 -0.512202
v 0.019903 0.090863 -0.510357
v 0.020235 0.088196 -0.493851
v 0.020305 0.088884 -0.501230
v 0.019751 0.089303 -0.493756
v 0.019819 0.089997 -0.501133
v 0.019097 0.090320 -0.493668
v 0.019162 0.091017 -0.501045
v 0.018285 0.091215 -0.493591
v 0.018347 0.091915 -0.500968
v 0.017335 0.091963 -0.493526
v 0.017393 0.092666 -0.500903
v 0.016274 0.092548 -0.493476
v 0.016329 0.093254 -0.500852
v 0.015134 0.092960 -0.493440
v 0.015184 0.093666 -0.500817
v 0.014184 0.093153 -0.493423
v 0.014230 0.093860 -0.500800
v 0.013218 0.093219 -0.493418
v 0.013260 0.093926 -0.500794
v -0.000051 0.093217 -0.493418
v -0.000066 0.093924 -0.500794
v -0.012402 0.090320 -0.493668
v -0.012467 0.091017 -0.501045
v -0.013057 0.089303 -0.493756
v -0.013124 0.089997 -0.501133
v -0.013541 0.088196 -0.493851
v -0.013610 0.088884 -0.501230
v -0.013841 0.087025 -0.493952
v -0.013912 0.087709 -0.501331
v -0.014014 0.086503 -0.501435
v 0.020391 0.089746 -0.510454
v 0.020098 0.083870 -0.455597
v 0.020155 0.083315 -0.453945
v 0.020272 0.082295 -0.455733
v 0.020139 0.083158 -0.452258
v 0.020123 0.083001 -0.450570
v 0.019845 0.084302 -0.452159
v 0.019830 0.084145 -0.450471
v 0.019372 0.085387 -0.452065
v 0.019356 0.085229 -0.450377
v 0.018731 0.086383 -0.451979
v 0.018716 0.086223 -0.450292
v 0.017937 0.087258 -0.451903
v 0.017923 0.087099 -0.450216
v 0.017006 0.087991 -0.451840
v 0.016993 0.087830 -0.450153
v 0.015968 0.088565 -0.451791
v 0.015955 0.088403 -0.450103
v 0.014852 0.088966 -0.451756
v 0.014840 0.088804 -0.450069
v 0.013923 0.089155 -0.451740
v 0.013912 0.088994 -0.450052
v 0.012978 0.089219 -0.451734
v 0.012968 0.089057 -0.450047
v 0.000033 0.089217 -0.451734
v 0.000037 0.089055 -0.450047
v -0.006283 0.089219 -0.451734
v -0.006273 0.089057 -0.450047
v -0.007228 0.089155 -0.451740
v -0.007217 0.088994 -0.450052
v -0.008157 0.088966 -0.451756
v -0.008146 0.088804 -0.450069
v -0.009273 0.088564 -0.451791
v -0.009261 0.088403 -0.450103
v -0.010312 0.087991 -0.451840
v -0.010298 0.087830 -0.450153
v -0.011242 0.087258 -0.451903
v -0.011228 0.087098 -0.450216
v -0.012037 0.086382 -0.451979
v -0.012022 0.086223 -0.450292
v -0.012678 0.085386 -0.452065
v -0.012662 0.085229 -0.450377
v -0.013151 0.084302 -0.452159
v -0.013136 0.084145 -0.450471
v -0.013445 0.083158 -0.452258
v -0.013429 0.083001 -0.450570
v -0.013545 0.081982 -0.452359
v -0.013529 0.081827 -0.450671
v -0.013542 0.075688 -0.452903
v -0.013526 0.075539 -0.451214
v -0.013571 0.069769 -0.456814
v -0.013571 0.068262 -0.456944
v 0.019861 0.084460 -0.453846
v 0.019585 0.085368 -0.455467
v 0.019387 0.085546 -0.453753
v 0.019065 0.086291 -0.455389
v 0.018746 0.086542 -0.453667
v 0.018174 0.087384 -0.455294
v 0.017951 0.087419 -0.453591
v 0.017088 0.088284 -0.455217
v 0.017019 0.088152 -0.453528
v 0.015980 0.088725 -0.453478
v 0.015847 0.088958 -0.455157
v 0.014863 0.089128 -0.453443
v 0.014502 0.089380 -0.455121
v 0.013933 0.089317 -0.453427
v 0.012988 0.089382 -0.453421
v 0.012121 0.089536 -0.455107
v 0.000030 0.089379 -0.453422
v -0.002282 0.089536 -0.455107
v -0.006293 0.089381 -0.453422
v -0.007296 0.089468 -0.455111
v -0.007238 0.089317 -0.453427
v -0.008168 0.089128 -0.453443
v -0.008669 0.089141 -0.455144
v -0.009286 0.088725 -0.453478
v -0.009952 0.088556 -0.455193
v -0.010325 0.088152 -0.453528
v -0.011100 0.087734 -0.455264
v -0.011256 0.087418 -0.453591
v -0.012066 0.086707 -0.455353
v -0.012052 0.086542 -0.453667
v -0.012693 0.085545 -0.453753
v -0.012814 0.085512 -0.455456
v -0.013167 0.084459 -0.453847
v -0.013316 0.084194 -0.455569
v -0.013461 0.083314 -0.453945
v -0.013568 0.082488 -0.455707
v -0.013561 0.082138 -0.454047
v -0.013558 0.075837 -0.454591
v -0.013442 0.066251 -0.443511
v -0.013571 0.066754 -0.457075
v -0.013442 0.063859 -0.443717
v -0.013571 0.063870 -0.457323
v -0.013442 0.062605 -0.443827
v -0.013571 0.063059 -0.457389
v -0.013442 0.061971 -0.443885
v -0.013442 0.068640 -0.443304
v -0.013477 0.075091 -0.446149
v -0.013509 0.075390 -0.449526
v -0.013513 0.081672 -0.448983
v -0.013413 0.082844 -0.448882
v -0.013120 0.083987 -0.448783
v -0.012647 0.085070 -0.448690
v -0.012007 0.086063 -0.448604
v -0.011214 0.086938 -0.448529
v -0.010285 0.087669 -0.448465
v -0.009248 0.088241 -0.448416
v -0.008134 0.088643 -0.448381
v -0.007207 0.088831 -0.448365
v -0.006264 0.088896 -0.448359
v 0.000040 0.088894 -0.448360
v 0.012958 0.088896 -0.448359
v 0.013901 0.088832 -0.448365
v 0.014829 0.088643 -0.448381
v 0.015943 0.088242 -0.448416
v 0.016980 0.087669 -0.448465
v 0.017908 0.086938 -0.448529
v 0.018702 0.086063 -0.448604
v 0.019341 0.085070 -0.448690
v 0.019814 0.083987 -0.448783
v 0.020107 0.082845 -0.448882
v -0.013442 0.073342 -0.442898
v -0.013442 0.077957 -0.442500
v -0.013481 0.081361 -0.445607
v -0.013208 0.082868 -0.442076
v -0.013381 0.082531 -0.445507
v -0.013088 0.083671 -0.445408
v -0.012723 0.084179 -0.441964
v -0.012616 0.084752 -0.445315
v -0.011993 0.085372 -0.441861
v -0.011978 0.085745 -0.445229
v -0.011186 0.086617 -0.445154
v -0.011045 0.086403 -0.441772
v -0.010258 0.087348 -0.445091
v -0.009914 0.087231 -0.441700
v -0.009224 0.087919 -0.445041
v -0.008655 0.087820 -0.441647
v -0.008111 0.088319 -0.445007
v -0.007308 0.088159 -0.441621
v -0.007186 0.088507 -0.444990
v -0.006313 0.088240 -0.441618
v -0.006244 0.088572 -0.444985
v -0.001967 0.088241 -0.441612
v 0.000047 0.088570 -0.444985
v 0.012161 0.088241 -0.441612
v 0.012939 0.088572 -0.444985
v 0.013332 0.088229 -0.441617
v 0.013880 0.088508 -0.444990
v 0.014716 0.088016 -0.441631
v 0.014806 0.088320 -0.445007
v 0.015385 0.087810 -0.441650
v 0.015918 0.087920 -0.445041
v 0.016033 0.087540 -0.441673
v 0.016953 0.087348 -0.445091
v 0.017234 0.086819 -0.441736
v 0.017880 0.086618 -0.445154
v 0.018273 0.085880 -0.441817
v 0.018672 0.085745 -0.445229
v 0.019110 0.084757 -0.441914
v 0.019310 0.084753 -0.445315
v 0.019714 0.083494 -0.442023
v 0.019782 0.083672 -0.445408
v 0.020060 0.082138 -0.442139
v 0.020075 0.082532 -0.445506
v 0.020143 0.081047 -0.442233
v 0.020129 0.080917 -0.440796
v 0.019931 0.082591 -0.440652
v 0.019869 0.078412 -0.413598
v 0.019609 0.075907 -0.386400
v 0.019349 0.073402 -0.359203
v 0.019089 0.070897 -0.332005
v 0.018829 0.068392 -0.304807
v 0.018569 0.065887 -0.277610
v 0.018309 0.063382 -0.250412
v 0.018049 0.060878 -0.223215
v 0.015864 0.041900 -0.005543
v 0.017788 0.058372 -0.196017
v 0.017528 0.055868 -0.168820
v 0.017268 0.053363 -0.141622
v 0.017008 0.050858 -0.114425
v 0.016748 0.048352 -0.087227
v 0.016488 0.045847 -0.060029
v 0.016228 0.043342 -0.032832
v 0.015968 0.040837 -0.005635
v 0.015707 0.038332 0.021563
v 0.015447 0.035827 0.048761
v 0.015187 0.033322 0.075958
v 0.014927 0.030817 0.103156
v 0.014667 0.028312 0.130354
v 0.014407 0.025807 0.157551
v 0.014147 0.023302 0.184749
v 0.013887 0.020797 0.211946
v 0.013627 0.018292 0.239144
v 0.011786 0.001149 0.429561
v 0.013366 0.015786 0.266342
v 0.013106 0.013281 0.293539
v 0.012846 0.010776 0.320736
v 0.012586 0.008271 0.347935
v 0.012326 0.005766 0.375132
v 0.012066 0.003261 0.402329
v 0.011806 0.000754 0.429526
v 0.015552 0.042935 -0.005453
v 0.019348 0.084171 -0.440516
v 0.015039 0.043897 -0.005370
v 0.018759 0.085131 -0.440433
v 0.014343 0.044745 -0.005297
v 0.017831 0.086178 -0.440343
v 0.013643 0.045334 -0.005246
v 0.016716 0.087026 -0.440269
v 0.012858 0.045800 -0.005206
v 0.015458 0.087642 -0.440215
v 0.012013 0.046130 -0.005178
v 0.014790 0.087857 -0.440198
v 0.011132 0.046317 -0.005160
v 0.013412 0.088085 -0.440174
v 0.010421 0.046363 -0.005156
v 0.012667 0.088103 -0.440175
v 0.011014 0.088103 -0.440175
v 0.004560 0.046363 -0.005156
v 0.006768 0.088103 -0.440175
v -0.001724 0.088103 -0.440175
v -0.005456 0.088103 -0.440174
v -0.003718 0.046363 -0.005156
v -0.000996 0.004623 0.429861
v -0.001396 0.004620 0.429858
v -0.004429 0.046317 -0.005160
v -0.002139 0.004514 0.429851
v -0.005739 0.045982 -0.005189
v -0.002868 0.004259 0.429829
v -0.006940 0.045334 -0.005245
v -0.003532 0.003865 0.429795
v -0.004059 0.003397 0.429755
v -0.007951 0.044408 -0.005325
v -0.004492 0.002841 0.429707
v -0.008700 0.043265 -0.005424
v -0.004852 0.002128 0.429646
v -0.009126 0.042075 -0.005527
v -0.005017 0.001573 0.429597
v -0.005076 0.001230 0.429560
v -0.009271 0.040838 -0.005634
v -0.005103 0.000880 0.429526
v -0.005105 -0.000505 0.429417
v -0.009269 0.036198 -0.006033
v -0.005105 -0.008356 0.428739
v -0.005365 -0.006162 0.401515
v -0.005625 -0.003968 0.374290
v -0.005885 -0.001774 0.347066
v -0.006145 0.000420 0.319841
v -0.006405 0.002615 0.292617
v -0.006665 0.004809 0.265393
v -0.006925 0.007003 0.238169
v -0.007186 0.009196 0.210944
v -0.007446 0.011390 0.183720
v -0.007706 0.013584 0.156496
v -0.007966 0.015778 0.129272
v -0.008226 0.017972 0.102048
v -0.008486 0.020166 0.074823
v -0.008746 0.022361 0.047599
v -0.009006 0.024555 0.020375
v -0.009266 0.026749 -0.006849
v -0.013428 0.068516 -0.441867
v -0.013428 0.066963 -0.442001
v -0.006862 0.088073 -0.440173
v -0.008235 0.087816 -0.440200
v -0.009535 0.087297 -0.440246
v -0.010711 0.086537 -0.440312
v -0.011718 0.085564 -0.440396
v -0.012516 0.084415 -0.440495
v -0.013087 0.083102 -0.440610
v -0.013372 0.081811 -0.440717
v -0.013428 0.065411 -0.442135
v -0.009527 0.028943 -0.034073
v -0.009787 0.031137 -0.061297
v -0.010047 0.033331 -0.088522
v -0.010307 0.035525 -0.115746
v -0.010567 0.037719 -0.142970
v -0.013428 0.062438 -0.442390
v -0.010827 0.039913 -0.170194
v -0.011087 0.042107 -0.197418
v -0.011347 0.044301 -0.224642
v -0.011607 0.046495 -0.251867
v -0.011868 0.048689 -0.279091
v -0.012128 0.050883 -0.306316
v -0.012388 0.053077 -0.333539
v -0.012648 0.055272 -0.360764
v -0.012908 0.057466 -0.387989
v -0.013168 0.059660 -0.415213
v -0.013428 0.061854 -0.442437
v 0.002217 0.004623 0.429861
v 0.007556 0.004623 0.429861
v 0.008298 0.004606 0.429858
v 0.009027 0.004464 0.429847
v 0.009720 0.004184 0.429823
v 0.010350 0.003775 0.429787
v 0.010890 0.003252 0.429742
v 0.011325 0.002619 0.429687
v 0.011628 0.001914 0.429627
v 0.011680 0.001657 0.430185
v 0.011663 0.000761 0.437347
v 0.011800 0.000703 0.430102
v 0.011654 -0.000363 0.444469
v 0.011663 -0.000620 0.444450
v 0.011451 0.001478 0.437409
v 0.011309 0.002585 0.430264
v 0.011094 0.002156 0.437467
v 0.010880 0.003202 0.430317
v 0.010603 0.002756 0.437519
v 0.010340 0.003725 0.430362
v 0.010108 0.003171 0.437555
v 0.009693 0.004141 0.430398
v 0.009554 0.003498 0.437583
v 0.008976 0.004422 0.430423
v 0.008963 0.003724 0.437603
v 0.008358 0.003850 0.437614
v 0.008367 0.003156 0.444776
v 0.007878 0.003879 0.437616
v 0.007203 0.003191 0.444792
v 0.004110 0.003879 0.437616
v 0.000940 0.003192 0.444779
v 0.001056 0.004569 0.430436
v -0.001178 0.003879 0.437616
v -0.001674 0.004542 0.430434
v -0.001658 0.003850 0.437614
v -0.002400 0.004385 0.430420
v -0.002323 0.003706 0.437601
v -0.002968 0.003440 0.437578
v -0.002820 0.002803 0.444744
v -0.003457 0.002411 0.444711
v -0.003563 0.003056 0.437545
v -0.004002 0.001906 0.444667
v -0.004080 0.002566 0.437503
v -0.004496 0.001992 0.437453
v -0.004235 0.003134 0.430311
v -0.004654 0.002500 0.430256
v 0.008233 0.004556 0.430436
v 0.007844 0.004569 0.430436
v 0.007410 0.004569 0.430436
v -0.003085 0.004093 0.430394
v -0.003701 0.003674 0.430358
v -0.004796 0.001361 0.437399
v -0.004892 0.001949 0.430209
v -0.005011 0.001521 0.430173
v -0.005099 -0.002128 0.429858
v -0.005031 0.000042 0.437285
v -0.004973 0.000700 0.437342
v -0.004744 0.000648 0.444558
v -0.004470 0.001251 0.444611
v -0.005031 -0.002957 0.437026
v -0.005099 -0.005814 0.429540
v -0.004962 -0.008162 0.443798
v -0.005099 -0.008211 0.429333
v -0.004962 -0.008259 0.443790
v -0.004962 -0.008440 0.443774
v -0.004962 -0.009025 0.443726
v -0.004962 -0.009560 0.443678
v -0.005099 -0.008403 0.429318
v -0.004962 -0.001468 0.444374
v -0.004918 -0.000040 0.444485
v -0.002114 0.003066 0.444768
v 0.009075 0.002988 0.444761
v 0.009738 0.002689 0.444735
v 0.010342 0.002262 0.444698
v 0.010855 0.001724 0.444651
v 0.011261 0.001083 0.444597
v 0.011531 0.000374 0.444534
v 0.011529 0.000302 0.445138
v 0.011521 -0.000626 0.452282
v 0.011657 -0.000674 0.445053
v 0.011520 -0.001934 0.459391
v 0.011520 -0.001994 0.459387
v 0.011313 0.000080 0.452343
v 0.011364 0.000789 0.445179
v 0.011134 0.001249 0.445218
v 0.010961 0.000748 0.452401
v 0.010727 0.001817 0.445268
v 0.010477 0.001340 0.452452
v 0.010188 0.002328 0.445311
v 0.009989 0.001749 0.452487
v 0.009556 0.002726 0.445347
v 0.009442 0.002071 0.452515
v 0.008853 0.002996 0.445370
v 0.008861 0.002294 0.452534
v 0.008265 0.002418 0.452545
v 0.008693 0.001639 0.459700
v 0.007965 0.001754 0.459710
v 0.007793 0.002448 0.452547
v 0.007752 0.001760 0.459714
v 0.004710 0.001760 0.459711
v 0.004095 0.002447 0.452547
v -0.001093 0.002447 0.452547
v -0.001544 0.003113 0.445380
v -0.001565 0.002418 0.452545
v -0.002255 0.002967 0.445368
v -0.002220 0.002276 0.452533
v -0.002855 0.002014 0.452510
v -0.002549 0.001450 0.459684
v -0.003186 0.001098 0.459653
v -0.003442 0.001636 0.452477
v -0.003743 0.000632 0.459613
v -0.003952 0.001153 0.452436
v -0.004208 0.000054 0.459563
v -0.004361 0.000587 0.452387
v -0.004552 -0.000605 0.459507
v -0.004657 -0.000036 0.452333
v -0.004653 -0.000891 0.459479
v -0.004831 -0.000686 0.452277
v -0.004776 -0.001386 0.459424
v -0.004888 -0.001334 0.452221
v -0.004819 -0.001993 0.459373
v -0.004888 -0.004277 0.451967
v -0.004819 -0.009431 0.458745
v -0.004956 -0.008214 0.444402
v -0.004956 -0.008603 0.444368
v 0.008016 0.003130 0.445382
v 0.007633 0.003135 0.445375
v 0.004884 0.003135 0.445382
v -0.002925 0.002690 0.445344
v -0.003543 0.002282 0.445308
v -0.004071 0.001763 0.445264
v -0.004503 0.001124 0.445206
v -0.004779 0.000472 0.445154
v -0.004903 -0.000043 0.445121
v -0.004954 -0.000571 0.445078
v -0.004819 -0.009980 0.458698
v -0.004956 -0.008991 0.444333
v -0.004819 -0.010493 0.458655
v -0.004956 -0.009388 0.444299
v -0.004819 -0.010651 0.458640
v -0.004956 -0.009609 0.444282
v -0.004819 -0.010765 0.458629
v -0.001929 0.001665 0.459703
v -0.001166 0.001758 0.459711
v 0.009400 0.001381 0.459677
v 0.010031 0.000995 0.459644
v 0.010575 0.000493 0.459600
v 0.011001 -0.000093 0.459550
v 0.011306 -0.000748 0.459494
v 0.011464 -0.001394 0.459437
v 0.011389 -0.001090 0.460074
v 0.011379 -0.002013 0.467210
v 0.011514 -0.002049 0.459990
v 0.011368 -0.003112 0.474343
v 0.011377 -0.003372 0.474324
v 0.011175 -0.001317 0.467270
v 0.011226 -0.000611 0.460113
v 0.011000 -0.000157 0.460153
v 0.010828 -0.000658 0.467327
v 0.010600 0.000402 0.460202
v 0.010351 -0.000075 0.467377
v 0.010069 0.000905 0.460244
v 0.009869 0.000328 0.467412
v 0.009446 0.001298 0.460279
v 0.009331 0.000645 0.467440
v 0.008754 0.001565 0.460302
v 0.008758 0.000864 0.467459
v 0.008171 0.000986 0.467469
v 0.008178 0.000291 0.474640
v 0.007707 0.001016 0.467472
v 0.004965 0.000327 0.474644
v 0.004080 0.001016 0.467472
v -0.001007 0.001016 0.467472
v 0.003340 0.001702 0.460314
v -0.000645 0.001702 0.460311
v 0.008033 0.001691 0.460313
v 0.007157 0.001703 0.460301
v -0.001314 0.001692 0.460313
v -0.001471 0.000986 0.467469
v -0.001313 0.000310 0.474642
v -0.002033 0.000171 0.474629
v -0.002116 0.000847 0.467457
v -0.002711 -0.000107 0.474605
v -0.002742 0.000589 0.467435
v -0.003321 0.000216 0.467403
v -0.003321 0.000941 0.460247
v -0.003858 0.000446 0.460206
v -0.002023 0.001573 0.460303
v -0.002701 0.001320 0.460281
v -0.004325 -0.000203 0.460149
v -0.004227 -0.000818 0.467313
v -0.003823 -0.000260 0.467362
v -0.003317 -0.000510 0.474570
v -0.004518 -0.001431 0.467260
v -0.004594 -0.000789 0.460099
v -0.004689 -0.002072 0.467205
v -0.004771 -0.001492 0.460052
v -0.004745 -0.002710 0.467150
v -0.004813 -0.002279 0.459978
v -0.004745 -0.005597 0.466901
v -0.004813 -0.009484 0.459348
v -0.004676 -0.010700 0.473691
v -0.004813 -0.009863 0.459315
v -0.004676 -0.011243 0.473645
v -0.004813 -0.010226 0.459282
v -0.004676 -0.011750 0.473602
v -0.004813 -0.010601 0.459250
v -0.004676 -0.011862 0.473591
v -0.004813 -0.010814 0.459233
v -0.004676 -0.011970 0.473581
v -0.004676 -0.005264 0.474160
v -0.004651 -0.002935 0.474345
v -0.004506 -0.002264 0.474417
v -0.004243 -0.001637 0.474474
v -0.003832 -0.001023 0.474526
v -0.000891 0.000327 0.474644
v 0.008863 0.000129 0.474626
v 0.009506 -0.000159 0.474600
v 0.010093 -0.000573 0.474565
v 0.010591 -0.001094 0.474519
v 0.010985 -0.001716 0.474467
v 0.011248 -0.002404 0.474406
v 0.011248 -0.002482 0.475010
v 0.011238 -0.003401 0.482153
v 0.011372 -0.003425 0.474927
v 0.011225 -0.004488 0.489280
v 0.011235 -0.004746 0.489261
v 0.011037 -0.002715 0.482212
v 0.011088 -0.002010 0.475049
v 0.010866 -0.001564 0.475087
v 0.010695 -0.002067 0.482268
v 0.010472 -0.001013 0.475135
v 0.010225 -0.001492 0.482318
v 0.009949 -0.000516 0.475177
v 0.009750 -0.001094 0.482352
v 0.009336 -0.000129 0.475212
v 0.009220 -0.000783 0.482379
v 0.008655 0.000134 0.475235
v 0.008655 -0.000566 0.482398
v 0.008078 -0.000447 0.482408
v 0.008080 -0.001140 0.489572
v 0.007622 -0.000418 0.482411
v 0.006319 -0.001107 0.489589
v 0.004066 -0.000418 0.482411
v -0.000048 -0.001106 0.489576
v -0.000919 -0.000418 0.482411
v -0.000901 -0.001106 0.489575
v -0.001301 -0.001130 0.489572
v -0.001375 -0.000447 0.482408
v -0.001851 -0.001237 0.489564
v -0.002238 -0.000662 0.482390
v -0.002524 -0.001495 0.489541
v -0.003047 -0.001094 0.482352
v -0.003128 -0.001877 0.489508
v -0.003733 -0.001720 0.482298
v -0.003644 -0.002365 0.489466
v -0.004075 -0.002982 0.489414
v -0.004235 -0.002493 0.482231
v -0.004338 -0.003573 0.489361
v -0.004514 -0.003286 0.482163
v -0.004497 -0.004230 0.489290
v -0.004607 -0.004085 0.482094
v -0.004533 -0.005583 0.489186
v -0.004605 -0.006918 0.481849
v -0.004533 -0.011969 0.488637
v -0.004670 -0.009693 0.474386
v -0.004670 -0.010752 0.474295
v 0.007945 0.000258 0.475245
v 0.007085 0.000270 0.475233
v -0.000533 0.000269 0.475243
v -0.001191 0.000262 0.475246
v -0.001545 0.000223 0.475242
v -0.002233 0.000045 0.475227
v -0.002877 -0.000262 0.475200
v -0.003454 -0.000690 0.475163
v -0.003939 -0.001222 0.475116
v -0.004305 -0.001825 0.475063
v -0.004561 -0.002534 0.475010
v -0.004670 -0.004570 0.474828
v -0.004670 -0.011120 0.474262
v -0.004533 -0.012504 0.488592
v -0.004670 -0.011470 0.474231
v -0.004533 -0.013002 0.488549
v -0.004670 -0.011812 0.474201
v -0.004533 -0.013107 0.488540
v -0.004670 -0.012018 0.474185
v -0.004533 -0.013175 0.488533
v 0.008755 -0.001299 0.489558
v 0.009388 -0.001582 0.489534
v 0.009966 -0.001989 0.489499
v 0.010457 -0.002501 0.489455
v 0.010846 -0.003113 0.489402
v 0.011106 -0.003791 0.489342
v 0.011109 -0.003878 0.489945
v 0.011096 -0.004788 0.497091
v 0.011229 -0.004801 0.489864
v 0.011082 -0.005862 0.504217
v 0.011092 -0.006123 0.504198
v 0.010898 -0.004114 0.497149
v 0.010953 -0.003415 0.489983
v 0.010737 -0.002978 0.490021
v 0.010562 -0.003475 0.497205
v 0.010325 -0.002406 0.490071
v 0.010099 -0.002908 0.497253
v 0.009807 -0.001921 0.490112
v 0.009631 -0.002517 0.497287
v 0.009200 -0.001543 0.490146
v 0.009108 -0.002210 0.497314
v 0.008552 -0.001996 0.497332
v 0.008646 -0.002727 0.504491
v 0.007983 -0.002572 0.504504
v 0.007985 -0.001879 0.497342
v 0.007536 -0.001851 0.497345
v 0.007828 -0.001173 0.490177
v 0.007474 -0.001164 0.490173
v 0.008527 -0.001289 0.490167
v 0.003327 -0.001164 0.490178
v 0.004051 -0.001851 0.497345
v 0.006220 -0.002540 0.504520
v -0.000337 -0.002539 0.504509
v 0.000123 -0.001164 0.490177
v -0.000833 -0.001851 0.497345
v -0.001169 -0.001176 0.490177
v -0.001281 -0.001879 0.497342
v -0.001855 -0.001296 0.490167
v -0.002130 -0.002091 0.497324
v -0.002509 -0.001549 0.490145
v -0.002928 -0.002517 0.497287
v -0.003107 -0.001922 0.490112
v -0.003604 -0.003133 0.497234
v -0.003624 -0.002406 0.490071
v -0.004065 -0.003030 0.490016
v -0.004098 -0.003894 0.497168
v -0.004328 -0.003615 0.489968
v -0.004372 -0.004675 0.497101
v -0.004467 -0.004141 0.489932
v -0.004464 -0.005462 0.497033
v -0.004525 -0.004682 0.489890
v -0.004528 -0.005719 0.489786
v -0.004528 -0.012022 0.489241
v -0.004462 -0.008238 0.496793
v -0.004390 -0.007039 0.504118
v -0.004390 -0.013238 0.503583
v -0.004528 -0.012376 0.489209
v -0.004390 -0.013763 0.503540
v -0.004528 -0.012714 0.489179
v -0.004390 -0.014253 0.503497
v -0.004528 -0.013023 0.489152
v -0.004528 -0.013224 0.489137
v -0.004390 -0.014381 0.503485
v -0.004390 -0.014328 0.503490
v -0.004377 -0.005810 0.504208
v -0.004256 -0.005153 0.504277
v -0.004007 -0.004511 0.504337
v -0.003835 -0.004209 0.504363
v -0.003408 -0.003660 0.504409
v -0.002879 -0.003202 0.504450
v -0.002267 -0.002852 0.504479
v -0.001601 -0.002630 0.504499
v 0.009269 -0.003005 0.504466
v 0.009839 -0.003403 0.504432
v 0.010323 -0.003908 0.504388
v 0.010707 -0.004510 0.504337
v 0.010964 -0.005177 0.504278
v 0.010851 -0.008443 0.529397
v 0.011086 -0.006177 0.504801
v 0.010906 -0.006651 0.517148
v 0.011050 -0.005675 0.504848
v 0.010944 -0.005182 0.504887
v 0.010712 -0.005991 0.517205
v 0.010760 -0.004687 0.504929
v 0.010383 -0.005365 0.517259
v 0.010504 -0.004224 0.504969
v 0.010069 -0.003681 0.505017
v 0.009930 -0.004810 0.517307
v 0.009533 -0.003230 0.505055
v 0.009471 -0.004426 0.517340
v 0.008959 -0.004125 0.517366
v 0.009275 -0.005531 0.529648
v 0.008655 -0.005207 0.529676
v 0.008414 -0.003917 0.517384
v 0.008001 -0.005016 0.529692
v 0.007859 -0.003802 0.517394
v 0.007350 -0.004956 0.529698
v 0.007421 -0.003775 0.517397
v 0.004030 -0.003775 0.517397
v 0.004797 -0.002597 0.505110
v 0.000159 -0.002597 0.505109
v 0.008916 -0.002890 0.505085
v 0.008248 -0.002677 0.505103
v 0.007435 -0.002596 0.505106
v -0.000718 -0.003775 0.517397
v -0.001454 -0.002659 0.505105
v -0.001156 -0.003802 0.517394
v -0.001986 -0.004009 0.517376
v -0.001298 -0.005016 0.529692
v -0.001952 -0.005207 0.529676
v -0.002572 -0.005531 0.529648
v -0.002768 -0.004426 0.517340
v -0.003123 -0.005977 0.529609
v -0.003430 -0.005030 0.517288
v -0.003571 -0.006525 0.529562
v -0.003914 -0.005777 0.517224
v -0.003895 -0.007143 0.529509
v -0.004183 -0.006541 0.517158
v -0.004090 -0.007794 0.529453
v -0.004272 -0.007309 0.517091
v -0.004155 -0.008443 0.529397
v -0.004270 -0.010012 0.516858
v -0.004149 -0.016413 0.528708
v -0.004385 -0.013290 0.504187
v -0.004385 -0.013625 0.504157
v -0.002116 -0.002849 0.505089
v -0.002732 -0.003164 0.505060
v -0.003279 -0.003594 0.505024
v -0.003735 -0.004124 0.504978
v -0.004082 -0.004740 0.504924
v -0.004301 -0.005412 0.504875
v -0.004383 -0.006077 0.504825
v -0.004385 -0.013945 0.504128
v -0.004385 -0.014237 0.504103
v -0.004385 -0.014429 0.504089
v -0.000647 -0.004956 0.529698
v 0.009826 -0.005977 0.529609
v 0.010273 -0.006525 0.529562
v 0.010599 -0.007143 0.529509
v 0.010789 -0.007794 0.529453
v 0.011086 -0.014243 0.504105
v 0.010841 -0.006299 0.504648
v 0.010841 -0.006256 0.504652
v 0.010564 -0.006156 0.504501
v 0.010841 -0.006939 0.504593
v 0.010841 -0.009359 0.504384
v 0.010842 -0.012561 0.504107
v 0.010566 -0.014415 0.503788
v 0.010842 -0.014434 0.503946
v 0.010817 -0.014843 0.503910
v 0.010978 -0.015299 0.504014
v 0.010584 -0.015716 0.503835
v 0.010739 -0.015964 0.503956
v 0.010375 -0.016566 0.503903
v 0.009849 -0.016802 0.503741
v 0.009905 -0.017083 0.503860
v 0.009504 -0.017098 0.503716
v 0.009346 -0.017496 0.503823
v 0.008777 -0.017509 0.503680
v 0.008721 -0.017793 0.503798
v 0.008001 -0.017726 0.503661
v 0.008056 -0.017966 0.503783
v 0.007538 -0.018009 0.503780
v -0.001215 -0.017986 0.503797
v 0.002007 -0.017762 0.503658
v 0.004865 -0.017763 0.503658
v 0.006156 -0.017763 0.503658
v 0.006153 -0.017472 0.503524
v 0.006653 -0.017765 0.503658
v 0.007535 -0.017471 0.503524
v 0.007117 -0.017766 0.503658
v 0.007545 -0.017763 0.503658
v -0.001892 -0.017837 0.503795
v -0.001471 -0.017383 0.503532
v -0.000766 -0.017451 0.503526
v -0.000094 -0.017757 0.503659
v 0.002005 -0.017472 0.503524
v -0.002064 -0.017510 0.503680
v -0.002511 -0.017573 0.503815
v -0.002468 -0.016977 0.503567
v -0.003111 -0.017163 0.503852
v -0.003158 -0.016784 0.503743
v -0.003597 -0.016665 0.503895
v -0.003876 -0.015721 0.503835
v -0.003978 -0.016084 0.503946
v -0.004233 -0.015456 0.504000
v -0.004099 -0.014948 0.503901
v -0.004366 -0.014792 0.504057
v -0.004139 -0.014494 0.503941
v -0.004142 -0.013712 0.504008
v -0.003863 -0.013265 0.503887
v -0.003866 -0.013863 0.503835
v -0.003864 -0.014394 0.503790
v -0.003864 -0.014396 0.503789
v -0.003864 -0.014398 0.503789
v -0.003863 -0.014472 0.503783
v -0.003789 -0.015087 0.503730
v -0.003621 -0.015601 0.503685
v -0.003324 -0.016147 0.503638
v -0.002964 -0.016577 0.503601
v -0.001964 -0.017241 0.503544
v 0.008156 -0.017403 0.503530
v 0.008673 -0.017238 0.503544
v 0.009222 -0.016945 0.503569
v 0.009656 -0.016589 0.503600
v 0.010060 -0.016100 0.503642
v 0.010331 -0.015592 0.503686
v 0.010514 -0.014987 0.503738
v -0.004139 -0.008981 0.504417
v -0.004139 -0.011827 0.504171
v -0.004139 -0.013114 0.504060
v -0.003773 -0.005495 0.504558
v -0.003839 -0.006196 0.504497
v -0.004135 -0.006877 0.504598
v -0.003862 -0.008967 0.504258
v -0.003896 -0.004922 0.504767
v -0.003175 -0.003825 0.504862
v -0.003371 -0.004499 0.504644
v -0.003634 -0.005006 0.504600
v -0.002544 -0.003641 0.504718
v -0.002973 -0.004003 0.504687
v -0.002114 -0.003102 0.504924
v -0.001339 -0.002874 0.504944
v -0.000882 -0.002830 0.504948
v 0.000003 -0.002827 0.504948
v 0.000498 -0.002829 0.504948
v 0.000511 -0.003091 0.504766
v 0.001790 -0.002830 0.504948
v 0.004678 -0.003095 0.504765
v 0.004656 -0.002831 0.504948
v 0.005129 -0.002827 0.504948
v 0.007689 -0.002836 0.504947
v 0.007160 -0.002814 0.504949
v 0.008962 -0.003168 0.504919
v 0.010005 -0.003960 0.504850
v 0.010253 -0.004276 0.504823
v 0.010652 -0.005059 0.504755
v 0.010821 -0.005844 0.504687
v 0.010523 -0.005681 0.504542
v 0.010390 -0.005136 0.504589
v 0.010130 -0.004583 0.504637
v 0.009798 -0.004130 0.504676
v 0.009332 -0.003703 0.504713
v 0.008841 -0.003405 0.504738
v 0.008243 -0.003186 0.504757
v 0.007672 -0.003099 0.504765
v -0.000860 -0.003092 0.504765
v -0.001483 -0.003170 0.504759
v -0.001998 -0.003340 0.504744
v -0.004088 -0.017062 0.528652
v -0.004205 -0.016078 0.516335
v -0.004011 -0.016739 0.516278
v -0.003897 -0.017713 0.528596
v -0.003682 -0.017365 0.516224
v -0.003572 -0.018331 0.528543
v -0.003229 -0.017920 0.516176
v -0.003125 -0.018880 0.528495
v -0.002770 -0.018304 0.516143
v -0.002574 -0.019325 0.528457
v -0.002258 -0.018605 0.516117
v -0.001954 -0.019649 0.528429
v -0.001713 -0.018813 0.516099
v -0.001300 -0.019839 0.528412
v -0.001158 -0.018927 0.516089
v -0.000649 -0.019900 0.528407
v -0.000720 -0.018955 0.516087
v 0.002671 -0.018955 0.516087
v 0.007419 -0.018955 0.516087
v 0.007857 -0.018927 0.516089
v 0.007348 -0.019900 0.528407
v 0.007999 -0.019839 0.528412
v 0.008688 -0.018721 0.516107
v 0.008653 -0.019649 0.528429
v 0.009273 -0.019325 0.528457
v 0.009469 -0.018304 0.516143
v 0.009824 -0.018879 0.528495
v 0.010131 -0.017699 0.516195
v 0.010272 -0.018331 0.528543
v 0.010615 -0.016953 0.516260
v 0.010596 -0.017713 0.528596
v 0.010884 -0.016189 0.516326
v 0.010791 -0.017062 0.528652
v 0.010973 -0.015421 0.516392
v 0.010856 -0.016413 0.528708
v 0.010971 -0.012718 0.516625
v 0.003351 -0.012428 0.529052
v 0.010845 -0.006228 0.504331
v 0.010845 -0.006271 0.504327
v 0.010845 -0.006912 0.504272
v 0.010845 -0.009332 0.504063
v 0.010846 -0.012534 0.503787
v 0.011092 -0.014022 0.503516
v 0.010846 -0.014407 0.503625
v 0.011077 -0.014706 0.503456
v 0.010821 -0.014816 0.503590
v 0.010951 -0.015372 0.503399
v 0.010588 -0.015690 0.503514
v 0.010702 -0.016002 0.503345
v 0.010328 -0.016587 0.503293
v 0.009851 -0.016777 0.503420
v 0.009848 -0.017090 0.503250
v 0.009506 -0.017073 0.503395
v 0.009273 -0.017495 0.503216
v 0.008779 -0.017485 0.503359
v 0.008626 -0.017782 0.503191
v 0.008002 -0.017703 0.503340
v 0.007944 -0.017935 0.503178
v 0.007545 -0.017739 0.503337
v 0.007276 -0.017963 0.503176
v 0.007117 -0.017742 0.503337
v 0.006653 -0.017741 0.503337
v 0.006156 -0.017739 0.503337
v 0.004865 -0.017739 0.503337
v 0.002007 -0.017738 0.503337
v 0.000014 -0.017963 0.503173
v -0.000094 -0.017733 0.503338
v -0.001321 -0.017923 0.503165
v -0.002065 -0.017486 0.503359
v -0.003161 -0.016758 0.503422
v -0.002559 -0.017502 0.503216
v -0.001972 -0.017765 0.503191
v -0.003880 -0.015694 0.503514
v -0.003641 -0.016569 0.503296
v -0.004015 -0.015974 0.503346
v -0.004267 -0.015313 0.503404
v -0.004103 -0.014921 0.503581
v -0.004390 -0.014434 0.503480
v -0.004143 -0.014467 0.503620
v -0.004146 -0.013684 0.503687
v -0.003161 -0.017078 0.503251
v 0.010822 -0.005817 0.504369
v 0.010653 -0.005031 0.504436
v 0.010254 -0.004248 0.504504
v 0.010006 -0.003931 0.504531
v 0.008963 -0.003139 0.504600
v 0.007689 -0.002806 0.504629
v 0.004656 -0.002801 0.504629
v 0.005129 -0.002797 0.504629
v 0.007160 -0.002784 0.504630
v -0.000883 -0.002800 0.504629
v 0.000003 -0.002797 0.504629
v 0.000498 -0.002799 0.504629
v 0.001790 -0.002800 0.504629
v -0.002114 -0.003072 0.504606
v -0.001340 -0.002844 0.504625
v -0.003177 -0.003796 0.504543
v -0.003898 -0.004893 0.504448
v -0.004137 -0.006849 0.504279
v -0.004141 -0.008953 0.504098
v -0.004141 -0.011800 0.503852
v -0.004141 -0.013087 0.503741
v 0.011163 -0.011025 0.496548
v 0.011165 -0.013802 0.496308
v 0.011074 -0.014588 0.496240
v 0.010799 -0.015368 0.496173
v 0.010305 -0.016130 0.496107
v 0.009629 -0.016747 0.496053
v 0.008832 -0.017173 0.496017
v 0.007983 -0.017385 0.495998
v 0.007534 -0.017413 0.495996
v 0.002650 -0.017413 0.495996
v -0.000835 -0.017413 0.495996
v -0.001283 -0.017385 0.495998
v -0.001851 -0.017267 0.496009
v -0.001299 -0.016838 0.488841
v -0.001980 -0.016691 0.488840
v -0.002407 -0.017054 0.496027
v -0.002615 -0.016422 0.488859
v -0.002930 -0.016747 0.496053
v -0.003222 -0.016012 0.488896
v -0.003398 -0.016356 0.496087
v -0.003718 -0.015509 0.488940
v -0.003861 -0.015789 0.496136
v -0.004107 -0.014919 0.488991
v -0.004197 -0.015150 0.496191
v -0.004370 -0.014281 0.489046
v -0.004395 -0.014476 0.496250
v -0.004507 -0.013607 0.489104
v -0.000442 -0.016862 0.488828
v 0.006562 -0.016862 0.488823
v 0.008241 -0.016801 0.488828
v 0.008913 -0.016609 0.488845
v 0.009540 -0.016292 0.488871
v 0.010097 -0.015856 0.488910
v 0.010562 -0.015319 0.488955
v 0.010915 -0.014698 0.489010
v 0.011139 -0.014023 0.489068
v 0.011227 -0.013324 0.489128
v 0.010984 -0.008049 0.489442
v 0.010984 -0.005579 0.489656
v 0.010984 -0.004925 0.489712
v 0.010706 -0.004779 0.489564
v 0.010984 -0.004882 0.489716
v 0.010960 -0.013645 0.488959
v 0.010985 -0.013230 0.488995
v 0.010985 -0.011317 0.489160
v 0.010709 -0.013210 0.488836
v 0.010723 -0.014533 0.488882
v 0.009975 -0.015637 0.488787
v 0.009624 -0.015939 0.488761
v 0.008885 -0.016357 0.488725
v 0.007630 -0.016615 0.488703
v 0.008095 -0.016577 0.488706
v 0.008253 -0.016253 0.488573
v 0.008781 -0.016086 0.488588
v 0.001980 -0.016614 0.488703
v 0.004899 -0.016615 0.488703
v 0.006217 -0.016615 0.488703
v 0.006215 -0.016324 0.488567
v 0.006723 -0.016617 0.488702
v 0.007620 -0.016324 0.488567
v 0.007195 -0.016618 0.488702
v -0.000163 -0.016609 0.488703
v -0.000849 -0.016303 0.488569
v -0.001569 -0.016233 0.488575
v -0.002171 -0.016358 0.488725
v -0.002584 -0.015820 0.488611
v -0.003284 -0.015620 0.488789
v -0.004014 -0.014539 0.488882
v -0.004241 -0.013752 0.488950
v -0.004282 -0.013291 0.488990
v -0.004285 -0.012468 0.489061
v -0.004006 -0.011997 0.488941
v -0.004009 -0.012628 0.488886
v -0.004007 -0.013189 0.488838
v -0.004007 -0.013191 0.488838
v -0.004007 -0.013192 0.488838
v -0.004005 -0.013267 0.488831
v -0.003931 -0.013895 0.488777
v -0.003760 -0.014420 0.488732
v -0.003456 -0.014976 0.488684
v -0.003090 -0.015413 0.488646
v -0.002071 -0.016089 0.488587
v 0.001977 -0.016325 0.488567
v 0.009340 -0.015788 0.488613
v 0.009783 -0.015424 0.488645
v 0.010194 -0.014926 0.488688
v 0.010469 -0.014410 0.488732
v 0.010656 -0.013793 0.488786
v -0.004284 -0.007665 0.489476
v -0.004284 -0.010572 0.489225
v -0.004284 -0.011887 0.489112
v -0.004280 -0.005518 0.489662
v -0.003982 -0.004823 0.489560
v -0.003914 -0.004108 0.489622
v -0.004037 -0.003525 0.489834
v -0.003774 -0.003610 0.489665
v -0.003506 -0.003094 0.489710
v -0.003305 -0.002409 0.489930
v -0.002224 -0.001673 0.489994
v -0.002664 -0.002219 0.489785
v -0.003101 -0.002589 0.489753
v -0.001436 -0.001440 0.490014
v -0.001582 -0.001739 0.489827
v -0.000948 -0.001659 0.489833
v -0.000970 -0.001396 0.490018
v -0.000070 -0.001392 0.490018
v 0.000434 -0.001394 0.490018
v 0.001753 -0.001395 0.490018
v 0.004681 -0.001396 0.490018
v 0.004704 -0.001662 0.489833
v 0.005163 -0.001392 0.490018
v 0.007236 -0.001379 0.490019
v 0.007776 -0.001402 0.490017
v 0.009072 -0.001740 0.489988
v 0.010138 -0.002550 0.489918
v 0.010386 -0.002866 0.489891
v 0.010792 -0.003663 0.489822
v 0.010965 -0.004463 0.489753
v 0.010665 -0.004296 0.489606
v 0.010529 -0.003740 0.489654
v 0.010264 -0.003176 0.489702
v 0.009925 -0.002716 0.489742
v 0.009451 -0.002280 0.489780
v 0.008950 -0.001977 0.489806
v 0.008341 -0.001755 0.489825
v 0.007760 -0.001666 0.489833
v 0.000447 -0.001658 0.489834
v -0.002108 -0.001913 0.489811
v -0.004005 -0.007650 0.489316
v 0.010988 -0.004854 0.489394
v 0.010988 -0.004897 0.489390
v 0.011234 -0.005205 0.489221
v 0.010988 -0.005552 0.489334
v 0.010989 -0.008021 0.489120
v 0.010989 -0.011289 0.488838
v 0.010989 -0.013202 0.488673
v 0.011240 -0.013151 0.488535
v 0.010964 -0.013619 0.488637
v 0.011174 -0.013840 0.488475
v 0.010727 -0.014507 0.488560
v 0.010978 -0.014510 0.488418
v 0.010658 -0.015136 0.488364
v 0.009978 -0.015612 0.488465
v 0.010221 -0.015691 0.488316
v 0.009627 -0.015914 0.488439
v 0.009680 -0.016153 0.488276
v 0.008887 -0.016333 0.488403
v 0.009056 -0.016505 0.488245
v 0.008722 -0.016632 0.488234
v 0.008095 -0.016555 0.488384
v 0.008028 -0.016787 0.488221
v 0.007630 -0.016591 0.488380
v 0.007195 -0.016595 0.488380
v 0.004899 -0.016591 0.488380
v 0.006218 -0.016592 0.488380
v 0.006724 -0.016593 0.488380
v 0.005683 -0.016815 0.488219
v -0.000163 -0.016586 0.488381
v 0.001980 -0.016591 0.488380
v -0.001477 -0.016765 0.488209
v -0.002172 -0.016334 0.488403
v -0.003289 -0.015593 0.488467
v -0.002776 -0.016286 0.488264
v -0.002244 -0.016552 0.488241
v -0.004018 -0.014512 0.488560
v -0.003813 -0.015346 0.488345
v -0.004269 -0.014535 0.488416
v -0.004424 -0.014058 0.488457
v -0.004246 -0.013725 0.488628
v -0.004287 -0.013263 0.488668
v -0.004289 -0.012440 0.488739
v -0.003464 -0.015749 0.488311
v -0.003335 -0.015871 0.488300
v 0.010967 -0.004435 0.489430
v 0.010795 -0.003634 0.489499
v 0.010388 -0.002837 0.489568
v 0.010135 -0.002515 0.489596
v 0.009073 -0.001710 0.489665
v 0.007776 -0.001371 0.489695
v 0.001753 -0.001365 0.489695
v 0.004681 -0.001366 0.489695
v 0.005163 -0.001362 0.489695
v -0.000070 -0.001362 0.489695
v 0.000434 -0.001364 0.489695
v -0.000971 -0.001365 0.489695
v -0.001436 -0.001410 0.489691
v -0.002225 -0.001643 0.489671
v -0.003306 -0.002380 0.489608
v -0.004039 -0.003496 0.489511
v -0.004282 -0.005490 0.489339
v -0.004286 -0.007637 0.489154
v -0.004286 -0.010544 0.488903
v -0.004286 -0.011859 0.488789
v 0.007236 -0.001349 0.489697
v 0.011306 -0.009765 0.481601
v 0.011372 -0.011693 0.474213
v 0.011308 -0.012596 0.481356
v 0.011285 -0.012813 0.474117
v 0.011215 -0.013396 0.481287
v 0.011060 -0.013500 0.474057
v 0.010936 -0.014189 0.481219
v 0.010705 -0.014132 0.474002
v 0.010434 -0.014963 0.481152
v 0.010235 -0.014680 0.473955
v 0.009748 -0.015588 0.481098
v 0.009671 -0.015125 0.473916
v 0.008939 -0.016021 0.481060
v 0.009036 -0.015451 0.473889
v 0.008353 -0.015649 0.473872
v 0.008076 -0.016236 0.481042
v 0.007820 -0.015711 0.473866
v 0.007620 -0.016265 0.481039
v 0.002635 -0.016265 0.481039
v -0.001954 -0.016116 0.481052
v -0.001377 -0.016236 0.481042
v -0.000921 -0.016265 0.481039
v -0.001407 -0.015688 0.473884
v -0.000533 -0.015714 0.473871
v -0.002519 -0.015900 0.481071
v -0.003049 -0.015588 0.481098
v -0.003524 -0.015191 0.481132
v -0.003994 -0.014616 0.481182
v -0.004335 -0.013967 0.481238
v -0.004537 -0.013282 0.481297
v -0.004651 -0.012395 0.474153
v -0.004514 -0.013081 0.474093
v -0.004249 -0.013730 0.474037
v -0.003856 -0.014330 0.473986
v -0.003354 -0.014842 0.473941
v -0.002735 -0.015263 0.473903
v -0.002098 -0.015535 0.473884
v 0.011127 -0.003552 0.474775
v 0.011127 -0.003507 0.474779
v 0.010849 -0.003403 0.474627
v 0.011127 -0.004219 0.474717
v 0.011128 -0.006738 0.474500
v 0.011128 -0.010072 0.474212
v 0.010852 -0.012005 0.473884
v 0.011128 -0.012025 0.474043
v 0.011103 -0.012448 0.474007
v 0.010861 -0.013351 0.473929
v 0.010101 -0.014472 0.473832
v 0.009745 -0.014779 0.473805
v 0.008993 -0.015205 0.473769
v 0.008189 -0.015429 0.473749
v 0.007716 -0.015467 0.473746
v 0.007273 -0.015470 0.473746
v 0.007706 -0.015176 0.473611
v 0.006277 -0.015176 0.473611
v 0.006279 -0.015467 0.473746
v 0.004933 -0.015467 0.473746
v -0.000233 -0.015462 0.473746
v 0.001952 -0.015467 0.473746
v 0.001949 -0.015177 0.473610
v -0.001666 -0.015084 0.473618
v -0.000932 -0.015154 0.473612
v -0.002278 -0.015206 0.473768
v -0.002701 -0.014664 0.473655
v -0.003409 -0.014456 0.473833
v -0.004152 -0.013357 0.473928
v -0.004384 -0.012556 0.473997
v -0.004425 -0.012086 0.474038
v -0.004428 -0.011223 0.474112
v -0.004148 -0.010727 0.473995
v -0.004152 -0.011395 0.473937
v -0.004150 -0.011984 0.473886
v -0.004150 -0.011985 0.473886
v -0.004150 -0.011987 0.473886
v -0.004148 -0.012063 0.473879
v -0.004072 -0.012703 0.473824
v -0.003898 -0.013238 0.473778
v -0.003588 -0.013804 0.473729
v -0.003215 -0.014249 0.473691
v -0.002178 -0.014938 0.473631
v 0.008351 -0.015104 0.473617
v 0.008888 -0.014934 0.473631
v 0.009458 -0.014630 0.473658
v 0.009909 -0.014260 0.473690
v 0.010327 -0.013752 0.473733
v 0.010607 -0.013227 0.473779
v 0.010797 -0.012598 0.473833
v -0.004424 -0.010659 0.474160
v -0.004424 -0.009317 0.474276
v -0.004424 -0.006349 0.474532
v -0.004148 -0.006338 0.474374
v -0.004424 -0.005109 0.474639
v -0.004125 -0.003432 0.474625
v -0.004173 -0.002130 0.474897
v -0.004056 -0.002713 0.474687
v -0.003640 -0.001685 0.474775
v -0.003430 -0.000996 0.474994
v -0.002333 -0.000247 0.475059
v -0.001531 -0.000010 0.475080
v -0.001058 0.000035 0.475083
v -0.000142 0.000039 0.475084
v 0.000370 0.000036 0.475084
v 0.000383 -0.000224 0.474901
v 0.001717 0.000035 0.475083
v 0.004729 -0.000229 0.474901
v 0.004706 0.000033 0.475083
v 0.005198 0.000038 0.475084
v 0.007312 0.000051 0.475085
v 0.007863 0.000028 0.475083
v 0.007847 -0.000233 0.474901
v 0.008439 -0.000323 0.474893
v 0.009180 -0.000315 0.475053
v 0.009060 -0.000549 0.474873
v 0.009569 -0.000857 0.474847
v 0.010258 -0.001132 0.474983
v 0.010052 -0.001301 0.474809
v 0.010515 -0.001457 0.474955
v 0.010397 -0.001771 0.474768
v 0.010928 -0.002267 0.474885
v 0.010668 -0.002344 0.474718
v 0.010807 -0.002911 0.474669
v 0.011104 -0.003081 0.474814
v -0.001035 -0.000224 0.474901
v -0.001682 -0.000305 0.474895
v -0.002217 -0.000483 0.474879
v -0.002783 -0.000795 0.474852
v -0.003228 -0.001172 0.474820
v -0.003913 -0.002213 0.474730
v 0.011128 -0.003479 0.474458
v 0.011129 -0.003524 0.474454
v 0.011129 -0.004191 0.474396
v 0.011129 -0.006710 0.474179
v 0.011129 -0.010045 0.473891
v 0.011377 -0.010847 0.473678
v 0.011130 -0.011997 0.473722
v 0.011366 -0.012263 0.473556
v 0.011104 -0.012420 0.473686
v 0.011320 -0.012616 0.473525
v 0.010863 -0.013324 0.473608
v 0.011129 -0.013298 0.473465
v 0.010809 -0.013936 0.473411
v 0.010102 -0.014446 0.473511
v 0.010370 -0.014503 0.473361
v 0.009825 -0.014977 0.473322
v 0.009746 -0.014752 0.473484
v 0.009195 -0.015339 0.473289
v 0.008994 -0.015179 0.473448
v 0.008500 -0.015573 0.473270
v 0.008189 -0.015404 0.473428
v 0.007704 -0.015666 0.473262
v 0.007716 -0.015442 0.473425
v 0.007273 -0.015445 0.473425
v 0.004941 -0.015442 0.473425
v 0.006279 -0.015442 0.473425
v -0.000233 -0.015436 0.473425
v 0.001952 -0.015441 0.473425
v 0.004950 -0.015667 0.473262
v -0.001264 -0.015654 0.473246
v -0.001950 -0.015535 0.473268
v -0.002278 -0.015181 0.473447
v -0.002615 -0.015282 0.473295
v -0.003225 -0.014903 0.473327
v -0.003410 -0.014429 0.473512
v -0.003750 -0.014414 0.473369
v -0.004174 -0.013827 0.473421
v -0.004154 -0.013329 0.473607
v -0.004477 -0.013166 0.473478
v -0.004385 -0.012528 0.473676
v -0.004643 -0.012465 0.473538
v -0.004427 -0.012058 0.473717
v -0.004430 -0.011195 0.473792
v 0.011109 -0.003054 0.474495
v 0.010933 -0.002238 0.474565
v 0.010519 -0.001427 0.474635
v 0.010262 -0.001100 0.474663
v 0.009182 -0.000282 0.474734
v 0.007864 0.000061 0.474763
v 0.007312 0.000084 0.474765
v 0.005198 0.000070 0.474764
v 0.004706 0.000066 0.474764
v 0.001717 0.000068 0.474764
v 0.000370 0.000069 0.474764
v -0.000143 0.000071 0.474764
v -0.001058 0.000068 0.474764
v -0.001532 0.000022 0.474760
v -0.002335 -0.000215 0.474740
v -0.003433 -0.000966 0.474675
v -0.004178 -0.002100 0.474577
v -0.004429 -0.005081 0.474320
v -0.004428 -0.006322 0.474212
v -0.004428 -0.009290 0.473956
v -0.004429 -0.010632 0.473840
v 0.011446 -0.008504 0.466654
v 0.011446 -0.011392 0.466404
v 0.011391 -0.012029 0.466349
v 0.011219 -0.012670 0.466294
v 0.010928 -0.013284 0.466241
v 0.010524 -0.013842 0.466193
v 0.010022 -0.014318 0.466152
v 0.009443 -0.014690 0.466119
v 0.008817 -0.014948 0.466097
v 0.008172 -0.015087 0.466085
v 0.007708 -0.015117 0.466083
v 0.002621 -0.015117 0.466083
v -0.001006 -0.015117 0.466083
v -0.001470 -0.015087 0.466085
v -0.001517 -0.014537 0.458928
v -0.002057 -0.014965 0.466096
v -0.002219 -0.014380 0.458928
v -0.002630 -0.014746 0.466115
v -0.002858 -0.014103 0.458947
v -0.003168 -0.014429 0.466142
v -0.003487 -0.013672 0.458987
v -0.003650 -0.014026 0.466177
v -0.003995 -0.013149 0.459032
v -0.004127 -0.013443 0.466227
v -0.004392 -0.012538 0.459085
v -0.004474 -0.012784 0.466284
v -0.004658 -0.011879 0.459141
v -0.004678 -0.012088 0.466344
v -0.004795 -0.011180 0.459202
v -0.000628 -0.014566 0.458915
v 0.008099 -0.014549 0.458911
v 0.008458 -0.014498 0.458915
v 0.009151 -0.014296 0.458933
v 0.009796 -0.013963 0.458961
v 0.010368 -0.013510 0.459001
v 0.010843 -0.012953 0.459048
v 0.011202 -0.012309 0.459104
v 0.011430 -0.011605 0.459165
v 0.011514 -0.010459 0.459264
v 0.011270 -0.002178 0.459838
v 0.011270 -0.002133 0.459841
v 0.010992 -0.002028 0.459690
v 0.011270 -0.002858 0.459779
v 0.011271 -0.005428 0.459557
v 0.011271 -0.008828 0.459263
v 0.010995 -0.010801 0.458932
v 0.011272 -0.010820 0.459091
v 0.011245 -0.011250 0.459054
v 0.011000 -0.012168 0.458975
v 0.010228 -0.013308 0.458877
v 0.009866 -0.013620 0.458850
v 0.009101 -0.014053 0.458812
v 0.008282 -0.014282 0.458792
v 0.007801 -0.014320 0.458789
v 0.007351 -0.014323 0.458789
v 0.007792 -0.014028 0.458654
v 0.006338 -0.014028 0.458654
v 0.006341 -0.014320 0.458789
v 0.004967 -0.014319 0.458789
v 0.001924 -0.014319 0.458789
v -0.000303 -0.014314 0.458790
v 0.001922 -0.014028 0.458654
v -0.001015 -0.014005 0.458656
v -0.001763 -0.013934 0.458662
v -0.002385 -0.014054 0.458812
v -0.002817 -0.013507 0.458699
v -0.003535 -0.013292 0.458878
v -0.003341 -0.013084 0.458735
v -0.003720 -0.012632 0.458774
v -0.004291 -0.012174 0.458974
v -0.004036 -0.012055 0.458824
v -0.004214 -0.011510 0.458871
v -0.004526 -0.011360 0.459045
v -0.004291 -0.010858 0.458927
v -0.004569 -0.010882 0.459086
v -0.004293 -0.010783 0.458934
v -0.004293 -0.010781 0.458934
v -0.004293 -0.010779 0.458934
v -0.004295 -0.010160 0.458988
v -0.004571 -0.009978 0.459164
v -0.004291 -0.009458 0.459048
v -0.002285 -0.013785 0.458675
v 0.008449 -0.013955 0.458660
v 0.008996 -0.013782 0.458675
v 0.009576 -0.013471 0.458702
v 0.010035 -0.013095 0.458734
v 0.010461 -0.012579 0.458779
v 0.010746 -0.012044 0.458825
v 0.010939 -0.011404 0.458880
v -0.004569 -0.005033 0.459591
v -0.004569 -0.008062 0.459330
v -0.004569 -0.009432 0.459211
v -0.004267 -0.002059 0.459687
v -0.004570 -0.003769 0.459700
v -0.004291 -0.005021 0.459431
v -0.004315 -0.000733 0.459962
v -0.004197 -0.001326 0.459751
v -0.003775 -0.000279 0.459841
v -0.004052 -0.000817 0.459794
v -0.003560 0.000420 0.460062
v -0.002444 0.001183 0.460128
v -0.002903 0.000626 0.459919
v -0.003356 0.000243 0.459886
v -0.001627 0.001424 0.460149
v -0.001782 0.001126 0.459962
v -0.001123 0.001209 0.459969
v -0.001146 0.001470 0.460153
v -0.000215 0.001474 0.460153
v 0.000306 0.001472 0.460153
v 0.001680 0.001471 0.460153
v 0.004731 0.001469 0.460152
v 0.004754 0.001204 0.459969
v 0.005232 0.001473 0.460153
v 0.007388 0.001487 0.460154
v 0.007951 0.001464 0.460152
v 0.009291 0.001116 0.460122
v 0.010388 0.000285 0.460050
v 0.010649 -0.000047 0.460022
v 0.011070 -0.000870 0.459950
v 0.011249 -0.001699 0.459879
v 0.010949 -0.001527 0.459733
v 0.010807 -0.000948 0.459783
v 0.010531 -0.000364 0.459834
v 0.010180 0.000114 0.459875
v 0.009687 0.000565 0.459914
v 0.009169 0.000879 0.459941
v 0.008537 0.001108 0.459961
v 0.007934 0.001199 0.459969
v 0.000319 0.001209 0.459969
v -0.002327 0.000945 0.459947
v 0.011279 -0.002105 0.459517
v 0.011279 -0.002150 0.459513
v 0.011279 -0.002830 0.459454
v 0.011279 -0.005399 0.459232
v 0.011280 -0.008800 0.458939
v 0.011520 -0.010735 0.458632
v 0.011280 -0.010792 0.458767
v 0.011254 -0.011223 0.458729
v 0.011008 -0.012143 0.458650
v 0.010234 -0.013286 0.458551
v 0.009871 -0.013599 0.458524
v 0.009104 -0.014033 0.458487
v 0.008284 -0.014261 0.458467
v 0.007801 -0.014300 0.458464
v 0.007351 -0.014303 0.458463
v 0.008573 -0.014429 0.458313
v 0.006310 -0.014519 0.458305
v 0.006341 -0.014300 0.458464
v 0.004967 -0.014300 0.458464
v -0.000303 -0.014294 0.458464
v 0.001924 -0.014299 0.458464
v 0.001593 -0.014519 0.458305
v -0.001740 -0.014455 0.458298
v -0.001060 -0.014518 0.458291
v -0.002388 -0.014034 0.458487
v -0.003541 -0.013270 0.458553
v -0.003049 -0.013948 0.458355
v -0.002399 -0.014270 0.458326
v -0.004299 -0.012150 0.458649
v -0.004112 -0.012954 0.458440
v -0.004482 -0.012318 0.458495
v -0.004721 -0.011615 0.458556
v -0.004535 -0.011333 0.458720
v -0.004577 -0.010854 0.458761
v -0.004580 -0.009950 0.458839
v -0.003628 -0.013504 0.458392
v 0.009279 -0.014197 0.458333
v 0.009922 -0.013834 0.458364
v 0.010479 -0.013356 0.458405
v 0.010929 -0.012783 0.458455
v 0.011259 -0.012138 0.458511
v 0.011458 -0.011447 0.458570
v 0.011251 -0.001672 0.459558
v 0.011072 -0.000842 0.459630
v 0.010650 -0.000018 0.459701
v 0.010389 0.000314 0.459730
v 0.009291 0.001145 0.459801
v 0.007951 0.001493 0.459831
v 0.007388 0.001515 0.459833
v 0.005232 0.001503 0.459832
v 0.004731 0.001499 0.459832
v 0.001680 0.001500 0.459832
v 0.000306 0.001501 0.459832
v -0.000215 0.001504 0.459832
v -0.001146 0.001500 0.459832
v -0.001628 0.001454 0.459828
v -0.002445 0.001213 0.459807
v -0.003561 0.000449 0.459741
v -0.004317 -0.000704 0.459642
v -0.004571 -0.003741 0.459379
v -0.004571 -0.005005 0.459270
v -0.004571 -0.008034 0.459009
v -0.004571 -0.009404 0.458890
v 0.011589 -0.007244 0.451703
v 0.011589 -0.010187 0.451449
v 0.011532 -0.010835 0.451393
v 0.011657 -0.009661 0.444277
v 0.011575 -0.010395 0.444214
v 0.011358 -0.011485 0.451336
v 0.011347 -0.011111 0.444152
v 0.011062 -0.012107 0.451283
v 0.010985 -0.011766 0.444094
v 0.010653 -0.012674 0.451234
v 0.010505 -0.012334 0.444046
v 0.010143 -0.013157 0.451192
v 0.009927 -0.012796 0.444005
v 0.009556 -0.013535 0.451159
v 0.009273 -0.013137 0.443977
v 0.008921 -0.013797 0.451137
v 0.008571 -0.013346 0.443959
v 0.008266 -0.013939 0.451125
v 0.007794 -0.013969 0.451122
v 0.002606 -0.013969 0.451122
v 0.007452 -0.013418 0.443952
v -0.001092 -0.013969 0.451122
v -0.000809 -0.013418 0.443960
v -0.001564 -0.013939 0.451125
v -0.002159 -0.013815 0.451135
v -0.002741 -0.013592 0.451154
v -0.003287 -0.013270 0.451182
v -0.003776 -0.012861 0.451218
v -0.004260 -0.012269 0.451269
v -0.004612 -0.011601 0.451326
v -0.004820 -0.010894 0.451387
v -0.004827 -0.010591 0.444197
v -0.004570 -0.011278 0.444138
v -0.004183 -0.011904 0.444082
v -0.003680 -0.012449 0.444036
v -0.003029 -0.012916 0.443995
v -0.002421 -0.013195 0.443973
v -0.001706 -0.013375 0.443971
v 0.011657 -0.009225 0.444315
v 0.011414 -0.000805 0.444901
v 0.011414 -0.000758 0.444905
v 0.011135 -0.000652 0.444753
v 0.011414 -0.001297 0.444859
v 0.011414 -0.002507 0.444754
v 0.011414 -0.004214 0.444607
v 0.011135 -0.009572 0.443983
v 0.011414 -0.008439 0.444242
v 0.011414 -0.009591 0.444143
v 0.011078 -0.010203 0.443928
v 0.011137 -0.010970 0.444024
v 0.010352 -0.012132 0.443923
v 0.009207 -0.012891 0.443858
v 0.007888 -0.013163 0.443834
v 0.008373 -0.013124 0.443838
v 0.008539 -0.012797 0.443704
v 0.009099 -0.012620 0.443720
v 0.001898 -0.013164 0.443834
v 0.005002 -0.013164 0.443834
v 0.006404 -0.013163 0.443834
v 0.006403 -0.012872 0.443698
v 0.006937 -0.013165 0.443834
v 0.007879 -0.012871 0.443698
v -0.000374 -0.013159 0.443835
v -0.001107 -0.012847 0.443700
v -0.001870 -0.012774 0.443706
v -0.002491 -0.012898 0.443857
v -0.002389 -0.012626 0.443719
v -0.002928 -0.012343 0.443743
v -0.003660 -0.012124 0.443924
v -0.004429 -0.010990 0.444022
v -0.004669 -0.010160 0.444094
v -0.004712 -0.009677 0.444135
v -0.004715 -0.008731 0.444217
v -0.004434 -0.008188 0.444102
v -0.004437 -0.008923 0.444039
v -0.004435 -0.009575 0.443982
v -0.004435 -0.009576 0.443982
v -0.004435 -0.009578 0.443982
v -0.004433 -0.009654 0.443976
v -0.004354 -0.010308 0.443919
v -0.004173 -0.010866 0.443871
v -0.003850 -0.011452 0.443820
v -0.003464 -0.011913 0.443781
v 0.001897 -0.012872 0.443698
v 0.009690 -0.012305 0.443747
v 0.010155 -0.011920 0.443780
v 0.010590 -0.011397 0.443825
v 0.010880 -0.010848 0.443873
v -0.004713 -0.003715 0.444650
v -0.004709 -0.001440 0.444846
v -0.004410 -0.000705 0.444748
v -0.004433 -0.003701 0.444490
v -0.004339 0.000051 0.444814
v -0.004456 0.000662 0.445028
v -0.003910 0.001122 0.444906
v -0.003689 0.001835 0.445129
v -0.002554 0.002611 0.445196
v -0.001723 0.002857 0.445217
v -0.001234 0.002904 0.445222
v -0.000288 0.002908 0.445222
v -0.001211 0.002639 0.445037
v 0.000255 0.002639 0.445037
v 0.000242 0.002905 0.445222
v 0.001644 0.002905 0.445222
v 0.004756 0.002903 0.445221
v 0.005267 0.002907 0.445222
v 0.004779 0.002635 0.445037
v 0.007464 0.002921 0.445223
v 0.008022 0.002632 0.445036
v 0.008038 0.002898 0.445221
v 0.008635 0.002540 0.445029
v 0.009401 0.002545 0.445191
v 0.009278 0.002306 0.445008
v 0.009806 0.001988 0.444981
v 0.010516 0.001701 0.445118
v 0.010307 0.001529 0.444941
v 0.010782 0.001364 0.445089
v 0.010665 0.001042 0.444899
v 0.011211 0.000526 0.445016
v 0.010947 0.000448 0.444848
v 0.011091 -0.000142 0.444797
v 0.011393 -0.000318 0.444943
v -0.001881 0.002555 0.445030
v -0.002437 0.002369 0.445014
v -0.003023 0.002045 0.444986
v -0.003484 0.001655 0.444952
v -0.004191 0.000577 0.444859
v 0.011422 -0.000730 0.444580
v 0.011422 -0.000776 0.444576
v 0.011422 -0.001269 0.444533
v 0.011422 -0.009565 0.443817
v 0.011422 -0.008411 0.443916
v 0.011422 -0.004186 0.444281
v 0.011663 -0.009559 0.443678
v 0.011145 -0.010946 0.443698
v 0.011600 -0.010244 0.443619
v 0.010358 -0.012109 0.443597
v 0.011009 -0.011690 0.443493
v 0.010528 -0.012270 0.443443
v 0.009955 -0.012734 0.443403
v 0.009210 -0.012869 0.443531
v 0.009303 -0.013080 0.443373
v 0.008614 -0.013292 0.443355
v 0.008374 -0.013104 0.443511
v 0.007895 -0.013371 0.443349
v 0.007888 -0.013142 0.443508
v 0.007838 -0.013371 0.443349
v 0.006937 -0.013144 0.443508
v 0.006404 -0.013142 0.443508
v 0.005002 -0.013142 0.443508
v 0.001898 -0.013143 0.443508
v -0.000375 -0.013138 0.443508
v -0.001137 -0.013370 0.443335
v -0.001481 -0.013354 0.443332
v -0.002494 -0.012876 0.443531
v -0.002040 -0.013262 0.443349
v -0.003247 -0.012738 0.443402
v -0.002582 -0.013089 0.443372
v -0.003665 -0.012102 0.443598
v -0.004437 -0.010965 0.443696
v -0.004677 -0.010133 0.443768
v -0.004720 -0.009649 0.443809
v -0.004723 -0.008703 0.443891
v -0.004961 -0.009645 0.443670
v -0.004884 -0.010270 0.443616
v -0.004659 -0.011047 0.443548
v -0.004306 -0.011694 0.443492
v -0.003835 -0.012262 0.443443
v 0.011368 -0.011028 0.443550
v 0.011422 -0.002479 0.444429
v 0.011396 -0.000290 0.444621
v 0.011213 0.000555 0.444694
v 0.010784 0.001393 0.444766
v 0.010518 0.001731 0.444795
v 0.009402 0.002575 0.444868
v 0.008038 0.002927 0.444898
v 0.004756 0.002933 0.444899
v 0.005266 0.002937 0.444899
v 0.007464 0.002951 0.444900
v -0.000288 0.002937 0.444899
v 0.000242 0.002935 0.444899
v 0.001644 0.002934 0.444899
v -0.002555 0.002641 0.444874
v -0.001724 0.002887 0.444895
v -0.001234 0.002933 0.444899
v -0.003690 0.001863 0.444807
v -0.004458 0.000691 0.444705
v -0.004712 -0.001412 0.444524
v -0.004716 -0.003687 0.444327
v 0.011732 -0.005983 0.436755
v 0.011732 -0.008981 0.436496
v 0.011674 -0.009640 0.436439
v 0.011795 -0.008610 0.429304
v 0.011697 -0.009287 0.429240
v 0.011497 -0.010301 0.436382
v 0.011468 -0.009968 0.429180
v 0.011197 -0.010933 0.436327
v 0.011069 -0.010661 0.429120
v 0.010781 -0.011506 0.436278
v 0.010571 -0.011225 0.429071
v 0.010265 -0.011996 0.436235
v 0.009971 -0.011684 0.429032
v 0.009669 -0.012380 0.436202
v 0.009309 -0.012013 0.429004
v 0.009025 -0.012646 0.436179
v 0.008596 -0.012209 0.428987
v 0.008359 -0.012790 0.436167
v 0.008225 -0.012257 0.428983
v 0.007880 -0.012820 0.436164
v 0.007724 -0.012269 0.428982
v 0.002591 -0.012820 0.436164
v 0.001092 -0.012269 0.428982
v -0.001177 -0.012820 0.436164
v -0.001937 -0.012202 0.428990
v -0.001657 -0.012790 0.436167
v -0.002262 -0.012664 0.436178
v -0.002853 -0.012437 0.436197
v -0.003407 -0.012111 0.436226
v -0.003902 -0.011696 0.436261
v -0.004393 -0.011096 0.436313
v -0.004750 -0.010418 0.436372
v -0.004962 -0.009701 0.436434
v -0.005004 -0.009253 0.429243
v -0.004772 -0.009955 0.429181
v -0.004411 -0.010601 0.429125
v -0.003921 -0.011177 0.429075
v -0.003329 -0.011647 0.429035
v -0.002641 -0.011999 0.429002
v 0.011563 -0.005008 0.429472
v 0.011563 -0.000637 0.429849
v 0.011303 0.000715 0.429815
v 0.011304 -0.007186 0.429133
v 0.011563 -0.007198 0.429282
v 0.011286 -0.008581 0.429013
v 0.011521 -0.008905 0.429135
v 0.011171 -0.009317 0.428949
v 0.011420 -0.009398 0.429092
v 0.010922 -0.009935 0.428896
v 0.010757 -0.010670 0.428983
v 0.010555 -0.010495 0.428847
v 0.010096 -0.010962 0.428807
v 0.009680 -0.011570 0.428905
v 0.009555 -0.011331 0.428775
v 0.009261 -0.011767 0.428888
v 0.008964 -0.011586 0.428753
v 0.008370 -0.011994 0.428868
v 0.008341 -0.011725 0.428741
v 0.007721 -0.012020 0.428866
v 0.006920 -0.011750 0.428739
v 0.006918 -0.012021 0.428866
v 0.005388 -0.012021 0.428866
v 0.003859 -0.012021 0.428866
v 0.002327 -0.012021 0.428866
v 0.002327 -0.011751 0.428739
v -0.000370 -0.012016 0.428866
v -0.001114 -0.011734 0.428740
v -0.001621 -0.011983 0.428869
v -0.002117 -0.011630 0.428749
v -0.002180 -0.011893 0.428877
v -0.002737 -0.011392 0.428770
v -0.003465 -0.011252 0.428932
v -0.003781 -0.010584 0.428840
v -0.004385 -0.010191 0.429024
v -0.004588 -0.009776 0.429060
v -0.004828 -0.008891 0.429136
v -0.004861 -0.008220 0.429194
v -0.004863 -0.007453 0.429260
v -0.004863 -0.005928 0.429392
v -0.004863 -0.002880 0.429655
v -0.004604 -0.002869 0.429506
v -0.004858 -0.000347 0.429874
v -0.004590 0.000416 0.429789
v -0.004523 0.001448 0.429878
v -0.004601 -0.008370 0.429031
v -0.004601 -0.008372 0.429031
v -0.004601 -0.008374 0.429030
v -0.004572 -0.008846 0.428990
v -0.004424 -0.009465 0.428936
v -0.004161 -0.010050 0.428886
v -0.003307 -0.011034 0.428801
v 0.011303 0.000725 0.429816
v 0.011303 0.000735 0.429817
v -0.004740 0.001610 0.430037
v -0.004751 0.001568 0.430033
v -0.004497 0.001561 0.429888
v -0.004591 0.002066 0.430076
v -0.004117 0.002900 0.430148
v -0.003068 0.003833 0.430229
v -0.003471 0.003244 0.430034
v -0.003917 0.002762 0.429992
v -0.004267 0.002190 0.429943
v -0.002656 0.004041 0.430247
v -0.001772 0.004294 0.430269
v -0.001075 0.004335 0.430272
v -0.000336 0.004337 0.430272
v 0.001014 0.004337 0.430272
v -0.000337 0.004100 0.430107
v 0.007764 0.004104 0.430108
v 0.006414 0.004338 0.430272
v 0.007765 0.004338 0.430272
v 0.008646 0.004265 0.430266
v 0.008353 0.004075 0.430105
v 0.009150 0.003874 0.430088
v 0.009241 0.004091 0.430251
v 0.009745 0.003572 0.430062
v 0.010443 0.003325 0.430185
v 0.010269 0.003160 0.430026
v 0.010693 0.002666 0.429984
v 0.011243 0.002184 0.430086
v 0.011014 0.002098 0.429935
v 0.011216 0.001495 0.429882
v 0.011522 0.001198 0.430001
v 0.011301 0.000855 0.429827
v 0.011551 0.000853 0.429972
v -0.001736 0.004060 0.430104
v -0.002357 0.003903 0.430090
v -0.002941 0.003631 0.430067
v 0.011568 -0.000611 0.429547
v 0.011568 -0.004982 0.429170
v 0.011810 -0.007942 0.428775
v 0.011568 -0.007172 0.428981
v 0.011526 -0.008879 0.428833
v 0.011425 -0.009374 0.428790
v 0.010761 -0.010647 0.428681
v 0.009682 -0.011548 0.428603
v 0.009263 -0.011746 0.428586
v 0.008371 -0.011973 0.428566
v 0.007720 -0.011999 0.428564
v 0.006918 -0.012000 0.428564
v 0.005388 -0.012000 0.428564
v 0.008398 -0.012195 0.428408
v 0.001050 -0.012224 0.428406
v 0.003859 -0.012000 0.428564
v 0.002327 -0.012000 0.428564
v -0.000370 -0.011995 0.428564
v -0.001622 -0.011962 0.428567
v -0.002181 -0.011872 0.428575
v -0.003018 -0.011786 0.428444
v -0.003468 -0.011230 0.428630
v -0.003520 -0.011474 0.428471
v -0.003968 -0.011092 0.428504
v -0.004188 -0.010853 0.428524
v -0.004389 -0.010166 0.428722
v -0.004547 -0.010354 0.428567
v -0.004822 -0.009805 0.428615
v -0.004593 -0.009752 0.428758
v -0.004926 -0.009516 0.428640
v -0.004833 -0.008865 0.428834
v -0.005081 -0.008782 0.428703
v -0.004866 -0.008194 0.428892
v -0.004868 -0.007427 0.428959
v -0.004868 -0.005902 0.429090
v -0.004868 -0.002854 0.429353
v -0.004864 -0.000321 0.429572
v -0.002325 -0.012064 0.428420
v -0.001961 -0.012153 0.428410
v -0.001222 -0.012224 0.428395
v 0.009376 -0.011942 0.428430
v 0.009847 -0.011714 0.428450
v 0.010278 -0.011430 0.428474
v 0.010667 -0.011092 0.428504
v 0.011162 -0.010487 0.428556
v 0.011542 -0.009751 0.428619
v 0.011747 -0.009037 0.428679
v 0.011554 0.000878 0.429682
v 0.011525 0.001224 0.429712
v 0.011246 0.002210 0.429797
v 0.010445 0.003352 0.429895
v 0.009242 0.004119 0.429962
v 0.008646 0.004293 0.429977
v 0.007765 0.004366 0.429983
v 0.006414 0.004366 0.429983
v 0.001014 0.004365 0.429983
v -0.000336 0.004365 0.429983
v -0.001075 0.004363 0.429983
v -0.001772 0.004322 0.429979
v -0.002657 0.004069 0.429957
v -0.003069 0.003861 0.429939
v -0.004119 0.002927 0.429859
v -0.004593 0.002092 0.429787
v -0.004743 0.001635 0.429747
v -0.004754 0.001593 0.429743
v 0.015970 0.031388 -0.006449
v 0.015972 0.026748 -0.006850
v 0.015827 0.025511 -0.006957
v 0.015401 0.024320 -0.007060
v 0.014652 0.023177 -0.007158
v 0.013641 0.022252 -0.007238
v 0.012440 0.021603 -0.007294
v 0.010419 0.021223 -0.007327
v 0.011130 0.021268 -0.007323
v 0.014368 0.054816 -0.443050
v 0.015707 0.055228 -0.443015
v -0.003719 0.021222 -0.007326
v 0.002141 0.021223 -0.007327
v 0.008811 0.054669 -0.443062
v 0.012979 0.054670 -0.443056
v -0.004431 0.021268 -0.007322
v -0.005312 0.021456 -0.007306
v -0.006157 0.021785 -0.007278
v -0.006942 0.022252 -0.007237
v -0.007642 0.022840 -0.007186
v -0.008338 0.023688 -0.007113
v -0.008851 0.024651 -0.007030
v -0.009162 0.025687 -0.006941
v -0.013099 0.059708 -0.442628
v -0.012857 0.059052 -0.442685
v -0.012188 0.057825 -0.442791
v -0.011293 0.056750 -0.442884
v -0.010205 0.055869 -0.442960
v -0.008967 0.055212 -0.443016
v -0.007624 0.054808 -0.443050
v -0.006140 0.054669 -0.443056
v -0.013386 0.061074 -0.442505
v 0.016940 0.055891 -0.442958
v 0.018022 0.056779 -0.442881
v 0.018912 0.057859 -0.442788
v 0.019574 0.059091 -0.442681
v 0.019986 0.060427 -0.442565
v 0.020128 0.061719 -0.442443
v 0.019518 0.074583 -0.441696
v 0.019519 0.078407 -0.441366
v 0.019524 0.079295 -0.441289
v 0.018887 0.080943 -0.441513
v 0.019416 0.060723 -0.442893
v 0.019516 0.063164 -0.442682
v 0.019519 0.066513 -0.442393
v 0.018887 0.066545 -0.442757
v 0.018493 0.058360 -0.443097
v 0.018496 0.059795 -0.443339
v 0.017959 0.058726 -0.443432
v 0.017274 0.057846 -0.443508
v 0.016735 0.056517 -0.443256
v 0.016370 0.057062 -0.443575
v 0.016040 0.056088 -0.443293
v 0.015400 0.056506 -0.443623
v 0.014408 0.055477 -0.443346
v 0.014269 0.056124 -0.443656
v 0.012951 0.055318 -0.443360
v 0.011734 0.055970 -0.443670
v 0.011732 0.055308 -0.443360
v 0.007282 0.055308 -0.443360
v -0.002838 0.055308 -0.443360
v -0.005343 0.055310 -0.443360
v -0.007362 0.055407 -0.443352
v -0.006092 0.055979 -0.443669
v -0.007264 0.056060 -0.443662
v -0.008326 0.056352 -0.443637
v -0.009738 0.056319 -0.443273
v -0.011593 0.058066 -0.443122
v -0.010288 0.057563 -0.443532
v -0.009402 0.056884 -0.443591
v -0.012025 0.058756 -0.443063
v -0.012643 0.060379 -0.442923
v -0.012808 0.061851 -0.442795
v -0.012817 0.063037 -0.442693
v -0.012818 0.064826 -0.442539
v -0.012817 0.066661 -0.442380
v -0.012185 0.068577 -0.442581
v -0.012185 0.063067 -0.443057
v -0.012027 0.060551 -0.443274
v -0.011639 0.059427 -0.443371
v -0.011078 0.058462 -0.443454
v -0.002840 0.055969 -0.443670
v 0.018792 0.060852 -0.443248
v 0.018877 0.062224 -0.443130
v 0.018886 0.080971 -0.441511
v 0.018886 0.080998 -0.441509
v 0.019508 0.080946 -0.441154
v -0.012814 0.077546 -0.441442
v -0.012812 0.080067 -0.441225
v -0.012716 0.082083 -0.441050
v -0.012176 0.080850 -0.441521
v -0.012096 0.082016 -0.441421
v -0.011803 0.083077 -0.441329
v -0.011801 0.084451 -0.440846
v -0.010051 0.086299 -0.440686
v -0.009358 0.086730 -0.440649
v -0.007730 0.087346 -0.440596
v -0.006252 0.087511 -0.440582
v -0.005059 0.087520 -0.440581
v 0.005834 0.087524 -0.440581
v 0.012166 0.087526 -0.440580
v 0.015237 0.087111 -0.440616
v 0.013562 0.086902 -0.440999
v 0.015011 0.086565 -0.441028
v 0.016018 0.086081 -0.441070
v 0.017408 0.085776 -0.440732
v 0.016976 0.085362 -0.441132
v 0.017967 0.085193 -0.440782
v 0.017722 0.084536 -0.441203
v 0.018903 0.083727 -0.440909
v 0.018332 0.083506 -0.441292
v 0.018705 0.082473 -0.441381
v 0.019508 0.081249 -0.441123
v 0.018880 0.081252 -0.441487
v 0.012173 0.086937 -0.440996
v -0.005060 0.086925 -0.440997
v -0.007588 0.086768 -0.441010
v -0.008718 0.086380 -0.441044
v -0.009686 0.085820 -0.441092
v -0.010587 0.085033 -0.441160
v -0.011269 0.084149 -0.441236
v -0.012186 0.077579 -0.441804
v 0.019530 0.079358 -0.442021
v 0.019524 0.078470 -0.442097
v 0.019524 0.074647 -0.442427
v 0.019525 0.066577 -0.443124
v 0.019522 0.063227 -0.443413
v 0.020143 0.070158 -0.443173
v 0.020143 0.062661 -0.443825
v 0.019422 0.060785 -0.443624
v 0.019905 0.060139 -0.444038
v 0.019418 0.058829 -0.444152
v 0.018498 0.058420 -0.443828
v 0.018686 0.057639 -0.444255
v 0.017736 0.056610 -0.444344
v 0.016738 0.056576 -0.443988
v 0.016604 0.055784 -0.444415
v 0.016043 0.056146 -0.444025
v 0.015345 0.055196 -0.444464
v 0.014409 0.055535 -0.444078
v 0.014001 0.054860 -0.444496
v 0.012940 0.055375 -0.444091
v 0.012102 0.054780 -0.444501
v 0.011732 0.055365 -0.444092
v 0.007282 0.055365 -0.444092
v -0.005343 0.055367 -0.444092
v -0.002838 0.055365 -0.444092
v 0.006314 0.054780 -0.444501
v -0.007363 0.055464 -0.444084
v -0.009741 0.056378 -0.444005
v -0.009351 0.055489 -0.444441
v -0.008034 0.055009 -0.444481
v -0.011597 0.058125 -0.443854
v -0.011586 0.057157 -0.444297
v -0.012420 0.058281 -0.444200
v -0.012030 0.058816 -0.443794
v -0.013014 0.059532 -0.444090
v -0.012649 0.060441 -0.443654
v -0.013357 0.060870 -0.443977
v -0.012814 0.061914 -0.443527
v -0.012823 0.063100 -0.443424
v -0.012823 0.064889 -0.443270
v -0.012823 0.066724 -0.443111
v -0.010549 0.056213 -0.444378
v -0.006692 0.054796 -0.444507
v -0.003172 0.054780 -0.444501
v 0.019517 0.081313 -0.441851
v 0.018910 0.083793 -0.441637
v 0.017973 0.085261 -0.441510
v 0.017409 0.085849 -0.441459
v 0.015233 0.087184 -0.441344
v 0.012167 0.087597 -0.441308
v 0.005835 0.087595 -0.441308
v -0.005059 0.087592 -0.441309
v -0.006252 0.087582 -0.441309
v -0.007732 0.087417 -0.441324
v -0.009362 0.086800 -0.441377
v -0.010055 0.086369 -0.441414
v -0.011808 0.084519 -0.441574
v -0.012724 0.082147 -0.441779
v -0.012820 0.080130 -0.441953
v -0.012822 0.077608 -0.442171
v 0.020211 0.068797 -0.450084
v 0.020214 0.062514 -0.450626
v 0.020114 0.061341 -0.450728
v 0.019821 0.060199 -0.450826
v 0.020130 0.061476 -0.452420
v 0.019837 0.060334 -0.452519
v 0.020146 0.061612 -0.454113
v 0.019853 0.060468 -0.454212
v 0.020162 0.061748 -0.455806
v 0.019868 0.060602 -0.455905
v 0.019960 0.060960 -0.457578
v 0.019400 0.059620 -0.457692
v 0.019394 0.059516 -0.455998
v 0.018753 0.058520 -0.456084
v 0.018738 0.058387 -0.454391
v 0.017943 0.057512 -0.454467
v 0.017929 0.057380 -0.452774
v 0.016999 0.056648 -0.452837
v 0.016986 0.056517 -0.451144
v 0.015949 0.055944 -0.451194
v 0.019348 0.059116 -0.450920
v 0.019363 0.059250 -0.452613
v 0.019379 0.059383 -0.454305
v 0.018708 0.058122 -0.451006
v 0.018723 0.058255 -0.452698
v 0.017915 0.057247 -0.451081
v 0.014835 0.055543 -0.451228
v 0.013908 0.055355 -0.451245
v 0.012965 0.055291 -0.451250
v 0.013918 0.055485 -0.452938
v 0.012975 0.055420 -0.452943
v 0.013929 0.055615 -0.454631
v 0.012984 0.055550 -0.454636
v 0.013940 0.055744 -0.456324
v 0.012994 0.055680 -0.456329
v 0.014447 0.055961 -0.458006
v 0.012072 0.055817 -0.458019
v 0.006671 0.055682 -0.456329
v 0.000461 0.055817 -0.458019
v -0.006286 0.055680 -0.456329
v -0.006027 0.055817 -0.458014
v -0.007232 0.055744 -0.456324
v -0.007518 0.055920 -0.458010
v -0.008162 0.055933 -0.456308
v -0.009267 0.056448 -0.457965
v -0.009279 0.056336 -0.456273
v -0.010318 0.056910 -0.456223
v -0.010305 0.056778 -0.454530
v -0.011236 0.057511 -0.454467
v -0.011221 0.057380 -0.452774
v -0.012015 0.058254 -0.452699
v -0.012000 0.058122 -0.451006
v -0.012640 0.059116 -0.450920
v 0.006661 0.055292 -0.451250
v 0.006664 0.055422 -0.452943
v 0.006668 0.055552 -0.454636
v -0.006257 0.055290 -0.451250
v -0.007200 0.055355 -0.451245
v -0.008128 0.055543 -0.451228
v -0.009242 0.055944 -0.451194
v -0.008139 0.055673 -0.452921
v -0.009254 0.056074 -0.452887
v -0.008150 0.055803 -0.454615
v -0.009267 0.056206 -0.454580
v -0.010278 0.056516 -0.451144
v -0.010292 0.056647 -0.452837
v -0.011207 0.057247 -0.451081
v -0.013113 0.060199 -0.450826
v -0.013406 0.061341 -0.450728
v -0.013457 0.061781 -0.457504
v -0.013454 0.061747 -0.455806
v -0.013438 0.061611 -0.454113
v -0.013422 0.061476 -0.452420
v -0.013144 0.060467 -0.454212
v -0.013128 0.060333 -0.452519
v -0.012671 0.059382 -0.454305
v -0.012655 0.059249 -0.452613
v -0.012030 0.058386 -0.454391
v -0.013160 0.060601 -0.455905
v -0.013097 0.060487 -0.457617
v -0.012686 0.059516 -0.455998
v -0.012436 0.059173 -0.457730
v -0.012045 0.058520 -0.456084
v -0.011565 0.058064 -0.457826
v -0.011250 0.057643 -0.456160
v -0.010496 0.057144 -0.457905
v 0.014869 0.055934 -0.456308
v 0.015132 0.056135 -0.457991
v 0.015987 0.056336 -0.456273
v 0.016436 0.056676 -0.457946
v 0.017026 0.056911 -0.456223
v 0.017610 0.057458 -0.457878
v 0.017957 0.057643 -0.456160
v 0.018612 0.058452 -0.457792
v 0.020203 0.062062 -0.457479
v 0.020263 0.062923 -0.455704
v 0.020246 0.062787 -0.454011
v 0.020230 0.062651 -0.452319
v 0.020272 0.064536 -0.457265
v 0.020272 0.068214 -0.456949
v 0.020259 0.069225 -0.455160
v 0.020243 0.069082 -0.453468
v 0.020227 0.068939 -0.451776
v -0.007211 0.055484 -0.452938
v -0.007221 0.055614 -0.454631
v -0.006267 0.055420 -0.452943
v -0.006277 0.055550 -0.454636
v 0.014847 0.055673 -0.452921
v 0.014858 0.055803 -0.454615
v 0.015962 0.056075 -0.452887
v 0.015974 0.056206 -0.454580
v 0.017013 0.056779 -0.454530
v 0.019667 0.079761 -0.456302
v 0.019672 0.080657 -0.456224
v 0.019030 0.082319 -0.456450
v 0.019667 0.075901 -0.456635
v 0.019667 0.067759 -0.457338
v 0.019665 0.064380 -0.457630
v 0.019564 0.061916 -0.457843
v 0.018632 0.059531 -0.458049
v 0.016857 0.057671 -0.458209
v 0.016153 0.057238 -0.458247
v 0.014508 0.056622 -0.458300
v 0.013026 0.056460 -0.458314
v 0.011807 0.056451 -0.458315
v 0.007317 0.056451 -0.458315
v -0.002894 0.056451 -0.458315
v -0.002897 0.057117 -0.458626
v -0.005421 0.056453 -0.458314
v -0.006177 0.057127 -0.458625
v -0.007459 0.056549 -0.458306
v -0.007359 0.057209 -0.458618
v -0.008432 0.057503 -0.458593
v -0.009857 0.057471 -0.458226
v -0.011729 0.059233 -0.458074
v -0.010412 0.058727 -0.458487
v -0.009518 0.058041 -0.458547
v -0.012165 0.059931 -0.458014
v -0.012790 0.061570 -0.457873
v -0.012956 0.063055 -0.457744
v -0.012966 0.064252 -0.457641
v -0.012966 0.066053 -0.457485
v -0.012966 0.067900 -0.457326
v -0.012328 0.069831 -0.457529
v -0.012328 0.064281 -0.458008
v -0.012168 0.061743 -0.458227
v -0.011777 0.060608 -0.458325
v -0.011210 0.059634 -0.458409
v 0.011810 0.057118 -0.458626
v 0.014367 0.057273 -0.458613
v 0.015510 0.057659 -0.458580
v 0.016489 0.058221 -0.458531
v 0.017402 0.059013 -0.458463
v 0.018093 0.059902 -0.458386
v 0.018636 0.060981 -0.458293
v 0.018934 0.062047 -0.458201
v 0.019019 0.063431 -0.458081
v 0.019030 0.067789 -0.457705
v 0.019029 0.082347 -0.456448
v 0.019029 0.082374 -0.456446
v 0.019651 0.082322 -0.456091
v -0.012957 0.078892 -0.456382
v -0.012955 0.081436 -0.456162
v -0.012859 0.083469 -0.455987
v -0.012318 0.082226 -0.456458
v -0.012238 0.083402 -0.456357
v -0.011942 0.084473 -0.456264
v -0.011936 0.085857 -0.455780
v -0.011403 0.085555 -0.456171
v -0.010715 0.086447 -0.456094
v -0.010170 0.087722 -0.455619
v -0.009805 0.087243 -0.456025
v -0.009471 0.088156 -0.455582
v -0.008828 0.087808 -0.455976
v -0.007829 0.088778 -0.455528
v -0.007687 0.088198 -0.455943
v -0.006338 0.088944 -0.455514
v -0.005135 0.088358 -0.455929
v -0.005135 0.088954 -0.455513
v 0.005858 0.088957 -0.455513
v 0.012246 0.088959 -0.455513
v 0.015337 0.088542 -0.455549
v 0.017528 0.087198 -0.455665
v 0.018096 0.086606 -0.455716
v 0.019035 0.085138 -0.455842
v 0.019652 0.082627 -0.456059
v 0.019023 0.082629 -0.456423
v 0.018846 0.083862 -0.456317
v 0.018470 0.084905 -0.456227
v 0.017853 0.085945 -0.456137
v 0.017100 0.086779 -0.456065
v 0.016134 0.087505 -0.456002
v 0.015117 0.087993 -0.455960
v 0.013653 0.088333 -0.455931
v 0.012253 0.088369 -0.455928
v -0.012328 0.078925 -0.456743
v 0.020286 0.078650 -0.457475
v 0.019674 0.080720 -0.456960
v 0.019669 0.079825 -0.457037
v 0.019669 0.075965 -0.457370
v 0.019669 0.067822 -0.458073
v 0.020286 0.072763 -0.457985
v 0.020286 0.067108 -0.458485
v 0.019667 0.064444 -0.458365
v 0.020286 0.064034 -0.458761
v 0.019565 0.061980 -0.458578
v 0.020188 0.061987 -0.458935
v 0.019689 0.060299 -0.459080
v 0.018633 0.059594 -0.458784
v 0.019004 0.059067 -0.459188
v 0.018093 0.057990 -0.459281
v 0.016858 0.057734 -0.458944
v 0.016990 0.057108 -0.459357
v 0.016157 0.057300 -0.458982
v 0.015736 0.056455 -0.459412
v 0.014508 0.056684 -0.459035
v 0.014386 0.056059 -0.459447
v 0.013026 0.056521 -0.459049
v 0.012982 0.055929 -0.459463
v 0.011807 0.056512 -0.459050
v 0.007317 0.056512 -0.459050
v -0.005421 0.056514 -0.459050
v -0.002894 0.056512 -0.459050
v 0.001171 0.055928 -0.459458
v -0.007459 0.056612 -0.459041
v -0.009858 0.057533 -0.458962
v -0.009488 0.056656 -0.459396
v -0.008163 0.056166 -0.459437
v -0.011731 0.059296 -0.458810
v -0.011734 0.058345 -0.459250
v -0.012570 0.059483 -0.459152
v -0.012167 0.059993 -0.458749
v -0.013167 0.060755 -0.459040
v -0.012791 0.061632 -0.458608
v -0.013507 0.062116 -0.458925
v -0.012958 0.063119 -0.458480
v -0.012967 0.064315 -0.458376
v -0.012968 0.066117 -0.458221
v -0.012968 0.067964 -0.458061
v -0.010694 0.057391 -0.459332
v -0.007471 0.056021 -0.459450
v 0.019659 0.082690 -0.456788
v 0.019048 0.085192 -0.456572
v 0.018102 0.086673 -0.456444
v 0.017533 0.087267 -0.456392
v 0.015362 0.088604 -0.456277
v 0.012246 0.089030 -0.456240
v 0.005858 0.089027 -0.456240
v -0.005135 0.089024 -0.456241
v -0.006338 0.089015 -0.456241
v -0.007830 0.088849 -0.456256
v -0.009475 0.088226 -0.456310
v -0.010175 0.087791 -0.456347
v -0.011943 0.085924 -0.456508
v -0.012866 0.083533 -0.456715
v -0.012965 0.078955 -0.457110
v -0.012963 0.081499 -0.456890
v 0.020571 0.071979 -0.487820
v 0.020641 0.072599 -0.495184
v 0.020575 0.065557 -0.488375
v 0.020645 0.066150 -0.495741
v 0.020472 0.064359 -0.488478
v 0.020542 0.064948 -0.495845
v 0.020173 0.063193 -0.488579
v 0.020242 0.063778 -0.495946
v 0.019691 0.062089 -0.488674
v 0.019758 0.062670 -0.496041
v 0.019039 0.061077 -0.488761
v 0.019103 0.061653 -0.496129
v 0.018230 0.060185 -0.488838
v 0.018292 0.060758 -0.496206
v 0.017283 0.059440 -0.488903
v 0.017341 0.060010 -0.496271
v 0.016226 0.058856 -0.488953
v 0.016281 0.059424 -0.496322
v 0.015090 0.058447 -0.488989
v 0.015140 0.059014 -0.496357
v 0.014144 0.058255 -0.489005
v 0.014190 0.058821 -0.496374
v 0.013181 0.058189 -0.489011
v 0.013223 0.058755 -0.496379
v 0.006737 0.058191 -0.489012
v 0.006752 0.058757 -0.496379
v -0.006474 0.058189 -0.489012
v -0.006516 0.058754 -0.496380
v -0.007437 0.058254 -0.489006
v -0.007483 0.058820 -0.496374
v -0.008383 0.058447 -0.488990
v -0.008433 0.059014 -0.496357
v -0.009519 0.058857 -0.488954
v -0.009573 0.059424 -0.496322
v -0.010576 0.059440 -0.488904
v -0.010634 0.060010 -0.496271
v -0.011523 0.060186 -0.488839
v -0.011584 0.060758 -0.496206
v -0.012331 0.061076 -0.488764
v -0.012396 0.061653 -0.496129
v -0.012983 0.062090 -0.488676
v -0.013050 0.062669 -0.496041
v -0.013465 0.063193 -0.488581
v -0.013534 0.063778 -0.495946
v -0.013765 0.064359 -0.488480
v -0.013835 0.064948 -0.495845
v -0.014000 0.066480 -0.518041
v -0.014028 0.066573 -0.516173
v -0.014010 0.066425 -0.514325
v -0.013993 0.066278 -0.512477
v -0.013707 0.065244 -0.514427
v -0.013690 0.065097 -0.512579
v -0.013218 0.064126 -0.514524
v -0.013201 0.063980 -0.512675
v -0.012557 0.063100 -0.514612
v -0.012541 0.062955 -0.512764
v -0.011738 0.062197 -0.514690
v -0.011723 0.062052 -0.512842
v -0.010779 0.061442 -0.514755
v -0.010765 0.061298 -0.512907
v -0.009709 0.060850 -0.514807
v -0.009695 0.060707 -0.512958
v -0.008558 0.060435 -0.514842
v -0.008545 0.060293 -0.512994
v -0.007598 0.060240 -0.514859
v -0.007587 0.060098 -0.513011
v -0.006622 0.060173 -0.514865
v -0.006612 0.060032 -0.513016
v 0.006789 0.060175 -0.514865
v 0.006785 0.060034 -0.513016
v 0.013329 0.060173 -0.514865
v 0.013319 0.060032 -0.513016
v 0.014306 0.060240 -0.514859
v 0.014294 0.060098 -0.513011
v 0.015265 0.060435 -0.514842
v 0.015252 0.060293 -0.512994
v 0.016416 0.060850 -0.514807
v 0.016403 0.060707 -0.512958
v 0.017487 0.061442 -0.514755
v 0.017472 0.061299 -0.512907
v 0.018446 0.062197 -0.514690
v 0.018430 0.062052 -0.512842
v 0.019265 0.063100 -0.514612
v 0.019249 0.062955 -0.512764
v 0.019926 0.064126 -0.514524
v 0.019909 0.063980 -0.512675
v 0.020415 0.065245 -0.514427
v 0.020398 0.065098 -0.512579
v 0.020718 0.066425 -0.514325
v 0.020700 0.066278 -0.512477
v 0.020821 0.067640 -0.514220
v 0.020804 0.067490 -0.512372
v 0.020818 0.074156 -0.513658
v 0.020800 0.074001 -0.511810
v 0.020783 0.073845 -0.509963
v 0.020747 0.073533 -0.506269
v 0.020751 0.067044 -0.506829
v 0.020715 0.066746 -0.503133
v 0.020613 0.065539 -0.503237
v -0.013724 0.065390 -0.516275
v -0.013567 0.065079 -0.518162
v -0.013235 0.064271 -0.516372
v -0.012874 0.063786 -0.518274
v -0.012574 0.063244 -0.516461
v -0.011945 0.062653 -0.518372
v -0.011754 0.062340 -0.516539
v -0.010808 0.061728 -0.518452
v -0.010794 0.061584 -0.516604
v -0.009723 0.060992 -0.516655
v -0.009511 0.061037 -0.518511
v -0.008570 0.060577 -0.516691
v -0.008105 0.060606 -0.518548
v -0.007610 0.060382 -0.516708
v -0.006644 0.060457 -0.518561
v -0.006633 0.060315 -0.516714
v 0.006793 0.060318 -0.516713
v 0.013351 0.060457 -0.518561
v 0.013340 0.060316 -0.516714
v 0.014317 0.060382 -0.516708
v 0.014812 0.060606 -0.518548
v 0.015277 0.060577 -0.516691
v 0.016218 0.061037 -0.518511
v 0.016430 0.060992 -0.516655
v 0.017516 0.061728 -0.518452
v 0.017501 0.061585 -0.516604
v 0.018461 0.062340 -0.516539
v 0.018653 0.062654 -0.518371
v 0.019281 0.063244 -0.516461
v 0.019582 0.063787 -0.518274
v 0.019943 0.064271 -0.516372
v 0.020275 0.065080 -0.518162
v 0.020432 0.065391 -0.516275
v 0.020708 0.066481 -0.518041
v 0.020735 0.066574 -0.516173
v 0.020857 0.067937 -0.517915
v 0.020839 0.067788 -0.516068
v 0.020836 0.074313 -0.515505
v 0.020712 0.073222 -0.502574
v -0.013975 0.066130 -0.510629
v -0.013940 0.065834 -0.506934
v -0.013672 0.064950 -0.510731
v -0.013638 0.064657 -0.507035
v -0.013185 0.063834 -0.510827
v -0.013151 0.063543 -0.507131
v -0.012525 0.062810 -0.510915
v -0.012493 0.062520 -0.507220
v -0.011708 0.061909 -0.510993
v -0.011677 0.061621 -0.507297
v -0.010750 0.061156 -0.511058
v -0.010721 0.060870 -0.507362
v -0.009682 0.060565 -0.511109
v -0.009655 0.060280 -0.507413
v -0.008533 0.060150 -0.511145
v -0.008508 0.059866 -0.507449
v -0.007575 0.059956 -0.511162
v -0.007552 0.059672 -0.507466
v -0.006601 0.059889 -0.511168
v -0.006580 0.059606 -0.507471
v 0.006782 0.059891 -0.511167
v 0.006774 0.059608 -0.507471
v 0.013308 0.059890 -0.511168
v 0.013287 0.059606 -0.507471
v 0.014283 0.059956 -0.511162
v 0.014259 0.059672 -0.507466
v 0.015240 0.060151 -0.511145
v 0.015215 0.059866 -0.507449
v 0.016389 0.060565 -0.511109
v 0.016362 0.060280 -0.507413
v 0.017457 0.061156 -0.511058
v 0.017428 0.060870 -0.507362
v 0.018415 0.061909 -0.510993
v 0.018384 0.061622 -0.507297
v 0.019233 0.062810 -0.510915
v 0.019200 0.062521 -0.507220
v 0.019892 0.063835 -0.510827
v 0.019859 0.063544 -0.507131
v 0.020380 0.064951 -0.510731
v 0.020346 0.064657 -0.507035
v 0.020683 0.066130 -0.510629
v 0.020648 0.065835 -0.506934
v 0.020786 0.067342 -0.510524
v -0.013905 0.065539 -0.503237
v -0.013603 0.064364 -0.503339
v -0.013117 0.063252 -0.503435
v -0.012460 0.062231 -0.503523
v -0.011646 0.061334 -0.503600
v -0.010692 0.060582 -0.503665
v -0.009628 0.059995 -0.503716
v -0.008483 0.059582 -0.503752
v -0.007529 0.059388 -0.503768
v -0.006559 0.059322 -0.503774
v 0.006767 0.059324 -0.503774
v 0.013266 0.059322 -0.503774
v 0.014236 0.059388 -0.503768
v 0.015190 0.059582 -0.503752
v 0.016335 0.059995 -0.503716
v 0.017399 0.060583 -0.503665
v 0.018353 0.061334 -0.503600
v 0.019168 0.062232 -0.503523
v 0.019825 0.063253 -0.503435
v 0.020311 0.064364 -0.503339
v 0.003351 0.077900 -0.517055
v -0.013867 -0.052902 -0.488864
v -0.014011 -0.039657 -0.503676
v -0.014149 -0.053071 -0.518498
v -0.014046 -0.039649 -0.507382
v -0.014082 -0.039642 -0.511087
v -0.014050 -0.033135 -0.507382
v -0.014085 -0.033114 -0.511087
v -0.013947 -0.031921 -0.507382
v -0.013982 -0.031898 -0.511087
v -0.013645 -0.030740 -0.507382
v -0.013679 -0.030714 -0.511087
v -0.013158 -0.029621 -0.507382
v -0.013191 -0.029594 -0.511087
v -0.012499 -0.028596 -0.507382
v -0.012532 -0.028566 -0.511087
v -0.011683 -0.027692 -0.507382
v -0.011714 -0.027661 -0.511087
v -0.010727 -0.026937 -0.507382
v -0.010756 -0.026905 -0.511087
v -0.009661 -0.026346 -0.507382
v -0.009688 -0.026312 -0.511087
v -0.008514 -0.025931 -0.507382
v -0.008539 -0.025896 -0.511087
v -0.007558 -0.025736 -0.507382
v -0.007581 -0.025701 -0.511087
v -0.006586 -0.025670 -0.507382
v -0.006607 -0.025634 -0.511087
v -0.000073 -0.025671 -0.507382
v -0.000080 -0.025636 -0.511087
v 0.013281 -0.025669 -0.507382
v 0.013302 -0.025634 -0.511087
v 0.014253 -0.025736 -0.507382
v 0.014276 -0.025701 -0.511087
v 0.015209 -0.025931 -0.507382
v 0.015234 -0.025896 -0.511087
v 0.016356 -0.026346 -0.507382
v 0.016383 -0.026312 -0.511087
v 0.017422 -0.026937 -0.507382
v 0.017451 -0.026904 -0.511087
v 0.018378 -0.027692 -0.507382
v 0.018409 -0.027661 -0.511087
v 0.019194 -0.028595 -0.507382
v 0.019226 -0.028565 -0.511087
v 0.019852 -0.029621 -0.507382
v 0.019886 -0.029593 -0.511087
v 0.020339 -0.030740 -0.507382
v 0.020374 -0.030714 -0.511087
v 0.020641 -0.031921 -0.507382
v 0.020676 -0.031897 -0.511087
v 0.020851 -0.033071 -0.518498
v 0.020694 -0.031885 -0.512940
v 0.020711 -0.031874 -0.514793
v 0.020408 -0.030688 -0.514793
v 0.020425 -0.030675 -0.516646
v 0.019936 -0.029551 -0.516646
v 0.020268 -0.030203 -0.518498
v 0.019576 -0.028905 -0.518498
v -0.013585 -0.052732 -0.459229
v -0.013585 -0.052089 -0.459226
v -0.013585 -0.050830 -0.459224
v -0.013585 -0.048409 -0.459224
v -0.013870 -0.039686 -0.488863
v -0.013585 -0.045989 -0.459224
v -0.013585 -0.033619 -0.459229
v -0.013344 -0.031552 -0.459224
v -0.013771 -0.032039 -0.488863
v -0.013873 -0.033241 -0.488863
v -0.013944 -0.033198 -0.496266
v -0.013940 -0.039671 -0.496266
v -0.013472 -0.030869 -0.488863
v -0.012852 -0.030227 -0.459225
v -0.012990 -0.029761 -0.488863
v -0.012113 -0.029022 -0.459225
v -0.012338 -0.028744 -0.488863
v -0.011529 -0.027850 -0.488863
v -0.011591 -0.027787 -0.496266
v -0.010640 -0.027036 -0.496266
v -0.011652 -0.027724 -0.503676
v -0.010698 -0.026970 -0.503676
v -0.011154 -0.027983 -0.459225
v -0.010582 -0.027102 -0.488863
v -0.009579 -0.026448 -0.496266
v -0.009634 -0.026380 -0.503676
v -0.010012 -0.027148 -0.459225
v -0.009525 -0.026516 -0.488862
v -0.008439 -0.026035 -0.496266
v -0.008489 -0.025966 -0.503676
v -0.008735 -0.026551 -0.459223
v -0.008389 -0.026105 -0.488862
v -0.007489 -0.025841 -0.496266
v -0.007535 -0.025771 -0.503676
v -0.007368 -0.026213 -0.459226
v -0.007443 -0.025912 -0.488862
v -0.006522 -0.025775 -0.496266
v -0.006565 -0.025705 -0.503676
v -0.006480 -0.025846 -0.488862
v -0.002935 -0.026135 -0.459224
v -0.000036 -0.025848 -0.488862
v 0.011136 -0.026135 -0.459224
v 0.013175 -0.025846 -0.488862
v 0.013539 -0.026155 -0.459228
v 0.014138 -0.025911 -0.488862
v 0.014241 -0.026240 -0.459225
v 0.015084 -0.026105 -0.488862
v 0.015604 -0.026613 -0.459225
v 0.016220 -0.026515 -0.488862
v 0.016252 -0.026897 -0.459225
v 0.017277 -0.027101 -0.488862
v 0.017451 -0.027647 -0.459225
v 0.018224 -0.027849 -0.488862
v 0.018482 -0.028615 -0.459225
v 0.019032 -0.028744 -0.488861
v 0.019307 -0.029764 -0.459225
v 0.019684 -0.029761 -0.488861
v 0.019894 -0.031053 -0.459224
v 0.020167 -0.030869 -0.488861
v 0.020466 -0.032039 -0.488861
v 0.020536 -0.031992 -0.496266
v 0.020606 -0.031944 -0.503676
v 0.020220 -0.032430 -0.459224
v 0.020568 -0.033240 -0.488861
v 0.020286 -0.033414 -0.459224
v 0.020729 -0.031862 -0.516646
v 0.020701 -0.031609 -0.518498
v 0.019275 -0.028521 -0.516646
v 0.018647 -0.027768 -0.518498
v 0.018455 -0.027613 -0.516646
v 0.017510 -0.026839 -0.518498
v 0.017495 -0.026855 -0.516646
v 0.016424 -0.026261 -0.516646
v 0.017480 -0.026872 -0.514793
v 0.016410 -0.026278 -0.514793
v 0.017466 -0.026888 -0.512940
v 0.016397 -0.026295 -0.512940
v 0.016212 -0.026146 -0.518498
v 0.015271 -0.025844 -0.516646
v 0.015259 -0.025861 -0.514793
v 0.015246 -0.025879 -0.512940
v 0.014806 -0.025713 -0.518498
v 0.014311 -0.025648 -0.516646
v 0.014300 -0.025665 -0.514793
v 0.014288 -0.025683 -0.512940
v 0.013345 -0.025564 -0.518498
v 0.013334 -0.025581 -0.516646
v 0.013324 -0.025599 -0.514793
v 0.013313 -0.025616 -0.512940
v -0.000092 -0.025583 -0.516646
v -0.006650 -0.025564 -0.518498
v -0.006639 -0.025581 -0.516646
v -0.007616 -0.025648 -0.516646
v -0.006628 -0.025599 -0.514793
v -0.007604 -0.025666 -0.514793
v -0.006618 -0.025617 -0.512940
v -0.007593 -0.025683 -0.512940
v -0.008111 -0.025713 -0.518498
v -0.008576 -0.025844 -0.516646
v -0.008564 -0.025862 -0.514793
v -0.008551 -0.025879 -0.512940
v -0.009517 -0.026146 -0.518498
v -0.009729 -0.026261 -0.516646
v -0.009715 -0.026278 -0.514793
v -0.009701 -0.026295 -0.512940
v -0.010815 -0.026839 -0.518498
v -0.010800 -0.026855 -0.516646
v -0.010785 -0.026872 -0.514793
v -0.010771 -0.026888 -0.512940
v -0.011760 -0.027614 -0.516646
v -0.011952 -0.027768 -0.518498
v -0.012580 -0.028521 -0.516646
v -0.012881 -0.028906 -0.518498
v -0.013242 -0.029552 -0.516646
v -0.013574 -0.030203 -0.518498
v -0.013731 -0.030675 -0.516646
v -0.014007 -0.031609 -0.518498
v -0.014034 -0.031862 -0.516646
v -0.014156 -0.033071 -0.518498
v -0.014138 -0.033082 -0.516646
v -0.014135 -0.039630 -0.516646
v -0.014120 -0.033092 -0.514793
v -0.014117 -0.039634 -0.514793
v -0.014103 -0.033103 -0.512940
v -0.014099 -0.039638 -0.512940
v -0.014017 -0.031874 -0.514793
v -0.013999 -0.031886 -0.512940
v -0.013714 -0.030688 -0.514793
v -0.013696 -0.030701 -0.512940
v -0.013225 -0.029566 -0.514793
v -0.013208 -0.029580 -0.512940
v -0.012564 -0.028536 -0.514793
v -0.012548 -0.028551 -0.512940
v -0.011745 -0.027629 -0.514793
v -0.011729 -0.027645 -0.512940
v -0.000088 -0.025601 -0.514793
v -0.000084 -0.025618 -0.512940
v 0.018440 -0.027629 -0.514793
v 0.018424 -0.027645 -0.512940
v 0.019259 -0.028536 -0.514793
v 0.019242 -0.028550 -0.512940
v 0.019919 -0.029565 -0.514793
v 0.019903 -0.029579 -0.512940
v 0.020235 -0.030817 -0.496266
v 0.020305 -0.030766 -0.503676
v 0.019751 -0.029705 -0.496266
v 0.019819 -0.029649 -0.503676
v 0.019097 -0.028685 -0.496266
v 0.019162 -0.028625 -0.503676
v 0.018285 -0.027786 -0.496266
v 0.018347 -0.027724 -0.503676
v 0.017335 -0.027036 -0.496266
v 0.017393 -0.026970 -0.503676
v 0.016274 -0.026448 -0.496266
v 0.016329 -0.026380 -0.503676
v 0.015134 -0.026035 -0.496266
v 0.015184 -0.025966 -0.503676
v 0.014184 -0.025841 -0.496266
v 0.014230 -0.025771 -0.503676
v 0.013218 -0.025775 -0.496266
v 0.013260 -0.025705 -0.503676
v -0.000051 -0.025777 -0.496266
v -0.000066 -0.025707 -0.503676
v -0.012402 -0.028685 -0.496266
v -0.012467 -0.028625 -0.503676
v -0.013057 -0.029705 -0.496266
v -0.013124 -0.029649 -0.503676
v -0.013541 -0.030817 -0.496266
v -0.013610 -0.030766 -0.503676
v -0.013841 -0.031992 -0.496266
v -0.013912 -0.031945 -0.503676
v -0.014014 -0.033156 -0.503676
v 0.020391 -0.030701 -0.512940
v 0.020098 -0.031836 -0.457781
v 0.020155 -0.032247 -0.456088
v 0.020272 -0.033416 -0.457781
v 0.020139 -0.032258 -0.454393
v 0.020123 -0.032269 -0.452698
v 0.019845 -0.031109 -0.454393
v 0.019830 -0.031121 -0.452698
v 0.019372 -0.030020 -0.454393
v 0.019356 -0.030033 -0.452698
v 0.018731 -0.029021 -0.454393
v 0.018716 -0.029035 -0.452698
v 0.017937 -0.028142 -0.454393
v 0.017923 -0.028156 -0.452698
v 0.017006 -0.027407 -0.454393
v 0.016993 -0.027422 -0.452698
v 0.015968 -0.026831 -0.454393
v 0.015955 -0.026847 -0.452698
v 0.014852 -0.026428 -0.454393
v 0.014840 -0.026444 -0.452698
v 0.013923 -0.026238 -0.454393
v 0.013912 -0.026254 -0.452698
v 0.012978 -0.026174 -0.454393
v 0.012968 -0.026190 -0.452698
v 0.000033 -0.026176 -0.454393
v 0.000037 -0.026192 -0.452698
v -0.006283 -0.026174 -0.454393
v -0.006273 -0.026190 -0.452698
v -0.007228 -0.026238 -0.454393
v -0.007217 -0.026254 -0.452698
v -0.008157 -0.026428 -0.454393
v -0.008146 -0.026444 -0.452698
v -0.009273 -0.026832 -0.454393
v -0.009261 -0.026847 -0.452698
v -0.010312 -0.027407 -0.454393
v -0.010298 -0.027422 -0.452698
v -0.011242 -0.028142 -0.454393
v -0.011228 -0.028157 -0.452698
v -0.012037 -0.029022 -0.454393
v -0.012022 -0.029035 -0.452698
v -0.012678 -0.030021 -0.454393
v -0.012662 -0.030033 -0.452698
v -0.013151 -0.031109 -0.454393
v -0.013136 -0.031121 -0.452698
v -0.013445 -0.032258 -0.454393
v -0.013429 -0.032269 -0.452698
v -0.013545 -0.033438 -0.454393
v -0.013529 -0.033447 -0.452698
v -0.013542 -0.039756 -0.454393
v -0.013526 -0.039759 -0.452698
v -0.013571 -0.045989 -0.457781
v -0.013571 -0.047502 -0.457781
v 0.019861 -0.031097 -0.456088
v 0.019585 -0.030332 -0.457781
v 0.019387 -0.030007 -0.456088
v 0.019065 -0.029406 -0.457782
v 0.018746 -0.029008 -0.456088
v 0.018174 -0.028309 -0.457782
v 0.017951 -0.028127 -0.456088
v 0.017088 -0.027405 -0.457782
v 0.017019 -0.027392 -0.456088
v 0.015980 -0.026816 -0.456088
v 0.015847 -0.026729 -0.457781
v 0.014863 -0.026412 -0.456088
v 0.014502 -0.026305 -0.457781
v 0.013933 -0.026222 -0.456088
v 0.012988 -0.026157 -0.456088
v 0.012121 -0.026149 -0.457781
v 0.000030 -0.026160 -0.456088
v -0.002282 -0.026149 -0.457781
v -0.006293 -0.026158 -0.456088
v -0.007296 -0.026217 -0.457779
v -0.007238 -0.026222 -0.456088
v -0.008168 -0.026412 -0.456088
v -0.008669 -0.026545 -0.457783
v -0.009286 -0.026816 -0.456088
v -0.009952 -0.027132 -0.457782
v -0.010325 -0.027392 -0.456088
v -0.011100 -0.027957 -0.457782
v -0.011256 -0.028128 -0.456088
v -0.012066 -0.028988 -0.457782
v -0.012052 -0.029008 -0.456088
v -0.012693 -0.030008 -0.456088
v -0.012814 -0.030188 -0.457782
v -0.013167 -0.031098 -0.456088
v -0.013316 -0.031510 -0.457781
v -0.013461 -0.032248 -0.456088
v -0.013568 -0.033222 -0.457772
v -0.013561 -0.033428 -0.456088
v -0.013558 -0.039752 -0.456088
v -0.013442 -0.048350 -0.444224
v -0.013571 -0.049015 -0.457781
v -0.013442 -0.050750 -0.444224
v -0.013571 -0.051910 -0.457780
v -0.013442 -0.052009 -0.444226
v -0.013571 -0.052724 -0.457776
v -0.013442 -0.052646 -0.444229
v -0.013442 -0.045952 -0.444224
v -0.013477 -0.039769 -0.447613
v -0.013509 -0.039762 -0.451003
v -0.013513 -0.033457 -0.451003
v -0.013413 -0.032280 -0.451003
v -0.013120 -0.031133 -0.451003
v -0.012647 -0.030046 -0.451003
v -0.012007 -0.029049 -0.451003
v -0.011214 -0.028171 -0.451003
v -0.010285 -0.027437 -0.451003
v -0.009248 -0.026863 -0.451003
v -0.008134 -0.026460 -0.451003
v -0.007207 -0.026271 -0.451003
v -0.006264 -0.026206 -0.451003
v 0.000040 -0.026208 -0.451003
v 0.012958 -0.026206 -0.451003
v 0.013901 -0.026270 -0.451003
v 0.014829 -0.026460 -0.451003
v 0.015943 -0.026862 -0.451003
v 0.016980 -0.027437 -0.451003
v 0.017908 -0.028171 -0.451003
v 0.018702 -0.029049 -0.451003
v 0.019341 -0.030046 -0.451003
v 0.019814 -0.031133 -0.451003
v 0.020107 -0.032279 -0.451003
v -0.013442 -0.041232 -0.444224
v -0.013442 -0.036600 -0.444224
v -0.013481 -0.033476 -0.447613
v -0.013208 -0.031671 -0.444224
v -0.013381 -0.032302 -0.447613
v -0.013088 -0.031157 -0.447613
v -0.012723 -0.030355 -0.444225
v -0.012616 -0.030072 -0.447613
v -0.011993 -0.029158 -0.444225
v -0.011978 -0.029076 -0.447613
v -0.011186 -0.028200 -0.447613
v -0.011045 -0.028123 -0.444225
v -0.010258 -0.027467 -0.447613
v -0.009914 -0.027292 -0.444225
v -0.009224 -0.026894 -0.447613
v -0.008655 -0.026700 -0.444223
v -0.008111 -0.026492 -0.447613
v -0.007308 -0.026360 -0.444226
v -0.007186 -0.026303 -0.447613
v -0.006313 -0.026279 -0.444230
v -0.006244 -0.026238 -0.447613
v -0.001967 -0.026278 -0.444224
v 0.000047 -0.026240 -0.447613
v 0.012161 -0.026278 -0.444224
v 0.012939 -0.026238 -0.447613
v 0.013332 -0.026290 -0.444228
v 0.013880 -0.026302 -0.447613
v 0.014716 -0.026504 -0.444224
v 0.014806 -0.026491 -0.447613
v 0.015385 -0.026710 -0.444225
v 0.015918 -0.026893 -0.447613
v 0.016033 -0.026981 -0.444225
v 0.016953 -0.027467 -0.447613
v 0.017234 -0.027705 -0.444225
v 0.017880 -0.028199 -0.447613
v 0.018273 -0.028648 -0.444225
v 0.018672 -0.029076 -0.447613
v 0.019110 -0.029775 -0.444225
v 0.019310 -0.030071 -0.447613
v 0.019714 -0.031043 -0.444225
v 0.019782 -0.031156 -0.447613
v 0.020060 -0.032403 -0.444224
v 0.020075 -0.032301 -0.447613
v 0.020143 -0.033499 -0.444224
v 0.020129 -0.033504 -0.442781
v 0.019931 -0.031824 -0.442782
v 0.019869 -0.033660 -0.415469
v 0.019609 -0.033816 -0.388156
v 0.019349 -0.033972 -0.360844
v 0.019089 -0.034128 -0.333532
v 0.018829 -0.034284 -0.306219
v 0.018569 -0.034440 -0.278907
v 0.018309 -0.034596 -0.251595
v 0.018049 -0.034752 -0.224283
v 0.015864 -0.034934 -0.005785
v 0.017788 -0.034908 -0.196970
v 0.017528 -0.035064 -0.169658
v 0.017268 -0.035220 -0.142346
v 0.017008 -0.035376 -0.115034
v 0.016748 -0.035533 -0.087721
v 0.016488 -0.035689 -0.060409
v 0.016228 -0.035845 -0.033097
v 0.015968 -0.036000 -0.005785
v 0.015707 -0.036156 0.021527
v 0.015447 -0.036312 0.048840
v 0.015187 -0.036468 0.076152
v 0.014927 -0.036624 0.103464
v 0.014667 -0.036780 0.130777
v 0.014407 -0.036936 0.158089
v 0.014147 -0.037092 0.185401
v 0.013887 -0.037248 0.212713
v 0.013627 -0.037404 0.240026
v 0.011786 -0.038102 0.431211
v 0.013366 -0.037561 0.267338
v 0.013106 -0.037717 0.294650
v 0.012846 -0.037873 0.321962
v 0.012586 -0.038029 0.349275
v 0.012326 -0.038185 0.376587
v 0.012066 -0.038341 0.403899
v 0.011806 -0.038499 0.431211
v 0.015552 -0.033895 -0.005785
v 0.019348 -0.030238 -0.442782
v 0.015039 -0.032929 -0.005785
v 0.018759 -0.029275 -0.442782
v 0.014343 -0.032077 -0.005785
v 0.017831 -0.028224 -0.442782
v 0.013643 -0.031487 -0.005785
v 0.016716 -0.027373 -0.442782
v 0.012858 -0.031019 -0.005785
v 0.015458 -0.026754 -0.442781
v 0.012013 -0.030687 -0.005785
v 0.014790 -0.026539 -0.442782
v 0.011132 -0.030499 -0.005784
v 0.013412 -0.026309 -0.442778
v 0.010421 -0.030454 -0.005784
v 0.012667 -0.026292 -0.442781
v 0.011014 -0.026292 -0.442781
v 0.004560 -0.030454 -0.005784
v 0.006768 -0.026292 -0.442781
v -0.001724 -0.026292 -0.442781
v -0.005456 -0.026292 -0.442780
v -0.003718 -0.030454 -0.005784
v -0.000996 -0.034615 0.431211
v -0.001396 -0.034619 0.431209
v -0.004429 -0.030499 -0.005784
v -0.002139 -0.034725 0.431211
v -0.005739 -0.030835 -0.005784
v -0.002868 -0.034981 0.431211
v -0.006940 -0.031487 -0.005784
v -0.003532 -0.035376 0.431211
v -0.004059 -0.035846 0.431211
v -0.007951 -0.032416 -0.005784
v -0.004492 -0.036404 0.431211
v -0.008700 -0.033563 -0.005784
v -0.004852 -0.037120 0.431212
v -0.009126 -0.034758 -0.005784
v -0.005017 -0.037677 0.431211
v -0.005076 -0.038022 0.431204
v -0.009271 -0.035999 -0.005784
v -0.005103 -0.038373 0.431200
v -0.005105 -0.039763 0.431210
v -0.009269 -0.040656 -0.005783
v -0.005105 -0.047643 0.431210
v -0.005365 -0.047799 0.403898
v -0.005625 -0.047955 0.376586
v -0.005885 -0.048111 0.349274
v -0.006145 -0.048267 0.321961
v -0.006405 -0.048423 0.294649
v -0.006665 -0.048579 0.267337
v -0.006925 -0.048735 0.240025
v -0.007186 -0.048892 0.212713
v -0.007446 -0.049048 0.185401
v -0.007706 -0.049204 0.158089
v -0.007966 -0.049360 0.130777
v -0.008226 -0.049516 0.103465
v -0.008486 -0.049672 0.076153
v -0.008746 -0.049828 0.048841
v -0.009006 -0.049984 0.021529
v -0.009266 -0.050140 -0.005783
v -0.013428 -0.045952 -0.442781
v -0.013428 -0.047510 -0.442781
v -0.006862 -0.026321 -0.442776
v -0.008235 -0.026580 -0.442781
v -0.009535 -0.027101 -0.442782
v -0.010711 -0.027864 -0.442782
v -0.011718 -0.028840 -0.442782
v -0.012516 -0.029993 -0.442782
v -0.013087 -0.031312 -0.442784
v -0.013372 -0.032607 -0.442779
v -0.013428 -0.049068 -0.442781
v -0.009527 -0.050297 -0.033095
v -0.009787 -0.050453 -0.060407
v -0.010047 -0.050609 -0.087719
v -0.010307 -0.050765 -0.115031
v -0.010567 -0.050921 -0.142343
v -0.013428 -0.052052 -0.442780
v -0.010827 -0.051078 -0.169655
v -0.011087 -0.051234 -0.196967
v -0.011347 -0.051390 -0.224279
v -0.011607 -0.051546 -0.251591
v -0.011868 -0.051702 -0.278903
v -0.012128 -0.051858 -0.306216
v -0.012388 -0.052014 -0.333527
v -0.012648 -0.052170 -0.360840
v -0.012908 -0.052326 -0.388152
v -0.013168 -0.052482 -0.415464
v -0.013428 -0.052638 -0.442776
v 0.002217 -0.034615 0.431211
v 0.007556 -0.034615 0.431211
v 0.008298 -0.034633 0.431210
v 0.009027 -0.034775 0.431211
v 0.009720 -0.035056 0.431211
v 0.010350 -0.035467 0.431211
v 0.010890 -0.035992 0.431211
v 0.011325 -0.036627 0.431211
v 0.011628 -0.037334 0.431211
v 0.011680 -0.037543 0.431789
v 0.011663 -0.037819 0.439002
v 0.011800 -0.038500 0.431789
v 0.011654 -0.038326 0.446194
v 0.011663 -0.038584 0.446197
v 0.011451 -0.037099 0.439002
v 0.011309 -0.036611 0.431788
v 0.011094 -0.036419 0.439002
v 0.010880 -0.035992 0.431788
v 0.010603 -0.035817 0.439002
v 0.010340 -0.035467 0.431788
v 0.010108 -0.035400 0.439002
v 0.009693 -0.035049 0.431788
v 0.009554 -0.035072 0.439002
v 0.008976 -0.034767 0.431789
v 0.008963 -0.034845 0.439002
v 0.008358 -0.034719 0.439002
v 0.008367 -0.034794 0.446197
v 0.007878 -0.034689 0.439002
v 0.007203 -0.034758 0.446210
v 0.004110 -0.034689 0.439002
v 0.000940 -0.034758 0.446197
v 0.001056 -0.034620 0.431789
v -0.001178 -0.034689 0.439002
v -0.001674 -0.034647 0.431789
v -0.001658 -0.034719 0.439002
v -0.002400 -0.034804 0.431789
v -0.002323 -0.034863 0.439002
v -0.002968 -0.035130 0.439002
v -0.002820 -0.035148 0.446196
v -0.003457 -0.035542 0.446197
v -0.003563 -0.035516 0.439002
v -0.004002 -0.036049 0.446196
v -0.004080 -0.036007 0.439002
v -0.004496 -0.036583 0.439002
v -0.004235 -0.036060 0.431788
v -0.004654 -0.036696 0.431788
v 0.008233 -0.034633 0.431790
v 0.007844 -0.034620 0.431789
v 0.007410 -0.034620 0.431789
v -0.003085 -0.035098 0.431788
v -0.003701 -0.035518 0.431788
v -0.004796 -0.037217 0.439002
v -0.004892 -0.037250 0.431788
v -0.005011 -0.037679 0.431789
v -0.005099 -0.041342 0.431789
v -0.005031 -0.038541 0.439002
v -0.004973 -0.037880 0.439002
v -0.004744 -0.037311 0.446196
v -0.004470 -0.036706 0.446197
v -0.005031 -0.041551 0.439002
v -0.005099 -0.045041 0.431789
v -0.004962 -0.046154 0.446197
v -0.005099 -0.047447 0.431789
v -0.004962 -0.046251 0.446197
v -0.004962 -0.046433 0.446197
v -0.004962 -0.047020 0.446199
v -0.004962 -0.047557 0.446197
v -0.005099 -0.047640 0.431791
v -0.004962 -0.039435 0.446195
v -0.004918 -0.038003 0.446182
v -0.002114 -0.034884 0.446197
v 0.009075 -0.034963 0.446197
v 0.009738 -0.035263 0.446197
v 0.010342 -0.035691 0.446197
v 0.010855 -0.036231 0.446196
v 0.011261 -0.036875 0.446197
v 0.011531 -0.037586 0.446196
v 0.011529 -0.037606 0.446804
v 0.011521 -0.037916 0.454001
v 0.011657 -0.038586 0.446803
v 0.011520 -0.038608 0.461196
v 0.011520 -0.038668 0.461197
v 0.011313 -0.037207 0.454001
v 0.011364 -0.037117 0.446802
v 0.011134 -0.036656 0.446802
v 0.010961 -0.036537 0.454001
v 0.010727 -0.036086 0.446803
v 0.010477 -0.035943 0.454001
v 0.010188 -0.035573 0.446802
v 0.009989 -0.035532 0.454001
v 0.009556 -0.035173 0.446803
v 0.009442 -0.035209 0.454001
v 0.008853 -0.034902 0.446803
v 0.008861 -0.034985 0.454001
v 0.008265 -0.034861 0.454001
v 0.008693 -0.035021 0.461197
v 0.007965 -0.034906 0.461197
v 0.007793 -0.034831 0.454001
v 0.007752 -0.034900 0.461200
v 0.004710 -0.034900 0.461197
v 0.004095 -0.034832 0.454001
v -0.001093 -0.034832 0.454001
v -0.001544 -0.034785 0.446803
v -0.001565 -0.034861 0.454001
v -0.002255 -0.034931 0.446803
v -0.002220 -0.035003 0.454001
v -0.002855 -0.035266 0.454001
v -0.002549 -0.035211 0.461197
v -0.003186 -0.035564 0.461196
v -0.003442 -0.035646 0.454001
v -0.003743 -0.036032 0.461196
v -0.003952 -0.036130 0.454001
v -0.004208 -0.036612 0.461196
v -0.004361 -0.036699 0.454001
v -0.004552 -0.037274 0.461197
v -0.004657 -0.037324 0.454001
v -0.004653 -0.037561 0.461194
v -0.004831 -0.037976 0.454001
v -0.004776 -0.038059 0.461182
v -0.004888 -0.038627 0.454001
v -0.004819 -0.038668 0.461183
v -0.004888 -0.041581 0.454001
v -0.004819 -0.046133 0.461197
v -0.004956 -0.046154 0.446803
v -0.004956 -0.046544 0.446802
v 0.008016 -0.034768 0.446803
v 0.007633 -0.034763 0.446796
v 0.004884 -0.034763 0.446803
v -0.002925 -0.035209 0.446803
v -0.003543 -0.035619 0.446803
v -0.004071 -0.036140 0.446803
v -0.004503 -0.036781 0.446801
v -0.004779 -0.037435 0.446805
v -0.004903 -0.037951 0.446816
v -0.004954 -0.038481 0.446819
v -0.004819 -0.046683 0.461198
v -0.004956 -0.046934 0.446801
v -0.004819 -0.047198 0.461199
v -0.004956 -0.047332 0.446801
v -0.004819 -0.047357 0.461198
v -0.004956 -0.047554 0.446803
v -0.004819 -0.047472 0.461197
v -0.001929 -0.034995 0.461197
v -0.001166 -0.034902 0.461197
v 0.009400 -0.035280 0.461196
v 0.010031 -0.035668 0.461196
v 0.010575 -0.036172 0.461196
v 0.011001 -0.036760 0.461196
v 0.011306 -0.037417 0.461197
v 0.011464 -0.038066 0.461195
v 0.011389 -0.037708 0.461804
v 0.011379 -0.038014 0.468993
v 0.011514 -0.038671 0.461803
v 0.011368 -0.038495 0.476194
v 0.011377 -0.038756 0.476197
v 0.011175 -0.037315 0.468993
v 0.011226 -0.037227 0.461802
v 0.011000 -0.036772 0.461802
v 0.010828 -0.036654 0.468993
v 0.010600 -0.036211 0.461803
v 0.010351 -0.036069 0.468993
v 0.010069 -0.035706 0.461802
v 0.009869 -0.035664 0.468993
v 0.009446 -0.035311 0.461803
v 0.009331 -0.035346 0.468993
v 0.008754 -0.035043 0.461803
v 0.008758 -0.035126 0.468993
v 0.008171 -0.035004 0.468993
v 0.008178 -0.035079 0.476197
v 0.007707 -0.034974 0.468993
v 0.004965 -0.035043 0.476198
v 0.004080 -0.034974 0.468993
v -0.001007 -0.034974 0.468993
v 0.003340 -0.034906 0.461803
v -0.000645 -0.034906 0.461800
v 0.008033 -0.034917 0.461803
v 0.007157 -0.034906 0.461790
v -0.001314 -0.034916 0.461803
v -0.001471 -0.035004 0.468993
v -0.001313 -0.035060 0.476197
v -0.002033 -0.035200 0.476197
v -0.002116 -0.035143 0.468993
v -0.002711 -0.035479 0.476197
v -0.002742 -0.035402 0.468993
v -0.003321 -0.035776 0.468993
v -0.003321 -0.035670 0.461802
v -0.003858 -0.036166 0.461803
v -0.002023 -0.035035 0.461803
v -0.002701 -0.035289 0.461803
v -0.004325 -0.036818 0.461802
v -0.004227 -0.036814 0.468993
v -0.003823 -0.036254 0.468993
v -0.003317 -0.035883 0.476196
v -0.004518 -0.037430 0.468993
v -0.004594 -0.037406 0.461803
v -0.004689 -0.038073 0.468993
v -0.004771 -0.038110 0.461817
v -0.004745 -0.038713 0.468993
v -0.004813 -0.038901 0.461811
v -0.004745 -0.041611 0.468993
v -0.004813 -0.046133 0.461803
v -0.004676 -0.046111 0.476197
v -0.004813 -0.046514 0.461802
v -0.004676 -0.046656 0.476198
v -0.004813 -0.046878 0.461801
v -0.004676 -0.047165 0.476199
v -0.004813 -0.047255 0.461801
v -0.004676 -0.047277 0.476198
v -0.004813 -0.047468 0.461803
v -0.004676 -0.047386 0.476197
v -0.004676 -0.040655 0.476197
v -0.004651 -0.038319 0.476181
v -0.004506 -0.037644 0.476195
v -0.004243 -0.037014 0.476198
v -0.003832 -0.036398 0.476197
v -0.000891 -0.035043 0.476198
v 0.008863 -0.035242 0.476197
v 0.009506 -0.035531 0.476196
v 0.010093 -0.035946 0.476197
v 0.010591 -0.036469 0.476196
v 0.010985 -0.037094 0.476197
v 0.011248 -0.037784 0.476196
v 0.011248 -0.037810 0.476804
v 0.011238 -0.038111 0.484000
v 0.011372 -0.038757 0.476803
v 0.011225 -0.038581 0.491194
v 0.011235 -0.038840 0.491197
v 0.011037 -0.037423 0.484000
v 0.011088 -0.037336 0.476803
v 0.010866 -0.036889 0.476802
v 0.010695 -0.036772 0.484000
v 0.010472 -0.036336 0.476803
v 0.010225 -0.036195 0.484000
v 0.009949 -0.035837 0.476802
v 0.009750 -0.035796 0.484000
v 0.009336 -0.035448 0.476803
v 0.009220 -0.035483 0.484000
v 0.008655 -0.035184 0.476803
v 0.008655 -0.035266 0.484000
v 0.008078 -0.035146 0.484000
v 0.008080 -0.035220 0.491197
v 0.007622 -0.035117 0.484000
v 0.006319 -0.035186 0.491211
v 0.004066 -0.035117 0.484000
v -0.000048 -0.035186 0.491198
v -0.000919 -0.035117 0.484000
v -0.000901 -0.035186 0.491197
v -0.001301 -0.035210 0.491196
v -0.001375 -0.035146 0.484000
v -0.001851 -0.035318 0.491197
v -0.002238 -0.035362 0.484000
v -0.002524 -0.035577 0.491197
v -0.003047 -0.035796 0.484000
v -0.003128 -0.035960 0.491197
v -0.003733 -0.036424 0.484000
v -0.003644 -0.036450 0.491197
v -0.004075 -0.037069 0.491198
v -0.004235 -0.037200 0.484000
v -0.004338 -0.037662 0.491196
v -0.004514 -0.037996 0.484000
v -0.004497 -0.038323 0.491182
v -0.004607 -0.038798 0.484000
v -0.004533 -0.039680 0.491195
v -0.004605 -0.041641 0.484000
v -0.004533 -0.046090 0.491197
v -0.004670 -0.045048 0.476803
v -0.004670 -0.046111 0.476803
v 0.007945 -0.035060 0.476803
v 0.007085 -0.035049 0.476790
v -0.000533 -0.035049 0.476800
v -0.001191 -0.035056 0.476803
v -0.001545 -0.035095 0.476803
v -0.002233 -0.035274 0.476803
v -0.002877 -0.035582 0.476803
v -0.003454 -0.036011 0.476803
v -0.003939 -0.036546 0.476802
v -0.004305 -0.037151 0.476801
v -0.004561 -0.037862 0.476809
v -0.004670 -0.039906 0.476803
v -0.004670 -0.046480 0.476802
v -0.004533 -0.046626 0.491198
v -0.004670 -0.046832 0.476801
v -0.004533 -0.047126 0.491198
v -0.004670 -0.047175 0.476801
v -0.004533 -0.047232 0.491198
v -0.004670 -0.047382 0.476803
v -0.004533 -0.047300 0.491197
v 0.008755 -0.035380 0.491197
v 0.009388 -0.035664 0.491197
v 0.009966 -0.036072 0.491197
v 0.010457 -0.036586 0.491197
v 0.010846 -0.037201 0.491197
v 0.011106 -0.037881 0.491196
v 0.011109 -0.037916 0.491804
v 0.011096 -0.038208 0.499002
v 0.011229 -0.038843 0.491803
v 0.011082 -0.038665 0.506194
v 0.011092 -0.038927 0.506197
v 0.010898 -0.037531 0.499002
v 0.010953 -0.037452 0.491802
v 0.010737 -0.037013 0.491802
v 0.010562 -0.036890 0.499002
v 0.010325 -0.036439 0.491803
v 0.010099 -0.036321 0.499002
v 0.009807 -0.035952 0.491802
v 0.009631 -0.035928 0.499002
v 0.009200 -0.035572 0.491803
v 0.009108 -0.035620 0.499002
v 0.008552 -0.035406 0.499002
v 0.008646 -0.035518 0.506197
v 0.007983 -0.035362 0.506197
v 0.007985 -0.035288 0.499002
v 0.007536 -0.035260 0.499002
v 0.007828 -0.035201 0.491803
v 0.007474 -0.035192 0.491798
v 0.008527 -0.035318 0.491803
v 0.003327 -0.035192 0.491803
v 0.004051 -0.035260 0.499002
v 0.006220 -0.035329 0.506210
v -0.000337 -0.035329 0.506199
v 0.000123 -0.035192 0.491802
v -0.000833 -0.035260 0.499002
v -0.001169 -0.035204 0.491803
v -0.001281 -0.035288 0.499002
v -0.001855 -0.035325 0.491803
v -0.002130 -0.035501 0.499002
v -0.002509 -0.035578 0.491803
v -0.002928 -0.035928 0.499002
v -0.003107 -0.035953 0.491802
v -0.003604 -0.036547 0.499002
v -0.003624 -0.036439 0.491803
v -0.004065 -0.037065 0.491802
v -0.004098 -0.037311 0.499002
v -0.004328 -0.037652 0.491804
v -0.004372 -0.038095 0.499002
v -0.004467 -0.038179 0.491814
v -0.004464 -0.038884 0.499002
v -0.004525 -0.038722 0.491818
v -0.004528 -0.039764 0.491804
v -0.004528 -0.046090 0.491803
v -0.004462 -0.041671 0.499002
v -0.004390 -0.039846 0.506196
v -0.004390 -0.046068 0.506197
v -0.004528 -0.046446 0.491802
v -0.004390 -0.046595 0.506199
v -0.004528 -0.046785 0.491801
v -0.004390 -0.047087 0.506198
v -0.004528 -0.047095 0.491801
v -0.004528 -0.047297 0.491803
v -0.004390 -0.047215 0.506197
v -0.004390 -0.047162 0.506198
v -0.004377 -0.038614 0.506180
v -0.004256 -0.037953 0.506193
v -0.004007 -0.037309 0.506197
v -0.003835 -0.037006 0.506197
v -0.003408 -0.036455 0.506196
v -0.002879 -0.035995 0.506197
v -0.002267 -0.035644 0.506196
v -0.001601 -0.035421 0.506197
v 0.009269 -0.035797 0.506196
v 0.009839 -0.036197 0.506197
v 0.010323 -0.036703 0.506196
v 0.010707 -0.037308 0.506197
v 0.010964 -0.037977 0.506196
v 0.010851 -0.039070 0.531502
v 0.011086 -0.038929 0.506803
v 0.010906 -0.038339 0.519145
v 0.011050 -0.038424 0.506806
v 0.010944 -0.037930 0.506803
v 0.010712 -0.037676 0.519145
v 0.010760 -0.037433 0.506802
v 0.010383 -0.037048 0.519145
v 0.010504 -0.036968 0.506802
v 0.010069 -0.036423 0.506803
v 0.009930 -0.036491 0.519145
v 0.009533 -0.035971 0.506802
v 0.009471 -0.036105 0.519145
v 0.008959 -0.035803 0.519145
v 0.009275 -0.036147 0.531502
v 0.008655 -0.035822 0.531502
v 0.008414 -0.035594 0.519145
v 0.008001 -0.035631 0.531502
v 0.007859 -0.035479 0.519145
v 0.007350 -0.035570 0.531502
v 0.007421 -0.035452 0.519145
v 0.004030 -0.035452 0.519145
v 0.004797 -0.035335 0.506803
v 0.000159 -0.035335 0.506802
v 0.008916 -0.035629 0.506803
v 0.008248 -0.035415 0.506803
v 0.007435 -0.035335 0.506799
v -0.000718 -0.035452 0.519145
v -0.001454 -0.035397 0.506803
v -0.001156 -0.035479 0.519145
v -0.001986 -0.035687 0.519145
v -0.001298 -0.035631 0.531502
v -0.001952 -0.035822 0.531502
v -0.002572 -0.036147 0.531502
v -0.002768 -0.036105 0.519145
v -0.003123 -0.036595 0.531502
v -0.003430 -0.036712 0.519145
v -0.003571 -0.037145 0.531502
v -0.003914 -0.037461 0.519145
v -0.003895 -0.037765 0.531502
v -0.004183 -0.038228 0.519145
v -0.004090 -0.038419 0.531502
v -0.004272 -0.038999 0.519145
v -0.004155 -0.039070 0.531502
v -0.004270 -0.041712 0.519145
v -0.004149 -0.047070 0.531502
v -0.004385 -0.046068 0.506803
v -0.004385 -0.046404 0.506802
v -0.002116 -0.035588 0.506803
v -0.002732 -0.035904 0.506802
v -0.003279 -0.036336 0.506803
v -0.003735 -0.036868 0.506802
v -0.004082 -0.037486 0.506802
v -0.004301 -0.038160 0.506811
v -0.004383 -0.038827 0.506818
v -0.004385 -0.046726 0.506801
v -0.004385 -0.047019 0.506801
v -0.004385 -0.047211 0.506803
v -0.000647 -0.035570 0.531502
v 0.009826 -0.036595 0.531502
v 0.010273 -0.037145 0.531502
v 0.010599 -0.037765 0.531502
v 0.010789 -0.038419 0.531502
v 0.011086 -0.047025 0.506803
v 0.010841 -0.039063 0.506661
v 0.010841 -0.039020 0.506661
v 0.010564 -0.038933 0.506502
v 0.010841 -0.039706 0.506661
v 0.010841 -0.042135 0.506661
v 0.010842 -0.045349 0.506661
v 0.010566 -0.047223 0.506502
v 0.010842 -0.047229 0.506661
v 0.010817 -0.047639 0.506661
v 0.010978 -0.048084 0.506803
v 0.010584 -0.048515 0.506661
v 0.010739 -0.048752 0.506803
v 0.010375 -0.049356 0.506802
v 0.009849 -0.049605 0.506661
v 0.009905 -0.049875 0.506803
v 0.009504 -0.049902 0.506661
v 0.009346 -0.050290 0.506802
v 0.008777 -0.050315 0.506661
v 0.008721 -0.050588 0.506803
v 0.008001 -0.050533 0.506661
v 0.008056 -0.050761 0.506803
v 0.007538 -0.050805 0.506803
v -0.001215 -0.050780 0.506818
v 0.002007 -0.050569 0.506661
v 0.004865 -0.050570 0.506661
v 0.006156 -0.050570 0.506661
v 0.006153 -0.050292 0.506502
v 0.006653 -0.050572 0.506661
v 0.007535 -0.050291 0.506502
v 0.007117 -0.050573 0.506661
v 0.007545 -0.050570 0.506661
v -0.001892 -0.050632 0.506804
v -0.001471 -0.050202 0.506502
v -0.000766 -0.050270 0.506502
v -0.000094 -0.050564 0.506661
v 0.002005 -0.050292 0.506502
v -0.002064 -0.050316 0.506661
v -0.002511 -0.050367 0.506801
v -0.002468 -0.049795 0.506502
v -0.003111 -0.049955 0.506802
v -0.003158 -0.049587 0.506661
v -0.003597 -0.049456 0.506802
v -0.003876 -0.048520 0.506661
v -0.003978 -0.048872 0.506803
v -0.004233 -0.048242 0.506803
v -0.004099 -0.047744 0.506661
v -0.004366 -0.047576 0.506803
v -0.004139 -0.047289 0.506661
v -0.004142 -0.046504 0.506661
v -0.003863 -0.046069 0.506502
v -0.003866 -0.046669 0.506502
v -0.003864 -0.047202 0.506502
v -0.003864 -0.047204 0.506502
v -0.003864 -0.047206 0.506502
v -0.003863 -0.047280 0.506502
v -0.003789 -0.047898 0.506502
v -0.003621 -0.048414 0.506502
v -0.003324 -0.048962 0.506502
v -0.002964 -0.049393 0.506502
v -0.001964 -0.050060 0.506502
v 0.008156 -0.050222 0.506502
v 0.008673 -0.050057 0.506502
v 0.009222 -0.049763 0.506502
v 0.009656 -0.049405 0.506502
v 0.010060 -0.048914 0.506502
v 0.010331 -0.048405 0.506502
v 0.010514 -0.047797 0.506502
v -0.004139 -0.041755 0.506661
v -0.004139 -0.044612 0.506661
v -0.004139 -0.045904 0.506661
v -0.003773 -0.038270 0.506502
v -0.003839 -0.038974 0.506502
v -0.004135 -0.039643 0.506661
v -0.003862 -0.041755 0.506502
v -0.003896 -0.037681 0.506661
v -0.003175 -0.036580 0.506661
v -0.003371 -0.037270 0.506502
v -0.003634 -0.037779 0.506502
v -0.002544 -0.036409 0.506502
v -0.002973 -0.036772 0.506502
v -0.002114 -0.035854 0.506661
v -0.001339 -0.035625 0.506661
v -0.000882 -0.035581 0.506661
v 0.000003 -0.035578 0.506661
v 0.000498 -0.035580 0.506661
v 0.000511 -0.035857 0.506502
v 0.001790 -0.035581 0.506661
v 0.004678 -0.035861 0.506502
v 0.004656 -0.035582 0.506661
v 0.005129 -0.035578 0.506661
v 0.007689 -0.035587 0.506661
v 0.007160 -0.035565 0.506661
v 0.008962 -0.035921 0.506661
v 0.010005 -0.036716 0.506661
v 0.010253 -0.037033 0.506661
v 0.010652 -0.037819 0.506661
v 0.010821 -0.038607 0.506661
v 0.010523 -0.038457 0.506502
v 0.010390 -0.037910 0.506502
v 0.010130 -0.037355 0.506502
v 0.009798 -0.036900 0.506502
v 0.009332 -0.036471 0.506502
v 0.008841 -0.036172 0.506502
v 0.008243 -0.035952 0.506502
v 0.007672 -0.035865 0.506502
v -0.000860 -0.035858 0.506502
v -0.001483 -0.035936 0.506502
v -0.001998 -0.036107 0.506502
v -0.004088 -0.047721 0.531502
v -0.004205 -0.047801 0.519146
v -0.004011 -0.048464 0.519146
v -0.003897 -0.048375 0.531502
v -0.003682 -0.049092 0.519146
v -0.003572 -0.048995 0.531502
v -0.003229 -0.049649 0.519146
v -0.003125 -0.049546 0.531502
v -0.002770 -0.050035 0.519146
v -0.002574 -0.049993 0.531502
v -0.002258 -0.050337 0.519146
v -0.001954 -0.050318 0.531502
v -0.001713 -0.050546 0.519146
v -0.001300 -0.050509 0.531502
v -0.001158 -0.050660 0.519146
v -0.000649 -0.050570 0.531502
v -0.000720 -0.050688 0.519146
v 0.002671 -0.050688 0.519146
v 0.007419 -0.050688 0.519146
v 0.007857 -0.050660 0.519146
v 0.007348 -0.050570 0.531502
v 0.007999 -0.050509 0.531502
v 0.008688 -0.050453 0.519146
v 0.008653 -0.050318 0.531502
v 0.009273 -0.049993 0.531502
v 0.009469 -0.050035 0.519146
v 0.009824 -0.049545 0.531502
v 0.010131 -0.049428 0.519146
v 0.010272 -0.048995 0.531502
v 0.010615 -0.048679 0.519146
v 0.010596 -0.048375 0.531502
v 0.010884 -0.047912 0.519146
v 0.010791 -0.047721 0.531502
v 0.010973 -0.047141 0.519146
v 0.010856 -0.047070 0.531502
v 0.010971 -0.044428 0.519146
v 0.003351 -0.043070 0.531502
v 0.010845 -0.039020 0.506339
v 0.010845 -0.039063 0.506339
v 0.010845 -0.039706 0.506339
v 0.010845 -0.042135 0.506339
v 0.010846 -0.045349 0.506339
v 0.011092 -0.046855 0.506197
v 0.010846 -0.047229 0.506339
v 0.011077 -0.047542 0.506197
v 0.010821 -0.047640 0.506339
v 0.010951 -0.048210 0.506197
v 0.010588 -0.048517 0.506339
v 0.010702 -0.048842 0.506197
v 0.010328 -0.049430 0.506196
v 0.009851 -0.049608 0.506339
v 0.009848 -0.049935 0.506196
v 0.009506 -0.049905 0.506339
v 0.009273 -0.050341 0.506197
v 0.008779 -0.050319 0.506339
v 0.008626 -0.050629 0.506197
v 0.008002 -0.050537 0.506339
v 0.007944 -0.050783 0.506197
v 0.007545 -0.050574 0.506339
v 0.007276 -0.050811 0.506198
v 0.007117 -0.050577 0.506339
v 0.006653 -0.050576 0.506339
v 0.006156 -0.050574 0.506339
v 0.004865 -0.050574 0.506339
v 0.002007 -0.050573 0.506339
v 0.000014 -0.050811 0.506195
v -0.000094 -0.050568 0.506339
v -0.001321 -0.050772 0.506183
v -0.002065 -0.050320 0.506339
v -0.003161 -0.049589 0.506339
v -0.002559 -0.050348 0.506198
v -0.001972 -0.050612 0.506196
v -0.003880 -0.048521 0.506339
v -0.003641 -0.049412 0.506197
v -0.004015 -0.048814 0.506196
v -0.004267 -0.048151 0.506197
v -0.004103 -0.047745 0.506339
v -0.004390 -0.047269 0.506197
v -0.004143 -0.047289 0.506339
v -0.004146 -0.046504 0.506339
v -0.003161 -0.049922 0.506196
v 0.010822 -0.038607 0.506341
v 0.010653 -0.037818 0.506341
v 0.010254 -0.037032 0.506341
v 0.010006 -0.036714 0.506341
v 0.008963 -0.035919 0.506341
v 0.007689 -0.035585 0.506341
v 0.004656 -0.035580 0.506341
v 0.005129 -0.035576 0.506341
v 0.007160 -0.035563 0.506341
v -0.000883 -0.035579 0.506341
v 0.000003 -0.035576 0.506341
v 0.000498 -0.035578 0.506341
v 0.001790 -0.035579 0.506341
v -0.002114 -0.035852 0.506341
v -0.001340 -0.035623 0.506341
v -0.003177 -0.036579 0.506341
v -0.003898 -0.037680 0.506341
v -0.004137 -0.039643 0.506341
v -0.004141 -0.041755 0.506341
v -0.004141 -0.044612 0.506341
v -0.004141 -0.045904 0.506341
v 0.011163 -0.044469 0.498997
v 0.011165 -0.047256 0.498997
v 0.011074 -0.048045 0.498997
v 0.010799 -0.048828 0.498997
v 0.010305 -0.049593 0.498997
v 0.009629 -0.050212 0.498997
v 0.008832 -0.050639 0.498997
v 0.007983 -0.050852 0.498997
v 0.007534 -0.050880 0.498997
v 0.002650 -0.050880 0.498997
v -0.000835 -0.050880 0.498997
v -0.001283 -0.050852 0.498997
v -0.001851 -0.050734 0.498997
v -0.001299 -0.050923 0.491819
v -0.001980 -0.050777 0.491805
v -0.002407 -0.050520 0.498997
v -0.002615 -0.050507 0.491801
v -0.002930 -0.050212 0.498997
v -0.003222 -0.050095 0.491803
v -0.003398 -0.049819 0.498997
v -0.003718 -0.049590 0.491803
v -0.003861 -0.049250 0.498997
v -0.004107 -0.048998 0.491803
v -0.004197 -0.048609 0.498997
v -0.004370 -0.048358 0.491803
v -0.004395 -0.047932 0.498997
v -0.004507 -0.047681 0.491803
v -0.000442 -0.050948 0.491808
v 0.006562 -0.050948 0.491803
v 0.008241 -0.050887 0.491803
v 0.008913 -0.050695 0.491803
v 0.009540 -0.050376 0.491802
v 0.010097 -0.049939 0.491803
v 0.010562 -0.049400 0.491802
v 0.010915 -0.048776 0.491803
v 0.011139 -0.048099 0.491803
v 0.011227 -0.047397 0.491803
v 0.010984 -0.042115 0.491662
v 0.010984 -0.039636 0.491662
v 0.010984 -0.038979 0.491662
v 0.010706 -0.038847 0.491502
v 0.010984 -0.038936 0.491662
v 0.010960 -0.047732 0.491662
v 0.010985 -0.047315 0.491662
v 0.010985 -0.045395 0.491662
v 0.010709 -0.047309 0.491502
v 0.010723 -0.048623 0.491662
v 0.009975 -0.049731 0.491662
v 0.009624 -0.050034 0.491662
v 0.008885 -0.050454 0.491662
v 0.007630 -0.050713 0.491662
v 0.008095 -0.050675 0.491662
v 0.008253 -0.050363 0.491502
v 0.008781 -0.050196 0.491502
v 0.001980 -0.050712 0.491662
v 0.004899 -0.050713 0.491662
v 0.006217 -0.050713 0.491662
v 0.006215 -0.050434 0.491502
v 0.006723 -0.050715 0.491662
v 0.007620 -0.050434 0.491502
v 0.007195 -0.050716 0.491662
v -0.000163 -0.050707 0.491662
v -0.000849 -0.050413 0.491502
v -0.001569 -0.050343 0.491502
v -0.002171 -0.050455 0.491662
v -0.002584 -0.049929 0.491502
v -0.003284 -0.049714 0.491662
v -0.004014 -0.048629 0.491662
v -0.004241 -0.047839 0.491662
v -0.004282 -0.047376 0.491662
v -0.004285 -0.046550 0.491662
v -0.004006 -0.046091 0.491502
v -0.004009 -0.046725 0.491502
v -0.004007 -0.047288 0.491502
v -0.004007 -0.047290 0.491502
v -0.004007 -0.047291 0.491502
v -0.004005 -0.047366 0.491502
v -0.003931 -0.047996 0.491502
v -0.003760 -0.048523 0.491502
v -0.003456 -0.049081 0.491502
v -0.003090 -0.049520 0.491502
v -0.002071 -0.050199 0.491502
v 0.001977 -0.050435 0.491502
v 0.009340 -0.049896 0.491502
v 0.009783 -0.049531 0.491502
v 0.010194 -0.049031 0.491502
v 0.010469 -0.048513 0.491502
v 0.010656 -0.047894 0.491502
v -0.004284 -0.041729 0.491663
v -0.004284 -0.044647 0.491663
v -0.004284 -0.045967 0.491663
v -0.004280 -0.039574 0.491663
v -0.003982 -0.038891 0.491502
v -0.003914 -0.038173 0.491502
v -0.004037 -0.037574 0.491663
v -0.003774 -0.037673 0.491502
v -0.003506 -0.037155 0.491502
v -0.003305 -0.036454 0.491663
v -0.002224 -0.035715 0.491663
v -0.002664 -0.036277 0.491502
v -0.003101 -0.036648 0.491502
v -0.001436 -0.035481 0.491663
v -0.001582 -0.035795 0.491502
v -0.000948 -0.035715 0.491502
v -0.000970 -0.035437 0.491663
v -0.000070 -0.035433 0.491663
v 0.000434 -0.035435 0.491663
v 0.001753 -0.035436 0.491663
v 0.004681 -0.035437 0.491663
v 0.004704 -0.035718 0.491502
v 0.005163 -0.035433 0.491663
v 0.007236 -0.035420 0.491663
v 0.007776 -0.035443 0.491663
v 0.009072 -0.035782 0.491663
v 0.010138 -0.036595 0.491663
v 0.010386 -0.036912 0.491663
v 0.010792 -0.037712 0.491663
v 0.010965 -0.038515 0.491663
v 0.010665 -0.038362 0.491502
v 0.010529 -0.037804 0.491502
v 0.010264 -0.037238 0.491502
v 0.009925 -0.036776 0.491502
v 0.009451 -0.036338 0.491502
v 0.008950 -0.036034 0.491502
v 0.008341 -0.035811 0.491502
v 0.007760 -0.035722 0.491502
v 0.000447 -0.035714 0.491502
v -0.002108 -0.035970 0.491502
v -0.004005 -0.041728 0.491502
v 0.010988 -0.038936 0.491339
v 0.010988 -0.038979 0.491339
v 0.011234 -0.039300 0.491197
v 0.010988 -0.039636 0.491339
v 0.010989 -0.042115 0.491339
v 0.010989 -0.045395 0.491339
v 0.010989 -0.047315 0.491339
v 0.011240 -0.047276 0.491197
v 0.010964 -0.047733 0.491339
v 0.011174 -0.047968 0.491197
v 0.010727 -0.048625 0.491339
v 0.010978 -0.048640 0.491197
v 0.010658 -0.049268 0.491197
v 0.009978 -0.049734 0.491339
v 0.010221 -0.049825 0.491197
v 0.009627 -0.050037 0.491339
v 0.009680 -0.050289 0.491197
v 0.008887 -0.050458 0.491339
v 0.009056 -0.050642 0.491197
v 0.008722 -0.050770 0.491197
v 0.008095 -0.050680 0.491339
v 0.008028 -0.050926 0.491197
v 0.007630 -0.050717 0.491339
v 0.007195 -0.050721 0.491339
v 0.004899 -0.050717 0.491339
v 0.006218 -0.050718 0.491339
v 0.006724 -0.050719 0.491339
v 0.005683 -0.050954 0.491197
v -0.000163 -0.050712 0.491339
v 0.001980 -0.050717 0.491339
v -0.001477 -0.050905 0.491183
v -0.002172 -0.050459 0.491339
v -0.003289 -0.049715 0.491339
v -0.002776 -0.050423 0.491197
v -0.002244 -0.050690 0.491197
v -0.004018 -0.048630 0.491339
v -0.003813 -0.049479 0.491197
v -0.004269 -0.048665 0.491197
v -0.004424 -0.048186 0.491197
v -0.004246 -0.047840 0.491339
v -0.004287 -0.047376 0.491339
v -0.004289 -0.046550 0.491339
v -0.003464 -0.049884 0.491197
v -0.003335 -0.050006 0.491197
v 0.010967 -0.038515 0.491339
v 0.010795 -0.037711 0.491339
v 0.010388 -0.036911 0.491339
v 0.010135 -0.036588 0.491339
v 0.009073 -0.035780 0.491339
v 0.007776 -0.035440 0.491339
v 0.001753 -0.035434 0.491339
v 0.004681 -0.035435 0.491339
v 0.005163 -0.035431 0.491339
v -0.000070 -0.035431 0.491339
v 0.000434 -0.035433 0.491339
v -0.000971 -0.035434 0.491339
v -0.001436 -0.035479 0.491339
v -0.002225 -0.035713 0.491339
v -0.003306 -0.036453 0.491339
v -0.004039 -0.037573 0.491339
v -0.004282 -0.039574 0.491339
v -0.004286 -0.041729 0.491339
v -0.004286 -0.044647 0.491339
v -0.004286 -0.045967 0.491339
v 0.007236 -0.035418 0.491339
v 0.011306 -0.044499 0.483997
v 0.011372 -0.047055 0.476803
v 0.011308 -0.047341 0.483997
v 0.011285 -0.048180 0.476803
v 0.011215 -0.048144 0.483997
v 0.011060 -0.048869 0.476803
v 0.010936 -0.048940 0.483997
v 0.010705 -0.049504 0.476802
v 0.010434 -0.049716 0.483997
v 0.010235 -0.050054 0.476803
v 0.009748 -0.050344 0.483997
v 0.009671 -0.050500 0.476802
v 0.008939 -0.050778 0.483997
v 0.009036 -0.050827 0.476803
v 0.008353 -0.051026 0.476803
v 0.008076 -0.050994 0.483997
v 0.007820 -0.051088 0.476803
v 0.007620 -0.051023 0.483997
v 0.002635 -0.051023 0.483997
v -0.001954 -0.050874 0.483997
v -0.001377 -0.050994 0.483997
v -0.000921 -0.051023 0.483997
v -0.001407 -0.051064 0.476819
v -0.000533 -0.051091 0.476808
v -0.002519 -0.050657 0.483997
v -0.003049 -0.050344 0.483997
v -0.003524 -0.049945 0.483997
v -0.003994 -0.049368 0.483997
v -0.004335 -0.048717 0.483997
v -0.004537 -0.048029 0.483997
v -0.004651 -0.047760 0.476803
v -0.004514 -0.048449 0.476803
v -0.004249 -0.049100 0.476803
v -0.003856 -0.049702 0.476803
v -0.003354 -0.050216 0.476803
v -0.002735 -0.050639 0.476801
v -0.002098 -0.050912 0.476805
v 0.011127 -0.038896 0.476662
v 0.011127 -0.038851 0.476662
v 0.010849 -0.038761 0.476502
v 0.011127 -0.039566 0.476662
v 0.011128 -0.042094 0.476662
v 0.011128 -0.045441 0.476662
v 0.010852 -0.047395 0.476502
v 0.011128 -0.047401 0.476662
v 0.011103 -0.047825 0.476662
v 0.010861 -0.048732 0.476662
v 0.010101 -0.049857 0.476662
v 0.009745 -0.050165 0.476662
v 0.008993 -0.050593 0.476662
v 0.008189 -0.050818 0.476662
v 0.007716 -0.050856 0.476662
v 0.007273 -0.050859 0.476662
v 0.007706 -0.050577 0.476502
v 0.006277 -0.050577 0.476502
v 0.006279 -0.050856 0.476662
v 0.004933 -0.050856 0.476662
v -0.000233 -0.050851 0.476662
v 0.001952 -0.050856 0.476662
v 0.001949 -0.050578 0.476502
v -0.001666 -0.050485 0.476502
v -0.000932 -0.050555 0.476502
v -0.002278 -0.050594 0.476662
v -0.002701 -0.050063 0.476502
v -0.003409 -0.049841 0.476662
v -0.004152 -0.048738 0.476662
v -0.004384 -0.047934 0.476662
v -0.004425 -0.047462 0.476662
v -0.004428 -0.046596 0.476662
v -0.004148 -0.046112 0.476502
v -0.004152 -0.046782 0.476502
v -0.004150 -0.047374 0.476502
v -0.004150 -0.047375 0.476502
v -0.004150 -0.047377 0.476502
v -0.004148 -0.047453 0.476502
v -0.004072 -0.048095 0.476502
v -0.003898 -0.048632 0.476502
v -0.003588 -0.049200 0.476502
v -0.003215 -0.049647 0.476502
v -0.002178 -0.050338 0.476502
v 0.008351 -0.050505 0.476502
v 0.008888 -0.050334 0.476502
v 0.009458 -0.050029 0.476502
v 0.009909 -0.049658 0.476502
v 0.010327 -0.049148 0.476502
v 0.010607 -0.048621 0.476502
v 0.010797 -0.047990 0.476502
v -0.004424 -0.046030 0.476661
v -0.004424 -0.044683 0.476661
v -0.004424 -0.041704 0.476661
v -0.004148 -0.041706 0.476502
v -0.004424 -0.040459 0.476661
v -0.004125 -0.038790 0.476502
v -0.004173 -0.037469 0.476661
v -0.004056 -0.038068 0.476502
v -0.003640 -0.037036 0.476502
v -0.003430 -0.036331 0.476661
v -0.002333 -0.035579 0.476661
v -0.001531 -0.035341 0.476661
v -0.001058 -0.035296 0.476661
v -0.000142 -0.035292 0.476661
v 0.000370 -0.035295 0.476661
v 0.000383 -0.035570 0.476502
v 0.001717 -0.035296 0.476661
v 0.004729 -0.035575 0.476502
v 0.004706 -0.035298 0.476661
v 0.005198 -0.035293 0.476661
v 0.007312 -0.035280 0.476661
v 0.007863 -0.035303 0.476661
v 0.007847 -0.035579 0.476502
v 0.008439 -0.035669 0.476502
v 0.009180 -0.035647 0.476661
v 0.009060 -0.035896 0.476502
v 0.009569 -0.036205 0.476502
v 0.010258 -0.036467 0.476661
v 0.010052 -0.036651 0.476502
v 0.010515 -0.036794 0.476661
v 0.010397 -0.037122 0.476502
v 0.010928 -0.037607 0.476661
v 0.010668 -0.037698 0.476502
v 0.010807 -0.038267 0.476502
v 0.011104 -0.038424 0.476661
v -0.001035 -0.035570 0.476502
v -0.001682 -0.035651 0.476502
v -0.002217 -0.035830 0.476502
v -0.002783 -0.036143 0.476502
v -0.003228 -0.036521 0.476502
v -0.003913 -0.037566 0.476502
v 0.011128 -0.038851 0.476340
v 0.011129 -0.038896 0.476340
v 0.011129 -0.039566 0.476340
v 0.011129 -0.042094 0.476340
v 0.011129 -0.045441 0.476340
v 0.011377 -0.046259 0.476197
v 0.011130 -0.047401 0.476340
v 0.011366 -0.047680 0.476197
v 0.011104 -0.047825 0.476340
v 0.011320 -0.048034 0.476197
v 0.010863 -0.048732 0.476340
v 0.011129 -0.048719 0.476196
v 0.010809 -0.049359 0.476197
v 0.010102 -0.049859 0.476340
v 0.010370 -0.049928 0.476196
v 0.009825 -0.050404 0.476197
v 0.009746 -0.050166 0.476340
v 0.009195 -0.050767 0.476196
v 0.008994 -0.050594 0.476340
v 0.008500 -0.051002 0.476197
v 0.008189 -0.050820 0.476340
v 0.007704 -0.051096 0.476197
v 0.007716 -0.050858 0.476340
v 0.007273 -0.050861 0.476340
v 0.004941 -0.050858 0.476340
v 0.006279 -0.050858 0.476340
v -0.000233 -0.050852 0.476340
v 0.001952 -0.050857 0.476340
v 0.004950 -0.051097 0.476197
v -0.001264 -0.051085 0.476180
v -0.001950 -0.050964 0.476192
v -0.002278 -0.050596 0.476340
v -0.002615 -0.050710 0.476197
v -0.003225 -0.050330 0.476196
v -0.003410 -0.049842 0.476340
v -0.003750 -0.049839 0.476196
v -0.004174 -0.049250 0.476197
v -0.004154 -0.048738 0.476340
v -0.004477 -0.048586 0.476197
v -0.004385 -0.047934 0.476340
v -0.004643 -0.047883 0.476197
v -0.004427 -0.047462 0.476340
v -0.004430 -0.046596 0.476340
v 0.011109 -0.038424 0.476340
v 0.010933 -0.037605 0.476340
v 0.010519 -0.036791 0.476340
v 0.010262 -0.036463 0.476340
v 0.009182 -0.035642 0.476340
v 0.007864 -0.035298 0.476340
v 0.007312 -0.035275 0.476340
v 0.005198 -0.035289 0.476340
v 0.004706 -0.035293 0.476340
v 0.001717 -0.035291 0.476340
v 0.000370 -0.035290 0.476340
v -0.000143 -0.035288 0.476340
v -0.001058 -0.035291 0.476340
v -0.001532 -0.035337 0.476340
v -0.002335 -0.035575 0.476340
v -0.003433 -0.036328 0.476340
v -0.004178 -0.037467 0.476340
v -0.004429 -0.040459 0.476340
v -0.004428 -0.041704 0.476340
v -0.004428 -0.044683 0.476340
v -0.004429 -0.046030 0.476340
v 0.011446 -0.044529 0.468997
v 0.011446 -0.047427 0.468997
v 0.011391 -0.048067 0.468997
v 0.011219 -0.048710 0.468997
v 0.010928 -0.049326 0.468997
v 0.010524 -0.049886 0.468997
v 0.010022 -0.050364 0.468997
v 0.009443 -0.050738 0.468997
v 0.008817 -0.050997 0.468997
v 0.008172 -0.051136 0.468997
v 0.007708 -0.051166 0.468997
v 0.002621 -0.051166 0.468997
v -0.001006 -0.051166 0.468997
v -0.001470 -0.051136 0.468997
v -0.001517 -0.051204 0.461819
v -0.002057 -0.051014 0.468997
v -0.002219 -0.051047 0.461805
v -0.002630 -0.050794 0.468997
v -0.002858 -0.050770 0.461801
v -0.003168 -0.050476 0.468997
v -0.003487 -0.050337 0.461803
v -0.003650 -0.050071 0.468997
v -0.003995 -0.049812 0.461803
v -0.004127 -0.049486 0.468997
v -0.004392 -0.049199 0.461803
v -0.004474 -0.048825 0.468997
v -0.004658 -0.048537 0.461803
v -0.004678 -0.048126 0.468997
v -0.004795 -0.047836 0.461803
v -0.000628 -0.051234 0.461809
v 0.008099 -0.051217 0.461803
v 0.008458 -0.051166 0.461803
v 0.009151 -0.050963 0.461803
v 0.009796 -0.050629 0.461802
v 0.010368 -0.050174 0.461803
v 0.010843 -0.049615 0.461802
v 0.011202 -0.048969 0.461803
v 0.011430 -0.048262 0.461803
v 0.011514 -0.047112 0.461803
v 0.011270 -0.038812 0.461662
v 0.011270 -0.038767 0.461662
v 0.010992 -0.038676 0.461502
v 0.011270 -0.039495 0.461662
v 0.011271 -0.042074 0.461662
v 0.011271 -0.045487 0.461662
v 0.010995 -0.047481 0.461502
v 0.011272 -0.047487 0.461662
v 0.011245 -0.047918 0.461662
v 0.011000 -0.048840 0.461662
v 0.010228 -0.049984 0.461662
v 0.009866 -0.050297 0.461662
v 0.009101 -0.050732 0.461662
v 0.008282 -0.050961 0.461662
v 0.007801 -0.051000 0.461662
v 0.007351 -0.051003 0.461662
v 0.007792 -0.050720 0.461502
v 0.006338 -0.050720 0.461502
v 0.006341 -0.051000 0.461662
v 0.004967 -0.050999 0.461662
v 0.001924 -0.050999 0.461662
v -0.000303 -0.050994 0.461662
v 0.001922 -0.050720 0.461502
v -0.001015 -0.050697 0.461502
v -0.001763 -0.050626 0.461502
v -0.002385 -0.050733 0.461662
v -0.002817 -0.050197 0.461502
v -0.003535 -0.049968 0.461662
v -0.003341 -0.049773 0.461502
v -0.003720 -0.049319 0.461502
v -0.004291 -0.048846 0.461662
v -0.004036 -0.048740 0.461502
v -0.004214 -0.048193 0.461502
v -0.004526 -0.048029 0.461662
v -0.004291 -0.047539 0.461502
v -0.004569 -0.047549 0.461662
v -0.004293 -0.047463 0.461502
v -0.004293 -0.047461 0.461502
v -0.004293 -0.047459 0.461502
v -0.004295 -0.046838 0.461502
v -0.004571 -0.046641 0.461662
v -0.004291 -0.046133 0.461502
v -0.002285 -0.050476 0.461502
v 0.008449 -0.050647 0.461502
v 0.008996 -0.050473 0.461502
v 0.009576 -0.050161 0.461502
v 0.010035 -0.049784 0.461502
v 0.010461 -0.049266 0.461502
v 0.010746 -0.048729 0.461502
v 0.010939 -0.048087 0.461502
v -0.004569 -0.041678 0.461662
v -0.004569 -0.044718 0.461662
v -0.004569 -0.046093 0.461662
v -0.004267 -0.038707 0.461502
v -0.004570 -0.040409 0.461662
v -0.004291 -0.041680 0.461502
v -0.004315 -0.037362 0.461662
v -0.004197 -0.037971 0.461502
v -0.003775 -0.036920 0.461502
v -0.004052 -0.037460 0.461502
v -0.003560 -0.036205 0.461662
v -0.002444 -0.035439 0.461662
v -0.002903 -0.036012 0.461502
v -0.003356 -0.036396 0.461502
v -0.001627 -0.035197 0.461662
v -0.001782 -0.035510 0.461502
v -0.001123 -0.035427 0.461502
v -0.001146 -0.035151 0.461662
v -0.000215 -0.035147 0.461662
v 0.000306 -0.035149 0.461662
v 0.001680 -0.035150 0.461662
v 0.004731 -0.035152 0.461662
v 0.004754 -0.035432 0.461502
v 0.005232 -0.035148 0.461662
v 0.007388 -0.035134 0.461662
v 0.007951 -0.035157 0.461662
v 0.009291 -0.035506 0.461662
v 0.010388 -0.036340 0.461662
v 0.010649 -0.036673 0.461662
v 0.011070 -0.037500 0.461662
v 0.011249 -0.038332 0.461662
v 0.010949 -0.038173 0.461502
v 0.010807 -0.037592 0.461502
v 0.010531 -0.037005 0.461502
v 0.010180 -0.036526 0.461502
v 0.009687 -0.036073 0.461502
v 0.009169 -0.035758 0.461502
v 0.008537 -0.035528 0.461502
v 0.007934 -0.035437 0.461502
v 0.000319 -0.035427 0.461502
v -0.002327 -0.035692 0.461502
v 0.011279 -0.038767 0.461336
v 0.011279 -0.038812 0.461336
v 0.011279 -0.039495 0.461336
v 0.011279 -0.042074 0.461336
v 0.011280 -0.045487 0.461336
v 0.011520 -0.047441 0.461197
v 0.011280 -0.047487 0.461336
v 0.011254 -0.047919 0.461336
v 0.011008 -0.048843 0.461336
v 0.010234 -0.049990 0.461336
v 0.009871 -0.050304 0.461336
v 0.009104 -0.050740 0.461336
v 0.008284 -0.050969 0.461336
v 0.007801 -0.051008 0.461336
v 0.007351 -0.051011 0.461336
v 0.008573 -0.051149 0.461197
v 0.006310 -0.051239 0.461197
v 0.006341 -0.051008 0.461336
v 0.004967 -0.051008 0.461336
v -0.000303 -0.051002 0.461336
v 0.001924 -0.051007 0.461336
v 0.001593 -0.051239 0.461197
v -0.001740 -0.051176 0.461184
v -0.001060 -0.051240 0.461183
v -0.002388 -0.050741 0.461336
v -0.003541 -0.049974 0.461336
v -0.003049 -0.050666 0.461197
v -0.002399 -0.050990 0.461196
v -0.004299 -0.048850 0.461336
v -0.004112 -0.049669 0.461197
v -0.004482 -0.049030 0.461197
v -0.004721 -0.048325 0.461197
v -0.004535 -0.048030 0.461336
v -0.004577 -0.047549 0.461336
v -0.004580 -0.046641 0.461336
v -0.003628 -0.050221 0.461196
v 0.009279 -0.050916 0.461197
v 0.009922 -0.050552 0.461197
v 0.010479 -0.050072 0.461196
v 0.010929 -0.049497 0.461197
v 0.011259 -0.048850 0.461197
v 0.011458 -0.048156 0.461197
v 0.011251 -0.038332 0.461340
v 0.011072 -0.037499 0.461340
v 0.010650 -0.036672 0.461340
v 0.010389 -0.036339 0.461340
v 0.009291 -0.035505 0.461340
v 0.007951 -0.035156 0.461340
v 0.007388 -0.035133 0.461340
v 0.005232 -0.035146 0.461340
v 0.004731 -0.035150 0.461340
v 0.001680 -0.035149 0.461340
v 0.000306 -0.035148 0.461340
v -0.000215 -0.035145 0.461340
v -0.001146 -0.035149 0.461340
v -0.001628 -0.035195 0.461340
v -0.002445 -0.035437 0.461340
v -0.003561 -0.036203 0.461340
v -0.004317 -0.037361 0.461340
v -0.004571 -0.040409 0.461340
v -0.004571 -0.041678 0.461340
v -0.004571 -0.044718 0.461340
v -0.004571 -0.046093 0.461340
v 0.011589 -0.044559 0.453993
v 0.011589 -0.047513 0.453993
v 0.011532 -0.048164 0.453993
v 0.011657 -0.047606 0.446803
v 0.011575 -0.048343 0.446803
v 0.011358 -0.048816 0.453993
v 0.011347 -0.049062 0.446803
v 0.011062 -0.049441 0.453993
v 0.010985 -0.049719 0.446802
v 0.010653 -0.050010 0.453993
v 0.010505 -0.050289 0.446803
v 0.010143 -0.050494 0.453993
v 0.009927 -0.050753 0.446802
v 0.009556 -0.050874 0.453993
v 0.009273 -0.051095 0.446803
v 0.008921 -0.051137 0.453993
v 0.008571 -0.051305 0.446803
v 0.008266 -0.051279 0.453993
v 0.007794 -0.051309 0.453993
v 0.002606 -0.051309 0.453993
v 0.007452 -0.051377 0.446802
v -0.001092 -0.051309 0.453993
v -0.000809 -0.051377 0.446810
v -0.001564 -0.051279 0.453993
v -0.002159 -0.051155 0.453993
v -0.002741 -0.050931 0.453993
v -0.003287 -0.050608 0.453993
v -0.003776 -0.050197 0.453993
v -0.004260 -0.049603 0.453993
v -0.004612 -0.048933 0.453993
v -0.004820 -0.048223 0.453993
v -0.004827 -0.048540 0.446803
v -0.004570 -0.049229 0.446803
v -0.004183 -0.049858 0.446802
v -0.003680 -0.050405 0.446803
v -0.003029 -0.050873 0.446802
v -0.002421 -0.051153 0.446804
v -0.001706 -0.051333 0.446818
v 0.011657 -0.047169 0.446803
v 0.011414 -0.038729 0.446663
v 0.011414 -0.038682 0.446663
v 0.011135 -0.038590 0.446502
v 0.011414 -0.039223 0.446663
v 0.011414 -0.040438 0.446663
v 0.011414 -0.042151 0.446663
v 0.011135 -0.047543 0.446502
v 0.011414 -0.046392 0.446663
v 0.011414 -0.047548 0.446663
v 0.011078 -0.048176 0.446502
v 0.011137 -0.048932 0.446663
v 0.010352 -0.050099 0.446663
v 0.009207 -0.050860 0.446663
v 0.007888 -0.051133 0.446663
v 0.008373 -0.051094 0.446663
v 0.008539 -0.050780 0.446502
v 0.009099 -0.050602 0.446502
v 0.001898 -0.051134 0.446663
v 0.005002 -0.051134 0.446663
v 0.006404 -0.051133 0.446663
v 0.006403 -0.050855 0.446502
v 0.006937 -0.051135 0.446663
v 0.007879 -0.050854 0.446502
v -0.000374 -0.051129 0.446663
v -0.001107 -0.050830 0.446502
v -0.001870 -0.050757 0.446502
v -0.002491 -0.050867 0.446663
v -0.002389 -0.050608 0.446502
v -0.002928 -0.050324 0.446502
v -0.003660 -0.050091 0.446663
v -0.004429 -0.048952 0.446663
v -0.004669 -0.048119 0.446663
v -0.004712 -0.047634 0.446663
v -0.004715 -0.046685 0.446663
v -0.004434 -0.046154 0.446502
v -0.004437 -0.046892 0.446502
v -0.004435 -0.047546 0.446502
v -0.004435 -0.047547 0.446502
v -0.004435 -0.047549 0.446502
v -0.004433 -0.047625 0.446502
v -0.004354 -0.048282 0.446502
v -0.004173 -0.048842 0.446502
v -0.003850 -0.049430 0.446502
v -0.003464 -0.049893 0.446502
v 0.001897 -0.050855 0.446502
v 0.009690 -0.050286 0.446502
v 0.010155 -0.049900 0.446502
v 0.010590 -0.049375 0.446502
v 0.010880 -0.048824 0.446502
v -0.004713 -0.041650 0.446663
v -0.004709 -0.039367 0.446663
v -0.004410 -0.038643 0.446502
v -0.004433 -0.041650 0.446502
v -0.004339 -0.037884 0.446502
v -0.004456 -0.037257 0.446663
v -0.003910 -0.036809 0.446502
v -0.003689 -0.036080 0.446663
v -0.002554 -0.035301 0.446663
v -0.001723 -0.035054 0.446663
v -0.001234 -0.035007 0.446663
v -0.000288 -0.035003 0.446663
v -0.001211 -0.035286 0.446502
v 0.000255 -0.035286 0.446502
v 0.000242 -0.035006 0.446663
v 0.001644 -0.035006 0.446663
v 0.004756 -0.035008 0.446663
v 0.005267 -0.035004 0.446663
v 0.004779 -0.035290 0.446502
v 0.007464 -0.034990 0.446663
v 0.008022 -0.035294 0.446502
v 0.008038 -0.035013 0.446663
v 0.008635 -0.035386 0.446502
v 0.009401 -0.035367 0.446663
v 0.009278 -0.035621 0.446502
v 0.009806 -0.035940 0.446502
v 0.010516 -0.036214 0.446663
v 0.010307 -0.036401 0.446502
v 0.010782 -0.036552 0.446663
v 0.010665 -0.036889 0.446502
v 0.011211 -0.037393 0.446663
v 0.010947 -0.037486 0.446502
v 0.011091 -0.038078 0.446502
v 0.011393 -0.038241 0.446663
v -0.001881 -0.035371 0.446502
v -0.002437 -0.035557 0.446502
v -0.003023 -0.035883 0.446502
v -0.003484 -0.036274 0.446502
v -0.004191 -0.037356 0.446502
v 0.011422 -0.038682 0.446336
v 0.011422 -0.038729 0.446336
v 0.011422 -0.039223 0.446336
v 0.011422 -0.047550 0.446336
v 0.011422 -0.046392 0.446336
v 0.011422 -0.042151 0.446336
v 0.011663 -0.047556 0.446197
v 0.011145 -0.048936 0.446336
v 0.011600 -0.048244 0.446197
v 0.010358 -0.050104 0.446336
v 0.011009 -0.049695 0.446196
v 0.010528 -0.050277 0.446196
v 0.009955 -0.050743 0.446196
v 0.009210 -0.050867 0.446336
v 0.009303 -0.051090 0.446196
v 0.008614 -0.051303 0.446197
v 0.008374 -0.051102 0.446336
v 0.007895 -0.051382 0.446197
v 0.007888 -0.051141 0.446336
v 0.007838 -0.051382 0.446197
v 0.006937 -0.051143 0.446336
v 0.006404 -0.051141 0.446336
v 0.005002 -0.051141 0.446336
v 0.001898 -0.051142 0.446336
v -0.000375 -0.051137 0.446336
v -0.001137 -0.051383 0.446183
v -0.001481 -0.051367 0.446179
v -0.002494 -0.050874 0.446336
v -0.002040 -0.051274 0.446188
v -0.003247 -0.050747 0.446196
v -0.002582 -0.051099 0.446196
v -0.003665 -0.050097 0.446336
v -0.004437 -0.048955 0.446336
v -0.004677 -0.048120 0.446336
v -0.004720 -0.047635 0.446336
v -0.004723 -0.046685 0.446336
v -0.004961 -0.047643 0.446197
v -0.004884 -0.048270 0.446197
v -0.004659 -0.049050 0.446196
v -0.004306 -0.049699 0.446196
v -0.003835 -0.050269 0.446196
v 0.011368 -0.049031 0.446196
v 0.011422 -0.040438 0.446336
v 0.011396 -0.038240 0.446339
v 0.011213 -0.037392 0.446339
v 0.010784 -0.036551 0.446339
v 0.010518 -0.036212 0.446339
v 0.009402 -0.035365 0.446339
v 0.008038 -0.035011 0.446339
v 0.004756 -0.035005 0.446339
v 0.005266 -0.035001 0.446339
v 0.007464 -0.034987 0.446339
v -0.000288 -0.035001 0.446339
v 0.000242 -0.035003 0.446339
v 0.001644 -0.035004 0.446339
v -0.002555 -0.035299 0.446339
v -0.001724 -0.035052 0.446339
v -0.001234 -0.035005 0.446339
v -0.003690 -0.036079 0.446339
v -0.004458 -0.037256 0.446339
v -0.004712 -0.039367 0.446339
v -0.004716 -0.041650 0.446339
v 0.011732 -0.044589 0.438992
v 0.011732 -0.047598 0.438992
v 0.011674 -0.048260 0.438992
v 0.011795 -0.047847 0.431795
v 0.011697 -0.048527 0.431789
v 0.011497 -0.048923 0.438992
v 0.011468 -0.049211 0.431788
v 0.011197 -0.049557 0.438992
v 0.011069 -0.049906 0.431788
v 0.010781 -0.050133 0.438992
v 0.010571 -0.050473 0.431788
v 0.010265 -0.050624 0.438992
v 0.009971 -0.050933 0.431788
v 0.009669 -0.051010 0.438992
v 0.009309 -0.051263 0.431789
v 0.009025 -0.051277 0.438992
v 0.008596 -0.051460 0.431789
v 0.008359 -0.051421 0.438992
v 0.008225 -0.051508 0.431789
v 0.007880 -0.051451 0.438992
v 0.007724 -0.051520 0.431789
v 0.002591 -0.051451 0.438992
v 0.001092 -0.051520 0.431789
v -0.001177 -0.051451 0.438992
v -0.001937 -0.051453 0.431791
v -0.001657 -0.051421 0.438992
v -0.002262 -0.051295 0.438992
v -0.002853 -0.051067 0.438992
v -0.003407 -0.050740 0.438992
v -0.003902 -0.050323 0.438992
v -0.004393 -0.049721 0.438992
v -0.004750 -0.049041 0.438992
v -0.004962 -0.048321 0.438992
v -0.005004 -0.048493 0.431789
v -0.004772 -0.049198 0.431788
v -0.004411 -0.049846 0.431788
v -0.003921 -0.050424 0.431788
v -0.003329 -0.050896 0.431788
v -0.002641 -0.051250 0.431786
v 0.011563 -0.044244 0.431652
v 0.011563 -0.039857 0.431652
v 0.011303 -0.038513 0.431502
v 0.011304 -0.046443 0.431502
v 0.011563 -0.046442 0.431652
v 0.011286 -0.047843 0.431502
v 0.011521 -0.048156 0.431652
v 0.011171 -0.048582 0.431502
v 0.011420 -0.048651 0.431652
v 0.010922 -0.049202 0.431502
v 0.010757 -0.049927 0.431652
v 0.010555 -0.049765 0.431502
v 0.010096 -0.050233 0.431502
v 0.009680 -0.050831 0.431652
v 0.009555 -0.050604 0.431502
v 0.009261 -0.051028 0.431652
v 0.008964 -0.050860 0.431502
v 0.008370 -0.051256 0.431652
v 0.008341 -0.050999 0.431502
v 0.007721 -0.051282 0.431652
v 0.006920 -0.051024 0.431502
v 0.006918 -0.051283 0.431652
v 0.005388 -0.051283 0.431652
v 0.003859 -0.051283 0.431652
v 0.002327 -0.051283 0.431652
v 0.002327 -0.051025 0.431502
v -0.000370 -0.051278 0.431652
v -0.001114 -0.051008 0.431502
v -0.001621 -0.051245 0.431652
v -0.002117 -0.050904 0.431502
v -0.002180 -0.051155 0.431652
v -0.002737 -0.050665 0.431502
v -0.003465 -0.050511 0.431652
v -0.003781 -0.049854 0.431502
v -0.004385 -0.049446 0.431652
v -0.004588 -0.049030 0.431652
v -0.004828 -0.048142 0.431652
v -0.004861 -0.047468 0.431652
v -0.004863 -0.046698 0.431652
v -0.004863 -0.045168 0.431652
v -0.004863 -0.042108 0.431652
v -0.004604 -0.042110 0.431502
v -0.004858 -0.039566 0.431652
v -0.004590 -0.038813 0.431502
v -0.004523 -0.037777 0.431502
v -0.004601 -0.047632 0.431502
v -0.004601 -0.047634 0.431502
v -0.004601 -0.047636 0.431502
v -0.004572 -0.048109 0.431502
v -0.004424 -0.048731 0.431502
v -0.004161 -0.049318 0.431502
v -0.003307 -0.050306 0.431502
v 0.011303 -0.038503 0.431502
v 0.011303 -0.038493 0.431502
v -0.004740 -0.037602 0.431646
v -0.004751 -0.037644 0.431646
v -0.004497 -0.037664 0.431502
v -0.004591 -0.037144 0.431646
v -0.004117 -0.036307 0.431646
v -0.003068 -0.035371 0.431646
v -0.003471 -0.035974 0.431502
v -0.003917 -0.036458 0.431502
v -0.004267 -0.037032 0.431502
v -0.002656 -0.035162 0.431646
v -0.001772 -0.034908 0.431646
v -0.001075 -0.034867 0.431646
v -0.000336 -0.034865 0.431646
v 0.001014 -0.034865 0.431646
v -0.000337 -0.035115 0.431502
v 0.007764 -0.035111 0.431502
v 0.006414 -0.034864 0.431646
v 0.007765 -0.034864 0.431646
v 0.008646 -0.034937 0.431646
v 0.008353 -0.035140 0.431502
v 0.009150 -0.035342 0.431502
v 0.009241 -0.035112 0.431646
v 0.009745 -0.035645 0.431502
v 0.010443 -0.035881 0.431646
v 0.010269 -0.036059 0.431502
v 0.010693 -0.036555 0.431502
v 0.011243 -0.037026 0.431646
v 0.011014 -0.037125 0.431502
v 0.011216 -0.037730 0.431502
v 0.011522 -0.038016 0.431646
v 0.011301 -0.038372 0.431502
v 0.011551 -0.038362 0.431646
v -0.001736 -0.035155 0.431502
v -0.002357 -0.035313 0.431502
v -0.002941 -0.035586 0.431502
v 0.011568 -0.039857 0.431349
v 0.011568 -0.044244 0.431349
v 0.011810 -0.047227 0.431210
v 0.011568 -0.046442 0.431349
v 0.011526 -0.048156 0.431349
v 0.011425 -0.048653 0.431349
v 0.010761 -0.049930 0.431349
v 0.009682 -0.050835 0.431349
v 0.009263 -0.051033 0.431349
v 0.008371 -0.051261 0.431349
v 0.007720 -0.051287 0.431349
v 0.006918 -0.051288 0.431349
v 0.005388 -0.051288 0.431349
v 0.008398 -0.051496 0.431211
v 0.001050 -0.051525 0.431211
v 0.003859 -0.051288 0.431349
v 0.002327 -0.051288 0.431349
v -0.000370 -0.051283 0.431349
v -0.001622 -0.051250 0.431349
v -0.002181 -0.051160 0.431349
v -0.003018 -0.051085 0.431211
v -0.003468 -0.050515 0.431349
v -0.003520 -0.050772 0.431211
v -0.003968 -0.050389 0.431211
v -0.004188 -0.050149 0.431211
v -0.004389 -0.049448 0.431349
v -0.004547 -0.049648 0.431211
v -0.004822 -0.049097 0.431211
v -0.004593 -0.049032 0.431349
v -0.004926 -0.048807 0.431211
v -0.004833 -0.048142 0.431349
v -0.005081 -0.048070 0.431211
v -0.004866 -0.047468 0.431349
v -0.004868 -0.046698 0.431349
v -0.004868 -0.045168 0.431349
v -0.004868 -0.042108 0.431349
v -0.004864 -0.039566 0.431349
v -0.002325 -0.051365 0.431211
v -0.001961 -0.051454 0.431209
v -0.001222 -0.051526 0.431200
v 0.009376 -0.051242 0.431211
v 0.009847 -0.051013 0.431211
v 0.010278 -0.050728 0.431211
v 0.010667 -0.050389 0.431211
v 0.011162 -0.049782 0.431211
v 0.011542 -0.049043 0.431211
v 0.011747 -0.048326 0.431209
v 0.011554 -0.038362 0.431355
v 0.011525 -0.038015 0.431355
v 0.011246 -0.037025 0.431355
v 0.010445 -0.035879 0.431355
v 0.009242 -0.035109 0.431355
v 0.008646 -0.034934 0.431355
v 0.007765 -0.034861 0.431355
v 0.006414 -0.034861 0.431355
v 0.001014 -0.034862 0.431355
v -0.000336 -0.034862 0.431355
v -0.001075 -0.034864 0.431355
v -0.001772 -0.034905 0.431355
v -0.002657 -0.035159 0.431355
v -0.003069 -0.035368 0.431355
v -0.004119 -0.036305 0.431355
v -0.004593 -0.037143 0.431355
v -0.004743 -0.037602 0.431355
v -0.004754 -0.037644 0.431355
v 0.015970 -0.045485 -0.005784
v 0.015972 -0.050142 -0.005784
v 0.015827 -0.051384 -0.005784
v 0.015401 -0.052579 -0.005784
v 0.014652 -0.053726 -0.005784
v 0.013641 -0.054655 -0.005784
v 0.012440 -0.055306 -0.005784
v 0.010419 -0.055688 -0.005784
v 0.011130 -0.055642 -0.005784
v 0.014368 -0.059703 -0.442781
v 0.015707 -0.059289 -0.442782
v -0.003719 -0.055688 -0.005783
v 0.002141 -0.055688 -0.005784
v 0.008811 -0.059850 -0.442781
v 0.012979 -0.059849 -0.442775
v -0.004431 -0.055641 -0.005783
v -0.005312 -0.055454 -0.005783
v -0.006157 -0.055122 -0.005783
v -0.006942 -0.054655 -0.005783
v -0.007642 -0.054064 -0.005783
v -0.008338 -0.053213 -0.005783
v -0.008851 -0.052246 -0.005783
v -0.009162 -0.051206 -0.005783
v -0.013099 -0.054792 -0.442782
v -0.012857 -0.055451 -0.442782
v -0.012188 -0.056682 -0.442782
v -0.011293 -0.057761 -0.442782
v -0.010205 -0.058646 -0.442782
v -0.008967 -0.059305 -0.442782
v -0.007624 -0.059711 -0.442781
v -0.006140 -0.059850 -0.442775
v -0.013386 -0.053421 -0.442777
v 0.016940 -0.058624 -0.442782
v 0.018022 -0.057732 -0.442782
v 0.018912 -0.056648 -0.442782
v 0.019574 -0.055412 -0.442782
v 0.019986 -0.054071 -0.442781
v 0.020128 -0.052773 -0.442771
v 0.019518 -0.039892 -0.443133
v 0.019519 -0.036054 -0.443133
v 0.019524 -0.035163 -0.443133
v 0.018887 -0.033540 -0.443498
v 0.019416 -0.053804 -0.443133
v 0.019516 -0.051354 -0.443133
v 0.019519 -0.047992 -0.443133
v 0.018887 -0.047992 -0.443498
v 0.018493 -0.056176 -0.443133
v 0.018496 -0.054767 -0.443498
v 0.017959 -0.055840 -0.443498
v 0.017274 -0.056723 -0.443498
v 0.016735 -0.058026 -0.443133
v 0.016370 -0.057510 -0.443498
v 0.016040 -0.058456 -0.443133
v 0.015400 -0.058068 -0.443498
v 0.014408 -0.059069 -0.443133
v 0.014269 -0.058452 -0.443498
v 0.012951 -0.059229 -0.443133
v 0.011734 -0.058606 -0.443498
v 0.011732 -0.059239 -0.443133
v 0.007282 -0.059239 -0.443133
v -0.002838 -0.059239 -0.443133
v -0.005343 -0.059237 -0.443133
v -0.007362 -0.059140 -0.443133
v -0.006092 -0.058597 -0.443498
v -0.007264 -0.058516 -0.443498
v -0.008326 -0.058223 -0.443498
v -0.009738 -0.058224 -0.443133
v -0.011593 -0.056471 -0.443133
v -0.010288 -0.057007 -0.443498
v -0.009402 -0.057689 -0.443498
v -0.012025 -0.055778 -0.443133
v -0.012643 -0.054149 -0.443133
v -0.012808 -0.052672 -0.443133
v -0.012817 -0.051481 -0.443133
v -0.012818 -0.049686 -0.443133
v -0.012817 -0.047844 -0.443133
v -0.012185 -0.045952 -0.443498
v -0.012185 -0.051483 -0.443498
v -0.012027 -0.054008 -0.443498
v -0.011639 -0.055136 -0.443498
v -0.011078 -0.056105 -0.443498
v -0.002840 -0.058607 -0.443498
v 0.018792 -0.053706 -0.443498
v 0.018877 -0.052329 -0.443498
v 0.018886 -0.033512 -0.443498
v 0.018886 -0.033485 -0.443498
v 0.019508 -0.033506 -0.443140
v -0.012814 -0.036919 -0.443135
v -0.012812 -0.034388 -0.443135
v -0.012716 -0.032365 -0.443135
v -0.012176 -0.033634 -0.443498
v -0.012096 -0.032463 -0.443498
v -0.011803 -0.031398 -0.443498
v -0.011801 -0.029988 -0.443135
v -0.010051 -0.028133 -0.443135
v -0.009358 -0.027700 -0.443135
v -0.007730 -0.027082 -0.443135
v -0.006252 -0.026916 -0.443135
v -0.005059 -0.026907 -0.443135
v 0.005834 -0.026903 -0.443135
v 0.012166 -0.026901 -0.443135
v 0.015237 -0.027318 -0.443135
v 0.013562 -0.027559 -0.443498
v 0.015011 -0.027897 -0.443498
v 0.016018 -0.028383 -0.443498
v 0.017408 -0.028658 -0.443135
v 0.016976 -0.029105 -0.443498
v 0.017967 -0.029243 -0.443135
v 0.017722 -0.029934 -0.443498
v 0.018903 -0.030715 -0.443135
v 0.018332 -0.030968 -0.443498
v 0.018705 -0.032005 -0.443498
v 0.019508 -0.033202 -0.443135
v 0.018880 -0.033230 -0.443498
v 0.012173 -0.027524 -0.443498
v -0.005060 -0.027536 -0.443498
v -0.007588 -0.027694 -0.443498
v -0.008718 -0.028083 -0.443498
v -0.009686 -0.028645 -0.443498
v -0.010587 -0.029435 -0.443498
v -0.011269 -0.030322 -0.443498
v -0.012186 -0.036917 -0.443498
v 0.019530 -0.035163 -0.443867
v 0.019524 -0.036054 -0.443867
v 0.019524 -0.039892 -0.443867
v 0.019525 -0.047992 -0.443867
v 0.019522 -0.051354 -0.443867
v 0.020143 -0.044428 -0.444224
v 0.020143 -0.051953 -0.444228
v 0.019422 -0.053805 -0.443867
v 0.019905 -0.054484 -0.444224
v 0.019418 -0.055799 -0.444225
v 0.018498 -0.056179 -0.443867
v 0.018686 -0.056994 -0.444225
v 0.017736 -0.058027 -0.444225
v 0.016738 -0.058030 -0.443867
v 0.016604 -0.058856 -0.444225
v 0.016043 -0.058461 -0.443867
v 0.015345 -0.059446 -0.444223
v 0.014409 -0.059075 -0.443867
v 0.014001 -0.059783 -0.444226
v 0.012940 -0.059235 -0.443867
v 0.012102 -0.059863 -0.444224
v 0.011732 -0.059245 -0.443867
v 0.007282 -0.059245 -0.443867
v -0.005343 -0.059243 -0.443867
v -0.002838 -0.059245 -0.443867
v 0.006314 -0.059863 -0.444224
v -0.007363 -0.059146 -0.443867
v -0.009741 -0.058229 -0.443867
v -0.009351 -0.059152 -0.444225
v -0.008034 -0.059633 -0.444224
v -0.011597 -0.056475 -0.443867
v -0.011586 -0.057478 -0.444225
v -0.012420 -0.056349 -0.444225
v -0.012030 -0.055781 -0.443867
v -0.013014 -0.055094 -0.444223
v -0.012649 -0.054150 -0.443867
v -0.013357 -0.053751 -0.444226
v -0.012814 -0.052672 -0.443867
v -0.012823 -0.051481 -0.443867
v -0.012823 -0.049686 -0.443867
v -0.012823 -0.047844 -0.443867
v -0.010549 -0.058425 -0.444225
v -0.006692 -0.059848 -0.444231
v -0.003172 -0.059863 -0.444224
v 0.019517 -0.033201 -0.443866
v 0.018910 -0.030711 -0.443866
v 0.017973 -0.029238 -0.443866
v 0.017409 -0.028648 -0.443866
v 0.015233 -0.027308 -0.443866
v 0.012167 -0.026893 -0.443866
v 0.005835 -0.026895 -0.443866
v -0.005059 -0.026898 -0.443866
v -0.006252 -0.026908 -0.443866
v -0.007732 -0.027074 -0.443866
v -0.009362 -0.027693 -0.443866
v -0.010055 -0.028126 -0.443866
v -0.011808 -0.029983 -0.443866
v -0.012724 -0.032364 -0.443866
v -0.012820 -0.034388 -0.443866
v -0.012822 -0.036919 -0.443866
v 0.020211 -0.046379 -0.450992
v 0.020214 -0.052685 -0.450992
v 0.020114 -0.053862 -0.450992
v 0.019821 -0.055009 -0.450992
v 0.020130 -0.053873 -0.452690
v 0.019837 -0.055020 -0.452690
v 0.020146 -0.053883 -0.454388
v 0.019853 -0.055032 -0.454388
v 0.020162 -0.053894 -0.456086
v 0.019868 -0.055044 -0.456086
v 0.019960 -0.054831 -0.457784
v 0.019400 -0.056176 -0.457782
v 0.019394 -0.056134 -0.456086
v 0.018753 -0.057134 -0.456086
v 0.018738 -0.057120 -0.454388
v 0.017943 -0.057999 -0.454388
v 0.017929 -0.057985 -0.452690
v 0.016999 -0.058719 -0.452690
v 0.016986 -0.058704 -0.450992
v 0.015949 -0.059279 -0.450992
v 0.019348 -0.056096 -0.450992
v 0.019363 -0.056108 -0.452690
v 0.019379 -0.056121 -0.454388
v 0.018708 -0.057093 -0.450992
v 0.018723 -0.057106 -0.452690
v 0.017915 -0.057971 -0.450992
v 0.014835 -0.059682 -0.450992
v 0.013908 -0.059871 -0.450992
v 0.012965 -0.059935 -0.450992
v 0.013918 -0.059887 -0.452690
v 0.012975 -0.059952 -0.452690
v 0.013929 -0.059903 -0.454388
v 0.012984 -0.059968 -0.454388
v 0.013940 -0.059920 -0.456086
v 0.012994 -0.059984 -0.456086
v 0.014447 -0.059848 -0.457781
v 0.012072 -0.059993 -0.457781
v 0.006671 -0.059982 -0.456086
v 0.000461 -0.059993 -0.457781
v -0.006286 -0.059984 -0.456086
v -0.006027 -0.059993 -0.457776
v -0.007232 -0.059920 -0.456086
v -0.007518 -0.059890 -0.457781
v -0.008162 -0.059730 -0.456086
v -0.009267 -0.059360 -0.457782
v -0.009279 -0.059326 -0.456086
v -0.010318 -0.058750 -0.456086
v -0.010305 -0.058735 -0.454388
v -0.011236 -0.058000 -0.454388
v -0.011221 -0.057985 -0.452690
v -0.012015 -0.057107 -0.452690
v -0.012000 -0.057093 -0.450992
v -0.012640 -0.056096 -0.450992
v 0.006661 -0.059934 -0.450992
v 0.006664 -0.059950 -0.452690
v 0.006668 -0.059966 -0.454388
v -0.006257 -0.059936 -0.450992
v -0.007200 -0.059871 -0.450992
v -0.008128 -0.059682 -0.450992
v -0.009242 -0.059279 -0.450992
v -0.008139 -0.059698 -0.452690
v -0.009254 -0.059295 -0.452690
v -0.008150 -0.059714 -0.454388
v -0.009267 -0.059310 -0.454388
v -0.010278 -0.058705 -0.450992
v -0.010292 -0.058720 -0.452690
v -0.011207 -0.057971 -0.450992
v -0.013113 -0.055009 -0.450992
v -0.013406 -0.053862 -0.450992
v -0.013457 -0.054007 -0.457781
v -0.013454 -0.053895 -0.456086
v -0.013438 -0.053884 -0.454388
v -0.013422 -0.053873 -0.452690
v -0.013144 -0.055033 -0.454388
v -0.013128 -0.055021 -0.452690
v -0.012671 -0.056122 -0.454388
v -0.012655 -0.056109 -0.452690
v -0.012030 -0.057121 -0.454388
v -0.013160 -0.055045 -0.456086
v -0.013097 -0.055306 -0.457782
v -0.012686 -0.056134 -0.456086
v -0.012436 -0.056625 -0.457782
v -0.012045 -0.057134 -0.456086
v -0.011565 -0.057738 -0.457782
v -0.011250 -0.058014 -0.456086
v -0.010496 -0.058661 -0.457782
v 0.014869 -0.059729 -0.456086
v 0.015132 -0.059674 -0.457781
v 0.015987 -0.059326 -0.456086
v 0.016436 -0.059131 -0.457782
v 0.017026 -0.058749 -0.456086
v 0.017610 -0.058346 -0.457782
v 0.017957 -0.058014 -0.456086
v 0.018612 -0.057348 -0.457782
v 0.020203 -0.053725 -0.457780
v 0.020263 -0.052714 -0.456086
v 0.020246 -0.052704 -0.454388
v 0.020230 -0.052694 -0.452690
v 0.020272 -0.051241 -0.457780
v 0.020272 -0.047550 -0.457781
v 0.020259 -0.046389 -0.456086
v 0.020243 -0.046386 -0.454388
v 0.020227 -0.046383 -0.452690
v -0.007211 -0.059888 -0.452690
v -0.007221 -0.059904 -0.454388
v -0.006267 -0.059952 -0.452690
v -0.006277 -0.059968 -0.454388
v 0.014847 -0.059698 -0.452690
v 0.014858 -0.059714 -0.454388
v 0.015962 -0.059294 -0.452690
v 0.015974 -0.059310 -0.454388
v 0.017013 -0.058734 -0.454388
v 0.019667 -0.035990 -0.458130
v 0.019672 -0.035091 -0.458130
v 0.019030 -0.033454 -0.458498
v 0.019667 -0.039864 -0.458130
v 0.019667 -0.048037 -0.458130
v 0.019665 -0.051428 -0.458130
v 0.019564 -0.053901 -0.458130
v 0.018632 -0.056295 -0.458130
v 0.016857 -0.058162 -0.458130
v 0.016153 -0.058597 -0.458130
v 0.014508 -0.059215 -0.458130
v 0.013026 -0.059378 -0.458130
v 0.011807 -0.059387 -0.458130
v 0.007317 -0.059387 -0.458130
v -0.002894 -0.059387 -0.458130
v -0.002897 -0.058750 -0.458498
v -0.005421 -0.059385 -0.458130
v -0.006177 -0.058740 -0.458498
v -0.007459 -0.059288 -0.458130
v -0.007359 -0.058658 -0.458498
v -0.008432 -0.058363 -0.458498
v -0.009857 -0.058363 -0.458130
v -0.011729 -0.056594 -0.458130
v -0.010412 -0.057134 -0.458498
v -0.009518 -0.057823 -0.458498
v -0.012165 -0.055894 -0.458130
v -0.012790 -0.054249 -0.458130
v -0.012956 -0.052758 -0.458130
v -0.012966 -0.051557 -0.458130
v -0.012966 -0.049749 -0.458130
v -0.012966 -0.047895 -0.458130
v -0.012328 -0.045989 -0.458498
v -0.012328 -0.051559 -0.458498
v -0.012168 -0.054107 -0.458498
v -0.011777 -0.055246 -0.458498
v -0.011210 -0.056224 -0.458498
v 0.011810 -0.058749 -0.458498
v 0.014367 -0.058594 -0.458498
v 0.015510 -0.058206 -0.458498
v 0.016489 -0.057642 -0.458498
v 0.017402 -0.056847 -0.458498
v 0.018093 -0.055955 -0.458498
v 0.018636 -0.054872 -0.458498
v 0.018934 -0.053802 -0.458498
v 0.019019 -0.052413 -0.458498
v 0.019030 -0.048038 -0.458498
v 0.019029 -0.033426 -0.458498
v 0.019029 -0.033399 -0.458498
v 0.019651 -0.033420 -0.458140
v -0.012957 -0.036863 -0.458135
v -0.012955 -0.034309 -0.458135
v -0.012859 -0.032269 -0.458135
v -0.012318 -0.033548 -0.458498
v -0.012238 -0.032367 -0.458498
v -0.011942 -0.031292 -0.458498
v -0.011936 -0.029872 -0.458135
v -0.011403 -0.030206 -0.458498
v -0.010715 -0.029311 -0.458498
v -0.010170 -0.028000 -0.458135
v -0.009805 -0.028512 -0.458498
v -0.009471 -0.027564 -0.458135
v -0.008828 -0.027945 -0.458498
v -0.007829 -0.026940 -0.458135
v -0.007687 -0.027553 -0.458498
v -0.006338 -0.026773 -0.458135
v -0.005135 -0.027393 -0.458498
v -0.005135 -0.026763 -0.458135
v 0.005858 -0.026760 -0.458135
v 0.012246 -0.026758 -0.458135
v 0.015337 -0.027177 -0.458135
v 0.017528 -0.028526 -0.458135
v 0.018096 -0.029120 -0.458135
v 0.019035 -0.030593 -0.458135
v 0.019652 -0.033114 -0.458135
v 0.019023 -0.033143 -0.458498
v 0.018846 -0.031906 -0.458498
v 0.018470 -0.030859 -0.458498
v 0.017853 -0.029815 -0.458498
v 0.017100 -0.028978 -0.458498
v 0.016134 -0.028249 -0.458498
v 0.015117 -0.027759 -0.458498
v 0.013653 -0.027418 -0.458498
v 0.012253 -0.027382 -0.458498
v -0.012328 -0.036861 -0.458498
v 0.020286 -0.037198 -0.459203
v 0.019674 -0.035091 -0.458868
v 0.019669 -0.035990 -0.458868
v 0.019669 -0.039864 -0.458868
v 0.019669 -0.048037 -0.458868
v 0.020286 -0.043107 -0.459205
v 0.020286 -0.048784 -0.459217
v 0.019667 -0.051428 -0.458868
v 0.020286 -0.051870 -0.459227
v 0.019565 -0.053901 -0.458868
v 0.020188 -0.053925 -0.459224
v 0.019689 -0.055619 -0.459224
v 0.018633 -0.056296 -0.458868
v 0.019004 -0.056856 -0.459225
v 0.018093 -0.057937 -0.459225
v 0.016858 -0.058163 -0.458868
v 0.016990 -0.058822 -0.459225
v 0.016157 -0.058598 -0.458868
v 0.015736 -0.059477 -0.459224
v 0.014508 -0.059217 -0.458868
v 0.014386 -0.059875 -0.459225
v 0.013026 -0.059380 -0.458868
v 0.012982 -0.060006 -0.459229
v 0.011807 -0.059389 -0.458868
v 0.007317 -0.059389 -0.458868
v -0.005421 -0.059387 -0.458868
v -0.002894 -0.059389 -0.458868
v 0.001171 -0.060006 -0.459224
v -0.007459 -0.059289 -0.458868
v -0.009858 -0.058364 -0.458868
v -0.009488 -0.059276 -0.459225
v -0.008163 -0.059767 -0.459224
v -0.011731 -0.056595 -0.458868
v -0.011734 -0.057580 -0.459225
v -0.012570 -0.056438 -0.459225
v -0.012167 -0.055895 -0.458868
v -0.013167 -0.055161 -0.459223
v -0.012791 -0.054250 -0.458868
v -0.013507 -0.053795 -0.459226
v -0.012958 -0.052758 -0.458868
v -0.012967 -0.051557 -0.458868
v -0.012968 -0.049749 -0.458868
v -0.012968 -0.047895 -0.458868
v -0.010694 -0.058538 -0.459225
v -0.007471 -0.059913 -0.459224
v 0.019659 -0.033114 -0.458866
v 0.019048 -0.030602 -0.458866
v 0.018102 -0.029116 -0.458866
v 0.017533 -0.028520 -0.458866
v 0.015362 -0.027178 -0.458866
v 0.012246 -0.026750 -0.458866
v 0.005858 -0.026753 -0.458866
v -0.005135 -0.026756 -0.458866
v -0.006338 -0.026765 -0.458866
v -0.007830 -0.026932 -0.458866
v -0.009475 -0.027557 -0.458866
v -0.010175 -0.027994 -0.458866
v -0.011943 -0.029868 -0.458866
v -0.012866 -0.032268 -0.458866
v -0.012965 -0.036863 -0.458866
v -0.012963 -0.034309 -0.458866
v 0.020571 -0.046455 -0.488862
v 0.020641 -0.046470 -0.496252
v 0.020575 -0.052901 -0.488862
v 0.020645 -0.052943 -0.496252
v 0.020472 -0.054103 -0.488862
v 0.020542 -0.054150 -0.496252
v 0.020173 -0.055273 -0.488862
v 0.020242 -0.055324 -0.496252
v 0.019691 -0.056381 -0.488862
v 0.019758 -0.056436 -0.496252
v 0.019039 -0.057397 -0.488862
v 0.019103 -0.057457 -0.496252
v 0.018230 -0.058292 -0.488862
v 0.018292 -0.058355 -0.496252
v 0.017283 -0.059040 -0.488862
v 0.017341 -0.059106 -0.496252
v 0.016226 -0.059626 -0.488862
v 0.016281 -0.059694 -0.496252
v 0.015090 -0.060037 -0.488862
v 0.015140 -0.060106 -0.496252
v 0.014144 -0.060230 -0.488862
v 0.014190 -0.060300 -0.496252
v 0.013181 -0.060296 -0.488862
v 0.013223 -0.060366 -0.496252
v 0.006737 -0.060294 -0.488863
v 0.006752 -0.060364 -0.496252
v -0.006474 -0.060296 -0.488863
v -0.006516 -0.060367 -0.496252
v -0.007437 -0.060231 -0.488863
v -0.007483 -0.060301 -0.496252
v -0.008383 -0.060037 -0.488863
v -0.008433 -0.060106 -0.496252
v -0.009519 -0.059626 -0.488863
v -0.009573 -0.059694 -0.496252
v -0.010576 -0.059040 -0.488863
v -0.010634 -0.059106 -0.496252
v -0.011523 -0.058292 -0.488863
v -0.011584 -0.058355 -0.496252
v -0.012331 -0.057398 -0.488864
v -0.012396 -0.057457 -0.496252
v -0.012983 -0.056381 -0.488864
v -0.013050 -0.056437 -0.496252
v -0.013465 -0.055273 -0.488864
v -0.013534 -0.055324 -0.496252
v -0.013765 -0.054103 -0.488864
v -0.013835 -0.054150 -0.496252
v -0.014000 -0.054533 -0.518498
v -0.014028 -0.054280 -0.516645
v -0.014010 -0.054268 -0.514791
v -0.013993 -0.054256 -0.512937
v -0.013707 -0.055454 -0.514791
v -0.013690 -0.055441 -0.512937
v -0.013218 -0.056576 -0.514791
v -0.013201 -0.056562 -0.512937
v -0.012557 -0.057606 -0.514791
v -0.012541 -0.057591 -0.512937
v -0.011738 -0.058512 -0.514791
v -0.011723 -0.058497 -0.512937
v -0.010779 -0.059270 -0.514791
v -0.010765 -0.059254 -0.512937
v -0.009709 -0.059864 -0.514791
v -0.009695 -0.059847 -0.512937
v -0.008558 -0.060280 -0.514791
v -0.008545 -0.060263 -0.512937
v -0.007598 -0.060476 -0.514791
v -0.007587 -0.060459 -0.512937
v -0.006622 -0.060543 -0.514791
v -0.006612 -0.060525 -0.512937
v 0.006789 -0.060541 -0.514791
v 0.006785 -0.060523 -0.512937
v 0.013329 -0.060543 -0.514791
v 0.013319 -0.060525 -0.512937
v 0.014306 -0.060476 -0.514791
v 0.014294 -0.060459 -0.512937
v 0.015265 -0.060280 -0.514791
v 0.015252 -0.060263 -0.512937
v 0.016416 -0.059864 -0.514791
v 0.016403 -0.059847 -0.512937
v 0.017487 -0.059270 -0.514791
v 0.017472 -0.059253 -0.512937
v 0.018446 -0.058512 -0.514791
v 0.018430 -0.058497 -0.512937
v 0.019265 -0.057606 -0.514791
v 0.019249 -0.057591 -0.512937
v 0.019926 -0.056576 -0.514791
v 0.019909 -0.056562 -0.512937
v 0.020415 -0.055453 -0.514791
v 0.020398 -0.055440 -0.512937
v 0.020718 -0.054268 -0.514791
v 0.020700 -0.054256 -0.512937
v 0.020821 -0.053049 -0.514791
v 0.020804 -0.053039 -0.512937
v 0.020818 -0.046508 -0.514791
v 0.020800 -0.046504 -0.512937
v 0.020783 -0.046500 -0.511083
v 0.020747 -0.046493 -0.507376
v 0.020751 -0.053007 -0.507376
v 0.020715 -0.052986 -0.503668
v 0.020613 -0.054197 -0.503668
v -0.013724 -0.055467 -0.516645
v -0.013567 -0.055939 -0.518498
v -0.013235 -0.056590 -0.516645
v -0.012874 -0.057237 -0.518498
v -0.012574 -0.057621 -0.516645
v -0.011945 -0.058374 -0.518498
v -0.011754 -0.058528 -0.516645
v -0.010808 -0.059303 -0.518498
v -0.010794 -0.059287 -0.516645
v -0.009723 -0.059881 -0.516645
v -0.009511 -0.059996 -0.518498
v -0.008570 -0.060298 -0.516645
v -0.008105 -0.060429 -0.518498
v -0.007610 -0.060494 -0.516645
v -0.006644 -0.060578 -0.518498
v -0.006633 -0.060561 -0.516645
v 0.006793 -0.060558 -0.516645
v 0.013351 -0.060578 -0.518498
v 0.013340 -0.060560 -0.516645
v 0.014317 -0.060494 -0.516645
v 0.014812 -0.060429 -0.518498
v 0.015277 -0.060298 -0.516645
v 0.016218 -0.059996 -0.518498
v 0.016430 -0.059881 -0.516645
v 0.017516 -0.059303 -0.518498
v 0.017501 -0.059286 -0.516645
v 0.018461 -0.058528 -0.516645
v 0.018653 -0.058373 -0.518498
v 0.019281 -0.057621 -0.516645
v 0.019582 -0.057236 -0.518498
v 0.019943 -0.056590 -0.516645
v 0.020275 -0.055938 -0.518498
v 0.020432 -0.055466 -0.516645
v 0.020708 -0.054532 -0.518498
v 0.020735 -0.054279 -0.516645
v 0.020857 -0.053071 -0.518498
v 0.020839 -0.053060 -0.516645
v 0.020836 -0.046511 -0.516645
v 0.020712 -0.046485 -0.503668
v -0.013975 -0.054244 -0.511083
v -0.013940 -0.054221 -0.507376
v -0.013672 -0.055428 -0.511083
v -0.013638 -0.055402 -0.507376
v -0.013185 -0.056549 -0.511083
v -0.013151 -0.056521 -0.507376
v -0.012525 -0.057576 -0.511083
v -0.012493 -0.057547 -0.507376
v -0.011708 -0.058481 -0.511083
v -0.011677 -0.058450 -0.507376
v -0.010750 -0.059237 -0.511083
v -0.010721 -0.059204 -0.507376
v -0.009682 -0.059830 -0.511083
v -0.009655 -0.059796 -0.507376
v -0.008533 -0.060246 -0.511083
v -0.008508 -0.060211 -0.507376
v -0.007575 -0.060441 -0.511083
v -0.007552 -0.060406 -0.507376
v -0.006601 -0.060508 -0.511083
v -0.006580 -0.060472 -0.507376
v 0.006782 -0.060506 -0.511083
v 0.006774 -0.060470 -0.507376
v 0.013308 -0.060507 -0.511083
v 0.013287 -0.060472 -0.507376
v 0.014283 -0.060441 -0.511083
v 0.014259 -0.060406 -0.507376
v 0.015240 -0.060245 -0.511083
v 0.015215 -0.060211 -0.507376
v 0.016389 -0.059830 -0.511083
v 0.016362 -0.059796 -0.507376
v 0.017457 -0.059237 -0.511083
v 0.017428 -0.059204 -0.507376
v 0.018415 -0.058481 -0.511083
v 0.018384 -0.058449 -0.507376
v 0.019233 -0.057576 -0.511083
v 0.019200 -0.057546 -0.507376
v 0.019892 -0.056548 -0.511083
v 0.019859 -0.056520 -0.507376
v 0.020380 -0.055427 -0.511083
v 0.020346 -0.055402 -0.507376
v 0.020683 -0.054244 -0.511083
v 0.020648 -0.054220 -0.507376
v 0.020786 -0.053028 -0.511083
v -0.013905 -0.054197 -0.503668
v -0.013603 -0.055376 -0.503668
v -0.013117 -0.056493 -0.503668
v -0.012460 -0.057517 -0.503668
v -0.011646 -0.058418 -0.503668
v -0.010692 -0.059172 -0.503668
v -0.009628 -0.059762 -0.503668
v -0.008483 -0.060176 -0.503668
v -0.007529 -0.060371 -0.503668
v -0.006559 -0.060437 -0.503668
v 0.006767 -0.060435 -0.503668
v 0.013266 -0.060437 -0.503668
v 0.014236 -0.060371 -0.503668
v 0.015190 -0.060176 -0.503668
v 0.016335 -0.059762 -0.503668
v 0.017399 -0.059171 -0.503668
v 0.018353 -0.058418 -0.503668
v 0.019168 -0.057516 -0.503668
v 0.019825 -0.056492 -0.503668
v 0.020311 -0.055376 -0.503668
v 0.003351 -0.043071 -0.518498
vn -1.0000 -0.0008 0.0095
vn -1.0000 -0.0012 0.0094
vn -1.0000 -0.0012 0.0095
vn -1.0000 -0.0015 0.0094
vn -1.0000 -0.0015 0.0097
vn -0.9858 0.1662 0.0248
vn -0.9858 0.1663 0.0248
vn -0.9458 0.3223 0.0390
vn -0.9458 0.3225 0.0388
vn -0.8822 0.4679 0.0520
vn -0.8822 0.4680 0.0520
vn -0.7949 0.6034 0.0640
vn -0.6827 0.7269 0.0747
vn -0.6830 0.7266 0.0746
vn -0.5537 0.8285 0.0833
vn -0.4138 0.9059 0.0896
vn -0.4142 0.9058 0.0897
vn -0.2636 0.9601 0.0938
vn -0.1349 0.9863 0.0954
vn -0.1344 0.9863 0.0955
vn 0.0004 0.9954 0.0955
vn 0.0005 0.9954 0.0955
vn -0.0000 0.9954 0.0956
vn -0.0000 0.9954 0.0955
vn -0.0004 0.9954 0.0955
vn -0.0005 0.9954 0.0958
vn 0.1349 0.9862 0.0954
vn 0.1350 0.9862 0.0955
vn 0.2636 0.9601 0.0938
vn 0.4138 0.9059 0.0897
vn 0.4138 0.9059 0.0896
vn 0.5538 0.8284 0.0833
vn 0.5538 0.8285 0.0833
vn 0.6829 0.7266 0.0747
vn 0.6829 0.7267 0.0747
vn 0.7950 0.6032 0.0639
vn 0.7950 0.6032 0.0640
vn 0.8821 0.4682 0.0520
vn 0.8820 0.4684 0.0521
vn 0.9458 0.3223 0.0390
vn 0.9458 0.3224 0.0390
vn 0.9858 0.1658 0.0247
vn 0.9858 0.1662 0.0248
vn 1.0000 -0.0008 0.0095
vn 0.9857 0.1664 0.0248
vn 0.9858 0.1661 0.0246
vn 0.9459 0.3223 0.0388
vn 0.9457 0.3227 0.0390
vn 0.8822 0.4680 0.0522
vn 0.9231 0.3821 0.0443
vn 0.8328 0.5503 0.0593
vn -1.0000 -0.0009 0.0099
vn -1.0000 -0.0009 0.0095
vn -1.0000 -0.0008 0.0096
vn -0.9654 0.2585 0.0332
vn -0.9857 0.1664 0.0248
vn -1.0000 -0.0014 0.0094
vn -0.9459 0.3222 0.0385
vn -0.8991 0.4350 0.0493
vn -0.8821 0.4682 0.0517
vn -0.7994 0.5974 0.0634
vn -0.7949 0.6033 0.0639
vn -0.6830 0.7266 0.0747
vn -0.5536 0.8286 0.0833
vn -0.6832 0.7264 0.0746
vn -0.5540 0.8283 0.0833
vn -0.6644 0.7435 0.0761
vn -0.5538 0.8285 0.0832
vn -0.4140 0.9059 0.0897
vn -0.4138 0.9060 0.0896
vn -0.5076 0.8573 0.0858
vn -0.4138 0.9060 0.0892
vn -0.3368 0.9371 0.0921
vn -0.1351 0.9862 0.0954
vn -0.1347 0.9863 0.0954
vn -0.1507 0.9840 0.0953
vn -0.1351 0.9862 0.0955
vn 0.0002 0.9954 0.0955
vn 0.0001 0.9954 0.0956
vn -0.0005 0.9954 0.0957
vn 0.0768 0.9924 0.0957
vn 0.1347 0.9863 0.0953
vn 0.1755 0.9799 0.0951
vn 0.3600 0.9285 0.0914
vn 0.4135 0.9061 0.0892
vn 0.4465 0.8904 0.0884
vn 0.5538 0.8285 0.0831
vn 0.6086 0.7894 0.0800
vn 0.6834 0.7263 0.0741
vn 0.7540 0.6534 0.0684
vn 0.7951 0.6031 0.0639
vn 0.8664 0.4964 0.0545
vn 0.8822 0.4680 0.0517
vn 0.9448 0.3252 0.0392
vn 0.9458 0.3225 0.0388
vn 0.9858 0.1663 0.0247
vn 0.9857 0.1665 0.0248
vn 0.9857 0.1666 0.0248
vn 0.9901 0.1385 0.0223
vn 1.0000 -0.0008 0.0099
vn 0.9797 0.1987 0.0277
vn 0.7072 0.7033 0.0727
vn 0.6827 0.7269 0.0748
vn 0.5537 0.8286 0.0833
vn 0.5541 0.8283 0.0834
vn 0.4140 0.9059 0.0897
vn 0.4139 0.9059 0.0896
vn 0.5544 0.8281 0.0831
vn 0.3847 0.9186 0.0906
vn 0.2004 0.9751 0.0948
vn 0.1352 0.9862 0.0954
vn -0.0005 0.9954 0.0955
vn -0.0000 0.9954 0.0959
vn 0.0004 0.9954 0.0956
vn -0.1352 0.9862 0.0954
vn -0.1348 0.9863 0.0955
vn -0.2004 0.9751 0.0948
vn -0.2636 0.9601 0.0937
vn -0.3847 0.9186 0.0906
vn -0.4139 0.9059 0.0898
vn -0.4138 0.9060 0.0895
vn -0.5539 0.8284 0.0833
vn -0.5544 0.8281 0.0833
vn -0.6827 0.7269 0.0748
vn -0.7071 0.7034 0.0727
vn -0.7950 0.6033 0.0640
vn -0.8328 0.5505 0.0593
vn -0.8821 0.4681 0.0521
vn -0.9230 0.3821 0.0443
vn -0.9457 0.3226 0.0391
vn -0.9797 0.1985 0.0277
vn -1.0000 -0.0012 0.0098
vn -1.0000 -0.0012 0.0096
vn -0.9858 0.1661 0.0248
vn -0.9457 0.3228 0.0390
vn -0.8819 0.4685 0.0521
vn -0.8821 0.4682 0.0521
vn -0.7948 0.6035 0.0640
vn -0.6831 0.7265 0.0746
vn -0.6832 0.7264 0.0748
vn 0.0001 0.9954 0.0954
vn 0.6831 0.7265 0.0748
vn 0.6832 0.7264 0.0747
vn 0.7949 0.6033 0.0640
vn 0.8821 0.4683 0.0519
vn 0.8820 0.4684 0.0519
vn 0.9457 0.3228 0.0390
vn 0.9459 0.3221 0.0389
vn 0.8821 0.4682 0.0521
vn 0.7949 0.6034 0.0640
vn 0.6832 0.7264 0.0746
vn 0.5543 0.8282 0.0833
vn 0.5536 0.8286 0.0833
vn 0.4138 0.9060 0.0897
vn 0.1350 0.9862 0.0954
vn 0.0001 0.9954 0.0955
vn -0.7949 0.6033 0.0640
vn -0.8820 0.4685 0.0520
vn -0.9457 0.3226 0.0390
vn -0.9456 0.3229 0.0390
vn -0.9858 0.1660 0.0248
vn 0.9459 0.3222 0.0388
vn 0.9747 0.2213 0.0298
vn 1.0000 -0.0007 0.0095
vn 0.9459 0.3220 0.0388
vn 0.9459 0.3222 0.0389
vn 0.8822 0.4681 0.0520
vn 0.8822 0.4679 0.0520
vn 0.6833 0.7263 0.0747
vn 0.5534 0.8287 0.0833
vn 0.4137 0.9060 0.0896
vn 0.4135 0.9061 0.0897
vn 0.2635 0.9601 0.0938
vn 0.1349 0.9863 0.0954
vn 0.0005 0.9954 0.0956
vn -0.1350 0.9862 0.0954
vn -0.2636 0.9601 0.0939
vn -0.4136 0.9060 0.0896
vn -0.4137 0.9060 0.0897
vn -0.5540 0.8283 0.0832
vn -0.5538 0.8285 0.0833
vn -0.6829 0.7267 0.0747
vn -0.7951 0.6031 0.0639
vn -0.8822 0.4681 0.0520
vn -0.8823 0.4679 0.0520
vn -0.9459 0.3222 0.0388
vn -1.0000 -0.0013 0.0094
vn -1.0000 -0.0010 0.0095
vn -1.0000 -0.0009 0.0093
vn 0.9457 0.3226 0.0390
vn 0.9052 0.4222 0.0479
vn 0.8823 0.4678 0.0520
vn 0.8357 0.5460 0.0589
vn 0.7952 0.6030 0.0640
vn 0.7122 0.6983 0.0722
vn 0.6827 0.7268 0.0748
vn 0.5605 0.8240 0.0828
vn 0.4137 0.9060 0.0897
vn 0.3939 0.9147 0.0903
vn 0.2128 0.9725 0.0946
vn 0.1353 0.9862 0.0954
vn -0.1421 0.9853 0.0954
vn -0.1353 0.9862 0.0954
vn -0.2635 0.9601 0.0938
vn -0.3294 0.9397 0.0923
vn -0.5010 0.8612 0.0860
vn -0.5534 0.8287 0.0833
vn -0.6584 0.7488 0.0765
vn -0.7946 0.6037 0.0639
vn -0.8957 0.4418 0.0497
vn -0.9635 0.2655 0.0338
vn -0.9858 0.1662 0.0247
vn -0.9996 0.0272 0.0120
vn -1.0000 -0.0010 0.0096
vn -1.0000 -0.0008 0.0092
vn -1.0000 -0.0012 0.0097
vn -0.9459 0.3222 0.0387
vn -0.7950 0.6032 0.0639
vn -0.5540 0.8284 0.0832
vn -0.4135 0.9061 0.0897
vn -0.1349 0.9862 0.0955
vn 0.4135 0.9061 0.0895
vn 0.6830 0.7265 0.0747
vn 0.8822 0.4680 0.0519
vn -0.9661 0.2561 0.0330
vn -0.9457 0.3226 0.0389
vn -0.9001 0.4329 0.0489
vn -0.8823 0.4679 0.0519
vn -0.8011 0.5952 0.0633
vn -0.7951 0.6032 0.0639
vn -0.6830 0.7266 0.0745
vn -0.6664 0.7417 0.0760
vn -0.5534 0.8287 0.0832
vn -0.5097 0.8561 0.0856
vn -0.3402 0.9358 0.0920
vn -0.1556 0.9832 0.0953
vn -0.1349 0.9862 0.0954
vn -0.0126 0.9953 0.0956
vn 0.0002 0.9954 0.0957
vn 0.0600 0.9936 0.0957
vn 0.1349 0.9863 0.0953
vn 0.2542 0.9626 0.0939
vn 0.3449 0.9341 0.0918
vn 0.4319 0.8975 0.0890
vn 0.5952 0.7995 0.0809
vn 0.6827 0.7268 0.0746
vn 0.7426 0.6661 0.0695
vn 0.7952 0.6029 0.0639
vn 0.8582 0.5104 0.0558
vn 0.8823 0.4678 0.0518
vn 0.9394 0.3405 0.0406
vn 0.9458 0.3225 0.0389
vn 0.9876 0.1553 0.0238
vn 0.9857 0.1667 0.0248
vn 1.0000 -0.0008 0.0098
vn 0.9724 0.2312 0.0307
vn 0.9811 0.1916 0.0271
vn 0.9947 0.1012 0.0190
vn 1.0000 -0.0009 0.0095
vn 1.0000 -0.0008 0.0096
vn 0.9249 0.3777 0.0439
vn 0.8914 0.4505 0.0503
vn 0.8326 0.5507 0.0593
vn 0.8102 0.5829 0.0622
vn 0.7069 0.7035 0.0727
vn 0.6814 0.7281 0.0748
vn 0.5805 0.8101 0.0818
vn 0.5267 0.8458 0.0847
vn 0.4399 0.8937 0.0887
vn 0.3520 0.9315 0.0917
vn 0.2869 0.9534 0.0933
vn 0.2594 0.9612 0.0938
vn 0.1291 0.9870 0.0955
vn 0.0691 0.9930 0.0957
vn -0.0001 0.9954 0.0955
vn -0.0001 0.9954 0.0956
vn -0.0001 0.9954 0.0957
vn -0.0462 0.9943 0.0960
vn -0.1290 0.9870 0.0955
vn -0.2361 0.9672 0.0943
vn -0.3647 0.9266 0.0913
vn -0.4253 0.9007 0.0892
vn -0.5809 0.8098 0.0818
vn -0.5941 0.8003 0.0809
vn -0.7308 0.6789 0.0706
vn -0.7628 0.6431 0.0675
vn -0.8432 0.5345 0.0579
vn -0.8984 0.4365 0.0492
vn -0.9343 0.3541 0.0418
vn -0.9738 0.2255 0.0302
vn -0.9760 0.2158 0.0293
vn -0.9916 0.1278 0.0214
vn -1.0000 -0.0011 0.0095
vn -0.9994 0.0336 0.0127
vn -0.0905 0.9913 0.0957
vn -0.2794 0.9556 0.0935
vn -0.4608 0.8832 0.0878
vn -0.6231 0.7782 0.0791
vn -0.7627 0.6432 0.0675
vn -0.8741 0.4828 0.0533
vn -0.9520 0.3039 0.0373
vn -0.9918 0.1261 0.0211
vn 0.0977 0.9906 0.0956
vn 0.2839 0.9543 0.0934
vn 0.4631 0.8820 0.0878
vn 0.6239 0.7775 0.0790
vn 0.7648 0.6408 0.0673
vn 0.8763 0.4789 0.0530
vn 0.9542 0.2969 0.0367
vn 0.9692 0.2441 0.0318
vn 0.9822 0.1859 0.0266
vn 0.9976 0.0670 0.0157
vn 1.0000 -0.0009 0.0096
vn 0.9271 0.3723 0.0434
vn 0.8732 0.4844 0.0534
vn 0.8345 0.5478 0.0591
vn 0.7638 0.6420 0.0673
vn 0.7069 0.7036 0.0727
vn 0.6222 0.7788 0.0791
vn 0.5775 0.8123 0.0820
vn 0.4575 0.8849 0.0878
vn 0.4353 0.8960 0.0882
vn 0.2717 0.9578 0.0936
vn 0.2810 0.9552 0.0934
vn 0.1255 0.9875 0.0955
vn 0.1395 0.9856 0.0954
vn -0.1180 0.9884 0.0955
vn -0.1256 0.9875 0.0955
vn -0.3036 0.9483 0.0928
vn -0.2966 0.9505 0.0930
vn -0.4653 0.8808 0.0875
vn -0.4406 0.8933 0.0887
vn -0.6053 0.7919 0.0803
vn -0.6178 0.7823 0.0794
vn -0.7500 0.6579 0.0687
vn -0.7540 0.6533 0.0683
vn -0.8610 0.5056 0.0555
vn -0.7783 0.6245 0.0658
vn -0.8849 0.4630 0.0515
vn 0.0819 0.9920 0.0957
vn -0.4811 0.8723 0.0868
vn -0.6383 0.7658 0.0780
vn -0.9393 0.3407 0.0406
vn -0.9469 0.3191 0.0387
vn -0.9774 0.2095 0.0287
vn -0.9850 0.1707 0.0249
vn -0.9434 0.3294 0.0396
vn -0.8711 0.4882 0.0538
vn -1.0000 -0.0008 0.0094
vn -1.0000 -0.0007 0.0095
vn -0.9884 0.1502 0.0233
vn -0.2547 0.9624 0.0939
vn 0.3229 0.9419 0.0925
vn 0.4969 0.8635 0.0863
vn 0.6534 0.7531 0.0771
vn 0.7895 0.6103 0.0646
vn 0.8944 0.4446 0.0500
vn 0.9656 0.2578 0.0331
vn 0.9667 0.2536 0.0327
vn 0.9823 0.1856 0.0266
vn 0.9998 0.0155 0.0110
vn 0.9273 0.3718 0.0434
vn 0.9231 0.3820 0.0444
vn 0.8629 0.5023 0.0550
vn 0.8347 0.5475 0.0591
vn 0.7573 0.6495 0.0679
vn 0.6142 0.7851 0.0796
vn 0.5778 0.8121 0.0821
vn 0.4509 0.8882 0.0882
vn 0.4350 0.8960 0.0888
vn 0.2660 0.9594 0.0937
vn 0.2809 0.9552 0.0934
vn 0.2495 0.9638 0.0941
vn 0.0578 0.9937 0.0957
vn -0.1084 0.9895 0.0956
vn -0.1254 0.9875 0.0955
vn -0.2926 0.9517 0.0931
vn -0.2962 0.9506 0.0931
vn -0.4649 0.8810 0.0873
vn -0.3980 0.9129 0.0902
vn -0.5656 0.8205 0.0827
vn -0.6177 0.7824 0.0794
vn -0.7146 0.6958 0.0720
vn -0.8382 0.5422 0.0587
vn -0.8613 0.5051 0.0552
vn -0.9290 0.3675 0.0430
vn -0.9394 0.3404 0.0406
vn -0.9561 0.2907 0.0360
vn -0.9851 0.1700 0.0251
vn -0.9868 0.1601 0.0242
vn 0.0488 0.9942 0.0957
vn -0.4691 0.8788 0.0875
vn -0.6290 0.7734 0.0787
vn -0.7693 0.6353 0.0668
vn -0.8812 0.4698 0.0522
vn -0.9539 0.2980 0.0368
vn -0.9860 0.1649 0.0247
vn -0.9996 0.0272 0.0121
vn -0.2320 0.9681 0.0943
vn -0.0312 0.9949 0.0956
vn 0.4380 0.8946 0.0888
vn 0.6035 0.7933 0.0805
vn 0.7499 0.6580 0.0688
vn 0.8620 0.5038 0.0553
vn 0.9435 0.3291 0.0396
vn 0.9870 0.1589 0.0241
vn 0.9669 0.2531 0.0327
vn 0.9823 0.1853 0.0265
vn 0.9974 0.0696 0.0160
vn 0.9272 0.3720 0.0434
vn 0.9232 0.3818 0.0443
vn 0.8633 0.5017 0.0550
vn 0.8347 0.5476 0.0589
vn 0.7578 0.6489 0.0679
vn 0.6147 0.7847 0.0795
vn 0.5776 0.8122 0.0817
vn 0.4515 0.8879 0.0881
vn 0.4350 0.8961 0.0884
vn 0.2666 0.9592 0.0937
vn 0.2805 0.9553 0.0934
vn 0.1252 0.9875 0.0955
vn 0.1389 0.9857 0.0954
vn -0.0000 0.9954 0.0954
vn 0.0769 0.9924 0.0957
vn -0.0718 0.9928 0.0957
vn -0.1252 0.9875 0.0955
vn -0.0949 0.9909 0.0956
vn -0.2870 0.9534 0.0934
vn -0.2961 0.9506 0.0931
vn -0.4708 0.8779 0.0874
vn -0.4646 0.8812 0.0879
vn -0.6176 0.7824 0.0794
vn -0.6024 0.7942 0.0804
vn -0.7473 0.6609 0.0690
vn -0.2584 0.9615 0.0938
vn -0.4396 0.8938 0.0886
vn -0.8702 0.4898 0.0539
vn -0.8612 0.5053 0.0551
vn -0.7540 0.6533 0.0682
vn -0.6323 0.7708 0.0785
vn -0.9395 0.3403 0.0405
vn -0.9421 0.3330 0.0399
vn -0.9852 0.1697 0.0251
vn -0.9887 0.1481 0.0229
vn -1.0000 -0.0009 0.0100
vn -0.9930 0.1166 0.0203
vn -0.9545 0.2959 0.0366
vn -0.8828 0.4668 0.0519
vn -0.7735 0.6303 0.0666
vn 0.3220 0.9422 0.0926
vn 0.4960 0.8640 0.0864
vn 0.6525 0.7539 0.0771
vn 0.7888 0.6112 0.0647
vn 0.8939 0.4455 0.0500
vn 0.9655 0.2584 0.0332
vn 0.9670 0.2526 0.0326
vn 0.9824 0.1850 0.0265
vn 0.9974 0.0708 0.0161
vn 0.9275 0.3713 0.0433
vn 0.9234 0.3812 0.0441
vn 0.8635 0.5013 0.0549
vn 0.8350 0.5471 0.0590
vn 0.7582 0.6485 0.0679
vn 0.6151 0.7845 0.0795
vn 0.5773 0.8124 0.0819
vn 0.4519 0.8877 0.0882
vn 0.4348 0.8962 0.0882
vn 0.2669 0.9592 0.0936
vn 0.2802 0.9554 0.0934
vn 0.1251 0.9875 0.0955
vn 0.1377 0.9859 0.0954
vn -0.0066 0.9954 0.0957
vn -0.1171 0.9885 0.0957
vn -0.1249 0.9876 0.0955
vn -0.2658 0.9595 0.0937
vn -0.3584 0.9291 0.0914
vn -0.4515 0.8879 0.0882
vn -0.5774 0.8123 0.0820
vn -0.6145 0.7849 0.0797
vn -0.7637 0.6420 0.0678
vn -0.7566 0.6503 0.0681
vn -0.8756 0.4801 0.0531
vn -0.9011 0.4310 0.0487
vn -0.9456 0.3231 0.0390
vn -0.9744 0.2229 0.0297
vn -0.9888 0.1474 0.0231
vn -1.0000 -0.0017 0.0093
vn -1.0000 -0.0010 0.0092
vn 0.0773 0.9924 0.0957
vn -0.0633 0.9934 0.0957
vn -0.1584 0.9828 0.0953
vn -0.3429 0.9349 0.0920
vn -0.5170 0.8518 0.0851
vn -0.6707 0.7379 0.0756
vn -0.8031 0.5925 0.0630
vn -0.9017 0.4295 0.0486
vn -0.9689 0.2454 0.0320
vn 0.3208 0.9426 0.0927
vn 0.4948 0.8647 0.0863
vn 0.6514 0.7548 0.0772
vn 0.7880 0.6122 0.0648
vn 0.8933 0.4466 0.0501
vn 0.9652 0.2594 0.0332
vn 0.9675 0.2509 0.0325
vn 0.9824 0.1847 0.0265
vn 0.9973 0.0722 0.0162
vn 1.0000 -0.0008 0.0097
vn 0.9275 0.3712 0.0433
vn 0.9244 0.3789 0.0440
vn 0.8651 0.4986 0.0547
vn 0.8351 0.5469 0.0590
vn 0.7533 0.6541 0.0683
vn 0.6092 0.7890 0.0799
vn 0.5771 0.8126 0.0816
vn 0.4453 0.8910 0.0884
vn 0.4343 0.8965 0.0882
vn 0.2800 0.9554 0.0934
vn 0.3196 0.9430 0.0925
vn 0.1366 0.9860 0.0954
vn 0.1248 0.9876 0.0955
vn 0.0698 0.9930 0.0957
vn -0.0001 0.9954 0.0953
vn 0.2596 0.9612 0.0938
vn -0.0820 0.9920 0.0957
vn -0.1248 0.9876 0.0955
vn -0.2678 0.9589 0.0935
vn -0.3581 0.9292 0.0915
vn -0.4488 0.8893 0.0883
vn -0.6100 0.7884 0.0799
vn -0.7641 0.6416 0.0672
vn -0.7527 0.6548 0.0685
vn -0.8743 0.4825 0.0533
vn -0.9012 0.4307 0.0487
vn -0.9443 0.3269 0.0393
vn -0.9745 0.2222 0.0300
vn -0.9819 0.1876 0.0267
vn -0.9993 0.0353 0.0126
vn -1.0000 -0.0014 0.0096
vn -0.9956 0.0918 0.0181
vn -0.9613 0.2735 0.0346
vn -0.8940 0.4454 0.0498
vn -0.8466 0.5291 0.0574
vn -0.7265 0.6835 0.0711
vn -0.5793 0.8110 0.0817
vn -0.4109 0.9073 0.0898
vn -0.2245 0.9699 0.0945
vn 0.4935 0.8654 0.0864
vn 0.6502 0.7558 0.0773
vn 0.7871 0.6134 0.0650
vn 0.8927 0.4478 0.0502
vn 0.9649 0.2606 0.0333
vn 1.0000 -0.0009 0.0097
vn 0.9825 0.1843 0.0264
vn 0.9900 0.1390 0.0226
vn 0.9609 0.2748 0.0346
vn 0.9277 0.3707 0.0434
vn 0.9089 0.4144 0.0472
vn 0.8351 0.5469 0.0591
vn 0.8383 0.5421 0.0586
vn 0.7171 0.6933 0.0718
vn 0.5670 0.8196 0.0826
vn 0.5768 0.8128 0.0820
vn 0.4346 0.8962 0.0887
vn 0.5493 0.8314 0.0836
vn 0.3729 0.9234 0.0910
vn 0.2795 0.9556 0.0934
vn 0.1862 0.9779 0.0950
vn 0.1246 0.9876 0.0955
vn 0.3969 0.9134 0.0903
vn 0.2103 0.9730 0.0947
vn -0.0001 0.9955 0.0950
vn -0.0000 0.9955 0.0952
vn -0.1854 0.9781 0.0950
vn -0.1245 0.9876 0.0952
vn -0.3575 0.9294 0.0915
vn -0.1861 0.9779 0.0950
vn -0.3731 0.9233 0.0910
vn -0.5498 0.8311 0.0836
vn -0.5773 0.8124 0.0820
vn -0.7061 0.7044 0.0728
vn -0.7643 0.6413 0.0673
vn -0.8358 0.5459 0.0591
vn -0.9014 0.4303 0.0486
vn -0.9274 0.3716 0.0434
vn -0.9745 0.2223 0.0297
vn -0.9811 0.1916 0.0272
vn -1.0000 -0.0008 0.0097
vn -1.0000 -0.0008 0.0093
vn -0.3694 0.9248 0.0912
vn -0.5400 0.8375 0.0839
vn -0.6914 0.7187 0.0740
vn -0.8198 0.5694 0.0608
vn -0.9157 0.3993 0.0454
vn -0.9753 0.2191 0.0296
vn -0.9995 0.0300 0.0122
vn 0.7070 0.7034 0.0728
vn 0.8354 0.5465 0.0590
vn 0.9277 0.3707 0.0433
vn 0.9826 0.1840 0.0264
vn 0.5018 0.0744 -0.8618
vn 0.4999 0.0747 -0.8629
vn 0.5000 0.0710 -0.8631
vn 0.4999 0.0758 -0.8628
vn 0.4997 0.0715 -0.8632
vn 0.4987 0.0747 -0.8636
vn 0.5014 0.0746 -0.8620
vn 0.5011 0.0746 -0.8622
vn 0.5018 0.0747 -0.8618
vn 0.5018 0.0745 -0.8618
vn 0.4982 0.0135 -0.8670
vn 0.4871 -0.0449 -0.8722
vn 0.4622 -0.1181 -0.8789
vn 0.4533 -0.1378 -0.8806
vn 0.4022 -0.2224 -0.8881
vn 0.3514 -0.2801 -0.8933
vn 0.3368 -0.2939 -0.8945
vn 0.3000 -0.3238 -0.8973
vn 0.2579 -0.3514 -0.9000
vn 0.1891 -0.3846 -0.9035
vn 0.1708 -0.3913 -0.9043
vn 0.0740 -0.4166 -0.9061
vn 0.0776 -0.4161 -0.9060
vn 0.0078 -0.4210 -0.9070
vn -0.0503 -0.4233 -0.9046
vn -0.0001 -0.4232 -0.9060
vn -0.0001 -0.4219 -0.9066
vn -0.0001 -0.4215 -0.9068
vn 0.0001 -0.4215 -0.9068
vn -0.0022 -0.4214 -0.9069
vn 0.0085 -0.4210 -0.9070
vn 0.0001 -0.4212 -0.9069
vn 0.0083 -0.4210 -0.9070
vn -0.1435 -0.4065 -0.9023
vn -0.0873 -0.4192 -0.9037
vn -0.0230 -0.4244 -0.9052
vn -0.0066 -0.4238 -0.9057
vn 0.0001 -0.4232 -0.9061
vn -0.1928 -0.3888 -0.9009
vn -0.2410 -0.3652 -0.8992
vn -0.2732 -0.3468 -0.8973
vn -0.3267 -0.3085 -0.8933
vn -0.3573 -0.2802 -0.8910
vn -0.3934 -0.2393 -0.8877
vn -0.4632 -0.1191 -0.8782
vn -0.4468 -0.1566 -0.8808
vn -0.4811 -0.0693 -0.8739
vn -0.4958 -0.0032 -0.8684
vn -0.4987 0.0247 -0.8664
vn -0.5002 0.0629 -0.8636
vn -0.5001 0.0658 -0.8635
vn -0.5000 0.0711 -0.8631
vn -0.5000 0.0774 -0.8626
vn -0.4997 0.0758 -0.8629
vn -0.5000 0.0761 -0.8627
vn -0.4999 0.0759 -0.8627
vn -0.5004 0.0767 -0.8624
vn -0.4989 0.0661 -0.8641
vn -0.4989 0.0662 -0.8641
vn -0.5013 0.0661 -0.8628
vn -0.5005 0.0630 -0.8634
vn -0.4901 -0.0363 -0.8709
vn -0.4638 -0.1176 -0.8781
vn -0.4147 -0.2108 -0.8852
vn -0.3584 -0.2792 -0.8909
vn -0.1952 -0.3879 -0.9008
vn 0.1076 -0.4108 -0.9054
vn 0.1873 -0.3853 -0.9036
vn 0.2800 -0.3376 -0.8987
vn 0.3517 -0.2798 -0.8933
vn 0.4179 -0.2003 -0.8861
vn 0.4625 -0.1176 -0.8788
vn 0.4930 -0.0185 -0.8698
vn -0.4974 0.1022 -0.8615
vn -0.4996 0.0745 -0.8631
vn -0.4998 0.0746 -0.8629
vn -0.4999 0.0743 -0.8629
vn -0.4902 0.1606 -0.8567
vn -0.4903 0.1592 -0.8569
vn -0.4977 0.0971 -0.8619
vn -0.4986 0.0807 -0.8631
vn -0.4607 0.2599 -0.8487
vn -0.4549 0.2728 -0.8478
vn -0.4064 0.3584 -0.8405
vn -0.3441 0.4315 -0.8339
vn -0.3539 0.4219 -0.8347
vn -0.4180 0.3412 -0.8419
vn -0.4595 0.2621 -0.8486
vn -0.2685 0.4920 -0.8282
vn -0.2849 0.4810 -0.8291
vn -0.3531 0.4226 -0.8347
vn -0.1964 0.5307 -0.8245
vn -0.1835 0.5353 -0.8245
vn -0.0810 0.5657 -0.8206
vn -0.0917 0.5638 -0.8208
vn -0.0153 0.5723 -0.8199
vn 0.0033 0.5727 -0.8197
vn 0.0037 0.5728 -0.8197
vn 0.0002 0.5725 -0.8199
vn 0.0003 0.5725 -0.8199
vn 0.0003 0.5716 -0.8206
vn 0.0003 0.5697 -0.8219
vn 0.0002 0.5697 -0.8218
vn -0.0077 0.5691 -0.8222
vn -0.0034 0.5694 -0.8220
vn 0.0210 0.5700 -0.8214
vn 0.1043 0.5597 -0.8221
vn 0.0293 0.5697 -0.8213
vn 0.0131 0.5698 -0.8217
vn 0.2186 0.5203 -0.8255
vn 0.1977 0.5300 -0.8247
vn 0.2828 0.4834 -0.8285
vn 0.3741 0.4033 -0.8351
vn 0.3576 0.4206 -0.8338
vn 0.4182 0.3461 -0.8398
vn 0.4112 0.3564 -0.8390
vn 0.4546 0.2811 -0.8452
vn 0.4716 0.2395 -0.8487
vn 0.4811 0.2098 -0.8512
vn 0.4976 0.1235 -0.8586
vn 0.4957 0.1422 -0.8567
vn 0.4998 0.0882 -0.8617
vn 0.4999 0.0890 -0.8615
vn 0.4944 0.1479 -0.8566
vn 0.4715 0.2396 -0.8487
vn 0.4284 0.3298 -0.8412
vn 0.3739 0.4036 -0.8351
vn 0.2981 0.4724 -0.8294
vn 0.2183 0.5205 -0.8255
vn 0.1216 0.5557 -0.8224
vn 0.0294 0.5697 -0.8213
vn -0.0152 0.5723 -0.8199
vn -0.1137 0.5591 -0.8212
vn -0.1951 0.5306 -0.8249
vn -0.9826 -0.1859 -0.0055
vn -0.9825 -0.1862 -0.0055
vn -0.9947 -0.1028 0.0012
vn -0.9582 -0.2857 -0.0137
vn -0.9277 -0.3728 -0.0207
vn -0.9278 -0.3724 -0.0209
vn -0.8349 -0.5493 -0.0349
vn -0.8352 -0.5487 -0.0356
vn -0.7069 -0.7056 -0.0490
vn -0.7072 -0.7053 -0.0486
vn -0.5771 -0.8146 -0.0584
vn -0.5493 -0.8335 -0.0601
vn -0.4345 -0.8982 -0.0661
vn -0.3729 -0.9253 -0.0686
vn -0.2796 -0.9574 -0.0718
vn -0.1862 -0.9797 -0.0740
vn -0.1246 -0.9894 -0.0752
vn -0.0000 -0.9971 -0.0765
vn 0.0141 -0.9970 -0.0764
vn -0.0000 -0.9971 -0.0763
vn 0.1245 -0.9894 -0.0751
vn 0.1861 -0.9797 -0.0740
vn 0.3576 -0.9313 -0.0692
vn 0.3731 -0.9253 -0.0686
vn 0.5498 -0.8331 -0.0600
vn 0.5773 -0.8144 -0.0584
vn 0.7061 -0.7064 -0.0490
vn 0.7641 -0.6437 -0.0437
vn 0.8359 -0.5478 -0.0355
vn 0.9014 -0.4323 -0.0259
vn 0.9273 -0.3737 -0.0209
vn 0.9744 -0.2244 -0.0087
vn 0.9811 -0.1934 -0.0060
vn 1.0000 -0.0002 0.0095
vn 1.0000 -0.0003 0.0095
vn 1.0000 -0.0002 0.0096
vn 0.9685 -0.2490 -0.0107
vn -0.8863 -0.4622 -0.0285
vn -0.7817 -0.6222 -0.0419
vn -0.6443 -0.7629 -0.0539
vn -0.4792 -0.8754 -0.0640
vn -0.3058 -0.9494 -0.0714
vn -0.1193 -0.9900 -0.0753
vn 0.1581 -0.9846 -0.0746
vn 0.3426 -0.9369 -0.0697
vn 0.5165 -0.8540 -0.0621
vn 0.6701 -0.7404 -0.0520
vn 0.8025 -0.5953 -0.0401
vn 0.9037 -0.4275 -0.0254
vn -0.0000 -0.0860 0.9963
vn 0.0002 -0.0860 0.9963
vn -0.0001 -0.0860 0.9963
vn -0.0005 -0.0860 0.9963
vn -0.0002 -0.0860 0.9963
vn 0.0001 -0.0860 0.9963
vn 0.0007 -0.0860 0.9963
vn -0.0008 -0.0860 0.9963
vn 0.5003 -0.0774 0.8624
vn 0.5000 -0.0732 0.8629
vn 0.4998 -0.0782 0.8626
vn 0.5001 -0.0740 0.8628
vn 0.4990 -0.0745 0.8634
vn 0.5019 -0.0741 0.8617
vn 0.5008 -0.0744 0.8624
vn 0.5015 -0.0743 0.8620
vn 0.5017 -0.0744 0.8618
vn 0.5019 -0.0743 0.8617
vn 0.5002 -0.1173 0.8579
vn 0.4982 -0.1353 0.8564
vn 0.4825 -0.2112 0.8501
vn 0.4621 -0.2670 0.8457
vn 0.4471 -0.2988 0.8431
vn 0.3946 -0.3811 0.8361
vn 0.3514 -0.4291 0.8321
vn 0.3282 -0.4504 0.8303
vn 0.3001 -0.4728 0.8285
vn 0.2472 -0.5068 0.8259
vn 0.1891 -0.5338 0.8242
vn 0.1574 -0.5453 0.8233
vn 0.0741 -0.5657 0.8213
vn 0.0619 -0.5671 0.8213
vn 0.0083 -0.5703 0.8214
vn 0.0022 -0.5705 0.8213
vn 0.0001 -0.5705 0.8213
vn -0.0022 -0.5706 0.8212
vn -0.0003 -0.5705 0.8213
vn -0.0001 -0.5707 0.8211
vn -0.0001 -0.5711 0.8209
vn -0.0001 -0.5722 0.8201
vn -0.0055 -0.5727 0.8197
vn -0.0066 -0.5728 0.8197
vn -0.0599 -0.5713 0.8185
vn -0.0231 -0.5733 0.8190
vn -0.0873 -0.5679 0.8184
vn 0.4928 -0.1674 0.8539
vn 0.4624 -0.2665 0.8457
vn 0.4179 -0.3492 0.8387
vn 0.3516 -0.4288 0.8322
vn 0.2801 -0.4866 0.8275
vn 0.1874 -0.5345 0.8241
vn 0.1078 -0.5599 0.8215
vn 0.0084 -0.5703 0.8214
vn 0.0001 -0.5722 0.8201
vn -0.1928 -0.5375 0.8209
vn -0.1953 -0.5366 0.8210
vn -0.2732 -0.4954 0.8246
vn -0.3585 -0.4278 0.8297
vn -0.3574 -0.4288 0.8297
vn -0.2473 -0.5105 0.8235
vn -0.1583 -0.5506 0.8196
vn -0.4149 -0.3594 0.8359
vn -0.4632 -0.2680 0.8448
vn -0.3988 -0.3810 0.8341
vn -0.4510 -0.2967 0.8418
vn -0.4852 -0.2050 0.8500
vn -0.4959 -0.1520 0.8550
vn -0.5003 -0.0851 0.8616
vn -0.5004 -0.0861 0.8615
vn -0.5004 -0.0833 0.8618
vn -0.5004 -0.0816 0.8620
vn -0.5004 -0.0795 0.8621
vn -0.5001 -0.0718 0.8630
vn -0.5002 -0.0721 0.8629
vn -0.4999 -0.0730 0.8630
vn -0.5000 -0.0730 0.8629
vn -0.5002 -0.0723 0.8629
vn -0.5005 -0.0829 0.8617
vn -0.5032 -0.0827 0.8602
vn -0.5041 -0.0826 0.8597
vn -0.5005 -0.0860 0.8615
vn -0.4902 -0.1851 0.8517
vn -0.4641 -0.2663 0.8448
vn -0.3330 -0.4517 0.8277
vn 0.4999 -0.0600 0.8640
vn 0.4997 -0.0609 0.8640
vn 0.4974 -0.0255 0.8672
vn 0.4979 -0.0350 0.8665
vn 0.4831 0.0535 0.8739
vn 0.4716 0.0905 0.8771
vn 0.4463 0.1489 0.8824
vn 0.4112 0.2073 0.8877
vn 0.3922 0.2330 0.8899
vn 0.3741 0.2543 0.8918
vn 0.3253 0.3019 0.8961
vn 0.2183 0.3714 0.9025
vn 0.2453 0.3573 0.9012
vn 0.1600 0.3952 0.9046
vn 0.0292 0.4205 0.9068
vn 0.0671 0.4168 0.9065
vn -0.0051 0.4196 0.9077
vn 0.0015 0.4238 0.9057
vn 0.0001 0.4204 0.9073
vn -0.0077 0.4197 0.9076
vn 0.0132 0.4205 0.9072
vn 0.0294 0.4205 0.9068
vn 0.1216 0.4065 0.9055
vn 0.2182 0.3713 0.9025
vn 0.2983 0.3233 0.8981
vn -0.1124 0.4104 0.9050
vn -0.0154 0.4233 0.9059
vn 0.0037 0.4238 0.9058
vn 0.0002 0.4235 0.9059
vn 0.0005 0.4233 0.9060
vn 0.0003 0.4224 0.9064
vn 0.0003 0.4204 0.9073
vn -0.2037 0.3775 0.9033
vn -0.1964 0.3809 0.9035
vn -0.0810 0.4167 0.9054
vn -0.0153 0.4233 0.9059
vn -0.2886 0.3291 0.8991
vn -0.2849 0.3317 0.8993
vn -0.1949 0.3813 0.9037
vn -0.3539 0.2726 0.8947
vn -0.3610 0.2654 0.8940
vn -0.4195 0.1890 0.8879
vn -0.4178 0.1918 0.8881
vn -0.4432 0.1469 0.8843
vn -0.4603 0.1106 0.8809
vn -0.4828 0.0436 0.8746
vn -0.4902 0.0100 0.8715
vn -0.4964 -0.0346 0.8674
vn -0.4976 -0.0520 0.8658
vn -0.4984 -0.0684 0.8642
vn -0.4996 -0.0744 0.8631
vn -0.4994 -0.0746 0.8632
vn -0.5003 -0.0744 0.8626
vn -0.4999 -0.0742 0.8629
vn -0.4987 -0.0708 0.8639
vn -0.4593 0.1128 0.8811
vn -0.3531 0.2733 0.8948
vn -0.1136 0.4101 0.9049
vn 0.3738 0.2545 0.8919
vn 0.4284 0.1808 0.8853
vn 0.4714 0.0904 0.8773
vn 0.4943 -0.0011 0.8693
vn 1.0000 -0.0003 0.0098
vn 0.9952 -0.0980 0.0016
vn 0.9745 -0.2242 -0.0093
vn 0.9595 -0.2814 -0.0133
vn 0.9012 -0.4327 -0.0259
vn 0.8923 -0.4506 -0.0274
vn 0.7885 -0.6136 -0.0411
vn 0.7641 -0.6436 -0.0432
vn 0.6528 -0.7557 -0.0533
vn 0.5774 -0.8143 -0.0586
vn 0.4953 -0.8664 -0.0631
vn 0.3579 -0.9312 -0.0692
vn 0.3142 -0.9468 -0.0700
vn 0.1248 -0.9893 -0.0752
vn 0.1263 -0.9891 -0.0752
vn -0.1475 -0.9862 -0.0748
vn -0.1248 -0.9893 -0.0752
vn -0.2800 -0.9573 -0.0718
vn -0.1170 -0.9903 -0.0753
vn -0.3017 -0.9507 -0.0711
vn -0.4346 -0.8982 -0.0663
vn -0.4768 -0.8767 -0.0641
vn -0.5775 -0.8143 -0.0585
vn -0.6410 -0.7656 -0.0542
vn -0.7792 -0.6254 -0.0422
vn -0.8350 -0.5491 -0.0356
vn -0.8844 -0.4658 -0.0287
vn -0.9276 -0.3730 -0.0209
vn -0.9571 -0.2895 -0.0141
vn -0.9824 -0.1865 -0.0056
vn -0.9943 -0.1065 0.0009
vn -0.9998 -0.0164 0.0082
vn -0.3271 -0.9424 -0.0702
vn -0.4911 -0.8688 -0.0634
vn -0.6569 -0.7521 -0.0529
vn -0.7925 -0.6085 -0.0406
vn -0.8952 -0.4449 -0.0268
vn -0.9658 -0.2591 -0.0115
vn 0.1823 -0.9804 -0.0742
vn 0.3662 -0.9280 -0.0687
vn 0.5374 -0.8411 -0.0613
vn 0.6892 -0.7228 -0.0505
vn 0.8180 -0.5739 -0.0379
vn 0.9142 -0.4045 -0.0241
vn 0.9740 -0.2264 -0.0088
vn 0.9995 -0.0305 0.0067
vn 0.5017 0.0639 -0.8627
vn 0.5010 0.0745 -0.8622
vn 0.5000 0.0709 -0.8631
vn 0.5000 0.0746 -0.8628
vn 0.5000 0.0749 -0.8628
vn 0.5001 0.0715 -0.8630
vn 0.4999 0.0759 -0.8627
vn 0.4900 -0.0332 -0.8711
vn 0.4980 0.0135 -0.8671
vn 0.5021 0.0746 -0.8616
vn 0.5016 0.0745 -0.8619
vn 0.5021 0.0747 -0.8616
vn 0.4619 -0.1181 -0.8790
vn 0.4581 -0.1263 -0.8799
vn 0.4100 -0.2119 -0.8871
vn 0.3515 -0.2800 -0.8933
vn 0.3460 -0.2854 -0.8938
vn 0.3001 -0.3238 -0.8973
vn 0.2690 -0.3447 -0.8993
vn 0.1823 -0.3869 -0.9039
vn 0.0903 -0.4141 -0.9057
vn -0.0020 -0.4214 -0.9069
vn 0.0081 -0.4210 -0.9070
vn -0.0115 -0.4239 -0.9056
vn -0.0001 -0.4231 -0.9061
vn -0.0005 -0.4212 -0.9070
vn -0.0496 -0.4234 -0.9046
vn -0.0872 -0.4192 -0.9037
vn -0.1408 -0.4073 -0.9024
vn -0.1927 -0.3889 -0.9009
vn -0.2398 -0.3659 -0.8992
vn -0.2732 -0.3467 -0.8973
vn -0.3251 -0.3098 -0.8935
vn -0.3571 -0.2803 -0.8910
vn -0.3922 -0.2409 -0.8878
vn -0.4630 -0.1193 -0.8783
vn -0.4459 -0.1584 -0.8809
vn -0.4803 -0.0713 -0.8742
vn -0.4959 -0.0032 -0.8684
vn -0.4987 0.0228 -0.8665
vn -0.5004 0.0629 -0.8635
vn -0.5001 0.0659 -0.8635
vn -0.5005 0.0712 -0.8628
vn -0.5002 0.0773 -0.8625
vn -0.5001 0.0759 -0.8626
vn -0.5000 0.0770 -0.8626
vn -0.4999 0.0758 -0.8628
vn -0.5002 0.0761 -0.8626
vn -0.5002 0.0769 -0.8625
vn -0.4993 0.0662 -0.8639
vn -0.5006 0.0659 -0.8632
vn -0.5025 0.0657 -0.8621
vn -0.5003 0.0630 -0.8635
vn -0.4900 -0.0364 -0.8709
vn -0.4637 -0.1177 -0.8781
vn -0.4148 -0.2109 -0.8851
vn -0.3580 -0.2793 -0.8909
vn -0.1950 -0.3879 -0.9008
vn 0.0002 -0.4231 -0.9061
vn 0.2801 -0.3376 -0.8986
vn 0.4179 -0.2002 -0.8861
vn 0.4624 -0.1176 -0.8788
vn 0.4928 -0.0185 -0.8699
vn -0.4988 0.0784 -0.8631
vn -0.4996 0.0748 -0.8630
vn -0.4999 0.0746 -0.8628
vn -0.5000 0.0747 -0.8628
vn -0.4985 0.0807 -0.8631
vn -0.4975 0.1031 -0.8613
vn -0.4978 0.0970 -0.8619
vn -0.4927 0.1457 -0.8579
vn -0.4902 0.1590 -0.8570
vn -0.4603 0.2598 -0.8489
vn -0.4594 0.2620 -0.8487
vn -0.4181 0.3410 -0.8420
vn -0.4335 0.3150 -0.8443
vn -0.3542 0.4217 -0.8347
vn -0.3739 0.4008 -0.8364
vn -0.3042 0.4667 -0.8305
vn -0.4722 0.2290 -0.8513
vn -0.2219 0.5183 -0.8259
vn -0.1965 0.5300 -0.8249
vn -0.2852 0.4808 -0.8291
vn -0.3533 0.4224 -0.8347
vn -0.1339 0.5536 -0.8219
vn -0.0811 0.5657 -0.8206
vn -0.1139 0.5592 -0.8212
vn -0.0154 0.5723 -0.8199
vn 0.0038 0.5728 -0.8197
vn 0.0031 0.5727 -0.8197
vn 0.0001 0.5704 -0.8214
vn 0.0003 0.5715 -0.8206
vn 0.0003 0.5697 -0.8218
vn -0.0076 0.5691 -0.8222
vn 0.0130 0.5698 -0.8217
vn 0.0196 0.5700 -0.8214
vn 0.0289 0.5697 -0.8213
vn 0.0335 0.5694 -0.8214
vn 0.1293 0.5536 -0.8227
vn -0.0393 0.5706 -0.8203
vn 0.2182 0.5206 -0.8254
vn 0.2211 0.5191 -0.8256
vn 0.3045 0.4678 -0.8297
vn 0.3748 0.4027 -0.8351
vn 0.3756 0.4019 -0.8351
vn 0.4110 0.3567 -0.8390
vn 0.4322 0.3236 -0.8417
vn 0.4716 0.2397 -0.8486
vn 0.4623 0.2636 -0.8466
vn 0.4843 0.1970 -0.8524
vn 0.4975 0.1236 -0.8586
vn 0.4999 0.0881 -0.8616
vn 0.4945 0.1480 -0.8565
vn 0.4713 0.2397 -0.8488
vn 0.4283 0.3301 -0.8412
vn 0.3737 0.4038 -0.8351
vn 0.2980 0.4726 -0.8294
vn 0.2181 0.5206 -0.8255
vn 0.1214 0.5558 -0.8224
vn 0.0291 0.5697 -0.8213
vn 0.0004 0.5725 -0.8199
vn -0.1951 0.5305 -0.8249
vn -0.4996 0.0746 -0.8630
vn 0.5001 -0.0775 0.8625
vn 0.4997 -0.0731 0.8631
vn 0.5001 -0.0782 0.8625
vn 0.4999 -0.0742 0.8629
vn 0.5002 -0.0745 0.8627
vn 0.5013 -0.0744 0.8621
vn 0.5015 -0.0744 0.8620
vn 0.5011 -0.0744 0.8622
vn 0.5021 -0.0743 0.8616
vn 0.5021 -0.0744 0.8616
vn 0.4979 -0.1353 0.8566
vn 0.4934 -0.1637 0.8542
vn 0.4665 -0.2565 0.8465
vn 0.4227 -0.3421 0.8393
vn 0.3514 -0.4290 0.8321
vn 0.3620 -0.4185 0.8329
vn 0.3001 -0.4727 0.8285
vn 0.2881 -0.4813 0.8279
vn 0.1892 -0.5337 0.8242
vn 0.2017 -0.5289 0.8244
vn 0.1566 -0.5457 0.8232
vn 0.0739 -0.5657 0.8213
vn 0.0606 -0.5672 0.8213
vn 0.0080 -0.5702 0.8214
vn 0.0082 -0.5703 0.8214
vn 0.0001 -0.5708 0.8211
vn 0.4930 -0.1673 0.8538
vn 0.3517 -0.4288 0.8321
vn 0.2802 -0.4866 0.8275
vn 0.1075 -0.5599 0.8215
vn -0.0002 -0.5707 0.8211
vn -0.0002 -0.5709 0.8210
vn -0.0229 -0.5732 0.8191
vn -0.0066 -0.5727 0.8197
vn -0.0661 -0.5706 0.8185
vn -0.0872 -0.5679 0.8185
vn -0.1926 -0.5376 0.8209
vn -0.1952 -0.5366 0.8210
vn -0.2731 -0.4955 0.8246
vn -0.3582 -0.4279 0.8298
vn -0.3574 -0.4286 0.8298
vn -0.2617 -0.5022 0.8242
vn -0.1882 -0.5394 0.8208
vn -0.4146 -0.3596 0.8359
vn -0.4632 -0.2681 0.8447
vn -0.4047 -0.3736 0.8346
vn -0.4657 -0.2613 0.8455
vn -0.4875 -0.1960 0.8509
vn -0.4957 -0.1521 0.8551
vn -0.5012 -0.0832 0.8613
vn -0.5008 -0.0812 0.8617
vn -0.5004 -0.0785 0.8622
vn -0.5001 -0.0716 0.8630
vn -0.5001 -0.0719 0.8630
vn -0.5001 -0.0729 0.8629
vn -0.4998 -0.0735 0.8630
vn -0.5034 -0.0827 0.8601
vn -0.5048 -0.0826 0.8593
vn -0.5009 -0.0828 0.8615
vn -0.5005 -0.0859 0.8615
vn -0.4897 -0.1852 0.8520
vn -0.4639 -0.2665 0.8449
vn -0.3567 -0.4290 0.8299
vn -0.3400 -0.4456 0.8282
vn 0.4997 -0.0600 0.8641
vn 0.4996 -0.0607 0.8641
vn 0.4972 -0.0254 0.8673
vn 0.4980 -0.0355 0.8665
vn 0.4830 0.0528 0.8740
vn 0.4716 0.0908 0.8771
vn 0.4463 0.1484 0.8825
vn 0.4109 0.2076 0.8877
vn 0.3925 0.2325 0.8899
vn 0.3740 0.2544 0.8919
vn 0.3257 0.3014 0.8962
vn 0.2183 0.3713 0.9025
vn 0.2462 0.3569 0.9011
vn 0.1606 0.3949 0.9046
vn 0.0290 0.4205 0.9068
vn 0.0677 0.4167 0.9065
vn -0.0044 0.4197 0.9077
vn 0.0037 0.4238 0.9057
vn 0.0002 0.4226 0.9063
vn 0.0002 0.4204 0.9074
vn -0.0113 0.4235 0.9058
vn -0.0573 0.4198 0.9058
vn -0.0812 0.4167 0.9054
vn -0.1333 0.4048 0.9046
vn -0.1966 0.3807 0.9036
vn -0.2236 0.3683 0.9024
vn -0.3064 0.3156 0.8981
vn -0.3542 0.2725 0.8946
vn -0.3753 0.2494 0.8927
vn -0.4340 0.1645 0.8858
vn -0.4728 0.0774 0.8778
vn -0.4606 0.1104 0.8807
vn -0.4181 0.1916 0.8880
vn -0.3537 0.2731 0.8946
vn -0.2849 0.3316 0.8994
vn -0.4904 0.0098 0.8714
vn -0.4947 -0.0187 0.8688
vn -0.4978 -0.0521 0.8657
vn -0.4983 -0.0685 0.8643
vn -0.4994 -0.0744 0.8631
vn -0.4996 -0.0745 0.8631
vn -0.4997 -0.0745 0.8630
vn -0.5000 -0.0742 0.8628
vn -0.4984 -0.0699 0.8641
vn -0.4602 0.1125 0.8807
vn -0.1956 0.3813 0.9036
vn -0.1138 0.4101 0.9049
vn 0.1212 0.4066 0.9055
vn 0.0131 0.4205 0.9072
vn 0.2182 0.3714 0.9025
vn 0.2978 0.3234 0.8982
vn 0.3738 0.2547 0.8918
vn 0.4281 0.1810 0.8854
vn 0.4716 0.0911 0.8771
vn 0.4944 -0.0010 0.8692
vn 1.0000 -0.0003 0.0094
vn 0.9751 -0.2218 -0.0085
vn 0.9745 -0.2244 -0.0090
vn 0.9160 -0.4004 -0.0239
vn 0.9011 -0.4329 -0.0259
vn 0.8208 -0.5700 -0.0376
vn 0.7639 -0.6438 -0.0436
vn 0.6927 -0.7195 -0.0503
vn 0.5775 -0.8143 -0.0584
vn 0.5419 -0.8383 -0.0605
vn 0.3584 -0.9310 -0.0691
vn 0.3711 -0.9261 -0.0686
vn 0.1868 -0.9796 -0.0741
vn 0.1249 -0.9893 -0.0752
vn 0.0440 -0.9961 -0.0762
vn 0.0001 -0.9971 -0.0765
vn -0.1640 -0.9836 -0.0745
vn 0.9817 -0.1903 -0.0059
vn 0.9297 -0.3678 -0.0204
vn 0.8434 -0.5362 -0.0345
vn 0.7222 -0.6901 -0.0475
vn 0.5742 -0.8166 -0.0588
vn 0.4053 -0.9117 -0.0672
vn 0.3123 -0.9474 -0.0707
vn 0.1240 -0.9894 -0.0752
vn -0.3736 -0.9250 -0.0686
vn -0.2803 -0.9572 -0.0718
vn -0.1250 -0.9893 -0.0752
vn -0.1212 -0.9898 -0.0753
vn -0.4349 -0.8980 -0.0663
vn -0.5189 -0.8526 -0.0619
vn -0.6708 -0.7398 -0.0520
vn -0.8035 -0.5940 -0.0394
vn -0.8350 -0.5492 -0.0355
vn -0.9276 -0.3731 -0.0209
vn -0.9274 -0.3734 -0.0208
vn -0.9703 -0.2415 -0.0101
vn -0.9823 -0.1871 -0.0056
vn -0.9947 -0.1030 0.0012
vn -0.9580 -0.2863 -0.0139
vn -0.8859 -0.4629 -0.0285
vn -0.7812 -0.6229 -0.0419
vn -0.6436 -0.7635 -0.0540
vn -0.4787 -0.8756 -0.0640
vn -0.3058 -0.9494 -0.0709
vn 0.5019 0.0744 -0.8617
vn 0.5001 0.0749 -0.8627
vn 0.5002 0.0710 -0.8630
vn 0.5002 0.0758 -0.8626
vn 0.5003 0.0715 -0.8629
vn 0.5001 0.0746 -0.8628
vn 0.5003 0.0746 -0.8626
vn 0.5020 0.0745 -0.8617
vn 0.5022 0.0747 -0.8615
vn 0.5021 0.0745 -0.8616
vn 0.4978 0.0135 -0.8672
vn 0.4903 -0.0309 -0.8710
vn 0.4620 -0.1181 -0.8790
vn 0.4593 -0.1241 -0.8795
vn 0.4114 -0.2099 -0.8869
vn 0.3516 -0.2800 -0.8933
vn 0.3477 -0.2838 -0.8936
vn 0.3003 -0.3237 -0.8973
vn 0.2711 -0.3434 -0.8992
vn 0.1892 -0.3846 -0.9035
vn 0.1847 -0.3862 -0.9037
vn 0.0924 -0.4138 -0.9057
vn 0.0738 -0.4166 -0.9061
vn 0.0204 -0.4206 -0.9070
vn 0.0079 -0.4210 -0.9070
vn 0.0002 -0.4213 -0.9069
vn -0.0006 -0.4211 -0.9070
vn -0.0002 -0.4215 -0.9068
vn -0.0116 -0.4239 -0.9056
vn -0.0508 -0.4232 -0.9046
vn -0.0065 -0.4237 -0.9058
vn 0.0002 -0.4232 -0.9060
vn -0.0871 -0.4192 -0.9037
vn -0.0229 -0.4243 -0.9052
vn -0.1925 -0.3888 -0.9010
vn -0.2408 -0.3653 -0.8992
vn -0.2730 -0.3468 -0.8973
vn -0.3264 -0.3088 -0.8934
vn -0.3569 -0.2804 -0.8911
vn -0.3931 -0.2396 -0.8877
vn -0.4629 -0.1194 -0.8783
vn -0.4466 -0.1570 -0.8809
vn -0.4810 -0.0696 -0.8740
vn -0.4958 -0.0033 -0.8684
vn -0.4987 0.0245 -0.8664
vn -0.5004 0.0630 -0.8635
vn -0.5003 0.0659 -0.8633
vn -0.5004 0.0712 -0.8629
vn -0.5002 0.0775 -0.8624
vn -0.5004 0.0762 -0.8624
vn -0.5004 0.0772 -0.8623
vn -0.5000 0.0754 -0.8627
vn -0.5000 0.0753 -0.8628
vn -0.5000 0.0769 -0.8626
vn -0.5066 0.0657 -0.8597
vn -0.5027 0.0658 -0.8619
vn -0.4910 0.0664 -0.8686
vn -0.5004 0.0631 -0.8635
vn -0.4900 -0.0364 -0.8710
vn -0.4634 -0.1179 -0.8783
vn -0.4146 -0.2111 -0.8852
vn -0.3577 -0.2795 -0.8910
vn -0.1948 -0.3880 -0.9009
vn 0.1075 -0.4108 -0.9054
vn 0.2804 -0.3375 -0.8986
vn 0.3519 -0.2797 -0.8932
vn 0.4180 -0.2002 -0.8861
vn 0.4622 -0.1177 -0.8790
vn 0.4927 -0.0186 -0.8700
vn -0.5000 0.0746 -0.8628
vn -0.5001 0.0745 -0.8628
vn -0.4999 0.0745 -0.8629
vn -0.4995 0.0745 -0.8631
vn -0.4995 0.0748 -0.8631
vn -0.4986 0.0970 -0.8614
vn -0.4990 0.0768 -0.8632
vn -0.4879 0.1752 -0.8551
vn -0.4482 0.2886 -0.8461
vn -0.4612 0.2586 -0.8488
vn -0.4912 0.1613 -0.8560
vn -0.4191 0.3419 -0.8411
vn -0.3994 0.3706 -0.8385
vn -0.3551 0.4224 -0.8340
vn -0.3352 0.4419 -0.8321
vn -0.2574 0.5006 -0.8265
vn -0.1973 0.5311 -0.8240
vn -0.1714 0.5418 -0.8228
vn -0.0814 0.5670 -0.8197
vn -0.0779 0.5675 -0.8197
vn -0.0303 0.5725 -0.8193
vn -0.0154 0.5735 -0.8190
vn 0.0008 0.5740 -0.8188
vn 0.0038 0.5739 -0.8189
vn 0.0003 0.5736 -0.8191
vn 0.0005 0.5736 -0.8191
vn 0.0003 0.5726 -0.8199
vn 0.0003 0.5700 -0.8217
vn 0.0002 0.5700 -0.8216
vn -0.0074 0.5693 -0.8221
vn 0.0080 0.5697 -0.8218
vn 0.0129 0.5699 -0.8216
vn 0.0287 0.5698 -0.8213
vn 0.0289 0.5698 -0.8213
vn 0.1209 0.5559 -0.8224
vn 0.2180 0.5207 -0.8255
vn 0.2179 0.5207 -0.8255
vn 0.2978 0.4728 -0.8293
vn 0.3736 0.4038 -0.8351
vn 0.3735 0.4040 -0.8350
vn 0.4108 0.3569 -0.8390
vn 0.4281 0.3303 -0.8412
vn 0.4716 0.2399 -0.8485
vn 0.4714 0.2405 -0.8485
vn 0.4973 0.1237 -0.8587
vn 0.4997 0.0890 -0.8616
vn 0.4994 0.0882 -0.8619
vn 0.4846 0.1978 -0.8521
vn 0.4619 0.2647 -0.8465
vn 0.4312 0.3251 -0.8416
vn 0.3777 0.3993 -0.8354
vn 0.3072 0.4655 -0.8300
vn 0.2245 0.5175 -0.8257
vn 0.1332 0.5527 -0.8227
vn 0.0374 0.5692 -0.8213
vn -0.0153 0.5735 -0.8190
vn -0.1141 0.5604 -0.8203
vn -0.1961 0.5316 -0.8240
vn -0.2860 0.4819 -0.8282
vn -0.3547 0.4229 -0.8339
vn -0.4612 0.2593 -0.8486
vn 0.5000 -0.0774 0.8626
vn 0.4999 -0.0730 0.8630
vn 0.5002 -0.0782 0.8624
vn 0.4999 -0.0740 0.8629
vn 0.4993 -0.0744 0.8632
vn 0.5022 -0.0741 0.8616
vn 0.5005 -0.0744 0.8626
vn 0.5016 -0.0744 0.8619
vn 0.5015 -0.0744 0.8619
vn 0.5023 -0.0742 0.8615
vn 0.5003 -0.1115 0.8586
vn 0.4980 -0.1353 0.8565
vn 0.4942 -0.1597 0.8546
vn 0.4620 -0.2671 0.8457
vn 0.4678 -0.2527 0.8470
vn 0.4248 -0.3385 0.8396
vn 0.3513 -0.4290 0.8322
vn 0.3642 -0.4157 0.8334
vn 0.2919 -0.4788 0.8280
vn 0.3002 -0.4727 0.8285
vn 0.2057 -0.5273 0.8244
vn 0.1893 -0.5338 0.8242
vn 0.1125 -0.5587 0.8217
vn 0.0738 -0.5657 0.8213
vn 0.0072 -0.5703 0.8214
vn 0.0079 -0.5703 0.8214
vn 0.0081 -0.5703 0.8214
vn -0.0003 -0.5706 0.8213
vn 0.4931 -0.1673 0.8537
vn 0.4621 -0.2665 0.8458
vn 0.4181 -0.3491 0.8386
vn 0.3517 -0.4288 0.8322
vn 0.1873 -0.5345 0.8241
vn 0.1075 -0.5599 0.8216
vn 0.0001 -0.5721 0.8202
vn -0.0001 -0.5710 0.8209
vn -0.0228 -0.5732 0.8191
vn -0.0065 -0.5727 0.8197
vn -0.0002 -0.5710 0.8209
vn -0.0403 -0.5726 0.8188
vn -0.0871 -0.5679 0.8185
vn -0.1173 -0.5619 0.8189
vn -0.1925 -0.5375 0.8210
vn -0.2239 -0.5227 0.8226
vn -0.2730 -0.4954 0.8246
vn -0.3079 -0.4717 0.8262
vn -0.3570 -0.4290 0.8298
vn -0.3777 -0.4062 0.8321
vn -0.4359 -0.3259 0.8389
vn -0.4629 -0.2682 0.8449
vn -0.4750 -0.2366 0.8476
vn -0.4958 -0.1521 0.8550
vn -0.4969 -0.1410 0.8563
vn -0.5004 -0.0860 0.8615
vn -0.5001 -0.0832 0.8619
vn -0.5011 -0.0801 0.8617
vn -0.5007 -0.0775 0.8621
vn -0.5002 -0.0717 0.8629
vn -0.5000 -0.0739 0.8629
vn -0.5000 -0.0738 0.8629
vn -0.5000 -0.0720 0.8630
vn -0.4894 -0.0836 0.8680
vn -0.4966 -0.0833 0.8640
vn -0.5160 -0.0821 0.8527
vn -0.5003 -0.0859 0.8616
vn -0.4900 -0.1852 0.8518
vn -0.4635 -0.2667 0.8450
vn -0.4147 -0.3597 0.8359
vn -0.3580 -0.4280 0.8299
vn -0.1948 -0.5366 0.8210
vn 0.4999 -0.0609 0.8639
vn 0.4975 -0.0253 0.8671
vn 0.4986 -0.0359 0.8661
vn 0.4835 0.0522 0.8738
vn 0.4715 0.0910 0.8771
vn 0.4470 0.1477 0.8823
vn 0.4109 0.2078 0.8877
vn 0.3931 0.2319 0.8898
vn 0.3263 0.3009 0.8961
vn 0.2180 0.3715 0.9025
vn 0.2464 0.3566 0.9012
vn 0.1612 0.3948 0.9045
vn 0.0287 0.4206 0.9068
vn 0.0683 0.4168 0.9064
vn 0.0129 0.4206 0.9071
vn -0.0049 0.4203 0.9074
vn -0.0075 0.4200 0.9075
vn 0.0002 0.4207 0.9072
vn 0.0005 0.4207 0.9072
vn 0.0003 0.4235 0.9059
vn 0.0006 0.4245 0.9054
vn 0.0002 0.4248 0.9053
vn 0.0038 0.4251 0.9051
vn -0.0080 0.4249 0.9052
vn -0.0154 0.4246 0.9052
vn -0.0466 0.4223 0.9053
vn -0.0815 0.4181 0.9048
vn -0.1447 0.4027 0.9038
vn -0.1973 0.3820 0.9029
vn -0.2342 0.3644 0.9013
vn -0.3163 0.3093 0.8968
vn -0.3551 0.2731 0.8940
vn -0.3843 0.2407 0.8912
vn -0.4189 0.1927 0.8874
vn -0.4392 0.1572 0.8845
vn -0.4611 0.1093 0.8806
vn -0.4781 0.0620 0.8761
vn -0.4908 0.0121 0.8712
vn -0.4966 -0.0262 0.8676
vn -0.4984 -0.0521 0.8654
vn -0.4994 -0.0742 0.8632
vn -0.5001 -0.0746 0.8628
vn -0.4998 -0.0746 0.8629
vn -0.4998 -0.0745 0.8630
vn -0.4998 -0.0748 0.8629
vn -0.4606 0.1100 0.8808
vn -0.3545 0.2737 0.8941
vn -0.2859 0.3328 0.8986
vn -0.1960 0.3825 0.9029
vn -0.1141 0.4115 0.9042
vn -0.0153 0.4247 0.9052
vn 0.0290 0.4206 0.9068
vn 0.1210 0.4067 0.9055
vn 0.2179 0.3715 0.9025
vn 0.2978 0.3236 0.8981
vn 0.3734 0.2549 0.8920
vn 0.4281 0.1812 0.8854
vn 0.4711 0.0911 0.8773
vn 0.4943 -0.0010 0.8693
vn 0.9967 -0.0807 0.0030
vn 0.9852 -0.1716 -0.0044
vn 0.9846 -0.1749 -0.0046
vn 0.9394 -0.3422 -0.0183
vn 0.9333 -0.3585 -0.0197
vn 0.8612 -0.5073 -0.0316
vn 0.8470 -0.5305 -0.0339
vn 0.7540 -0.6554 -0.0446
vn 0.7289 -0.6830 -0.0469
vn 0.6176 -0.7845 -0.0558
vn 0.5805 -0.8122 -0.0583
vn 0.4644 -0.8833 -0.0645
vn 0.4123 -0.9086 -0.0669
vn 0.2962 -0.9525 -0.0712
vn 0.2244 -0.9717 -0.0732
vn 0.1252 -0.9893 -0.0752
vn 0.0102 -0.9970 -0.0765
vn -0.0001 -0.9971 -0.0765
vn -0.0006 -0.9971 -0.0762
vn 0.0001 -0.9971 -0.0767
vn -0.0819 -0.9938 -0.0758
vn 0.0001 -0.9971 -0.0762
vn -0.1252 -0.9893 -0.0752
vn -0.1260 -0.9892 -0.0753
vn -0.2804 -0.9572 -0.0717
vn -0.3104 -0.9479 -0.0708
vn -0.4349 -0.8981 -0.0654
vn -0.4811 -0.8743 -0.0639
vn -0.5774 -0.8144 -0.0584
vn -0.6465 -0.7610 -0.0539
vn -0.7068 -0.7057 -0.0490
vn -0.7835 -0.6200 -0.0417
vn -0.8347 -0.5495 -0.0356
vn -0.8876 -0.4597 -0.0282
vn -0.9272 -0.3739 -0.0208
vn -0.9591 -0.2827 -0.0135
vn -0.9951 -0.0992 0.0015
vn -0.9909 -0.1348 -0.0014
vn -0.2650 -0.9615 -0.0721
vn -0.4453 -0.8930 -0.0655
vn -0.6075 -0.7923 -0.0565
vn -0.7511 -0.6587 -0.0448
vn -0.8644 -0.5018 -0.0314
vn -0.9465 -0.3224 -0.0166
vn 0.0941 -0.9927 -0.0756
vn 0.1886 -0.9793 -0.0740
vn 0.3724 -0.9255 -0.0687
vn 0.5430 -0.8375 -0.0606
vn 0.6949 -0.7173 -0.0501
vn 0.8222 -0.5680 -0.0373
vn 0.9169 -0.3985 -0.0231
vn 0.9776 -0.2103 -0.0075
vn 0.4998 0.0744 -0.8629
vn 0.4995 0.0756 -0.8630
vn 0.4999 0.0716 -0.8631
vn 0.5003 0.0745 -0.8626
vn 0.5017 0.0744 -0.8618
vn 0.5019 0.0747 -0.8617
vn 0.4981 0.0135 -0.8670
vn 0.4910 -0.0287 -0.8707
vn 0.4598 -0.1231 -0.8794
vn 0.4118 -0.2089 -0.8870
vn 0.3515 -0.2800 -0.8934
vn 0.3485 -0.2830 -0.8936
vn 0.3002 -0.3236 -0.8973
vn 0.2722 -0.3428 -0.8991
vn 0.1892 -0.3845 -0.9035
vn 0.1857 -0.3858 -0.9037
vn 0.0939 -0.4135 -0.9056
vn 0.0739 -0.4166 -0.9061
vn 0.0455 -0.4193 -0.9067
vn 0.0077 -0.4210 -0.9070
vn 0.0001 -0.4213 -0.9069
vn -0.0001 -0.4214 -0.9069
vn -0.0005 -0.4215 -0.9068
vn -0.0122 -0.4239 -0.9056
vn -0.0000 -0.4230 -0.9061
vn -0.0228 -0.4242 -0.9053
vn -0.0522 -0.4231 -0.9046
vn -0.0870 -0.4191 -0.9037
vn -0.1464 -0.4055 -0.9023
vn -0.1923 -0.3889 -0.9010
vn -0.2418 -0.3646 -0.8992
vn -0.2729 -0.3468 -0.8973
vn -0.3569 -0.2805 -0.8910
vn -0.3580 -0.2796 -0.8909
vn -0.4147 -0.2111 -0.8851
vn -0.4627 -0.1196 -0.8784
vn -0.4636 -0.1181 -0.8781
vn -0.4900 -0.0365 -0.8709
vn -0.4959 -0.0033 -0.8684
vn -0.5003 0.0631 -0.8635
vn -0.5047 0.0660 -0.8608
vn -0.4996 0.0663 -0.8637
vn -0.4975 0.0662 -0.8649
vn -0.5001 0.0771 -0.8625
vn -0.5000 0.0751 -0.8628
vn -0.5000 0.0772 -0.8626
vn -0.4997 0.0750 -0.8629
vn -0.3279 -0.3075 -0.8933
vn -0.3943 -0.2381 -0.8876
vn -0.4474 -0.1553 -0.8808
vn -0.4813 -0.0678 -0.8739
vn -0.4988 0.0265 -0.8663
vn -0.5011 0.0658 -0.8629
vn -0.5005 0.0713 -0.8628
vn -0.5009 0.0764 -0.8622
vn 0.1074 -0.4108 -0.9054
vn 0.1874 -0.3853 -0.9036
vn 0.2803 -0.3375 -0.8986
vn 0.3518 -0.2797 -0.8933
vn 0.4622 -0.1177 -0.8789
vn 0.4928 -0.0186 -0.8699
vn -0.4987 0.0903 -0.8620
vn -0.4998 0.0745 -0.8629
vn -0.4997 0.0745 -0.8630
vn -0.5001 0.0741 -0.8628
vn -0.4956 0.1329 -0.8583
vn -0.4985 0.0969 -0.8614
vn -0.4997 0.0748 -0.8629
vn -0.4698 0.2356 -0.8507
vn -0.4614 0.2584 -0.8487
vn -0.4910 0.1609 -0.8562
vn -0.4332 0.3182 -0.8433
vn -0.4192 0.3418 -0.8411
vn -0.4611 0.2591 -0.8487
vn -0.3554 0.4222 -0.8340
vn -0.3711 0.4051 -0.8356
vn -0.3013 0.4706 -0.8293
vn -0.2188 0.5215 -0.8248
vn -0.1975 0.5310 -0.8240
vn -0.2862 0.4818 -0.8282
vn -0.3549 0.4227 -0.8339
vn -0.1298 0.5563 -0.8208
vn -0.0816 0.5670 -0.8197
vn -0.1143 0.5604 -0.8203
vn -0.0153 0.5736 -0.8190
vn 0.0004 0.5740 -0.8188
vn 0.0003 0.5736 -0.8192
vn 0.0001 0.5708 -0.8211
vn 0.0004 0.5724 -0.8200
vn 0.0001 0.5700 -0.8216
vn 0.0004 0.5700 -0.8217
vn -0.0075 0.5693 -0.8221
vn 0.0079 0.5696 -0.8219
vn 0.0286 0.5698 -0.8213
vn 0.0372 0.5692 -0.8213
vn 0.1329 0.5527 -0.8227
vn -0.0347 0.5722 -0.8194
vn 0.2178 0.5208 -0.8254
vn 0.2243 0.5176 -0.8257
vn 0.3069 0.4657 -0.8300
vn 0.3736 0.4040 -0.8350
vn 0.3776 0.3994 -0.8354
vn 0.4106 0.3571 -0.8390
vn 0.4310 0.3253 -0.8417
vn 0.4713 0.2402 -0.8487
vn 0.4616 0.2650 -0.8466
vn 0.4842 0.1981 -0.8522
vn 0.4995 0.0882 -0.8618
vn 0.4998 0.0890 -0.8616
vn 0.4944 0.1481 -0.8565
vn 0.4712 0.2404 -0.8486
vn 0.4279 0.3305 -0.8412
vn 0.3733 0.4042 -0.8350
vn 0.2976 0.4729 -0.8293
vn 0.2179 0.5208 -0.8254
vn 0.1207 0.5559 -0.8224
vn -0.1964 0.5316 -0.8239
vn 0.5002 -0.0775 0.8625
vn 0.4998 -0.0735 0.8630
vn 0.5001 -0.0782 0.8624
vn 0.5002 -0.0744 0.8627
vn 0.4992 -0.0745 0.8633
vn 0.5006 -0.0744 0.8625
vn 0.5017 -0.0743 0.8618
vn 0.5020 -0.0742 0.8617
vn 0.4982 -0.1354 0.8564
vn 0.4930 -0.1674 0.8538
vn 0.4622 -0.2666 0.8457
vn 0.3514 -0.4290 0.8322
vn 0.3518 -0.4287 0.8322
vn 0.3001 -0.4727 0.8286
vn 0.2804 -0.4865 0.8275
vn 0.1873 -0.5345 0.8242
vn 0.1074 -0.5600 0.8215
vn 0.0738 -0.5658 0.8212
vn 0.0078 -0.5703 0.8214
vn 0.1091 -0.5595 0.8216
vn -0.0002 -0.5707 0.8212
vn -0.0001 -0.5707 0.8212
vn -0.0000 -0.5707 0.8212
vn -0.0000 -0.5722 0.8201
vn 0.0001 -0.5723 0.8200
vn -0.0869 -0.5678 0.8185
vn -0.0740 -0.5696 0.8186
vn -0.0249 -0.5730 0.8192
vn -0.1924 -0.5376 0.8210
vn -0.1946 -0.5367 0.8211
vn -0.2729 -0.4955 0.8246
vn -0.3575 -0.4282 0.8299
vn -0.3567 -0.4291 0.8298
vn -0.2675 -0.4988 0.8244
vn -0.1782 -0.5433 0.8204
vn -0.4146 -0.3598 0.8359
vn -0.4627 -0.2685 0.8449
vn -0.4093 -0.3670 0.8353
vn -0.4577 -0.2810 0.8435
vn -0.4892 -0.1880 0.8517
vn -0.4959 -0.1521 0.8549
vn -0.5009 -0.0832 0.8615
vn -0.4997 -0.0800 0.8625
vn -0.5002 -0.0766 0.8625
vn -0.4999 -0.0717 0.8631
vn -0.4996 -0.0716 0.8633
vn -0.5004 -0.0734 0.8627
vn -0.5002 -0.0742 0.8627
vn -0.5000 -0.0719 0.8630
vn -0.5061 -0.0825 0.8585
vn -0.5108 -0.0821 0.8558
vn -0.5044 -0.0824 0.8595
vn -0.5005 -0.0859 0.8614
vn -0.4902 -0.1852 0.8517
vn -0.4632 -0.2668 0.8451
vn -0.3455 -0.4401 0.8288
vn 0.2022 -0.5286 0.8244
vn 0.2885 -0.4809 0.8279
vn 0.3623 -0.4181 0.8330
vn 0.4228 -0.3416 0.8394
vn 0.4664 -0.2560 0.8468
vn 0.4940 -0.1631 0.8540
vn 0.5000 -0.0600 0.8640
vn 0.4980 -0.0607 0.8650
vn 0.4973 -0.0253 0.8672
vn 0.4965 -0.0556 0.8662
vn 0.4937 0.0025 0.8697
vn 0.4714 0.0910 0.8772
vn 0.4716 0.0909 0.8771
vn 0.4304 0.1774 0.8850
vn 0.4106 0.2080 0.8878
vn 0.3739 0.2547 0.8918
vn 0.3736 0.2549 0.8919
vn 0.3015 0.3208 0.8979
vn 0.2179 0.3716 0.9025
vn 0.2178 0.3717 0.9024
vn 0.1246 0.4058 0.9055
vn 0.0285 0.4206 0.9068
vn 0.0283 0.4206 0.9068
vn 0.0225 0.4209 0.9068
vn 0.0128 0.4206 0.9072
vn -0.0001 0.4207 0.9072
vn 0.0001 0.4207 0.9072
vn 0.0003 0.4208 0.9072
vn 0.0002 0.4242 0.9056
vn 0.0006 0.4247 0.9054
vn 0.0039 0.4251 0.9051
vn -0.0155 0.4247 0.9052
vn -0.0815 0.4180 0.9048
vn -0.1143 0.4115 0.9042
vn -0.1976 0.3819 0.9028
vn -0.1963 0.3825 0.9029
vn -0.2862 0.3327 0.8985
vn -0.2828 0.3351 0.8987
vn -0.3556 0.2729 0.8939
vn -0.3557 0.2725 0.8940
vn -0.4169 0.1960 0.8876
vn -0.1167 0.4109 0.9042
vn -0.1986 0.3815 0.9028
vn -0.4614 0.1086 0.8805
vn -0.4614 0.1091 0.8804
vn -0.4192 0.1925 0.8872
vn -0.3553 0.2735 0.8939
vn -0.4790 0.0586 0.8758
vn -0.4910 0.0118 0.8711
vn -0.4613 0.1099 0.8804
vn -0.4949 -0.0113 0.8689
vn -0.4984 -0.0522 0.8654
vn -0.4983 -0.0512 0.8655
vn -0.4995 -0.0742 0.8631
vn -0.4988 -0.0747 0.8635
vn -0.5004 -0.0745 0.8626
vn -0.4997 -0.0742 0.8630
vn -0.5001 -0.0744 0.8628
vn 0.1207 0.4067 0.9055
vn 0.2180 0.3716 0.9024
vn 0.2975 0.3237 0.8982
vn 0.3736 0.2551 0.8918
vn 0.4279 0.1815 0.8854
vn 0.4714 0.0915 0.8772
vn 0.4942 -0.0009 0.8694
vn 0.9999 -0.0009 0.0100
vn 0.9851 -0.1719 -0.0043
vn 0.9999 -0.0147 0.0079
vn 0.9785 -0.2062 -0.0072
vn 0.9393 -0.3425 -0.0184
vn 0.9187 -0.3944 -0.0229
vn 0.8612 -0.5073 -0.0317
vn 0.8246 -0.5645 -0.0371
vn 0.7539 -0.6555 -0.0446
vn 0.6982 -0.7142 -0.0498
vn 0.6177 -0.7844 -0.0558
vn 0.5467 -0.8352 -0.0604
vn 0.4649 -0.8830 -0.0645
vn 0.3765 -0.9239 -0.0685
vn 0.2964 -0.9524 -0.0712
vn 0.1926 -0.9785 -0.0739
vn 0.1254 -0.9893 -0.0752
vn 0.2176 -0.9733 -0.0734
vn 0.9834 -0.1816 -0.0045
vn 0.9307 -0.3653 -0.0200
vn 0.8433 -0.5363 -0.0344
vn 0.7239 -0.6882 -0.0474
vn 0.5748 -0.8162 -0.0586
vn 0.4058 -0.9115 -0.0671
vn 0.0001 -0.9971 -0.0764
vn -0.0001 -0.9971 -0.0764
vn -0.0025 -0.9971 -0.0765
vn -0.1254 -0.9893 -0.0752
vn -0.1833 -0.9803 -0.0740
vn -0.2807 -0.9571 -0.0717
vn -0.3577 -0.9313 -0.0691
vn -0.4353 -0.8978 -0.0660
vn -0.5300 -0.8458 -0.0611
vn -0.6830 -0.7287 -0.0510
vn -0.8129 -0.5811 -0.0383
vn -0.8347 -0.5496 -0.0356
vn -0.9102 -0.4135 -0.0242
vn -0.9273 -0.3738 -0.0210
vn -0.9741 -0.2260 -0.0088
vn -0.9822 -0.1877 -0.0056
vn -0.9664 -0.2569 -0.0114
vn -0.8985 -0.4382 -0.0264
vn -0.7985 -0.6006 -0.0401
vn -0.6650 -0.7450 -0.0524
vn -0.4962 -0.8659 -0.0631
vn -0.3363 -0.9391 -0.0700
vn -0.1507 -0.9857 -0.0748
vn 1.0000 -0.0008 0.0094
vn 0.4999 0.0744 -0.8629
vn 0.4999 0.0748 -0.8629
vn 0.4998 0.0757 -0.8628
vn 0.4998 0.0717 -0.8632
vn 0.4993 0.0745 -0.8632
vn 0.5000 0.0745 -0.8628
vn 0.4998 0.0745 -0.8629
vn 0.5000 0.0742 -0.8628
vn 0.4999 0.0745 -0.8629
vn 0.5000 0.0744 -0.8628
vn 0.4999 0.0682 -0.8634
vn 0.4893 -0.0294 -0.8716
vn 0.4912 -0.0216 -0.8708
vn 0.4626 -0.1125 -0.8794
vn 0.4598 -0.1195 -0.8800
vn 0.4117 -0.2089 -0.8871
vn 0.3526 -0.2774 -0.8937
vn 0.3498 -0.2804 -0.8939
vn 0.2734 -0.3433 -0.8986
vn 0.1915 -0.3849 -0.9029
vn 0.1882 -0.3861 -0.9030
vn 0.0960 -0.4149 -0.9048
vn 0.0005 -0.4237 -0.9058
vn 0.0082 -0.4235 -0.9059
vn 0.0739 -0.4185 -0.9052
vn 0.1067 -0.4127 -0.9046
vn 0.1909 -0.3852 -0.9029
vn -0.0139 -0.4228 -0.9061
vn 0.0002 -0.4240 -0.9057
vn -0.0001 -0.4237 -0.9058
vn 0.0001 -0.4237 -0.9058
vn -0.0000 -0.4234 -0.9059
vn -0.0021 -0.4236 -0.9058
vn 0.0086 -0.4235 -0.9059
vn -0.0064 -0.4231 -0.9061
vn -0.0595 -0.4204 -0.9054
vn -0.0232 -0.4225 -0.9060
vn -0.0866 -0.4171 -0.9047
vn -0.1922 -0.3862 -0.9022
vn -0.1966 -0.3844 -0.9020
vn -0.2688 -0.3448 -0.8994
vn -0.2468 -0.3573 -0.9008
vn -0.3551 -0.2767 -0.8929
vn -0.3343 -0.2977 -0.8942
vn -0.3981 -0.2257 -0.8891
vn -0.1622 -0.3983 -0.9028
vn -0.4611 -0.1181 -0.8795
vn -0.4504 -0.1434 -0.8812
vn -0.4832 -0.0541 -0.8738
vn -0.4943 -0.0036 -0.8693
vn -0.5002 0.0659 -0.8634
vn -0.5000 0.0634 -0.8637
vn -0.4998 0.0714 -0.8632
vn -0.5001 0.0771 -0.8626
vn -0.5002 0.0766 -0.8625
vn -0.5000 0.0748 -0.8628
vn -0.4999 0.0749 -0.8628
vn -0.5000 0.0764 -0.8626
vn -0.4986 0.0665 -0.8643
vn -0.5071 0.0661 -0.8594
vn -0.5122 0.0658 -0.8563
vn -0.4999 0.0638 -0.8637
vn -0.4875 -0.0365 -0.8723
vn -0.4619 -0.1157 -0.8793
vn -0.4098 -0.2105 -0.8876
vn -0.3581 -0.2739 -0.8926
vn 0.0004 -0.4238 -0.9057
vn 0.2807 -0.3385 -0.8981
vn 0.3536 -0.2766 -0.8936
vn 0.4163 -0.2028 -0.8863
vn 0.4641 -0.1095 -0.8790
vn -0.4976 0.1021 -0.8614
vn -0.4987 0.0805 -0.8630
vn -0.4978 0.0967 -0.8619
vn -0.4997 0.0746 -0.8630
vn -0.4935 0.1392 -0.8585
vn -0.4904 0.1583 -0.8570
vn -0.4775 0.2122 -0.8526
vn -0.4608 0.2591 -0.8488
vn -0.4376 0.3074 -0.8450
vn -0.4184 0.3403 -0.8421
vn -0.3814 0.3916 -0.8373
vn -0.3546 0.4211 -0.8348
vn -0.3136 0.4588 -0.8313
vn -0.1973 0.5296 -0.8250
vn -0.2328 0.5129 -0.8263
vn -0.1467 0.5495 -0.8225
vn -0.0815 0.5656 -0.8206
vn -0.0528 0.5693 -0.8204
vn -0.0155 0.5723 -0.8199
vn 0.0005 0.5724 -0.8200
vn 0.0002 0.5726 -0.8199
vn 0.0002 0.5716 -0.8205
vn -0.0028 0.5696 -0.8219
vn -0.0000 0.5697 -0.8219
vn -0.0074 0.5691 -0.8223
vn 0.0127 0.5697 -0.8217
vn 0.0285 0.5697 -0.8213
vn 0.0283 0.5697 -0.8213
vn 0.1204 0.5559 -0.8225
vn 0.2176 0.5208 -0.8255
vn 0.2174 0.5209 -0.8255
vn 0.2975 0.4730 -0.8293
vn 0.3731 0.4044 -0.8350
vn 0.4104 0.3573 -0.8390
vn 0.4278 0.3308 -0.8412
vn 0.4712 0.2404 -0.8487
vn 0.4714 0.2407 -0.8485
vn 0.4941 0.1482 -0.8567
vn 0.4974 0.1238 -0.8587
vn 0.4999 0.0882 -0.8616
vn 0.4839 0.1983 -0.8523
vn 0.4613 0.2653 -0.8466
vn 0.4309 0.3256 -0.8416
vn 0.3772 0.3997 -0.8354
vn 0.3067 0.4659 -0.8300
vn 0.2238 0.5178 -0.8257
vn 0.1326 0.5527 -0.8227
vn 0.0272 0.5698 -0.8213
vn 0.0171 0.5699 -0.8215
vn -0.1143 0.5590 -0.8212
vn -0.1961 0.5302 -0.8249
vn -0.2859 0.4804 -0.8292
vn -0.3539 0.4217 -0.8348
vn -0.4599 0.2612 -0.8487
vn 0.4998 -0.0773 0.8627
vn 0.5001 -0.0731 0.8628
vn 0.5003 -0.0781 0.8623
vn 0.5000 -0.0740 0.8629
vn 0.5001 -0.0745 0.8628
vn 0.4997 -0.0748 0.8629
vn 0.4910 -0.1708 0.8542
vn 0.4999 -0.0748 0.8628
vn 0.4997 -0.0745 0.8630
vn 0.4998 -0.0745 0.8629
vn 0.5001 -0.0748 0.8627
vn 0.4639 -0.2586 0.8473
vn 0.4624 -0.2617 0.8472
vn 0.4921 -0.1648 0.8548
vn 0.4162 -0.3517 0.8385
vn 0.3530 -0.4264 0.8328
vn 0.4147 -0.3541 0.8383
vn 0.3520 -0.4272 0.8328
vn 0.2768 -0.4901 0.8266
vn 0.1916 -0.5339 0.8235
vn 0.1920 -0.5336 0.8237
vn 0.1014 -0.5628 0.8204
vn 0.0740 -0.5675 0.8200
vn 0.0079 -0.5725 0.8198
vn 0.0082 -0.5725 0.8198
vn 0.0065 -0.5726 0.8198
vn -0.0021 -0.5726 0.8198
vn 0.0002 -0.5728 0.8197
vn 0.0003 -0.5727 0.8198
vn -0.0000 -0.5723 0.8200
vn 0.0004 -0.5729 0.8196
vn 0.0002 -0.5729 0.8196
vn -0.0064 -0.5722 0.8201
vn -0.0237 -0.5716 0.8202
vn -0.0417 -0.5707 0.8201
vn -0.0234 -0.5716 0.8202
vn -0.0866 -0.5660 0.8198
vn 0.3541 -0.4256 0.8328
vn 0.2807 -0.4874 0.8268
vn 0.1911 -0.5342 0.8235
vn 0.1069 -0.5617 0.8204
vn 0.0085 -0.5725 0.8199
vn -0.1967 -0.5333 0.8227
vn -0.1921 -0.5351 0.8226
vn -0.0988 -0.5639 0.8199
vn -0.2690 -0.4938 0.8269
vn -0.2758 -0.4895 0.8272
vn -0.1888 -0.5364 0.8226
vn -0.3550 -0.4257 0.8323
vn -0.3581 -0.4229 0.8324
vn -0.4099 -0.3595 0.8383
vn -0.4609 -0.2672 0.8463
vn -0.4623 -0.2647 0.8463
vn -0.4878 -0.1855 0.8530
vn -0.4943 -0.1525 0.8558
vn -0.4999 -0.0852 0.8619
vn -0.5000 -0.0856 0.8618
vn -0.5109 -0.0820 0.8557
vn -0.5006 -0.0828 0.8617
vn -0.4946 -0.0830 0.8652
vn -0.4999 -0.0726 0.8630
vn -0.5002 -0.0718 0.8629
vn -0.5001 -0.0742 0.8628
vn -0.4076 -0.0776 0.9099
vn -0.5005 -0.0722 0.8627
vn -0.5000 -0.0743 0.8628
vn -0.4998 -0.0732 0.8630
vn -0.5003 -0.0832 0.8618
vn -0.4914 -0.1676 0.8546
vn -0.4600 -0.2690 0.8462
vn -0.4142 -0.3534 0.8388
vn -0.3524 -0.4283 0.8321
vn 0.4612 -0.2641 0.8471
vn 0.4998 -0.0608 0.8640
vn 0.4974 -0.0252 0.8671
vn 0.4982 -0.0369 0.8663
vn 0.4835 0.0518 0.8738
vn 0.4714 0.0914 0.8772
vn 0.4469 0.1473 0.8824
vn 0.4104 0.2082 0.8878
vn 0.3930 0.2315 0.8899
vn 0.3733 0.2551 0.8920
vn 0.3266 0.3005 0.8961
vn 0.2174 0.3718 0.9025
vn 0.2465 0.3563 0.9013
vn 0.1617 0.3946 0.9045
vn 0.0281 0.4205 0.9068
vn 0.0685 0.4166 0.9065
vn 0.0073 0.4201 0.9074
vn -0.0001 0.4232 0.9061
vn 0.0002 0.4204 0.9073
vn -0.0074 0.4197 0.9076
vn 0.0127 0.4204 0.9072
vn 0.0283 0.4205 0.9068
vn 0.1205 0.4067 0.9056
vn 0.2176 0.3717 0.9025
vn 0.2974 0.3239 0.8981
vn -0.1279 0.4063 0.9047
vn 0.0038 0.4238 0.9057
vn 0.0001 0.4236 0.9059
vn 0.0003 0.4227 0.9063
vn 0.0003 0.4236 0.9059
vn 0.0002 0.4203 0.9074
vn -0.2185 0.3707 0.9027
vn -0.1972 0.3804 0.9036
vn -0.0816 0.4166 0.9054
vn -0.0155 0.4233 0.9059
vn -0.3020 0.3190 0.8983
vn -0.3545 0.2719 0.8947
vn -0.2857 0.3311 0.8993
vn -0.3539 0.2724 0.8947
vn -0.4184 0.1910 0.8879
vn -0.4325 0.1675 0.8860
vn -0.4608 0.1098 0.8807
vn -0.4707 0.0841 0.8783
vn -0.4943 -0.0153 0.8691
vn -0.3715 0.2535 0.8932
vn -0.4988 -0.0695 0.8639
vn -0.4986 -0.0685 0.8641
vn -0.4978 -0.0524 0.8657
vn -0.4905 0.0091 0.8714
vn -0.4998 -0.0745 0.8629
vn -0.4599 0.1119 0.8809
vn -0.1960 0.3809 0.9036
vn -0.1143 0.4100 0.9049
vn 0.3730 0.2553 0.8920
vn 0.4278 0.1817 0.8854
vn 0.4717 0.0917 0.8770
vn 0.4944 -0.0008 0.8692
vn 0.9999 -0.0009 0.0101
vn 0.9851 -0.1721 -0.0043
vn 0.9985 -0.0550 0.0051
vn 0.9736 -0.2281 -0.0090
vn 0.9392 -0.3430 -0.0183
vn 0.9140 -0.4051 -0.0236
vn 0.8609 -0.5078 -0.0320
vn 0.8123 -0.5820 -0.0385
vn 0.7539 -0.6554 -0.0447
vn 0.6823 -0.7293 -0.0511
vn 0.6179 -0.7843 -0.0558
vn 0.5284 -0.8468 -0.0616
vn 0.4652 -0.8829 -0.0647
vn 0.3575 -0.9313 -0.0692
vn 0.2968 -0.9523 -0.0712
vn 0.1744 -0.9819 -0.0743
vn 0.1255 -0.9892 -0.0752
vn 0.0796 -0.9939 -0.0758
vn -0.1856 -0.9798 -0.0741
vn -0.1256 -0.9892 -0.0752
vn -0.2810 -0.9570 -0.0717
vn -0.2361 -0.9690 -0.0727
vn -0.3782 -0.9232 -0.0684
vn 0.9837 -0.1796 -0.0050
vn 0.9227 -0.3850 -0.0219
vn 0.8295 -0.5573 -0.0362
vn 0.7030 -0.7095 -0.0492
vn 0.5528 -0.8312 -0.0598
vn 0.3834 -0.9211 -0.0681
vn 0.2027 -0.9765 -0.0737
vn 0.0153 -0.9970 -0.0764
vn -0.0002 -0.9971 -0.0765
vn -0.0915 -0.9929 -0.0757
vn -0.4354 -0.8978 -0.0660
vn -0.5512 -0.8322 -0.0600
vn -0.5777 -0.8142 -0.0585
vn -0.7050 -0.7076 -0.0489
vn -0.7069 -0.7057 -0.0490
vn -0.8284 -0.5589 -0.0362
vn -0.8346 -0.5498 -0.0356
vn -0.9205 -0.3901 -0.0223
vn -0.9271 -0.3741 -0.0209
vn -0.9824 -0.1868 -0.0056
vn -0.9822 -0.1876 -0.0057
vn -0.9997 -0.0238 0.0076
vn -0.9756 -0.2196 -0.0083
vn -0.9155 -0.4016 -0.0235
vn -0.8229 -0.5670 -0.0372
vn -0.6960 -0.7163 -0.0500
vn -0.5432 -0.8374 -0.0607
vn -0.3667 -0.9278 -0.0689
vn 0.5003 0.0486 -0.8645
vn 0.5006 0.0745 -0.8625
vn 0.4994 0.0889 -0.8618
vn 0.5001 0.0745 -0.8628
vn 0.4996 0.0890 -0.8617
vn 0.5008 0.0744 -0.8624
vn 0.5007 0.0744 -0.8624
vn 0.4999 0.0476 -0.8648
vn 0.4976 0.0161 -0.8673
vn 0.4811 -0.0646 -0.8743
vn 0.4811 -0.0641 -0.8743
vn 0.4441 -0.1553 -0.8824
vn 0.3906 -0.2391 -0.8890
vn 0.3905 -0.2389 -0.8890
vn 0.3220 -0.3082 -0.8952
vn 0.2422 -0.3633 -0.8997
vn 0.2425 -0.3631 -0.8996
vn 0.1844 -0.3902 -0.9021
vn 0.1543 -0.4008 -0.9031
vn 0.0618 -0.4216 -0.9047
vn 0.0624 -0.4215 -0.9047
vn 0.0028 -0.4253 -0.9051
vn -0.0000 -0.4254 -0.9050
vn 0.0001 -0.4256 -0.9049
vn -0.0000 -0.4256 -0.9049
vn -0.0004 -0.4254 -0.9050
vn -0.0000 -0.4255 -0.9050
vn -0.0003 -0.4254 -0.9050
vn -0.0040 -0.4253 -0.9051
vn -0.0129 -0.4253 -0.9049
vn -0.0367 -0.4244 -0.9047
vn -0.1344 -0.4074 -0.9033
vn -0.1327 -0.4077 -0.9034
vn -0.2239 -0.3725 -0.9006
vn -0.1835 -0.3903 -0.9022
vn -0.2730 -0.3456 -0.8978
vn 0.4885 -0.0362 -0.8718
vn 0.4578 -0.1275 -0.8799
vn 0.4075 -0.2171 -0.8870
vn 0.3424 -0.2903 -0.8936
vn 0.2651 -0.3498 -0.8985
vn 0.1795 -0.3921 -0.9023
vn 0.0870 -0.4177 -0.9044
vn 0.0322 -0.4244 -0.9049
vn 0.0030 -0.4253 -0.9050
vn -0.0750 -0.4200 -0.9044
vn -0.3098 -0.3200 -0.8953
vn -0.3500 -0.2849 -0.8924
vn -0.3801 -0.2529 -0.8897
vn -0.4134 -0.2103 -0.8859
vn -0.4366 -0.1737 -0.8827
vn -0.4597 -0.1265 -0.8790
vn -0.4642 -0.1160 -0.8781
vn -0.4897 -0.0355 -0.8712
vn -0.4972 0.0057 -0.8676
vn -0.5014 0.0667 -0.8626
vn -0.5012 0.0709 -0.8624
vn -0.5018 0.0715 -0.8620
vn -0.5014 0.0744 -0.8620
vn -0.5011 0.0744 -0.8622
vn -0.5013 0.0744 -0.8621
vn -0.5014 0.0747 -0.8620
vn -0.5006 0.0750 -0.8624
vn -0.5001 0.0775 -0.8625
vn -0.4992 0.0837 -0.8624
vn -0.4901 0.1732 -0.8543
vn -0.4902 0.1732 -0.8542
vn -0.5013 0.0746 -0.8620
vn -0.4923 0.0675 -0.8678
vn -0.5093 0.0669 -0.8580
vn -0.5075 0.0668 -0.8591
vn -0.4973 0.0053 -0.8675
vn -0.4753 -0.0862 -0.8756
vn -0.4366 -0.1738 -0.8827
vn -0.3101 -0.3197 -0.8953
vn 0.4997 0.0888 -0.8616
vn 0.4999 0.0686 -0.8634
vn 0.5000 0.0686 -0.8633
vn -0.4734 0.2350 -0.8489
vn -0.4845 0.1974 -0.8522
vn -0.4861 0.1908 -0.8528
vn -0.4846 0.1974 -0.8522
vn -0.4640 0.2603 -0.8467
vn -0.4429 0.3062 -0.8427
vn -0.3993 0.3752 -0.8366
vn -0.3893 0.3880 -0.8354
vn -0.3202 0.4579 -0.8293
vn -0.2408 0.5123 -0.8244
vn -0.2550 0.5042 -0.8251
vn -0.3333 0.4466 -0.8304
vn -0.3993 0.3751 -0.8366
vn -0.4509 0.2904 -0.8440
vn -0.1978 0.5331 -0.8226
vn -0.1523 0.5501 -0.8211
vn -0.0765 0.5686 -0.8191
vn -0.0549 0.5716 -0.8187
vn -0.0045 0.5746 -0.8184
vn -0.0000 0.5752 -0.8180
vn -0.0001 0.5748 -0.8183
vn -0.0001 0.5750 -0.8181
vn -0.0002 0.5748 -0.8183
vn -0.0000 0.5772 -0.8166
vn -0.0000 0.5769 -0.8168
vn -0.0000 0.5771 -0.8166
vn 0.0022 0.5771 -0.8166
vn 0.0398 0.5758 -0.8166
vn 0.0992 0.5676 -0.8173
vn 0.0622 0.5737 -0.8167
vn 0.1828 0.5426 -0.8199
vn 0.1830 0.5425 -0.8199
vn 0.2717 0.4973 -0.8240
vn 0.3493 0.4354 -0.8297
vn 0.3492 0.4353 -0.8298
vn 0.4121 0.3612 -0.8365
vn 0.4589 0.2766 -0.8444
vn 0.4882 0.1866 -0.8525
vn 0.4961 0.1405 -0.8568
vn 0.4998 0.0933 -0.8611
vn 0.4997 0.0932 -0.8612
vn 0.4855 0.1975 -0.8516
vn 0.4389 0.3179 -0.8404
vn 0.3837 0.3983 -0.8332
vn 0.3143 0.4666 -0.8268
vn 0.2303 0.5212 -0.8218
vn 0.1366 0.5584 -0.8183
vn -0.0770 0.5684 -0.8191
vn -0.1685 0.5446 -0.8216
vn -0.2553 0.5040 -0.8251
vn 0.4998 -0.0599 0.8640
vn 0.5003 -0.0786 0.8623
vn 0.5003 -0.0746 0.8626
vn 0.4974 -0.1329 0.8573
vn 0.5001 -0.1013 0.8600
vn 0.4810 -0.2135 0.8503
vn 0.5004 -0.0746 0.8626
vn 0.4811 -0.2131 0.8504
vn 0.4445 -0.3042 0.8425
vn 0.3902 -0.3879 0.8350
vn 0.3904 -0.3879 0.8350
vn 0.3221 -0.4570 0.8291
vn 0.2421 -0.5121 0.8241
vn 0.2423 -0.5120 0.8241
vn 0.1842 -0.5391 0.8219
vn 0.1543 -0.5497 0.8210
vn 0.0619 -0.5705 0.8190
vn 0.0625 -0.5704 0.8190
vn 0.0028 -0.5742 0.8187
vn 0.0001 -0.5742 0.8187
vn -0.0000 -0.5742 0.8187
vn -0.0000 -0.5743 0.8187
vn 0.0615 -0.5705 0.8190
vn -0.0004 -0.5742 0.8187
vn -0.0000 -0.5743 0.8186
vn -0.0003 -0.5742 0.8187
vn -0.0005 -0.5741 0.8188
vn -0.0042 -0.5745 0.8185
vn -0.0130 -0.5742 0.8186
vn -0.0367 -0.5732 0.8186
vn -0.1343 -0.5562 0.8201
vn -0.1327 -0.5566 0.8201
vn -0.2239 -0.5214 0.8234
vn -0.2320 -0.5174 0.8237
vn -0.3096 -0.4688 0.8273
vn -0.2973 -0.4779 0.8265
vn -0.3552 -0.4284 0.8309
vn -0.3801 -0.4017 0.8332
vn -0.3838 -0.3975 0.8335
vn -0.4365 -0.3225 0.8399
vn -0.4300 -0.3331 0.8391
vn -0.4658 -0.2619 0.8453
vn -0.4644 -0.2648 0.8451
vn -0.4787 -0.2245 0.8488
vn -0.4972 -0.1431 0.8558
vn -0.4992 -0.1267 0.8572
vn -0.5014 -0.0780 0.8617
vn -0.5018 -0.0822 0.8611
vn -0.5016 -0.0745 0.8619
vn -0.5016 -0.0744 0.8619
vn -0.5010 -0.0740 0.8622
vn -0.5014 -0.0745 0.8620
vn -0.5001 -0.0715 0.8630
vn -0.5004 -0.0723 0.8628
vn -0.4986 -0.0558 0.8650
vn -0.4990 -0.0654 0.8641
vn -0.4976 -0.0332 0.8668
vn -0.4901 0.0241 0.8714
vn -0.4902 0.0242 0.8713
vn -0.3097 -0.4686 0.8273
vn -0.4365 -0.3226 0.8399
vn -0.4753 -0.2350 0.8478
vn -0.4972 -0.1435 0.8557
vn -0.4904 -0.0824 0.8676
vn -0.4900 -0.0824 0.8678
vn -0.5213 -0.0809 0.8496
vn -0.1427 -0.5536 0.8205
vn -0.0793 -0.5681 0.8191
vn -0.0158 -0.5741 0.8186
vn 0.1877 -0.5377 0.8220
vn 0.2486 -0.5085 0.8244
vn 0.3044 -0.4714 0.8277
vn 0.3541 -0.4277 0.8317
vn 0.4180 -0.3496 0.8385
vn 0.4662 -0.2547 0.8472
vn 0.4948 -0.1528 0.8555
vn 0.5000 -0.0804 0.8623
vn 0.5001 -0.0805 0.8622
vn 0.4999 -0.0806 0.8623
vn 0.4998 -0.0596 0.8641
vn 0.4975 -0.0236 0.8671
vn 0.4996 -0.0558 0.8644
vn 0.4997 -0.0557 0.8644
vn 0.4959 -0.0085 0.8683
vn 0.4781 0.0753 0.8751
vn 0.4590 0.1278 0.8792
vn 0.4400 0.1667 0.8824
vn 0.3844 0.2490 0.8890
vn 0.3493 0.2867 0.8921
vn 0.3146 0.3174 0.8946
vn 0.2334 0.3710 0.8988
vn 0.1829 0.3939 0.9008
vn 0.1432 0.4079 0.9017
vn 0.0993 0.4190 0.9025
vn 0.0477 0.4267 0.9031
vn -0.0000 0.4286 0.9035
vn -0.0001 0.4284 0.9036
vn -0.0001 0.4270 0.9043
vn -0.0002 0.4267 0.9044
vn -0.0031 0.4257 0.9048
vn -0.0001 0.4261 0.9047
vn -0.0046 0.4257 0.9048
vn -0.0003 0.4260 0.9047
vn -0.0772 0.4197 0.9044
vn -0.0764 0.4198 0.9044
vn -0.1686 0.3957 0.9028
vn -0.1978 0.3842 0.9018
vn -0.2552 0.3551 0.8993
vn -0.2549 0.3553 0.8993
vn -0.3334 0.2976 0.8946
vn -0.2979 0.3266 0.8970
vn -0.3658 0.2661 0.8918
vn -0.0184 0.4254 0.9048
vn -0.1183 0.4111 0.9039
vn -0.2124 0.3777 0.9012
vn -0.3992 0.2263 0.8885
vn -0.4216 0.1942 0.8857
vn -0.4638 0.1113 0.8789
vn -0.4673 0.1024 0.8782
vn -0.4844 0.0485 0.8735
vn -0.4861 0.0418 0.8729
vn -0.4845 0.0484 0.8735
vn -0.4506 0.1414 0.8815
vn -0.3995 0.2258 0.8885
vn 0.0001 0.4286 0.9035
vn 0.0622 0.4253 0.9029
vn 0.1827 0.3940 0.9008
vn 0.2716 0.3487 0.8970
vn 0.3493 0.2869 0.8920
vn 0.4119 0.2126 0.8861
vn 0.4593 0.1278 0.8790
vn 0.4880 0.0378 0.8720
vn 1.0000 -0.0005 0.0095
vn 1.0000 -0.0006 0.0098
vn 0.9831 -0.1830 -0.0052
vn 0.9737 -0.2279 -0.0090
vn 0.9321 -0.3618 -0.0200
vn 0.8984 -0.4385 -0.0263
vn 0.8352 -0.5488 -0.0356
vn 0.7628 -0.6451 -0.0438
vn 0.7062 -0.7063 -0.0490
vn 0.5809 -0.8119 -0.0583
vn 0.6059 -0.7935 -0.0567
vn 0.4966 -0.8657 -0.0631
vn 0.3645 -0.9287 -0.0689
vn 0.3748 -0.9246 -0.0685
vn 0.1239 -0.9894 -0.0752
vn 0.1290 -0.9888 -0.0751
vn 0.2014 -0.9767 -0.0738
vn 0.3867 -0.9197 -0.0681
vn 0.0089 -0.9970 -0.0765
vn -0.1291 -0.9888 -0.0751
vn -0.1905 -0.9789 -0.0739
vn -0.2866 -0.9554 -0.0715
vn -0.2835 -0.9563 -0.0716
vn -0.4399 -0.8957 -0.0658
vn -0.4630 -0.8840 -0.0648
vn -0.5808 -0.8120 -0.0583
vn -0.5910 -0.8046 -0.0576
vn -0.7070 -0.7056 -0.0490
vn -0.7646 -0.6430 -0.0436
vn -0.8326 -0.5527 -0.0360
vn -0.8565 -0.5151 -0.0328
vn -0.9249 -0.3796 -0.0215
vn -0.9271 -0.3742 -0.0209
vn -0.9543 -0.2986 -0.0148
vn -0.9814 -0.1921 -0.0060
vn -0.9938 -0.1113 0.0006
vn -0.9544 -0.2980 -0.0145
vn -0.9207 -0.3896 -0.0223
vn -0.8280 -0.5596 -0.0365
vn -0.7037 -0.7088 -0.0493
vn -0.5531 -0.8310 -0.0600
vn -0.3813 -0.9219 -0.0683
vn -0.1953 -0.9779 -0.0739
vn 0.0001 -0.9971 -0.0763
vn -0.9940 -0.1095 0.0007
vn 0.5581 -0.8276 -0.0597
vn 0.7078 -0.7048 -0.0490
vn 0.8313 -0.5546 -0.0361
vn 0.9229 -0.3844 -0.0219
vn 0.9793 -0.2025 -0.0069
vn 0.9998 -0.0200 0.0081
vn 0.5000 0.0609 -0.8639
vn 0.5001 0.0745 -0.8627
vn 0.4997 0.0904 -0.8615
vn 0.5000 0.0741 -0.8629
vn 0.5000 0.0697 -0.8632
vn 0.4998 0.0904 -0.8614
vn 0.4904 -0.0245 -0.8712
vn 0.4926 -0.0138 -0.8701
vn 0.5001 0.0725 -0.8629
vn 0.5000 0.0743 -0.8629
vn 0.4619 -0.1172 -0.8792
vn 0.4225 -0.1928 -0.8856
vn 0.4676 -0.1026 -0.8780
vn 0.4223 -0.1934 -0.8856
vn 0.3649 -0.2666 -0.8921
vn 0.2891 -0.3324 -0.8978
vn 0.2892 -0.3323 -0.8977
vn 0.2365 -0.3646 -0.9006
vn 0.2076 -0.3788 -0.9019
vn 0.1126 -0.4109 -0.9047
vn 0.1128 -0.4109 -0.9047
vn 0.0122 -0.4236 -0.9058
vn 0.0003 -0.4236 -0.9059
vn 0.0002 -0.4237 -0.9058
vn -0.0000 -0.4237 -0.9058
vn -0.0000 -0.4239 -0.9057
vn -0.0094 -0.4237 -0.9057
vn -0.0025 -0.4237 -0.9058
vn -0.0870 -0.4165 -0.9050
vn -0.0088 -0.4237 -0.9057
vn -0.0884 -0.4163 -0.9049
vn -0.1763 -0.3918 -0.9030
vn -0.1907 -0.3861 -0.9025
vn -0.2673 -0.3467 -0.8991
vn -0.2767 -0.3409 -0.8985
vn -0.3521 -0.2794 -0.8933
vn 0.4162 -0.2027 -0.8864
vn 0.3541 -0.2777 -0.8930
vn 0.2791 -0.3392 -0.8983
vn 0.1932 -0.3851 -0.9024
vn 0.0999 -0.4138 -0.9049
vn 0.0129 -0.4237 -0.9057
vn -0.0975 -0.4145 -0.9048
vn -0.4142 -0.2050 -0.8868
vn -0.4073 -0.2148 -0.8877
vn -0.3410 -0.2901 -0.8942
vn -0.2674 -0.3468 -0.8990
vn -0.4399 -0.1624 -0.8832
vn -0.4605 -0.1196 -0.8796
vn -0.4868 -0.0392 -0.8727
vn -0.4773 -0.0739 -0.8756
vn -0.4982 0.0286 -0.8666
vn -0.4999 0.0622 -0.8638
vn -0.4999 0.0630 -0.8638
vn -0.4999 0.0718 -0.8631
vn -0.4999 0.0742 -0.8629
vn -0.4999 0.0745 -0.8628
vn -0.4998 0.0744 -0.8629
vn -0.5001 0.0744 -0.8627
vn -0.5001 0.0745 -0.8627
vn -0.5002 0.0745 -0.8627
vn -0.4867 -0.0395 -0.8727
vn -0.4542 -0.1337 -0.8808
vn 0.4924 -0.0153 -0.8702
vn 0.5001 0.0673 -0.8633
vn 0.5000 0.0687 -0.8633
vn 0.4997 0.0659 -0.8637
vn -0.4975 0.1265 -0.8582
vn -0.4928 0.1606 -0.8552
vn -0.5001 0.0831 -0.8620
vn -0.4926 0.1620 -0.8550
vn -0.4681 0.2497 -0.8477
vn -0.4765 0.2255 -0.8498
vn -0.4233 0.3402 -0.8397
vn -0.4370 0.3172 -0.8417
vn -0.3816 0.3965 -0.8350
vn -0.2905 0.4801 -0.8277
vn -0.3114 0.4644 -0.8291
vn -0.2302 0.5167 -0.8246
vn -0.2381 0.5126 -0.8250
vn -0.1394 0.5529 -0.8215
vn -0.1142 0.5594 -0.8210
vn -0.0373 0.5715 -0.8197
vn -0.0124 0.5726 -0.8198
vn -0.0015 0.5725 -0.8199
vn -0.0001 0.5725 -0.8199
vn -0.0002 0.5730 -0.8196
vn -0.0002 0.5742 -0.8187
vn -0.0001 0.5745 -0.8185
vn -0.0001 0.5758 -0.8176
vn -0.0000 0.5758 -0.8176
vn 0.0025 0.5759 -0.8175
vn 0.0329 0.5756 -0.8171
vn 0.1768 0.5451 -0.8195
vn 0.0480 0.5747 -0.8169
vn 0.1759 0.5455 -0.8195
vn 0.2613 0.5046 -0.8228
vn 0.3432 0.4426 -0.8285
vn 0.3428 0.4430 -0.8284
vn 0.3852 0.3985 -0.8324
vn 0.4052 0.3733 -0.8346
vn 0.4563 0.2843 -0.8432
vn 0.4567 0.2836 -0.8432
vn 0.4870 0.1978 -0.8507
vn 0.4995 0.0971 -0.8609
vn 0.4885 0.1907 -0.8515
vn 0.4487 0.3009 -0.8415
vn 0.4084 0.3688 -0.8350
vn 0.3436 0.4422 -0.8285
vn 0.2658 0.5018 -0.8231
vn 0.1775 0.5448 -0.8196
vn 0.1309 0.5599 -0.8182
vn -0.0002 0.5758 -0.8176
vn -0.0000 0.5725 -0.8199
vn -0.1144 0.5594 -0.8210
vn -0.2093 0.5270 -0.8237
vn -0.3661 0.4140 -0.8334
vn -0.4231 0.3405 -0.8397
vn -0.5002 0.0748 -0.8627
vn 0.4998 -0.0586 0.8642
vn 0.4999 -0.0793 0.8624
vn 0.4997 -0.0586 0.8642
vn 0.5005 -0.0747 0.8625
vn 0.5003 -0.0745 0.8627
vn 0.5001 -0.0766 0.8626
vn 0.5001 -0.0789 0.8624
vn 0.4926 -0.1627 0.8549
vn 0.4838 -0.2014 0.8517
vn 0.4500 -0.2926 0.8438
vn 0.4224 -0.3415 0.8396
vn 0.3994 -0.3747 0.8367
vn 0.3332 -0.4463 0.8305
vn 0.2891 -0.4813 0.8275
vn 0.2552 -0.5032 0.8256
vn 0.2365 -0.5136 0.8248
vn 0.1675 -0.5439 0.8222
vn 0.1126 -0.5600 0.8208
vn 0.0693 -0.5682 0.8200
vn 0.0120 -0.5726 0.8197
vn 0.0013 -0.5726 0.8198
vn 0.0001 -0.5726 0.8198
vn -0.0000 -0.5729 0.8196
vn 0.0003 -0.5726 0.8198
vn -0.0003 -0.5725 0.8199
vn 0.5001 -0.0816 0.8621
vn 0.4923 -0.1643 0.8548
vn 0.4676 -0.2516 0.8474
vn 0.4222 -0.3423 0.8394
vn 0.3650 -0.4155 0.8332
vn 0.2076 -0.5279 0.8236
vn 0.1128 -0.5599 0.8208
vn -0.0088 -0.5728 0.8197
vn -0.0025 -0.5727 0.8197
vn -0.0002 -0.5730 0.8195
vn -0.0000 -0.5728 0.8197
vn -0.0870 -0.5655 0.8202
vn -0.0884 -0.5652 0.8202
vn -0.1762 -0.5407 0.8225
vn -0.2673 -0.4958 0.8263
vn -0.2670 -0.4960 0.8262
vn -0.2169 -0.5236 0.8239
vn -0.1254 -0.5569 0.8210
vn -0.3410 -0.4391 0.8312
vn -0.4073 -0.3637 0.8378
vn -0.3716 -0.4079 0.8340
vn -0.4291 -0.3304 0.8407
vn -0.4399 -0.3114 0.8423
vn -0.4703 -0.2434 0.8483
vn -0.4866 -0.1882 0.8531
vn -0.4951 -0.1456 0.8565
vn -0.4999 -0.0868 0.8617
vn -0.4999 -0.0861 0.8618
vn -0.4998 -0.0772 0.8627
vn -0.5000 -0.0749 0.8628
vn -0.5002 -0.0748 0.8627
vn -0.5002 -0.0745 0.8627
vn -0.4996 -0.0745 0.8630
vn -0.4999 -0.0743 0.8629
vn -0.5002 -0.0746 0.8627
vn -0.5000 -0.0748 0.8628
vn -0.4072 -0.3638 0.8378
vn -0.4543 -0.2827 0.8448
vn -0.4867 -0.1885 0.8530
vn -0.2996 -0.4736 0.8283
vn -0.0244 -0.5723 0.8197
vn 0.0001 -0.5728 0.8197
vn 0.4999 -0.0804 0.8623
vn 0.4998 -0.0585 0.8642
vn 0.4954 0.0011 0.8686
vn 0.4995 -0.0519 0.8648
vn 0.4995 -0.0518 0.8648
vn 0.4563 0.1357 0.8794
vn 0.4724 0.0961 0.8761
vn 0.4317 0.1843 0.8830
vn 0.3853 0.2498 0.8883
vn 0.3734 0.2634 0.8895
vn 0.3428 0.2944 0.8921
vn 0.3015 0.3289 0.8949
vn 0.1763 0.3967 0.9009
vn 0.2171 0.3796 0.8993
vn 0.1722 0.3981 0.9010
vn 0.1251 0.4129 0.9022
vn 0.0283 0.4272 0.9037
vn -0.0001 0.4272 0.9042
vn -0.0000 0.4271 0.9042
vn -0.0003 0.4254 0.9050
vn -0.0000 0.4239 0.9057
vn -0.0001 0.4236 0.9059
vn -0.0140 0.4236 0.9058
vn -0.0124 0.4236 0.9058
vn -0.0696 0.4190 0.9053
vn -0.1144 0.4105 0.9047
vn -0.1682 0.3945 0.9033
vn -0.2380 0.3636 0.9006
vn -0.2559 0.3535 0.8997
vn -0.2905 0.3311 0.8978
vn -0.3338 0.2965 0.8948
vn -0.4232 0.1912 0.8856
vn -0.3998 0.2248 0.8886
vn -0.4502 0.1427 0.8815
vn -0.4680 0.1007 0.8780
vn -0.4839 0.0514 0.8736
vn -0.4929 0.0116 0.8700
vn -0.5001 -0.0659 0.8635
vn -0.5001 -0.0745 0.8627
vn -0.4926 0.0130 0.8701
vn -0.4229 0.1916 0.8857
vn -0.3661 0.2649 0.8921
vn -0.2906 0.3310 0.8978
vn -0.2092 0.3779 0.9019
vn -0.1144 0.4104 0.9047
vn -0.0000 0.4235 0.9059
vn -0.0002 0.4271 0.9042
vn 0.0480 0.4261 0.9034
vn 0.1759 0.3968 0.9009
vn 0.2613 0.3560 0.8972
vn 0.3427 0.2944 0.8921
vn 0.4052 0.2247 0.8862
vn 0.4566 0.1349 0.8794
vn 0.4871 0.0491 0.8720
vn 1.0000 -0.0006 0.0097
vn 1.0000 -0.0005 0.0096
vn 1.0000 -0.0001 0.0095
vn 0.9656 -0.2597 -0.0116
vn 0.9858 -0.1682 -0.0041
vn 0.9457 -0.3245 -0.0169
vn 0.9858 -0.1678 -0.0041
vn 0.9459 -0.3241 -0.0169
vn 0.9858 -0.1679 -0.0041
vn 0.9459 -0.3240 -0.0169
vn 0.9858 -0.1681 -0.0040
vn 0.9457 -0.3246 -0.0168
vn 0.9556 -0.2942 -0.0144
vn 0.8804 -0.4734 -0.0293
vn 0.8823 -0.4699 -0.0288
vn 0.7951 -0.6051 -0.0403
vn 0.7950 -0.6053 -0.0404
vn 0.6828 -0.7288 -0.0510
vn 0.6828 -0.7289 -0.0511
vn 0.5540 -0.8303 -0.0600
vn 0.5535 -0.8307 -0.0601
vn 0.4137 -0.9080 -0.0670
vn 0.5082 -0.8590 -0.0624
vn 0.3388 -0.9383 -0.0698
vn 0.8993 -0.4365 -0.0261
vn 0.8822 -0.4700 -0.0292
vn 0.8820 -0.4703 -0.0290
vn 0.8821 -0.4702 -0.0290
vn 0.7999 -0.5988 -0.0398
vn 0.7951 -0.6052 -0.0404
vn 0.7950 -0.6052 -0.0404
vn 0.6829 -0.7287 -0.0511
vn 0.6650 -0.7450 -0.0524
vn 0.2636 -0.9619 -0.0722
vn 0.1544 -0.9852 -0.0747
vn 0.1351 -0.9880 -0.0750
vn -0.0004 -0.9971 -0.0765
vn 0.1350 -0.9880 -0.0750
vn -0.0005 -0.9971 -0.0765
vn 0.1354 -0.9879 -0.0750
vn -0.0005 -0.9971 -0.0766
vn 0.1353 -0.9880 -0.0751
vn 0.2043 -0.9761 -0.0737
vn 0.0001 -0.9971 -0.0766
vn 0.0005 -0.9971 -0.0766
vn 0.0005 -0.9971 -0.0765
vn -0.1353 -0.9880 -0.0750
vn -0.1737 -0.9820 -0.0743
vn -0.2636 -0.9619 -0.0722
vn -0.4100 -0.9096 -0.0671
vn -0.4137 -0.9080 -0.0668
vn -0.5534 -0.8308 -0.0598
vn -0.5537 -0.8305 -0.0599
vn -0.6832 -0.7285 -0.0508
vn -0.6826 -0.7290 -0.0510
vn -0.7951 -0.6051 -0.0404
vn -0.7952 -0.6050 -0.0405
vn -0.8823 -0.4697 -0.0292
vn -0.8595 -0.5101 -0.0322
vn -0.9396 -0.3417 -0.0183
vn -0.0000 -0.9971 -0.0760
vn -0.0001 -0.9971 -0.0766
vn 0.0002 -0.9971 -0.0764
vn 0.0005 -0.9971 -0.0762
vn -0.0688 -0.9947 -0.0760
vn -0.1348 -0.9880 -0.0752
vn -0.2569 -0.9637 -0.0723
vn -0.2636 -0.9619 -0.0721
vn -0.4135 -0.9080 -0.0672
vn -0.4135 -0.9080 -0.0670
vn -0.4136 -0.9080 -0.0670
vn -0.4344 -0.8983 -0.0660
vn -0.5535 -0.8307 -0.0601
vn -0.5539 -0.8304 -0.0600
vn -0.5975 -0.7998 -0.0571
vn -0.6827 -0.7289 -0.0510
vn -0.7445 -0.6660 -0.0455
vn -0.9457 -0.3245 -0.0169
vn -0.9873 -0.1590 -0.0033
vn -0.9858 -0.1682 -0.0041
vn -0.9832 -0.1822 -0.0053
vn -0.9857 -0.1685 -0.0041
vn -0.9857 -0.1683 -0.0041
vn -0.9857 -0.1684 -0.0041
vn -0.9459 -0.3240 -0.0168
vn -0.9459 -0.3241 -0.0169
vn -0.8822 -0.4699 -0.0290
vn -0.8822 -0.4700 -0.0289
vn -0.7951 -0.6052 -0.0404
vn -0.9338 -0.3573 -0.0197
vn -0.8823 -0.4698 -0.0289
vn -0.8454 -0.5331 -0.0343
vn -0.7952 -0.6050 -0.0403
vn -0.7253 -0.6868 -0.0474
vn -0.5752 -0.8159 -0.0586
vn 0.2975 -0.9521 -0.0712
vn 0.4718 -0.8794 -0.0643
vn 0.5534 -0.8307 -0.0599
vn 0.6317 -0.7732 -0.0549
vn 0.6827 -0.7289 -0.0510
vn 0.7732 -0.6327 -0.0427
vn 0.9897 -0.1432 -0.0020
vn 1.0000 -0.0004 0.0094
vn 1.0000 -0.0005 0.0094
vn -0.1348 -0.9880 -0.0751
vn 0.4140 -0.9078 -0.0669
vn 0.4140 -0.9078 -0.0668
vn 0.5540 -0.8304 -0.0600
vn 0.5002 0.0744 -0.8627
vn 0.4999 0.0698 -0.8632
vn 0.4997 0.0904 -0.8614
vn 0.5002 0.0745 -0.8627
vn 0.5005 0.0743 -0.8626
vn 0.5001 0.0729 -0.8629
vn 0.5001 0.0724 -0.8629
vn 0.4970 0.0164 -0.8676
vn 0.4926 -0.0138 -0.8702
vn 0.4789 -0.0696 -0.8751
vn 0.4224 -0.1928 -0.8856
vn 0.4405 -0.1624 -0.8830
vn 0.3861 -0.2425 -0.8900
vn 0.2891 -0.3323 -0.8978
vn 0.3168 -0.3113 -0.8959
vn 0.2363 -0.3648 -0.9006
vn 0.2364 -0.3647 -0.9006
vn 0.1459 -0.4021 -0.9039
vn 0.1126 -0.4110 -0.9047
vn 0.0984 -0.4141 -0.9049
vn 0.0120 -0.4236 -0.9058
vn 0.0008 -0.4236 -0.9059
vn 0.0002 -0.4236 -0.9059
vn -0.0000 -0.4240 -0.9057
vn -0.0087 -0.4237 -0.9057
vn -0.0871 -0.4166 -0.9049
vn -0.1762 -0.3918 -0.9030
vn -0.2040 -0.3805 -0.9020
vn -0.2672 -0.3470 -0.8990
vn -0.2884 -0.3328 -0.8978
vn -0.3622 -0.2691 -0.8924
vn -0.0069 -0.4237 -0.9058
vn -0.0826 -0.4172 -0.9050
vn -0.4220 -0.1930 -0.8858
vn -0.4073 -0.2147 -0.8877
vn -0.3409 -0.2901 -0.8942
vn -0.4675 -0.1022 -0.8781
vn -0.4867 -0.0393 -0.8727
vn -0.4929 -0.0102 -0.8700
vn -0.4999 0.0622 -0.8639
vn -0.4998 0.0631 -0.8638
vn -0.5000 0.0733 -0.8629
vn -0.5000 0.0744 -0.8628
vn -0.5001 0.0744 -0.8628
vn -0.5000 0.0745 -0.8628
vn -0.4543 -0.1337 -0.8808
vn -0.4072 -0.2148 -0.8877
vn 0.2891 -0.3322 -0.8978
vn 0.3650 -0.2665 -0.8921
vn 0.4223 -0.1932 -0.8856
vn 0.5000 0.0743 -0.8628
vn 0.4999 0.0685 -0.8634
vn -0.4999 0.0894 -0.8614
vn -0.4929 0.1607 -0.8551
vn -0.5000 0.0831 -0.8620
vn -0.4926 0.1619 -0.8550
vn -0.4681 0.2497 -0.8476
vn -0.4237 0.3398 -0.8396
vn -0.4230 0.3405 -0.8397
vn -0.3661 0.4139 -0.8334
vn -0.2905 0.4800 -0.8277
vn -0.2906 0.4800 -0.8277
vn -0.2380 0.5126 -0.8250
vn -0.2093 0.5269 -0.8237
vn -0.1143 0.5594 -0.8210
vn -0.0123 0.5726 -0.8198
vn -0.0002 0.5740 -0.8188
vn -0.0000 0.5727 -0.8198
vn -0.0000 0.5755 -0.8178
vn -0.4827 0.2048 -0.8515
vn -0.4480 0.2960 -0.8436
vn -0.3967 0.3779 -0.8366
vn -0.3298 0.4490 -0.8304
vn -0.2512 0.5052 -0.8256
vn -0.1623 0.5457 -0.8221
vn -0.0612 0.5692 -0.8199
vn -0.0001 0.5755 -0.8178
vn 0.1021 0.5666 -0.8177
vn 0.1762 0.5450 -0.8197
vn 0.1970 0.5368 -0.8204
vn 0.2836 0.4900 -0.8243
vn 0.3426 0.4428 -0.8286
vn 0.3585 0.4274 -0.8300
vn 0.3852 0.3984 -0.8324
vn 0.4203 0.3512 -0.8367
vn 0.4559 0.2852 -0.8431
vn 0.4552 0.2868 -0.8429
vn 0.4903 0.1830 -0.8522
vn 0.4995 0.0970 -0.8609
vn 0.4565 0.2836 -0.8433
vn 0.4050 0.3733 -0.8346
vn 0.3425 0.4429 -0.8286
vn 0.2611 0.5044 -0.8230
vn 0.1759 0.5452 -0.8197
vn 0.0480 0.5744 -0.8172
vn -0.0003 0.5755 -0.8178
vn 0.5000 -0.0745 0.8628
vn 0.4998 -0.0793 0.8625
vn 0.5000 -0.0747 0.8628
vn 0.4999 -0.0745 0.8629
vn 0.5001 -0.0744 0.8628
vn 0.5001 -0.0765 0.8626
vn 0.5002 -0.0780 0.8624
vn 0.4940 -0.1537 0.8558
vn 0.4590 -0.2725 0.8456
vn 0.4225 -0.3418 0.8394
vn 0.4124 -0.3570 0.8381
vn 0.3494 -0.4312 0.8318
vn 0.2891 -0.4812 0.8275
vn 0.2738 -0.4916 0.8267
vn 0.2366 -0.5136 0.8248
vn 0.1873 -0.5365 0.8229
vn 0.1126 -0.5598 0.8210
vn 0.0935 -0.5640 0.8204
vn 0.0109 -0.5726 0.8198
vn 0.0002 -0.5726 0.8198
vn -0.0001 -0.5727 0.8198
vn 0.5001 -0.0817 0.8621
vn 0.4676 -0.2515 0.8474
vn 0.4222 -0.3422 0.8394
vn 0.2892 -0.4812 0.8275
vn 0.2076 -0.5278 0.8236
vn 0.1128 -0.5599 0.8209
vn -0.0088 -0.5727 0.8197
vn 0.0001 -0.5727 0.8198
vn -0.0871 -0.5654 0.8202
vn -0.1763 -0.5407 0.8226
vn -0.2670 -0.4960 0.8263
vn -0.2188 -0.5227 0.8240
vn -0.1274 -0.5563 0.8211
vn -0.3731 -0.4064 0.8341
vn -0.4301 -0.3287 0.8408
vn -0.4713 -0.2408 0.8485
vn -0.4868 -0.1883 0.8530
vn -0.4957 -0.1414 0.8569
vn -0.4998 -0.0771 0.8627
vn -0.5000 -0.0747 0.8628
vn -0.5001 -0.0749 0.8627
vn -0.4999 -0.0748 0.8628
vn -0.3013 -0.4723 0.8284
vn -0.0778 -0.5670 0.8201
vn 0.5000 -0.0805 0.8623
vn 0.4964 -0.0072 0.8681
vn 0.4995 -0.0519 0.8647
vn 0.4753 0.0883 0.8754
vn 0.4563 0.1356 0.8795
vn 0.4869 0.0491 0.8721
vn 0.4567 0.1348 0.8794
vn 0.4050 0.2247 0.8863
vn 0.3851 0.2498 0.8884
vn 0.3426 0.2943 0.8922
vn 0.3426 0.2942 0.8922
vn 0.2610 0.3558 0.8974
vn 0.1779 0.3958 0.9010
vn 0.1759 0.3966 0.9010
vn 0.0480 0.4258 0.9036
vn -0.0001 0.4268 0.9044
vn -0.0003 0.4268 0.9043
vn -0.0002 0.4256 0.9049
vn -0.0000 0.4234 0.9059
vn -0.0668 0.4194 0.9053
vn -0.1143 0.4103 0.9048
vn -0.1665 0.3952 0.9034
vn -0.2381 0.3636 0.9006
vn -0.2548 0.3542 0.8998
vn -0.3328 0.2973 0.8949
vn -0.4233 0.1911 0.8856
vn -0.3990 0.2258 0.8887
vn -0.4496 0.1438 0.8816
vn 0.4358 0.1769 0.8825
vn 0.3789 0.2570 0.8890
vn 0.3080 0.3236 0.8946
vn 0.2246 0.3757 0.8991
vn 0.1798 0.3951 0.9009
vn 0.0824 0.4215 0.9031
vn 0.0350 0.4265 0.9038
vn -0.0000 0.4266 0.9044
vn -0.0000 0.4236 0.9059
vn -0.4929 0.0117 0.8700
vn -0.4835 0.0527 0.8737
vn -0.5000 -0.0668 0.8634
vn -0.5000 -0.0659 0.8635
vn -0.4927 0.0130 0.8701
vn -0.5000 -0.0742 0.8629
vn -0.4680 0.1007 0.8779
vn -0.4231 0.1915 0.8856
vn -0.1145 0.4104 0.9047
vn 1.0000 -0.0004 0.0095
vn 1.0000 -0.0002 0.0097
vn 0.9858 -0.1678 -0.0040
vn 0.9858 -0.1680 -0.0041
vn 0.9458 -0.3242 -0.0170
vn 0.8821 -0.4702 -0.0295
vn 0.7949 -0.6054 -0.0405
vn 0.7948 -0.6055 -0.0404
vn 0.6831 -0.7285 -0.0510
vn 0.6833 -0.7284 -0.0510
vn 0.5538 -0.8305 -0.0600
vn 0.5542 -0.8302 -0.0599
vn 0.4139 -0.9078 -0.0672
vn 0.1348 -0.9880 -0.0750
vn 0.1352 -0.9880 -0.0750
vn 0.0004 -0.9971 -0.0765
vn 0.0005 -0.9971 -0.0764
vn -0.1346 -0.9881 -0.0750
vn -0.1349 -0.9880 -0.0751
vn -0.2635 -0.9619 -0.0722
vn -0.4138 -0.9079 -0.0668
vn -0.4136 -0.9080 -0.0669
vn -0.5537 -0.8306 -0.0600
vn -0.5537 -0.8306 -0.0599
vn -0.6830 -0.7286 -0.0513
vn -0.6830 -0.7286 -0.0510
vn -0.7949 -0.6054 -0.0406
vn -0.7949 -0.6054 -0.0404
vn -0.8822 -0.4699 -0.0294
vn -0.8822 -0.4700 -0.0290
vn -0.9458 -0.3243 -0.0170
vn -0.9458 -0.3243 -0.0169
vn -0.9858 -0.1680 -0.0041
vn 0.9855 -0.1697 -0.0042
vn 0.9171 -0.3979 -0.0230
vn 0.8253 -0.5634 -0.0368
vn 0.6983 -0.7141 -0.0496
vn 0.5450 -0.8363 -0.0604
vn 0.3769 -0.9237 -0.0684
vn 0.1946 -0.9781 -0.0739
vn -0.1659 -0.9833 -0.0745
vn -0.2607 -0.9627 -0.0723
vn -0.4379 -0.8966 -0.0659
vn -0.6009 -0.7973 -0.0569
vn -0.7474 -0.6629 -0.0453
vn -0.8616 -0.5066 -0.0320
vn -0.9415 -0.3366 -0.0179
vn -0.9884 -0.1518 -0.0028
vn -0.9797 -0.2005 -0.0067
vn -0.9858 -0.1681 -0.0041
vn -0.9457 -0.3246 -0.0169
vn -0.9457 -0.3246 -0.0168
vn -0.8821 -0.4701 -0.0290
vn -0.8819 -0.4704 -0.0292
vn -0.6828 -0.7288 -0.0510
vn -0.5539 -0.8304 -0.0599
vn -0.5538 -0.8305 -0.0599
vn -0.4139 -0.9079 -0.0669
vn -0.4138 -0.9079 -0.0669
vn -0.1351 -0.9880 -0.0750
vn -0.1350 -0.9880 -0.0750
vn -0.0004 -0.9971 -0.0763
vn 0.1346 -0.9881 -0.0750
vn 0.2636 -0.9619 -0.0721
vn 0.4138 -0.9079 -0.0671
vn 0.4138 -0.9079 -0.0670
vn 0.5537 -0.8305 -0.0599
vn 0.5541 -0.8303 -0.0599
vn 0.6830 -0.7286 -0.0511
vn 0.8820 -0.4704 -0.0290
vn 0.8823 -0.4698 -0.0290
vn 0.9459 -0.3241 -0.0167
vn 1.0000 -0.0005 0.0097
vn 0.9858 -0.1677 -0.0040
vn -0.9231 -0.3840 -0.0218
vn -0.8328 -0.5523 -0.0359
vn -0.7072 -0.7053 -0.0489
vn -0.6826 -0.7290 -0.0508
vn -0.4140 -0.9078 -0.0669
vn -0.3847 -0.9205 -0.0682
vn -0.2004 -0.9769 -0.0738
vn -0.1352 -0.9880 -0.0750
vn -0.0000 -0.9971 -0.0762
vn -0.0005 -0.9971 -0.0764
vn 0.2004 -0.9769 -0.0738
vn 0.3847 -0.9205 -0.0681
vn 0.5536 -0.8306 -0.0600
vn 0.5537 -0.8306 -0.0599
vn 0.6826 -0.7290 -0.0509
vn 0.7071 -0.7054 -0.0490
vn 0.7949 -0.6054 -0.0403
vn 0.8327 -0.5525 -0.0359
vn 0.8821 -0.4701 -0.0290
vn 0.9230 -0.3841 -0.0219
vn 0.9457 -0.3246 -0.0169
vn 0.9797 -0.2004 -0.0067
vn 0.9858 -0.1681 -0.0041
vn 1.0000 -0.0005 0.0099
vn -0.9457 -0.3247 -0.0169
vn -0.9459 -0.3242 -0.0169
vn -0.8821 -0.4702 -0.0292
vn -0.8821 -0.4702 -0.0290
vn -0.7950 -0.6053 -0.0404
vn -0.7947 -0.6056 -0.0404
vn -0.6829 -0.7287 -0.0510
vn -0.6830 -0.7287 -0.0509
vn -0.5539 -0.8305 -0.0599
vn -0.5542 -0.8302 -0.0600
vn -0.4142 -0.9077 -0.0671
vn -0.4141 -0.9077 -0.0670
vn -0.0000 -0.9971 -0.0766
vn -0.0004 -0.9971 -0.0764
vn 0.1344 -0.9881 -0.0750
vn 0.4139 -0.9078 -0.0670
vn 0.4141 -0.9077 -0.0670
vn 0.5536 -0.8306 -0.0599
vn 0.6830 -0.7286 -0.0510
vn 0.6832 -0.7285 -0.0509
vn 0.7949 -0.6055 -0.0404
vn 0.7949 -0.6054 -0.0404
vn 0.8821 -0.4702 -0.0289
vn 0.8819 -0.4706 -0.0291
vn 0.9458 -0.3243 -0.0169
vn -0.9857 -0.1682 -0.0041
vn -0.9458 -0.3243 -0.0168
vn -0.7948 -0.6056 -0.0404
vn -0.5538 -0.8305 -0.0600
vn -0.4138 -0.9079 -0.0670
vn -0.2637 -0.9619 -0.0722
vn 0.4141 -0.9078 -0.0670
vn 0.5538 -0.8305 -0.0599
vn 0.6829 -0.7287 -0.0510
vn 0.9458 -0.3244 -0.0169
vn -0.0000 0.0860 -0.9963
vn 0.0001 0.0860 -0.9963
vn 0.0007 0.0860 -0.9963
vn -0.0001 0.0860 -0.9963
vn -1.0000 -0.0000 0.0095
vn -1.0000 -0.0003 0.0095
vn -1.0000 -0.0004 0.0096
vn -1.0000 -0.0004 0.0095
vn -1.0000 -0.0006 0.0095
vn -1.0000 -0.0006 0.0098
vn -0.9858 0.1677 0.0104
vn -0.9858 0.1678 0.0104
vn -0.9458 0.3244 0.0111
vn -0.9458 0.3247 0.0109
vn -0.8822 0.4707 0.0115
vn -0.7949 0.6066 0.0118
vn -0.7949 0.6067 0.0118
vn -0.6827 0.7306 0.0119
vn -0.6830 0.7303 0.0118
vn -0.5537 0.8326 0.0117
vn -0.4139 0.9103 0.0113
vn -0.4142 0.9101 0.0114
vn -0.2636 0.9646 0.0108
vn -0.1349 0.9908 0.0102
vn -0.1344 0.9909 0.0103
vn 0.0004 1.0000 0.0095
vn 0.0005 1.0000 0.0095
vn -0.0000 1.0000 0.0096
vn -0.0004 1.0000 0.0095
vn -0.0005 1.0000 0.0098
vn 0.1349 0.9908 0.0102
vn 0.1350 0.9908 0.0103
vn 0.2636 0.9646 0.0108
vn 0.4138 0.9103 0.0114
vn 0.5538 0.8325 0.0117
vn 0.5538 0.8326 0.0117
vn 0.6829 0.7304 0.0119
vn 0.7950 0.6065 0.0118
vn 0.8821 0.4709 0.0115
vn 0.8820 0.4712 0.0116
vn 0.9458 0.3244 0.0111
vn 0.9458 0.3246 0.0111
vn 0.9859 0.1673 0.0104
vn 0.9858 0.1677 0.0104
vn 1.0000 -0.0000 0.0095
vn 0.9857 0.1679 0.0104
vn 0.9858 0.1676 0.0102
vn 0.9459 0.3244 0.0109
vn 0.9457 0.3249 0.0111
vn 0.8822 0.4708 0.0118
vn 0.9231 0.3845 0.0113
vn 0.8328 0.5534 0.0117
vn -1.0000 -0.0000 0.0099
vn -1.0000 -0.0000 0.0096
vn -1.0000 -0.0003 0.0096
vn -0.9654 0.2604 0.0108
vn -0.9857 0.1679 0.0104
vn -0.9459 0.3243 0.0107
vn -0.8991 0.4377 0.0117
vn -0.8821 0.4709 0.0113
vn -0.7994 0.6006 0.0118
vn -0.6830 0.7303 0.0119
vn -0.5536 0.8327 0.0117
vn -0.6832 0.7301 0.0119
vn -0.5540 0.8324 0.0117
vn -0.6644 0.7473 0.0119
vn -0.5538 0.8326 0.0116
vn -0.4140 0.9102 0.0114
vn -0.4138 0.9103 0.0114
vn -0.5076 0.8615 0.0117
vn -0.4138 0.9103 0.0110
vn -0.3368 0.9415 0.0111
vn -0.1352 0.9908 0.0102
vn -0.1347 0.9908 0.0102
vn -0.1507 0.9885 0.0103
vn -0.1351 0.9908 0.0103
vn 0.0002 1.0000 0.0095
vn 0.0001 1.0000 0.0097
vn -0.0005 1.0000 0.0097
vn 0.0768 0.9970 0.0099
vn 0.1347 0.9908 0.0101
vn 0.1755 0.9844 0.0104
vn 0.3600 0.9329 0.0112
vn 0.4135 0.9104 0.0109
vn 0.4465 0.8947 0.0115
vn 0.5538 0.8326 0.0116
vn 0.6086 0.7934 0.0118
vn 0.6834 0.7300 0.0114
vn 0.7540 0.6568 0.0119
vn 0.7951 0.6064 0.0118
vn 0.8664 0.4992 0.0116
vn 0.8822 0.4707 0.0112
vn 0.9448 0.3274 0.0111
vn 0.9458 0.3246 0.0109
vn 0.9858 0.1678 0.0104
vn 0.9857 0.1680 0.0104
vn 0.9857 0.1681 0.0104
vn 0.9901 0.1399 0.0103
vn 1.0000 -0.0000 0.0099
vn 0.9797 0.2004 0.0105
vn 0.7950 0.6065 0.0119
vn 0.7072 0.7069 0.0119
vn 0.6827 0.7306 0.0120
vn 0.5537 0.8327 0.0117
vn 0.5541 0.8324 0.0118
vn 0.4140 0.9102 0.0114
vn 0.4139 0.9103 0.0114
vn 0.5544 0.8322 0.0116
vn 0.3847 0.9230 0.0113
vn 0.2004 0.9797 0.0105
vn 0.1352 0.9908 0.0102
vn 0.1349 0.9908 0.0103
vn -0.0005 1.0000 0.0095
vn -0.0000 1.0000 0.0099
vn 0.0005 1.0000 0.0097
vn -0.1348 0.9908 0.0103
vn -0.2004 0.9797 0.0105
vn -0.2636 0.9646 0.0109
vn -0.3847 0.9230 0.0113
vn -0.4138 0.9103 0.0113
vn -0.4139 0.9102 0.0115
vn -0.5539 0.8325 0.0118
vn -0.5544 0.8322 0.0117
vn -0.6827 0.7306 0.0120
vn -0.7071 0.7070 0.0119
vn -0.7950 0.6065 0.0118
vn -0.8328 0.5535 0.0117
vn -0.8821 0.4709 0.0116
vn -0.9230 0.3845 0.0113
vn -0.9457 0.3248 0.0112
vn -0.9797 0.2002 0.0105
vn -1.0000 -0.0004 0.0099
vn -1.0000 -0.0004 0.0097
vn -1.0000 -0.0004 0.0094
vn -0.9858 0.1676 0.0104
vn -0.9458 0.3245 0.0111
vn -0.9457 0.3249 0.0111
vn -0.8819 0.4712 0.0116
vn -0.8821 0.4710 0.0117
vn -0.7948 0.6067 0.0118
vn -0.6831 0.7302 0.0118
vn -0.6832 0.7301 0.0120
vn 0.0001 1.0000 0.0094
vn -0.0000 1.0000 0.0095
vn 0.6831 0.7302 0.0120
vn 0.6832 0.7301 0.0119
vn 0.7949 0.6066 0.0118
vn 0.8821 0.4710 0.0114
vn 0.8820 0.4711 0.0114
vn 0.9457 0.3250 0.0111
vn 0.9459 0.3243 0.0110
vn 0.8821 0.4709 0.0116
vn 0.8821 0.4710 0.0115
vn 0.7949 0.6067 0.0118
vn 0.6832 0.7301 0.0118
vn 0.6832 0.7302 0.0119
vn 0.5543 0.8323 0.0117
vn 0.5536 0.8327 0.0117
vn 0.1350 0.9908 0.0102
vn 0.0001 1.0000 0.0095
vn 0.0001 1.0000 0.0096
vn -0.8820 0.4712 0.0115
vn -0.8821 0.4710 0.0116
vn -0.9457 0.3248 0.0111
vn -0.9456 0.3250 0.0111
vn -0.9858 0.1675 0.0104
vn 0.9459 0.3244 0.0110
vn 0.9747 0.2231 0.0106
vn 1.0000 0.0001 0.0095
vn 0.9459 0.3241 0.0110
vn 0.8822 0.4708 0.0116
vn 0.8822 0.4706 0.0116
vn 0.7951 0.6063 0.0118
vn 0.6833 0.7300 0.0120
vn 0.5534 0.8328 0.0117
vn 0.4137 0.9103 0.0114
vn 0.4135 0.9104 0.0114
vn 0.2635 0.9646 0.0108
vn 0.0005 1.0000 0.0096
vn -0.1350 0.9908 0.0102
vn -0.4136 0.9104 0.0114
vn -0.4137 0.9104 0.0114
vn -0.5538 0.8326 0.0118
vn -0.6829 0.7304 0.0119
vn -0.7951 0.6064 0.0118
vn -0.8822 0.4708 0.0115
vn -0.8823 0.4706 0.0115
vn -0.9459 0.3244 0.0109
vn -0.9459 0.3244 0.0110
vn -1.0000 -0.0005 0.0094
vn -1.0000 -0.0002 0.0095
vn -1.0000 -0.0001 0.0094
vn 0.9457 0.3247 0.0111
vn 0.9052 0.4248 0.0114
vn 0.8823 0.4705 0.0115
vn 0.8357 0.5491 0.0117
vn 0.7952 0.6062 0.0119
vn 0.7121 0.7019 0.0119
vn 0.5604 0.8281 0.0116
vn 0.4137 0.9104 0.0114
vn 0.3939 0.9191 0.0113
vn 0.2128 0.9770 0.0106
vn 0.1353 0.9908 0.0102
vn 0.0002 1.0000 0.0096
vn -0.1421 0.9898 0.0103
vn -0.1353 0.9907 0.0103
vn -0.2635 0.9646 0.0108
vn -0.3294 0.9441 0.0111
vn -0.4137 0.9103 0.0114
vn -0.5010 0.8654 0.0116
vn -0.5534 0.8328 0.0117
vn -0.6584 0.7526 0.0118
vn -0.7947 0.6070 0.0117
vn -0.7951 0.6063 0.0118
vn -0.8822 0.4707 0.0116
vn -0.8957 0.4445 0.0115
vn -0.9635 0.2675 0.0108
vn -0.9858 0.1678 0.0103
vn -0.9996 0.0281 0.0097
vn -1.0000 -0.0001 0.0096
vn -1.0000 -0.0000 0.0093
vn -1.0000 -0.0002 0.0096
vn -1.0000 -0.0003 0.0098
vn -0.8822 0.4706 0.0115
vn -0.6831 0.7303 0.0119
vn -0.5540 0.8325 0.0116
vn -0.4135 0.9104 0.0115
vn -0.1349 0.9908 0.0103
vn 0.4135 0.9104 0.0112
vn 0.6831 0.7303 0.0120
vn 0.8822 0.4708 0.0115
vn -0.9661 0.2580 0.0108
vn -0.9457 0.3247 0.0110
vn -0.9001 0.4355 0.0115
vn -0.8011 0.5985 0.0118
vn -0.6830 0.7303 0.0117
vn -0.6664 0.7455 0.0119
vn -0.5534 0.8328 0.0116
vn -0.5097 0.8602 0.0116
vn -0.4136 0.9104 0.0113
vn -0.3402 0.9403 0.0111
vn -0.1556 0.9878 0.0103
vn -0.0126 0.9999 0.0096
vn 0.0002 1.0000 0.0097
vn 0.0600 0.9981 0.0099
vn 0.2542 0.9671 0.0108
vn 0.3449 0.9386 0.0111
vn 0.4137 0.9104 0.0113
vn 0.4319 0.9018 0.0114
vn 0.5952 0.8035 0.0118
vn 0.6827 0.7306 0.0118
vn 0.7426 0.6696 0.0119
vn 0.7952 0.6062 0.0118
vn 0.8582 0.5133 0.0117
vn 0.8823 0.4705 0.0114
vn 0.9394 0.3427 0.0111
vn 0.9458 0.3247 0.0110
vn 0.9876 0.1568 0.0103
vn 0.9857 0.1682 0.0104
vn 1.0000 -0.0000 0.0098
vn 0.9724 0.2329 0.0107
vn 0.9811 0.1932 0.0105
vn 0.9947 0.1024 0.0102
vn 1.0000 -0.0000 0.0097
vn 0.9249 0.3801 0.0113
vn 0.8914 0.4531 0.0114
vn 0.8326 0.5537 0.0117
vn 0.8102 0.5861 0.0118
vn 0.7069 0.7072 0.0119
vn 0.6814 0.7318 0.0118
vn 0.5805 0.8142 0.0118
vn 0.5267 0.8500 0.0116
vn 0.4399 0.8980 0.0115
vn 0.3520 0.9359 0.0112
vn 0.2869 0.9579 0.0109
vn 0.2594 0.9657 0.0108
vn 0.1291 0.9916 0.0102
vn 0.0691 0.9976 0.0099
vn -0.0001 1.0000 0.0095
vn -0.0001 1.0000 0.0096
vn -0.0001 1.0000 0.0097
vn -0.0462 0.9989 0.0101
vn -0.1290 0.9916 0.0102
vn -0.2361 0.9717 0.0107
vn -0.3647 0.9311 0.0112
vn -0.4253 0.9050 0.0114
vn -0.5809 0.8139 0.0118
vn -0.5941 0.8043 0.0118
vn -0.7308 0.6825 0.0119
vn -0.7628 0.6465 0.0119
vn -0.8432 0.5375 0.0117
vn -0.8984 0.4391 0.0114
vn -0.9343 0.3563 0.0112
vn -0.9738 0.2273 0.0107
vn -0.9760 0.2175 0.0106
vn -0.9916 0.1291 0.0103
vn -0.9994 0.0345 0.0097
vn -1.0000 -0.0000 0.0097
vn -0.0905 0.9959 0.0100
vn -0.2794 0.9601 0.0109
vn -0.4608 0.8875 0.0115
vn -0.6231 0.7821 0.0118
vn -0.7627 0.6467 0.0119
vn -0.8741 0.4856 0.0116
vn -0.9520 0.3060 0.0110
vn -0.9918 0.1275 0.0102
vn 0.0977 0.9952 0.0101
vn 0.2839 0.9588 0.0109
vn 0.4631 0.8863 0.0116
vn 0.6239 0.7814 0.0119
vn 0.7648 0.6442 0.0119
vn 0.8763 0.4817 0.0116
vn 0.9542 0.2990 0.0110
vn 0.9692 0.2460 0.0107
vn 0.9822 0.1874 0.0105
vn 0.9976 0.0681 0.0099
vn 1.0000 -0.0001 0.0096
vn 0.9271 0.3747 0.0112
vn 0.8732 0.4872 0.0116
vn 0.8345 0.5509 0.0117
vn 0.7638 0.6454 0.0118
vn 0.7069 0.7073 0.0119
vn 0.6222 0.7828 0.0118
vn 0.5775 0.8163 0.0118
vn 0.4575 0.8892 0.0113
vn 0.4353 0.9002 0.0108
vn 0.2717 0.9623 0.0108
vn 0.2810 0.9596 0.0109
vn 0.1255 0.9920 0.0102
vn 0.1395 0.9902 0.0103
vn -0.1180 0.9930 0.0101
vn -0.1256 0.9920 0.0102
vn -0.3036 0.9527 0.0109
vn -0.2966 0.9549 0.0109
vn -0.4653 0.8851 0.0114
vn -0.4406 0.8976 0.0115
vn -0.6053 0.7959 0.0119
vn -0.6178 0.7863 0.0119
vn -0.7500 0.6614 0.0119
vn -0.7540 0.6568 0.0119
vn -0.8610 0.5085 0.0118
vn -0.7783 0.6278 0.0118
vn -0.8849 0.4657 0.0115
vn 0.0819 0.9966 0.0100
vn -0.4811 0.8766 0.0114
vn -0.6383 0.7697 0.0118
vn -0.9393 0.3430 0.0111
vn -0.9469 0.3212 0.0111
vn -0.9774 0.2112 0.0106
vn -1.0000 -0.0001 0.0095
vn -0.9850 0.1722 0.0102
vn -0.9434 0.3315 0.0111
vn -0.8711 0.4910 0.0116
vn -1.0000 0.0001 0.0095
vn -0.9884 0.1517 0.0103
vn -0.2547 0.9670 0.0108
vn 0.3229 0.9464 0.0112
vn 0.4969 0.8677 0.0117
vn 0.6534 0.7569 0.0120
vn 0.7895 0.6136 0.0119
vn 0.8944 0.4472 0.0115
vn 0.9656 0.2597 0.0108
vn 0.9667 0.2555 0.0108
vn 0.9823 0.1872 0.0105
vn 0.9998 0.0164 0.0096
vn 0.9273 0.3741 0.0112
vn 0.9231 0.3844 0.0113
vn 0.8629 0.5052 0.0116
vn 0.8347 0.5505 0.0117
vn 0.7573 0.6529 0.0118
vn 0.6142 0.7891 0.0118
vn 0.5778 0.8161 0.0120
vn 0.4509 0.8925 0.0115
vn 0.4350 0.9004 0.0114
vn 0.2660 0.9639 0.0108
vn 0.2809 0.9597 0.0109
vn 0.2495 0.9683 0.0108
vn 0.0578 0.9983 0.0098
vn -0.1084 0.9941 0.0101
vn -0.1254 0.9921 0.0102
vn -0.2926 0.9562 0.0109
vn -0.2962 0.9551 0.0110
vn -0.4649 0.8853 0.0112
vn -0.3980 0.9173 0.0113
vn -0.5656 0.8246 0.0118
vn -0.6177 0.7864 0.0118
vn -0.7146 0.6994 0.0119
vn -0.7540 0.6568 0.0118
vn -0.8382 0.5452 0.0118
vn -0.8613 0.5079 0.0115
vn -0.9290 0.3698 0.0112
vn -0.9394 0.3426 0.0111
vn -0.9561 0.2927 0.0109
vn -0.9851 0.1716 0.0104
vn -0.9868 0.1616 0.0104
vn -1.0000 -0.0000 0.0094
vn 0.0488 0.9988 0.0098
vn -0.4691 0.8830 0.0115
vn -0.6290 0.7773 0.0118
vn -0.7693 0.6387 0.0119
vn -0.8812 0.4726 0.0115
vn -0.9538 0.3001 0.0110
vn -0.9860 0.1664 0.0104
vn -0.9996 0.0281 0.0098
vn -0.2320 0.9727 0.0107
vn -0.0312 0.9995 0.0097
vn 0.4380 0.8989 0.0115
vn 0.6035 0.7972 0.0119
vn 0.7499 0.6615 0.0119
vn 0.8620 0.5067 0.0118
vn 0.9435 0.3313 0.0111
vn 0.9870 0.1604 0.0104
vn 0.9669 0.2550 0.0108
vn 0.9823 0.1869 0.0105
vn 0.9974 0.0707 0.0099
vn 1.0000 -0.0000 0.0096
vn 0.9272 0.3744 0.0112
vn 0.9232 0.3842 0.0112
vn 0.8633 0.5046 0.0116
vn 0.8347 0.5506 0.0116
vn 0.7578 0.6523 0.0118
vn 0.6147 0.7886 0.0117
vn 0.5776 0.8162 0.0116
vn 0.4515 0.8922 0.0114
vn 0.4350 0.9004 0.0110
vn 0.2666 0.9638 0.0109
vn 0.2805 0.9598 0.0109
vn 0.1252 0.9921 0.0102
vn 0.1389 0.9903 0.0103
vn -0.0000 1.0000 0.0094
vn 0.0769 0.9970 0.0099
vn -0.0718 0.9974 0.0099
vn -0.1252 0.9921 0.0102
vn -0.0949 0.9954 0.0100
vn -0.2870 0.9579 0.0111
vn -0.2961 0.9551 0.0110
vn -0.4708 0.8822 0.0116
vn -0.4646 0.8855 0.0118
vn -0.6176 0.7864 0.0118
vn -0.6024 0.7981 0.0117
vn -0.7473 0.6644 0.0119
vn -0.2584 0.9660 0.0107
vn -0.4396 0.8981 0.0114
vn -0.8702 0.4926 0.0116
vn -0.8612 0.5081 0.0115
vn -0.6323 0.7746 0.0119
vn -0.9395 0.3425 0.0111
vn -0.9421 0.3352 0.0111
vn -0.9852 0.1712 0.0104
vn -0.9887 0.1495 0.0101
vn -0.9999 -0.0000 0.0100
vn -0.9930 0.1179 0.0102
vn -0.9545 0.2980 0.0110
vn -0.8829 0.4695 0.0116
vn -0.7735 0.6337 0.0121
vn 0.3220 0.9467 0.0112
vn 0.4959 0.8683 0.0118
vn 0.6525 0.7577 0.0120
vn 0.7888 0.6145 0.0119
vn 0.8939 0.4481 0.0114
vn 0.9655 0.2603 0.0108
vn 0.9670 0.2545 0.0108
vn 0.9824 0.1865 0.0105
vn 0.9974 0.0719 0.0099
vn 0.9275 0.3736 0.0112
vn 0.9234 0.3836 0.0112
vn 0.8635 0.5042 0.0116
vn 0.8350 0.5501 0.0117
vn 0.7582 0.6519 0.0118
vn 0.6151 0.7884 0.0117
vn 0.5773 0.8164 0.0117
vn 0.4519 0.8920 0.0115
vn 0.4348 0.9005 0.0107
vn 0.2669 0.9637 0.0108
vn 0.2802 0.9599 0.0109
vn 0.1251 0.9921 0.0102
vn 0.1377 0.9904 0.0103
vn -0.0066 0.9999 0.0097
vn -0.1171 0.9931 0.0103
vn -0.1249 0.9921 0.0102
vn -0.2658 0.9640 0.0108
vn -0.3584 0.9335 0.0111
vn -0.4515 0.8922 0.0115
vn -0.5774 0.8164 0.0118
vn -0.6145 0.7888 0.0119
vn -0.7637 0.6455 0.0123
vn -0.7566 0.6538 0.0119
vn -0.8756 0.4829 0.0116
vn -0.9011 0.4336 0.0114
vn -0.9456 0.3252 0.0111
vn -0.9744 0.2246 0.0105
vn -0.9888 0.1488 0.0103
vn -1.0000 -0.0005 0.0095
vn -1.0000 -0.0009 0.0094
vn -1.0000 -0.0001 0.0097
vn -1.0000 -0.0002 0.0093
vn 0.0773 0.9970 0.0099
vn -0.0633 0.9979 0.0099
vn -0.1584 0.9873 0.0104
vn -0.3429 0.9393 0.0112
vn -0.5170 0.8559 0.0115
vn -0.6707 0.7416 0.0118
vn -0.8031 0.5957 0.0118
vn -0.9017 0.4321 0.0114
vn -0.9689 0.2473 0.0108
vn 0.3208 0.9471 0.0113
vn 0.4948 0.8689 0.0116
vn 0.6514 0.7587 0.0120
vn 0.7880 0.6155 0.0119
vn 0.8933 0.4492 0.0115
vn 0.9652 0.2613 0.0108
vn 0.9675 0.2528 0.0108
vn 0.9824 0.1863 0.0105
vn 0.9973 0.0734 0.0099
vn 0.9275 0.3735 0.0112
vn 0.9244 0.3813 0.0112
vn 0.8651 0.5014 0.0116
vn 0.8351 0.5499 0.0117
vn 0.7533 0.6575 0.0118
vn 0.6092 0.7929 0.0118
vn 0.5771 0.8166 0.0114
vn 0.4453 0.8953 0.0114
vn 0.4343 0.9007 0.0107
vn 0.2800 0.9599 0.0109
vn 0.3196 0.9475 0.0111
vn 0.1366 0.9906 0.0103
vn 0.1248 0.9921 0.0102
vn 0.0698 0.9975 0.0099
vn -0.0000 1.0000 0.0093
vn 0.2596 0.9657 0.0108
vn -0.0820 0.9966 0.0100
vn -0.1248 0.9921 0.0102
vn -0.2678 0.9634 0.0107
vn -0.3581 0.9336 0.0112
vn -0.4488 0.8936 0.0114
vn -0.5774 0.8163 0.0118
vn -0.6100 0.7923 0.0118
vn -0.7641 0.6450 0.0118
vn -0.7527 0.6583 0.0119
vn -0.8743 0.4853 0.0116
vn -0.9012 0.4333 0.0114
vn -0.9443 0.3290 0.0111
vn -0.9745 0.2239 0.0108
vn -0.9819 0.1892 0.0105
vn -0.9993 0.0363 0.0095
vn -1.0000 -0.0006 0.0097
vn -0.9956 0.0931 0.0101
vn -0.9613 0.2754 0.0109
vn -0.8940 0.4480 0.0113
vn -0.8466 0.5320 0.0117
vn -0.7265 0.6871 0.0120
vn -0.5793 0.8151 0.0116
vn -0.4109 0.9116 0.0115
vn -0.2245 0.9744 0.0107
vn 0.4935 0.8697 0.0116
vn 0.6502 0.7597 0.0120
vn 0.7871 0.6167 0.0120
vn 0.8927 0.4505 0.0115
vn 0.9649 0.2625 0.0108
vn 0.9825 0.1859 0.0105
vn 0.9900 0.1404 0.0106
vn 0.9609 0.2768 0.0109
vn 0.9277 0.3731 0.0113
vn 0.9089 0.4169 0.0114
vn 0.8351 0.5500 0.0119
vn 0.8383 0.5452 0.0117
vn 0.7171 0.6969 0.0119
vn 0.5670 0.8236 0.0118
vn 0.5768 0.8168 0.0118
vn 0.4346 0.9005 0.0113
vn 0.5493 0.8355 0.0118
vn 0.3729 0.9278 0.0112
vn 0.2795 0.9601 0.0109
vn 0.1862 0.9825 0.0106
vn 0.1246 0.9922 0.0102
vn 0.3969 0.9178 0.0114
vn 0.2103 0.9776 0.0106
vn -0.0001 1.0000 0.0090
vn -0.0000 1.0000 0.0092
vn -0.1854 0.9826 0.0105
vn -0.1245 0.9922 0.0099
vn -0.3575 0.9339 0.0112
vn -0.1861 0.9825 0.0105
vn -0.3731 0.9277 0.0112
vn -0.5498 0.8352 0.0118
vn -0.5773 0.8165 0.0118
vn -0.7061 0.7080 0.0119
vn -0.7643 0.6447 0.0119
vn -0.8358 0.5489 0.0119
vn -0.9014 0.4329 0.0114
vn -0.9274 0.3739 0.0113
vn -0.9745 0.2240 0.0105
vn -0.9811 0.1932 0.0107
vn -1.0000 -0.0000 0.0098
vn -0.3694 0.9292 0.0113
vn -0.5399 0.8416 0.0115
vn -0.6914 0.7224 0.0119
vn -0.8198 0.5725 0.0115
vn -0.9157 0.4017 0.0109
vn -0.9753 0.2208 0.0106
vn -0.9995 0.0309 0.0096
vn 0.7070 0.7071 0.0120
vn 0.8354 0.5495 0.0117
vn 0.9277 0.3731 0.0112
vn 0.9826 0.1856 0.0105
vn 0.5018 -0.0000 -0.8650
vn 0.4998 0.0003 -0.8661
vn 0.4998 -0.0035 -0.8661
vn 0.4998 0.0014 -0.8661
vn 0.4997 -0.0029 -0.8662
vn 0.4987 0.0001 -0.8668
vn 0.5017 0.0001 -0.8651
vn 0.5010 0.0001 -0.8655
vn 0.5017 0.0003 -0.8651
vn 0.5017 0.0001 -0.8650
vn 0.4982 -0.0611 -0.8649
vn 0.4869 -0.1198 -0.8652
vn 0.4622 -0.1932 -0.8655
vn 0.4533 -0.2130 -0.8655
vn 0.4021 -0.2980 -0.8657
vn 0.3513 -0.3559 -0.8660
vn 0.3367 -0.3698 -0.8659
vn 0.2999 -0.3998 -0.8662
vn 0.2580 -0.4275 -0.8664
vn 0.1891 -0.4608 -0.8671
vn 0.1708 -0.4676 -0.8673
vn 0.0740 -0.4930 -0.8669
vn 0.0776 -0.4925 -0.8669
vn 0.0078 -0.4975 -0.8674
vn -0.0503 -0.4995 -0.8648
vn -0.0001 -0.4995 -0.8663
vn -0.0001 -0.4983 -0.8670
vn -0.0001 -0.4979 -0.8672
vn 0.0001 -0.4979 -0.8672
vn -0.0022 -0.4978 -0.8673
vn 0.0085 -0.4975 -0.8674
vn -0.0000 -0.4977 -0.8673
vn 0.0083 -0.4975 -0.8674
vn -0.1435 -0.4826 -0.8640
vn -0.0873 -0.4954 -0.8643
vn -0.0230 -0.5006 -0.8653
vn -0.0066 -0.5002 -0.8659
vn 0.0001 -0.4995 -0.8663
vn -0.1928 -0.4649 -0.8641
vn -0.2410 -0.4412 -0.8644
vn -0.2732 -0.4227 -0.8641
vn -0.3267 -0.3842 -0.8635
vn -0.3572 -0.3558 -0.8636
vn -0.3933 -0.3148 -0.8639
vn -0.4632 -0.1942 -0.8647
vn -0.4466 -0.2318 -0.8642
vn -0.4811 -0.1443 -0.8647
vn -0.4959 -0.0779 -0.8649
vn -0.4988 -0.0499 -0.8653
vn -0.5002 -0.0116 -0.8658
vn -0.5001 -0.0085 -0.8659
vn -0.4999 -0.0034 -0.8661
vn -0.5000 0.0029 -0.8660
vn -0.4999 0.0012 -0.8661
vn -0.5001 0.0028 -0.8660
vn -0.4999 0.0016 -0.8661
vn -0.5000 0.0014 -0.8661
vn -0.5004 0.0023 -0.8658
vn -0.4974 -0.0099 -0.8675
vn -0.4983 -0.0115 -0.8669
vn -0.5033 -0.0101 -0.8641
vn -0.5004 -0.0116 -0.8657
vn -0.4900 -0.1111 -0.8646
vn -0.4638 -0.1926 -0.8647
vn -0.4148 -0.2862 -0.8637
vn -0.3584 -0.3548 -0.8635
vn -0.1951 -0.4640 -0.8641
vn 0.1076 -0.4871 -0.8667
vn 0.1874 -0.4616 -0.8671
vn 0.2800 -0.4137 -0.8663
vn 0.3513 -0.3556 -0.8661
vn 0.4180 -0.2757 -0.8656
vn 0.4625 -0.1927 -0.8654
vn 0.4931 -0.0933 -0.8650
vn -0.4975 0.0278 -0.8670
vn -0.4993 -0.0000 -0.8664
vn -0.4998 0.0001 -0.8662
vn -0.5000 -0.0002 -0.8660
vn -0.4903 0.0863 -0.8673
vn -0.4903 0.0849 -0.8674
vn -0.4978 0.0227 -0.8670
vn -0.4985 0.0062 -0.8669
vn -0.4996 -0.0000 -0.8662
vn -0.4607 0.1858 -0.8679
vn -0.4550 0.1987 -0.8681
vn -0.4064 0.2847 -0.8682
vn -0.3441 0.3580 -0.8680
vn -0.3538 0.3485 -0.8679
vn -0.4180 0.2675 -0.8681
vn -0.4597 0.1881 -0.8679
vn -0.2684 0.4189 -0.8675
vn -0.2848 0.4079 -0.8675
vn -0.3529 0.3493 -0.8680
vn -0.1964 0.4577 -0.8671
vn -0.1835 0.4624 -0.8675
vn -0.0810 0.4930 -0.8663
vn -0.0916 0.4911 -0.8663
vn -0.0153 0.4996 -0.8661
vn 0.0033 0.5002 -0.8659
vn 0.0037 0.5001 -0.8659
vn 0.0002 0.4998 -0.8661
vn 0.0003 0.4998 -0.8661
vn 0.0003 0.4989 -0.8667
vn 0.0002 0.4968 -0.8679
vn 0.0001 0.4969 -0.8678
vn -0.0077 0.4962 -0.8682
vn -0.0035 0.4967 -0.8679
vn 0.0210 0.4973 -0.8673
vn 0.1042 0.4868 -0.8672
vn 0.0291 0.4970 -0.8673
vn 0.0131 0.4970 -0.8677
vn 0.2186 0.4474 -0.8672
vn 0.1977 0.4569 -0.8673
vn 0.2829 0.4103 -0.8670
vn 0.3740 0.3301 -0.8667
vn 0.3574 0.3473 -0.8669
vn 0.4182 0.2726 -0.8665
vn 0.4111 0.2830 -0.8666
vn 0.4547 0.2074 -0.8662
vn 0.4716 0.1656 -0.8661
vn 0.4813 0.1357 -0.8660
vn 0.4976 0.0492 -0.8660
vn 0.4959 0.0680 -0.8657
vn 0.4998 0.0137 -0.8660
vn 0.4999 0.0145 -0.8660
vn 0.4943 0.0736 -0.8662
vn 0.4715 0.1656 -0.8662
vn 0.4283 0.2562 -0.8666
vn 0.3737 0.3303 -0.8667
vn 0.2982 0.3994 -0.8669
vn 0.2183 0.4476 -0.8672
vn 0.1217 0.4829 -0.8672
vn 0.0293 0.4968 -0.8673
vn -0.0151 0.4996 -0.8662
vn -0.1137 0.4864 -0.8663
vn -0.1951 0.4576 -0.8675
vn -0.9826 -0.1856 0.0105
vn -0.9825 -0.1860 0.0105
vn -0.9947 -0.1023 0.0101
vn -0.9582 -0.2858 0.0109
vn -0.9277 -0.3732 0.0114
vn -0.9278 -0.3728 0.0112
vn -0.8349 -0.5502 0.0124
vn -0.8352 -0.5497 0.0117
vn -0.7069 -0.7072 0.0119
vn -0.7072 -0.7069 0.0123
vn -0.5771 -0.8166 0.0119
vn -0.5493 -0.8355 0.0118
vn -0.4345 -0.9006 0.0114
vn -0.3729 -0.9278 0.0113
vn -0.2796 -0.9601 0.0108
vn -0.1862 -0.9825 0.0106
vn -0.1246 -0.9922 0.0102
vn -0.0000 -1.0000 0.0095
vn 0.0141 -0.9999 0.0096
vn -0.0000 -1.0000 0.0098
vn 0.1245 -0.9922 0.0103
vn 0.1861 -0.9825 0.0105
vn 0.3576 -0.9338 0.0112
vn 0.3731 -0.9277 0.0112
vn 0.5498 -0.8352 0.0119
vn 0.5773 -0.8164 0.0119
vn 0.7061 -0.7080 0.0119
vn 0.7641 -0.6450 0.0118
vn 0.8358 -0.5488 0.0118
vn 0.9014 -0.4329 0.0114
vn 0.9273 -0.3741 0.0113
vn 0.9744 -0.2244 0.0107
vn 0.9811 -0.1932 0.0107
vn 1.0000 0.0006 0.0095
vn 1.0000 0.0005 0.0095
vn 0.9685 -0.2490 0.0108
vn -0.8863 -0.4629 0.0114
vn -0.7817 -0.6235 0.0117
vn -0.6443 -0.7647 0.0119
vn -0.4792 -0.8776 0.0115
vn -0.3058 -0.9520 0.0105
vn -0.1193 -0.9928 0.0102
vn 0.1581 -0.9874 0.0103
vn 0.3426 -0.9394 0.0112
vn 0.5165 -0.8562 0.0116
vn 0.6701 -0.7422 0.0119
vn 0.8025 -0.5965 0.0113
vn 0.9037 -0.4281 0.0115
vn -0.0000 -0.0000 1.0000
vn -0.0001 -0.0000 1.0000
vn 0.0001 -0.0000 1.0000
vn -0.0002 -0.0000 1.0000
vn 0.0002 -0.0000 1.0000
vn -0.0008 -0.0000 1.0000
vn 0.0002 0.0001 1.0000
vn 0.0011 -0.0000 1.0000
vn -0.0001 -0.0001 1.0000
vn 0.0010 -0.0000 1.0000
vn -0.0008 0.0002 1.0000
vn -0.0002 0.0001 1.0000
vn 0.5005 -0.0030 0.8657
vn 0.5005 0.0011 0.8657
vn 0.4999 -0.0038 0.8661
vn 0.5004 0.0005 0.8658
vn 0.4990 0.0001 0.8666
vn 0.5019 0.0003 0.8649
vn 0.5012 0.0001 0.8653
vn 0.5014 0.0002 0.8652
vn 0.5016 -0.0000 0.8651
vn 0.5019 0.0001 0.8649
vn 0.5000 -0.0431 0.8650
vn 0.4981 -0.0611 0.8650
vn 0.4826 -0.1372 0.8650
vn 0.4621 -0.1932 0.8655
vn 0.4468 -0.2252 0.8658
vn 0.3947 -0.3078 0.8657
vn 0.3514 -0.3559 0.8659
vn 0.3281 -0.3773 0.8660
vn 0.3001 -0.3997 0.8661
vn 0.2472 -0.4338 0.8665
vn 0.1892 -0.4609 0.8671
vn 0.1573 -0.4725 0.8672
vn 0.0741 -0.4929 0.8669
vn 0.0620 -0.4942 0.8671
vn 0.0083 -0.4974 0.8675
vn 0.0022 -0.4976 0.8674
vn 0.0001 -0.4977 0.8674
vn -0.0022 -0.4978 0.8673
vn -0.0002 -0.4978 0.8673
vn -0.0000 -0.4980 0.8672
vn -0.0001 -0.4984 0.8669
vn -0.0001 -0.4996 0.8663
vn -0.0055 -0.5000 0.8660
vn -0.0066 -0.5001 0.8659
vn -0.0599 -0.4987 0.8647
vn -0.0231 -0.5007 0.8653
vn -0.0873 -0.4954 0.8643
vn 0.4927 -0.0933 0.8652
vn 0.4626 -0.1927 0.8654
vn 0.4179 -0.2758 0.8656
vn 0.3517 -0.3556 0.8659
vn 0.2803 -0.4136 0.8662
vn 0.1873 -0.4617 0.8670
vn 0.1078 -0.4872 0.8666
vn 0.0084 -0.4975 0.8674
vn 0.0001 -0.4996 0.8663
vn -0.1928 -0.4649 0.8641
vn -0.1954 -0.4640 0.8640
vn -0.2732 -0.4227 0.8641
vn -0.3586 -0.3548 0.8634
vn -0.3573 -0.3558 0.8636
vn -0.2472 -0.4378 0.8644
vn -0.1585 -0.4779 0.8640
vn -0.4149 -0.2862 0.8637
vn -0.4631 -0.1943 0.8647
vn -0.3988 -0.3078 0.8638
vn -0.4509 -0.2231 0.8643
vn -0.4852 -0.1311 0.8645
vn -0.4958 -0.0779 0.8649
vn -0.5003 -0.0106 0.8658
vn -0.5003 -0.0116 0.8658
vn -0.5002 -0.0086 0.8659
vn -0.5002 -0.0071 0.8659
vn -0.5005 -0.0051 0.8657
vn -0.5002 0.0027 0.8659
vn -0.5006 0.0024 0.8657
vn -0.5001 0.0015 0.8660
vn -0.5005 0.0022 0.8657
vn -0.4936 -0.0071 0.8697
vn -0.4969 -0.0054 0.8678
vn -0.5087 -0.0067 0.8609
vn -0.5006 -0.0115 0.8656
vn -0.4901 -0.1112 0.8645
vn -0.4640 -0.1927 0.8646
vn -0.3327 -0.3788 0.8636
vn 0.4997 0.0146 0.8661
vn 0.4999 0.0137 0.8660
vn 0.4973 0.0492 0.8662
vn 0.4980 0.0397 0.8663
vn 0.4828 0.1285 0.8662
vn 0.4716 0.1656 0.8661
vn 0.4463 0.2243 0.8663
vn 0.4112 0.2829 0.8665
vn 0.3924 0.3087 0.8664
vn 0.3742 0.3300 0.8666
vn 0.3253 0.3779 0.8668
vn 0.2183 0.4476 0.8672
vn 0.2455 0.4335 0.8671
vn 0.1600 0.4716 0.8672
vn 0.0292 0.4969 0.8673
vn 0.0671 0.4932 0.8673
vn -0.0051 0.4962 0.8682
vn 0.0014 0.5002 0.8659
vn 0.0001 0.4969 0.8678
vn -0.0076 0.4964 0.8681
vn 0.0131 0.4970 0.8677
vn 0.1216 0.4829 0.8672
vn 0.2182 0.4476 0.8672
vn 0.2983 0.3992 0.8669
vn -0.1123 0.4867 0.8663
vn -0.0154 0.4996 0.8661
vn 0.0038 0.5002 0.8659
vn 0.0002 0.4999 0.8661
vn 0.0005 0.4997 0.8662
vn 0.0003 0.4988 0.8667
vn 0.0003 0.4970 0.8678
vn -0.2039 0.4538 0.8675
vn -0.1964 0.4572 0.8674
vn -0.0810 0.4930 0.8663
vn -0.0154 0.4997 0.8661
vn -0.2886 0.4052 0.8675
vn -0.2849 0.4079 0.8675
vn -0.1948 0.4577 0.8675
vn -0.3539 0.3485 0.8679
vn -0.3611 0.3413 0.8678
vn -0.4195 0.2648 0.8683
vn -0.4177 0.2675 0.8683
vn -0.4433 0.2225 0.8683
vn -0.4602 0.1860 0.8681
vn -0.4829 0.1187 0.8676
vn -0.4903 0.0850 0.8674
vn -0.4965 0.0401 0.8671
vn -0.4977 0.0227 0.8671
vn -0.4984 0.0062 0.8669
vn -0.4996 0.0001 0.8663
vn -0.4993 -0.0001 0.8664
vn -0.5007 -0.0000 0.8656
vn -0.5001 0.0003 0.8660
vn -0.4988 0.0038 0.8667
vn -0.4588 0.1883 0.8684
vn -0.3532 0.3492 0.8679
vn -0.1137 0.4865 0.8663
vn 0.3737 0.3302 0.8668
vn 0.4283 0.2562 0.8665
vn 0.4714 0.1655 0.8662
vn 0.4945 0.0737 0.8661
vn 1.0000 0.0005 0.0098
vn 0.9952 -0.0975 0.0101
vn 0.9745 -0.2242 0.0100
vn 0.9595 -0.2815 0.0109
vn 0.9012 -0.4333 0.0114
vn 0.8923 -0.4513 0.0115
vn 0.7885 -0.6149 0.0118
vn 0.7641 -0.6450 0.0123
vn 0.6528 -0.7574 0.0119
vn 0.5774 -0.8163 0.0117
vn 0.4953 -0.8686 0.0117
vn 0.3579 -0.9337 0.0112
vn 0.3142 -0.9493 0.0117
vn 0.1248 -0.9921 0.0102
vn 0.1263 -0.9919 0.0102
vn -0.1475 -0.9890 0.0103
vn -0.1248 -0.9921 0.0102
vn -0.2800 -0.9599 0.0108
vn -0.1170 -0.9931 0.0102
vn -0.3017 -0.9533 0.0109
vn -0.4346 -0.9005 0.0112
vn -0.4768 -0.8790 0.0116
vn -0.5775 -0.8163 0.0118
vn -0.6410 -0.7675 0.0118
vn -0.7792 -0.6267 0.0118
vn -0.8350 -0.5501 0.0118
vn -0.8844 -0.4666 0.0115
vn -0.9276 -0.3734 0.0113
vn -0.9571 -0.2896 0.0109
vn -0.9824 -0.1863 0.0105
vn -0.9943 -0.1060 0.0101
vn -0.9998 -0.0157 0.0096
vn -0.3271 -0.9449 0.0112
vn -0.4911 -0.8710 0.0116
vn -0.6569 -0.7539 0.0120
vn -0.7925 -0.6097 0.0119
vn -0.8952 -0.4455 0.0116
vn -0.9658 -0.2591 0.0108
vn 0.1823 -0.9832 0.0105
vn 0.3662 -0.9305 0.0114
vn 0.5374 -0.8432 0.0113
vn 0.6892 -0.7245 0.0118
vn 0.8180 -0.5751 0.0116
vn 0.9142 -0.4051 0.0108
vn 0.9740 -0.2263 0.0107
vn 0.9995 -0.0298 0.0093
vn 0.5018 -0.0106 -0.8649
vn 0.5012 0.0001 -0.8653
vn 0.5001 -0.0036 -0.8660
vn 0.5001 0.0001 -0.8660
vn 0.5003 0.0004 -0.8659
vn 0.5001 -0.0030 -0.8659
vn 0.5002 0.0015 -0.8659
vn 0.4901 -0.1081 -0.8649
vn 0.4980 -0.0611 -0.8650
vn 0.5021 0.0001 -0.8648
vn 0.5021 0.0003 -0.8648
vn 0.4619 -0.1933 -0.8656
vn 0.4580 -0.2015 -0.8658
vn 0.4101 -0.2874 -0.8656
vn 0.3515 -0.3559 -0.8659
vn 0.3461 -0.3612 -0.8658
vn 0.3000 -0.3998 -0.8661
vn 0.2690 -0.4208 -0.8663
vn 0.1891 -0.4609 -0.8671
vn 0.1822 -0.4633 -0.8673
vn 0.0903 -0.4905 -0.8667
vn -0.0020 -0.4979 -0.8673
vn 0.0081 -0.4975 -0.8674
vn 0.0739 -0.4930 -0.8669
vn -0.0115 -0.5002 -0.8658
vn -0.0005 -0.4976 -0.8674
vn 0.0082 -0.4974 -0.8675
vn 0.0001 -0.4977 -0.8673
vn -0.0496 -0.4996 -0.8648
vn -0.0230 -0.5007 -0.8653
vn -0.0872 -0.4954 -0.8643
vn -0.1407 -0.4834 -0.8640
vn -0.2397 -0.4419 -0.8644
vn -0.2732 -0.4226 -0.8641
vn -0.3250 -0.3856 -0.8635
vn -0.3571 -0.3559 -0.8636
vn -0.3923 -0.3164 -0.8637
vn -0.4631 -0.1945 -0.8647
vn -0.4458 -0.2337 -0.8641
vn -0.4802 -0.1462 -0.8649
vn -0.4987 -0.0518 -0.8652
vn -0.5000 -0.0087 -0.8660
vn -0.5005 -0.0033 -0.8658
vn -0.5002 0.0028 -0.8659
vn -0.5003 0.0015 -0.8659
vn -0.5000 0.0025 -0.8660
vn -0.4999 0.0013 -0.8661
vn -0.5002 0.0016 -0.8659
vn -0.5004 0.0024 -0.8658
vn -0.5014 -0.0043 -0.8652
vn -0.4970 -0.0040 -0.8677
vn -0.4935 -0.0102 -0.8697
vn -0.4901 -0.1112 -0.8645
vn -0.4640 -0.1928 -0.8646
vn -0.4149 -0.2863 -0.8637
vn -0.3581 -0.3549 -0.8636
vn -0.1952 -0.4640 -0.8641
vn 0.0002 -0.4995 -0.8663
vn 0.2801 -0.4136 -0.8663
vn 0.3515 -0.3556 -0.8660
vn 0.4178 -0.2757 -0.8657
vn 0.4928 -0.0933 -0.8651
vn -0.4988 0.0039 -0.8667
vn -0.4996 0.0003 -0.8663
vn -0.5000 0.0001 -0.8660
vn -0.5000 0.0002 -0.8660
vn -0.4985 0.0061 -0.8669
vn -0.4976 0.0286 -0.8669
vn -0.4978 0.0225 -0.8670
vn -0.4927 0.0713 -0.8673
vn -0.4901 0.0847 -0.8675
vn -0.4603 0.1858 -0.8681
vn -0.4591 0.1880 -0.8682
vn -0.4181 0.2673 -0.8682
vn -0.4336 0.2412 -0.8682
vn -0.3541 0.3484 -0.8679
vn -0.3736 0.3274 -0.8679
vn -0.3042 0.3935 -0.8675
vn -0.4723 0.1549 -0.8677
vn -0.2219 0.4455 -0.8674
vn -0.1965 0.4571 -0.8674
vn -0.2852 0.4077 -0.8674
vn -0.3532 0.3490 -0.8680
vn -0.1338 0.4809 -0.8665
vn -0.0811 0.4930 -0.8662
vn -0.1139 0.4865 -0.8662
vn -0.0153 0.4997 -0.8661
vn -0.0154 0.4997 -0.8661
vn 0.0037 0.5002 -0.8659
vn 0.0030 0.5002 -0.8659
vn 0.0001 0.4999 -0.8661
vn 0.0001 0.4977 -0.8674
vn 0.0003 0.4969 -0.8678
vn -0.0076 0.4963 -0.8681
vn 0.0130 0.4969 -0.8677
vn 0.0195 0.4972 -0.8674
vn 0.0289 0.4970 -0.8673
vn 0.0335 0.4967 -0.8673
vn 0.1293 0.4808 -0.8672
vn -0.0393 0.4979 -0.8663
vn 0.2183 0.4477 -0.8672
vn 0.2212 0.4462 -0.8672
vn 0.3046 0.3946 -0.8669
vn 0.3748 0.3294 -0.8666
vn 0.3756 0.3285 -0.8666
vn 0.4109 0.2832 -0.8666
vn 0.4320 0.2501 -0.8665
vn 0.4716 0.1658 -0.8661
vn 0.4624 0.1898 -0.8661
vn 0.4844 0.1229 -0.8662
vn 0.4976 0.0493 -0.8660
vn 0.5000 0.0137 -0.8659
vn 0.4999 0.0146 -0.8659
vn 0.4945 0.0737 -0.8660
vn 0.4713 0.1658 -0.8663
vn 0.4284 0.2565 -0.8664
vn 0.3737 0.3305 -0.8667
vn 0.2979 0.3995 -0.8670
vn 0.2182 0.4477 -0.8672
vn 0.1214 0.4830 -0.8672
vn 0.0292 0.4969 -0.8673
vn 0.0005 0.4998 -0.8661
vn -0.1950 0.4576 -0.8675
vn -0.4997 0.0001 -0.8662
vn 0.5002 -0.0030 0.8659
vn 0.4998 0.0013 0.8661
vn 0.4999 0.0003 0.8661
vn 0.5001 -0.0000 0.8660
vn 0.5013 0.0001 0.8653
vn 0.5016 0.0001 0.8651
vn 0.5020 0.0003 0.8649
vn 0.5009 0.0001 0.8655
vn 0.5020 0.0001 0.8648
vn 0.5021 -0.0000 0.8648
vn 0.4979 -0.0611 0.8651
vn 0.4935 -0.0896 0.8651
vn 0.4622 -0.1932 0.8655
vn 0.4667 -0.1827 0.8654
vn 0.4225 -0.2686 0.8656
vn 0.3514 -0.3558 0.8660
vn 0.3621 -0.3453 0.8658
vn 0.3002 -0.3997 0.8661
vn 0.2881 -0.4083 0.8662
vn 0.2017 -0.4560 0.8668
vn 0.1565 -0.4728 0.8672
vn 0.0739 -0.4930 0.8669
vn 0.0607 -0.4945 0.8671
vn 0.0080 -0.4975 0.8674
vn 0.0001 -0.4978 0.8673
vn 0.0082 -0.4975 0.8674
vn 0.0001 -0.4981 0.8671
vn 0.4930 -0.0933 0.8650
vn 0.4625 -0.1927 0.8654
vn 0.4180 -0.2757 0.8656
vn 0.3518 -0.3556 0.8659
vn 0.1874 -0.4617 0.8670
vn 0.1075 -0.4872 0.8666
vn -0.0001 -0.4995 0.8663
vn -0.0001 -0.4983 0.8670
vn -0.0001 -0.4980 0.8672
vn -0.0001 -0.4981 0.8671
vn -0.0228 -0.5006 0.8654
vn -0.0066 -0.5001 0.8660
vn -0.0661 -0.4981 0.8646
vn -0.0872 -0.4954 0.8643
vn -0.1926 -0.4649 0.8641
vn -0.1953 -0.4640 0.8641
vn -0.2731 -0.4227 0.8642
vn -0.3584 -0.3549 0.8635
vn -0.3574 -0.3556 0.8636
vn -0.2616 -0.4294 0.8644
vn -0.1882 -0.4667 0.8641
vn -0.4147 -0.2864 0.8637
vn -0.4632 -0.1944 0.8647
vn -0.4045 -0.3004 0.8638
vn -0.4658 -0.1876 0.8648
vn -0.4874 -0.1220 0.8646
vn -0.4956 -0.0780 0.8650
vn -0.5015 -0.0088 0.8651
vn -0.5004 -0.0116 0.8657
vn -0.5010 -0.0068 0.8654
vn -0.5003 -0.0040 0.8658
vn -0.5001 0.0029 0.8660
vn -0.5000 0.0026 0.8660
vn -0.5000 0.0016 0.8660
vn -0.4999 0.0010 0.8661
vn -0.5001 0.0024 0.8659
vn -0.5002 -0.0125 0.8658
vn -0.5007 -0.0127 0.8655
vn -0.5014 -0.0064 0.8652
vn -0.5005 -0.0114 0.8657
vn -0.4895 -0.1112 0.8649
vn -0.4639 -0.1928 0.8646
vn -0.3568 -0.3560 0.8637
vn -0.3400 -0.3726 0.8634
vn 0.4997 0.0145 0.8661
vn 0.4997 0.0139 0.8661
vn 0.4972 0.0493 0.8663
vn 0.4980 0.0392 0.8663
vn 0.4831 0.1278 0.8662
vn 0.4716 0.1659 0.8661
vn 0.4463 0.2237 0.8665
vn 0.4108 0.2832 0.8666
vn 0.3926 0.3081 0.8666
vn 0.3740 0.3302 0.8666
vn 0.3257 0.3773 0.8669
vn 0.2184 0.4476 0.8672
vn 0.2462 0.4331 0.8671
vn 0.1606 0.4713 0.8672
vn 0.0290 0.4969 0.8673
vn 0.0677 0.4931 0.8673
vn -0.0044 0.4962 0.8682
vn 0.0037 0.5002 0.8659
vn 0.0003 0.4990 0.8666
vn 0.0002 0.4969 0.8678
vn -0.0076 0.4963 0.8681
vn 0.0003 0.4969 0.8678
vn 0.0291 0.4970 0.8673
vn -0.0113 0.4999 0.8660
vn 0.0037 0.5001 0.8659
vn 0.0003 0.4998 0.8661
vn 0.0006 0.4997 0.8662
vn -0.0153 0.4996 0.8661
vn -0.0573 0.4962 0.8663
vn -0.0812 0.4930 0.8662
vn -0.1333 0.4811 0.8665
vn -0.1966 0.4570 0.8674
vn -0.2236 0.4446 0.8674
vn -0.3064 0.3916 0.8676
vn -0.3541 0.3485 0.8679
vn -0.3750 0.3253 0.8681
vn -0.4340 0.2401 0.8684
vn -0.4726 0.1526 0.8679
vn -0.4605 0.1858 0.8680
vn -0.4182 0.2673 0.8682
vn -0.3537 0.3490 0.8678
vn -0.2849 0.4078 0.8675
vn -0.4904 0.0847 0.8674
vn -0.4947 0.0561 0.8672
vn -0.4977 0.0225 0.8671
vn -0.4982 0.0062 0.8670
vn -0.4994 0.0001 0.8663
vn -0.4995 -0.0000 0.8663
vn -0.4993 -0.0000 0.8664
vn -0.5000 0.0003 0.8660
vn -0.4983 0.0047 0.8670
vn -0.4604 0.1878 0.8676
vn -0.1956 0.4575 0.8674
vn -0.1138 0.4865 0.8663
vn -0.0153 0.4997 0.8661
vn 0.1212 0.4829 0.8672
vn 0.2184 0.4476 0.8671
vn 0.2978 0.3996 0.8670
vn 0.3738 0.3305 0.8666
vn 0.4281 0.2565 0.8666
vn 0.4716 0.1662 0.8660
vn 0.4943 0.0738 0.8662
vn 1.0000 0.0006 0.0093
vn 0.9751 -0.2217 0.0106
vn 0.9745 -0.2244 0.0103
vn 0.9160 -0.4009 0.0106
vn 0.9011 -0.4335 0.0114
vn 0.8208 -0.5711 0.0116
vn 0.7639 -0.6452 0.0120
vn 0.6927 -0.7212 0.0118
vn 0.5775 -0.8163 0.0118
vn 0.5419 -0.8404 0.0118
vn 0.3584 -0.9335 0.0112
vn 0.3711 -0.9285 0.0113
vn 0.1868 -0.9824 0.0105
vn 0.1249 -0.9921 0.0102
vn 0.0441 -0.9990 0.0098
vn -0.0000 -1.0000 0.0096
vn 0.0001 -1.0000 0.0096
vn -0.1640 -0.9864 0.0104
vn 0.9817 -0.1901 0.0105
vn 0.9297 -0.3682 0.0113
vn 0.8434 -0.5371 0.0118
vn 0.7222 -0.6916 0.0121
vn 0.5742 -0.8186 0.0117
vn 0.4053 -0.9141 0.0115
vn 0.3123 -0.9499 0.0110
vn 0.1240 -0.9922 0.0102
vn -0.3736 -0.9275 0.0113
vn -0.2802 -0.9599 0.0108
vn -0.1250 -0.9921 0.0102
vn -0.1212 -0.9926 0.0102
vn -0.4349 -0.9004 0.0112
vn -0.5189 -0.8547 0.0117
vn -0.6708 -0.7415 0.0119
vn -0.8035 -0.5952 0.0118
vn -0.8350 -0.5502 0.0119
vn -0.9276 -0.3735 0.0112
vn -0.9274 -0.3738 0.0113
vn -0.9703 -0.2415 0.0107
vn -0.9823 -0.1869 0.0105
vn -0.9947 -0.1026 0.0101
vn -0.9580 -0.2864 0.0108
vn -0.8859 -0.4637 0.0114
vn -0.7812 -0.6242 0.0118
vn -0.6436 -0.7653 0.0118
vn -0.4787 -0.8779 0.0115
vn -0.3058 -0.9520 0.0110
vn 0.5021 -0.0000 -0.8648
vn 0.5001 0.0004 -0.8660
vn 0.5000 -0.0036 -0.8660
vn 0.5004 0.0012 -0.8658
vn 0.5002 -0.0031 -0.8659
vn 0.5022 0.0001 -0.8647
vn 0.5022 0.0003 -0.8647
vn 0.5020 0.0001 -0.8648
vn 0.4977 -0.0612 -0.8652
vn 0.4901 -0.1057 -0.8653
vn 0.4594 -0.1993 -0.8656
vn 0.4113 -0.2855 -0.8656
vn 0.3515 -0.3558 -0.8659
vn 0.3475 -0.3596 -0.8660
vn 0.3002 -0.3997 -0.8661
vn 0.2710 -0.4195 -0.8663
vn 0.1892 -0.4608 -0.8671
vn 0.1847 -0.4624 -0.8672
vn 0.0925 -0.4901 -0.8668
vn 0.0204 -0.4970 -0.8675
vn 0.0079 -0.4975 -0.8674
vn 0.0002 -0.4977 -0.8673
vn -0.0006 -0.4976 -0.8674
vn -0.0002 -0.4979 -0.8672
vn -0.0116 -0.5003 -0.8658
vn -0.0508 -0.4994 -0.8649
vn -0.0065 -0.5001 -0.8660
vn 0.0002 -0.4996 -0.8663
vn -0.0871 -0.4953 -0.8643
vn -0.0229 -0.5006 -0.8654
vn -0.1926 -0.4649 -0.8642
vn -0.2408 -0.4413 -0.8645
vn -0.2730 -0.4227 -0.8642
vn -0.3264 -0.3844 -0.8635
vn -0.3568 -0.3560 -0.8637
vn -0.3930 -0.3150 -0.8639
vn -0.4630 -0.1945 -0.8648
vn -0.4465 -0.2322 -0.8641
vn -0.4811 -0.1446 -0.8647
vn -0.4958 -0.0779 -0.8649
vn -0.4988 -0.0501 -0.8653
vn -0.5004 -0.0115 -0.8657
vn -0.5003 -0.0086 -0.8658
vn -0.5005 -0.0032 -0.8657
vn -0.5002 0.0030 -0.8659
vn -0.5006 0.0018 -0.8657
vn -0.5004 0.0028 -0.8658
vn -0.5000 0.0009 -0.8660
vn -0.5001 0.0008 -0.8660
vn -0.4999 0.0024 -0.8661
vn -0.5067 -0.0097 -0.8621
vn -0.5036 -0.0063 -0.8639
vn -0.4920 -0.0030 -0.8706
vn -0.5003 -0.0116 -0.8657
vn -0.4899 -0.1112 -0.8646
vn -0.4636 -0.1930 -0.8648
vn -0.4146 -0.2864 -0.8638
vn -0.3577 -0.3551 -0.8637
vn -0.1948 -0.4640 -0.8642
vn 0.1075 -0.4871 -0.8667
vn 0.1872 -0.4616 -0.8671
vn 0.2803 -0.4136 -0.8663
vn 0.3521 -0.3555 -0.8658
vn 0.4179 -0.2757 -0.8657
vn 0.4620 -0.1929 -0.8656
vn -0.5001 -0.0000 -0.8659
vn -0.4999 -0.0000 -0.8661
vn -0.4995 -0.0000 -0.8663
vn -0.4996 -0.0000 -0.8663
vn -0.4994 0.0003 -0.8664
vn -0.4986 0.0225 -0.8666
vn -0.4989 0.0023 -0.8666
vn -0.4880 0.1010 -0.8670
vn -0.4483 0.2147 -0.8677
vn -0.4613 0.1846 -0.8678
vn -0.4913 0.0870 -0.8667
vn -0.4192 0.2683 -0.8674
vn -0.3994 0.2971 -0.8673
vn -0.3551 0.3491 -0.8672
vn -0.3353 0.3687 -0.8670
vn -0.2574 0.4276 -0.8666
vn -0.1973 0.4582 -0.8667
vn -0.1714 0.4689 -0.8664
vn -0.0814 0.4943 -0.8655
vn -0.0779 0.4948 -0.8655
vn -0.0303 0.4999 -0.8656
vn -0.0154 0.5009 -0.8654
vn 0.0009 0.5015 -0.8652
vn 0.0038 0.5014 -0.8652
vn 0.0003 0.5010 -0.8654
vn 0.0005 0.5010 -0.8654
vn 0.0003 0.4999 -0.8661
vn 0.0002 0.4972 -0.8677
vn 0.0002 0.4972 -0.8676
vn -0.0074 0.4966 -0.8680
vn 0.0080 0.4968 -0.8678
vn 0.0129 0.4970 -0.8676
vn 0.0287 0.4971 -0.8672
vn 0.1209 0.4830 -0.8672
vn 0.2180 0.4477 -0.8672
vn 0.2177 0.4477 -0.8673
vn 0.2978 0.3997 -0.8670
vn 0.3736 0.3305 -0.8667
vn 0.3735 0.3307 -0.8667
vn 0.4108 0.2834 -0.8666
vn 0.4281 0.2567 -0.8665
vn 0.4716 0.1660 -0.8660
vn 0.4713 0.1667 -0.8661
vn 0.4946 0.0738 -0.8660
vn 0.4975 0.0494 -0.8661
vn 0.4997 0.0145 -0.8661
vn 0.4996 0.0137 -0.8662
vn 0.4846 0.1238 -0.8660
vn 0.4620 0.1909 -0.8661
vn 0.4312 0.2515 -0.8665
vn 0.3775 0.3260 -0.8668
vn 0.3073 0.3924 -0.8669
vn 0.2247 0.4445 -0.8671
vn 0.1332 0.4799 -0.8672
vn 0.0374 0.4965 -0.8672
vn -0.0153 0.5009 -0.8654
vn -0.1141 0.4877 -0.8655
vn -0.1960 0.4588 -0.8666
vn -0.2860 0.4089 -0.8666
vn -0.3545 0.3495 -0.8673
vn -0.4612 0.1854 -0.8677
vn 0.5000 -0.0029 0.8660
vn 0.4997 0.0015 0.8662
vn 0.5000 -0.0037 0.8660
vn 0.4998 0.0005 0.8662
vn 0.4992 0.0001 0.8665
vn 0.5021 0.0003 0.8648
vn 0.5003 0.0001 0.8658
vn 0.5022 0.0002 0.8648
vn 0.5003 -0.0372 0.8651
vn 0.4980 -0.0611 0.8650
vn 0.4943 -0.0856 0.8651
vn 0.4620 -0.1933 0.8656
vn 0.4678 -0.1789 0.8656
vn 0.4250 -0.2650 0.8655
vn 0.3642 -0.3424 0.8661
vn 0.2918 -0.4058 0.8661
vn 0.3003 -0.3997 0.8661
vn 0.2057 -0.4544 0.8667
vn 0.1894 -0.4609 0.8670
vn 0.1125 -0.4860 0.8667
vn 0.0738 -0.4930 0.8669
vn 0.0073 -0.4975 0.8674
vn 0.0079 -0.4975 0.8674
vn 0.0081 -0.4975 0.8675
vn -0.0003 -0.4977 0.8673
vn 0.4621 -0.1927 0.8656
vn 0.3519 -0.3556 0.8659
vn 0.2802 -0.4136 0.8663
vn 0.1875 -0.4616 0.8671
vn 0.1075 -0.4872 0.8667
vn 0.0001 -0.4994 0.8664
vn -0.0001 -0.4979 0.8672
vn -0.0065 -0.5001 0.8660
vn -0.0002 -0.4983 0.8670
vn -0.0403 -0.5001 0.8650
vn -0.0871 -0.4954 0.8643
vn -0.1173 -0.4893 0.8642
vn -0.1925 -0.4649 0.8642
vn -0.2238 -0.4501 0.8645
vn -0.2729 -0.4227 0.8642
vn -0.3079 -0.3989 0.8637
vn -0.3569 -0.3560 0.8636
vn -0.3776 -0.3331 0.8640
vn -0.4359 -0.2525 0.8639
vn -0.4628 -0.1945 0.8648
vn -0.4750 -0.1628 0.8648
vn -0.4970 -0.0668 0.8652
vn -0.5003 -0.0115 0.8658
vn -0.4999 -0.0089 0.8660
vn -0.5010 -0.0057 0.8654
vn -0.5007 -0.0030 0.8656
vn -0.5001 0.0029 0.8659
vn -0.5004 0.0028 0.8658
vn -0.5000 0.0006 0.8660
vn -0.4999 0.0008 0.8661
vn -0.5001 0.0025 0.8660
vn -0.4900 -0.0072 0.8717
vn -0.4943 -0.0108 0.8692
vn -0.5116 -0.0140 0.8591
vn -0.5004 -0.0113 0.8657
vn -0.4900 -0.1112 0.8646
vn -0.4634 -0.1930 0.8649
vn -0.3579 -0.3551 0.8636
vn -0.1949 -0.4641 0.8641
vn 0.5000 0.0137 0.8659
vn 0.4975 0.0494 0.8660
vn 0.4988 0.0387 0.8658
vn 0.4834 0.1272 0.8661
vn 0.4716 0.1661 0.8660
vn 0.4470 0.2231 0.8663
vn 0.4109 0.2834 0.8665
vn 0.3930 0.3076 0.8665
vn 0.3738 0.3304 0.8666
vn 0.3263 0.3769 0.8669
vn 0.2180 0.4478 0.8672
vn 0.2464 0.4329 0.8671
vn 0.1612 0.4711 0.8672
vn 0.0286 0.4971 0.8672
vn 0.0683 0.4931 0.8673
vn 0.0129 0.4971 0.8676
vn -0.0049 0.4968 0.8679
vn -0.0075 0.4965 0.8680
vn 0.0002 0.4971 0.8677
vn 0.0005 0.4972 0.8676
vn 0.0006 0.5008 0.8655
vn 0.0002 0.5011 0.8654
vn 0.0038 0.5014 0.8652
vn -0.0080 0.5011 0.8654
vn -0.0154 0.5009 0.8654
vn -0.0466 0.4985 0.8656
vn -0.0815 0.4943 0.8654
vn -0.1447 0.4789 0.8659
vn -0.1973 0.4582 0.8667
vn -0.2342 0.4406 0.8666
vn -0.3164 0.3853 0.8668
vn -0.3551 0.3490 0.8672
vn -0.3843 0.3165 0.8672
vn -0.4189 0.2683 0.8675
vn -0.4392 0.2327 0.8677
vn -0.4611 0.1846 0.8679
vn -0.4781 0.1371 0.8676
vn -0.4908 0.0870 0.8669
vn -0.4966 0.0486 0.8666
vn -0.4984 0.0225 0.8667
vn -0.4996 0.0003 0.8662
vn -0.5000 -0.0001 0.8660
vn -0.4997 -0.0000 0.8662
vn -0.4997 -0.0003 0.8662
vn -0.4998 0.0004 0.8661
vn -0.4605 0.1853 0.8681
vn -0.3544 0.3496 0.8673
vn -0.2858 0.4089 0.8667
vn -0.1960 0.4588 0.8666
vn -0.1142 0.4878 0.8655
vn -0.0153 0.5010 0.8653
vn 0.0290 0.4971 0.8672
vn 0.1210 0.4831 0.8672
vn 0.2180 0.4477 0.8672
vn 0.2978 0.3997 0.8669
vn 0.3733 0.3307 0.8668
vn 0.4281 0.2567 0.8665
vn 0.4713 0.1662 0.8662
vn 0.4943 0.0738 0.8661
vn 0.9967 -0.0802 0.0100
vn 0.9852 -0.1713 0.0104
vn 0.9846 -0.1747 0.0104
vn 0.9394 -0.3425 0.0112
vn 0.9333 -0.3589 0.0112
vn 0.8612 -0.5081 0.0122
vn 0.8470 -0.5314 0.0119
vn 0.7540 -0.6568 0.0120
vn 0.7289 -0.6845 0.0120
vn 0.6176 -0.7864 0.0119
vn 0.5805 -0.8142 0.0118
vn 0.4643 -0.8856 0.0118
vn 0.4123 -0.9110 0.0115
vn 0.2962 -0.9551 0.0110
vn 0.2244 -0.9744 0.0106
vn 0.1252 -0.9921 0.0102
vn 0.0102 -0.9999 0.0096
vn -0.0001 -1.0000 0.0095
vn -0.0006 -1.0000 0.0099
vn 0.0001 -1.0000 0.0094
vn -0.0819 -0.9966 0.0100
vn 0.0001 -1.0000 0.0099
vn -0.1252 -0.9921 0.0102
vn -0.1260 -0.9920 0.0100
vn -0.2804 -0.9598 0.0109
vn -0.3104 -0.9505 0.0110
vn -0.4349 -0.9004 0.0121
vn -0.4811 -0.8766 0.0116
vn -0.5774 -0.8164 0.0119
vn -0.6465 -0.7629 0.0118
vn -0.7068 -0.7073 0.0119
vn -0.7835 -0.6213 0.0118
vn -0.8347 -0.5505 0.0118
vn -0.8876 -0.4604 0.0115
vn -0.9272 -0.3743 0.0115
vn -0.9591 -0.2829 0.0108
vn -0.9951 -0.0987 0.0101
vn -0.9909 -0.1344 0.0102
vn -0.2650 -0.9642 0.0109
vn -0.4453 -0.8953 0.0116
vn -0.6075 -0.7942 0.0119
vn -0.7511 -0.6601 0.0120
vn -0.8644 -0.5026 0.0119
vn -0.9465 -0.3227 0.0112
vn 0.0941 -0.9955 0.0100
vn 0.1886 -0.9820 0.0105
vn 0.3724 -0.9280 0.0112
vn 0.5430 -0.8396 0.0117
vn 0.6949 -0.7190 0.0118
vn 0.8222 -0.5691 0.0117
vn 0.9169 -0.3990 0.0112
vn 0.9776 -0.2101 0.0106
vn 0.4997 -0.0001 -0.8662
vn 0.4995 0.0010 -0.8663
vn 0.4999 -0.0030 -0.8661
vn 0.4993 0.0001 -0.8664
vn 0.5004 0.0001 -0.8658
vn 0.5017 -0.0000 -0.8650
vn 0.5018 0.0003 -0.8650
vn 0.4910 -0.1035 -0.8650
vn 0.4620 -0.1933 -0.8656
vn 0.4599 -0.1983 -0.8655
vn 0.4117 -0.2844 -0.8658
vn 0.3516 -0.3557 -0.8659
vn 0.3486 -0.3587 -0.8659
vn 0.3002 -0.3996 -0.8661
vn 0.2722 -0.4188 -0.8663
vn 0.1857 -0.4621 -0.8672
vn 0.0940 -0.4899 -0.8667
vn 0.0456 -0.4958 -0.8673
vn 0.0077 -0.4975 -0.8674
vn 0.0080 -0.4975 -0.8674
vn -0.0001 -0.4979 -0.8673
vn -0.0005 -0.4979 -0.8672
vn -0.0002 -0.4982 -0.8671
vn -0.0121 -0.5003 -0.8658
vn -0.0000 -0.4994 -0.8664
vn -0.0228 -0.5005 -0.8654
vn -0.0522 -0.4993 -0.8648
vn -0.0870 -0.4953 -0.8643
vn -0.1464 -0.4816 -0.8641
vn -0.1923 -0.4649 -0.8642
vn -0.2418 -0.4406 -0.8645
vn -0.2729 -0.4228 -0.8642
vn -0.3568 -0.3561 -0.8636
vn -0.3581 -0.3552 -0.8635
vn -0.4149 -0.2865 -0.8636
vn -0.4627 -0.1947 -0.8649
vn -0.4634 -0.1932 -0.8648
vn -0.4899 -0.1113 -0.8646
vn -0.4958 -0.0780 -0.8649
vn -0.5005 -0.0113 -0.8657
vn -0.5004 -0.0114 -0.8657
vn -0.4993 -0.0098 -0.8664
vn -0.4957 -0.0111 -0.8684
vn -0.4976 -0.0096 -0.8674
vn -0.5001 0.0026 -0.8660
vn -0.5001 0.0030 -0.8660
vn -0.5000 0.0006 -0.8660
vn -0.4999 0.0027 -0.8661
vn -0.4997 0.0005 -0.8662
vn -0.3277 -0.3832 -0.8636
vn -0.3941 -0.3136 -0.8639
vn -0.4476 -0.2304 -0.8640
vn -0.4813 -0.1428 -0.8648
vn -0.4988 -0.0481 -0.8654
vn -0.5010 -0.0086 -0.8654
vn -0.5003 -0.0031 -0.8658
vn -0.5009 0.0020 -0.8655
vn -0.1949 -0.4640 -0.8641
vn 0.1074 -0.4872 -0.8667
vn 0.1875 -0.4616 -0.8671
vn 0.3520 -0.3555 -0.8659
vn 0.4181 -0.2757 -0.8656
vn 0.4622 -0.1928 -0.8655
vn -0.4988 0.0158 -0.8666
vn -0.4997 -0.0000 -0.8662
vn -0.5001 -0.0005 -0.8660
vn -0.4957 0.0586 -0.8665
vn -0.4986 0.0224 -0.8666
vn -0.5000 -0.0000 -0.8660
vn -0.4698 0.1615 -0.8679
vn -0.4615 0.1844 -0.8678
vn -0.4911 0.0867 -0.8668
vn -0.4333 0.2444 -0.8675
vn -0.4192 0.2681 -0.8674
vn -0.4611 0.1851 -0.8678
vn -0.3553 0.3488 -0.8672
vn -0.3711 0.3317 -0.8673
vn -0.3013 0.3975 -0.8667
vn -0.2187 0.4486 -0.8666
vn -0.1975 0.4581 -0.8667
vn -0.2862 0.4088 -0.8666
vn -0.3547 0.3495 -0.8672
vn -0.1298 0.4836 -0.8656
vn -0.0816 0.4943 -0.8654
vn -0.1143 0.4877 -0.8655
vn -0.0153 0.5010 -0.8653
vn -0.0153 0.5009 -0.8653
vn 0.0039 0.5014 -0.8652
vn 0.0004 0.5015 -0.8652
vn 0.0003 0.5010 -0.8655
vn -0.0000 0.4981 -0.8671
vn 0.0004 0.4998 -0.8662
vn 0.0001 0.4973 -0.8676
vn 0.0003 0.4972 -0.8676
vn -0.0075 0.4965 -0.8680
vn 0.0129 0.4971 -0.8676
vn 0.0079 0.4968 -0.8678
vn 0.0286 0.4971 -0.8672
vn 0.0372 0.4964 -0.8673
vn 0.1328 0.4799 -0.8672
vn -0.0346 0.4996 -0.8656
vn 0.2177 0.4478 -0.8672
vn 0.2241 0.4447 -0.8672
vn 0.3069 0.3925 -0.8670
vn 0.3736 0.3306 -0.8667
vn 0.3777 0.3260 -0.8666
vn 0.4105 0.2836 -0.8666
vn 0.4309 0.2517 -0.8666
vn 0.4713 0.1662 -0.8661
vn 0.4616 0.1911 -0.8662
vn 0.4842 0.1240 -0.8661
vn 0.4973 0.0494 -0.8662
vn 0.4995 0.0138 -0.8662
vn 0.4998 0.0146 -0.8660
vn 0.4945 0.0739 -0.8661
vn 0.4713 0.1665 -0.8661
vn 0.4280 0.2570 -0.8665
vn 0.3732 0.3309 -0.8667
vn 0.2977 0.3998 -0.8669
vn 0.2177 0.4479 -0.8672
vn 0.1208 0.4831 -0.8672
vn 0.0006 0.5010 -0.8654
vn -0.1965 0.4587 -0.8666
vn 0.4999 0.0010 0.8661
vn 0.5001 -0.0037 0.8659
vn 0.4977 0.0001 0.8674
vn 0.5008 0.0001 0.8656
vn 0.5017 0.0001 0.8650
vn 0.5021 0.0002 0.8648
vn 0.4981 -0.0612 0.8649
vn 0.4932 -0.0933 0.8649
vn 0.4621 -0.1933 0.8655
vn 0.4622 -0.1929 0.8655
vn 0.4182 -0.2757 0.8655
vn 0.3513 -0.3558 0.8660
vn 0.3516 -0.3555 0.8660
vn 0.2805 -0.4136 0.8662
vn 0.1893 -0.4608 0.8671
vn 0.1873 -0.4616 0.8671
vn 0.1074 -0.4872 0.8666
vn 0.0078 -0.4975 0.8674
vn 0.1090 -0.4867 0.8667
vn -0.0002 -0.4979 0.8672
vn -0.0000 -0.4979 0.8672
vn -0.0000 -0.4995 0.8663
vn -0.0229 -0.5006 0.8654
vn 0.0001 -0.4996 0.8662
vn -0.0870 -0.4954 0.8643
vn -0.0740 -0.4971 0.8645
vn -0.0248 -0.5004 0.8654
vn -0.1923 -0.4649 0.8642
vn -0.1947 -0.4641 0.8641
vn -0.2729 -0.4228 0.8642
vn -0.3575 -0.3553 0.8637
vn -0.3567 -0.3562 0.8637
vn -0.2675 -0.4260 0.8643
vn -0.1781 -0.4707 0.8641
vn -0.4146 -0.2865 0.8637
vn -0.4628 -0.1948 0.8648
vn -0.4093 -0.2937 0.8638
vn -0.4578 -0.2073 0.8645
vn -0.4891 -0.1140 0.8648
vn -0.4958 -0.0780 0.8649
vn -0.5008 -0.0088 0.8655
vn -0.5005 -0.0115 0.8657
vn -0.4997 -0.0054 0.8662
vn -0.5001 -0.0021 0.8659
vn -0.5000 0.0028 0.8660
vn -0.4999 0.0029 0.8661
vn -0.5003 0.0010 0.8658
vn -0.5001 0.0003 0.8659
vn -0.5064 -0.0070 0.8623
vn -0.5142 -0.0052 0.8576
vn -0.5085 -0.0067 0.8610
vn -0.5005 -0.0115 0.8656
vn -0.4901 -0.1113 0.8645
vn -0.4634 -0.1932 0.8648
vn -0.3455 -0.3672 0.8636
vn 0.2024 -0.4557 0.8668
vn 0.2885 -0.4079 0.8663
vn 0.3622 -0.3449 0.8660
vn 0.4227 -0.2680 0.8657
vn 0.4665 -0.1821 0.8656
vn 0.4938 -0.0890 0.8650
vn 0.4998 0.0145 0.8660
vn 0.4982 0.0139 0.8669
vn 0.4973 0.0494 0.8662
vn 0.4970 0.0191 0.8675
vn 0.4938 0.0773 0.8661
vn 0.4715 0.1661 0.8661
vn 0.4714 0.1660 0.8662
vn 0.4303 0.2529 0.8665
vn 0.4106 0.2836 0.8666
vn 0.3739 0.3304 0.8666
vn 0.3736 0.3306 0.8667
vn 0.3015 0.3968 0.8670
vn 0.2179 0.4478 0.8672
vn 0.2177 0.4479 0.8672
vn 0.1245 0.4821 0.8672
vn 0.0285 0.4971 0.8672
vn 0.0282 0.4971 0.8672
vn 0.0224 0.4973 0.8673
vn 0.0128 0.4971 0.8676
vn -0.0001 0.4972 0.8677
vn -0.0000 0.4972 0.8676
vn 0.0003 0.4973 0.8676
vn 0.0002 0.5005 0.8658
vn 0.0006 0.5010 0.8655
vn -0.0155 0.5009 0.8653
vn -0.0815 0.4943 0.8655
vn -0.1143 0.4878 0.8654
vn -0.1975 0.4581 0.8667
vn -0.1963 0.4587 0.8666
vn -0.2862 0.4088 0.8666
vn -0.2828 0.4112 0.8666
vn -0.3557 0.3488 0.8671
vn -0.3559 0.3484 0.8671
vn -0.4169 0.2716 0.8674
vn -0.1166 0.4871 0.8655
vn -0.1985 0.4577 0.8667
vn -0.4616 0.1839 0.8678
vn -0.4615 0.1844 0.8678
vn -0.4192 0.2682 0.8674
vn -0.3553 0.3494 0.8670
vn -0.4792 0.1336 0.8675
vn -0.4910 0.0867 0.8668
vn -0.4614 0.1852 0.8677
vn -0.4950 0.0635 0.8666
vn -0.4984 0.0224 0.8667
vn -0.4984 0.0234 0.8666
vn -0.4995 0.0003 0.8663
vn -0.4984 -0.0001 0.8669
vn -0.5003 -0.0000 0.8658
vn -0.4998 0.0003 0.8662
vn -0.4999 0.0003 0.8661
vn 0.1208 0.4831 0.8672
vn 0.2180 0.4478 0.8671
vn 0.2974 0.3998 0.8670
vn 0.3735 0.3308 0.8666
vn 0.4280 0.2569 0.8665
vn 0.4718 0.1666 0.8659
vn 0.4941 0.0739 0.8663
vn 0.9999 -0.0000 0.0100
vn 0.9851 -0.1716 0.0105
vn 0.9999 -0.0140 0.0092
vn 0.9785 -0.2060 0.0105
vn 0.9393 -0.3429 0.0112
vn 0.9187 -0.3949 0.0111
vn 0.8612 -0.5081 0.0120
vn 0.8246 -0.5656 0.0116
vn 0.7539 -0.6569 0.0119
vn 0.6982 -0.7158 0.0118
vn 0.6177 -0.7863 0.0118
vn 0.5467 -0.8373 0.0116
vn 0.4649 -0.8853 0.0117
vn 0.3765 -0.9263 0.0112
vn 0.2964 -0.9550 0.0110
vn 0.1926 -0.9812 0.0105
vn 0.1253 -0.9921 0.0102
vn 0.2176 -0.9760 0.0106
vn 0.9834 -0.1814 0.0111
vn 0.9307 -0.3657 0.0115
vn 0.8433 -0.5373 0.0118
vn 0.7239 -0.6898 0.0120
vn 0.5748 -0.8182 0.0118
vn 0.4058 -0.9139 0.0116
vn 0.0001 -1.0000 0.0097
vn -0.0001 -1.0000 0.0096
vn -0.0025 -1.0000 0.0095
vn 0.0001 -1.0000 0.0095
vn -0.1254 -0.9921 0.0102
vn -0.1833 -0.9830 0.0106
vn -0.2807 -0.9597 0.0109
vn -0.3577 -0.9338 0.0113
vn -0.4353 -0.9002 0.0114
vn -0.5300 -0.8479 0.0118
vn -0.6830 -0.7303 0.0119
vn -0.8129 -0.5822 0.0119
vn -0.8347 -0.5506 0.0118
vn -0.9102 -0.4141 0.0114
vn -0.9273 -0.3742 0.0112
vn -0.9741 -0.2259 0.0107
vn -0.9822 -0.1875 0.0105
vn -0.9664 -0.2570 0.0108
vn -0.8985 -0.4388 0.0114
vn -0.7985 -0.6018 0.0117
vn -0.6650 -0.7467 0.0119
vn -0.4962 -0.8682 0.0116
vn -0.3363 -0.9417 0.0111
vn -0.1507 -0.9885 0.0103
vn 0.4996 -0.0001 -0.8662
vn 0.4998 0.0004 -0.8662
vn 0.5000 -0.0035 -0.8660
vn 0.4996 0.0014 -0.8662
vn 0.4998 -0.0028 -0.8661
vn 0.4993 -0.0000 -0.8664
vn 0.5000 -0.0000 -0.8660
vn 0.4994 -0.0000 -0.8664
vn 0.5001 -0.0003 -0.8659
vn 0.5001 -0.0000 -0.8660
vn 0.4999 -0.0001 -0.8661
vn 0.4996 -0.0064 -0.8662
vn 0.4892 -0.1042 -0.8659
vn 0.4913 -0.0964 -0.8656
vn 0.4626 -0.1877 -0.8665
vn 0.4597 -0.1947 -0.8665
vn 0.4115 -0.2844 -0.8659
vn 0.3525 -0.3532 -0.8666
vn 0.3497 -0.3562 -0.8665
vn 0.2734 -0.4192 -0.8657
vn 0.1915 -0.4611 -0.8664
vn 0.1883 -0.4624 -0.8665
vn 0.0960 -0.4912 -0.8657
vn 0.0005 -0.5000 -0.8660
vn 0.0082 -0.4998 -0.8661
vn 0.0740 -0.4948 -0.8658
vn 0.1067 -0.4890 -0.8657
vn 0.1908 -0.4614 -0.8665
vn -0.0139 -0.4991 -0.8664
vn 0.0002 -0.5003 -0.8659
vn -0.0001 -0.5000 -0.8660
vn 0.0001 -0.5000 -0.8660
vn -0.0000 -0.4998 -0.8662
vn -0.0022 -0.4999 -0.8661
vn 0.0086 -0.4998 -0.8661
vn -0.0064 -0.4994 -0.8663
vn -0.0595 -0.4967 -0.8659
vn -0.0233 -0.4989 -0.8663
vn -0.0865 -0.4934 -0.8655
vn -0.1922 -0.4623 -0.8656
vn -0.1966 -0.4606 -0.8655
vn -0.2688 -0.4209 -0.8664
vn -0.2468 -0.4335 -0.8667
vn -0.3551 -0.3525 -0.8658
vn -0.3343 -0.3735 -0.8653
vn -0.3981 -0.3013 -0.8664
vn -0.1624 -0.4744 -0.8652
vn -0.4611 -0.1933 -0.8660
vn -0.4502 -0.2187 -0.8657
vn -0.4832 -0.1291 -0.8659
vn -0.4943 -0.0783 -0.8658
vn -0.5001 -0.0086 -0.8659
vn -0.5000 -0.0111 -0.8660
vn -0.4999 -0.0031 -0.8661
vn -0.5000 0.0026 -0.8660
vn -0.4999 0.0021 -0.8661
vn -0.5001 0.0021 -0.8660
vn -0.5000 0.0003 -0.8660
vn -0.4998 0.0004 -0.8661
vn -0.5000 0.0019 -0.8660
vn -0.4945 -0.0093 -0.8691
vn -0.5024 -0.0110 -0.8646
vn -0.5137 -0.0098 -0.8579
vn -0.5000 -0.0107 -0.8660
vn -0.4875 -0.1115 -0.8660
vn -0.4621 -0.1909 -0.8660
vn -0.4097 -0.2861 -0.8662
vn -0.3581 -0.3497 -0.8657
vn 0.0004 -0.5002 -0.8659
vn 0.2807 -0.4145 -0.8657
vn 0.3536 -0.3525 -0.8664
vn 0.4164 -0.2782 -0.8656
vn 0.4643 -0.1847 -0.8662
vn -0.4975 0.0277 -0.8670
vn -0.4987 0.0060 -0.8668
vn -0.4978 0.0222 -0.8670
vn -0.4934 0.0648 -0.8674
vn -0.4903 0.0840 -0.8675
vn -0.4776 0.1380 -0.8677
vn -0.4608 0.1851 -0.8680
vn -0.4376 0.2336 -0.8683
vn -0.4184 0.2666 -0.8682
vn -0.3813 0.3182 -0.8680
vn -0.3545 0.3478 -0.8680
vn -0.3137 0.3855 -0.8677
vn -0.1973 0.4567 -0.8675
vn -0.2328 0.4399 -0.8674
vn -0.1467 0.4767 -0.8667
vn -0.0815 0.4929 -0.8663
vn -0.0527 0.4966 -0.8664
vn -0.0155 0.4996 -0.8661
vn 0.0038 0.5002 -0.8659
vn 0.0002 0.4998 -0.8662
vn -0.0028 0.4966 -0.8680
vn -0.0000 0.4968 -0.8679
vn -0.0074 0.4962 -0.8682
vn 0.0003 0.4968 -0.8678
vn 0.0127 0.4969 -0.8677
vn 0.0285 0.4970 -0.8673
vn 0.0283 0.4970 -0.8673
vn 0.1204 0.4831 -0.8672
vn 0.2176 0.4479 -0.8672
vn 0.2175 0.4479 -0.8672
vn 0.2974 0.3999 -0.8670
vn 0.3732 0.3308 -0.8668
vn 0.3731 0.3311 -0.8667
vn 0.4103 0.2838 -0.8666
vn 0.4277 0.2572 -0.8666
vn 0.4712 0.1664 -0.8662
vn 0.4714 0.1668 -0.8660
vn 0.4941 0.0740 -0.8663
vn 0.4972 0.0495 -0.8662
vn 0.4997 0.0146 -0.8661
vn 0.4998 0.0138 -0.8661
vn 0.4840 0.1243 -0.8662
vn 0.4612 0.1915 -0.8664
vn 0.4310 0.2520 -0.8665
vn 0.3771 0.3263 -0.8668
vn 0.3066 0.3927 -0.8671
vn 0.2238 0.4448 -0.8672
vn 0.1326 0.4799 -0.8673
vn 0.0272 0.4970 -0.8673
vn 0.0170 0.4970 -0.8676
vn -0.1143 0.4863 -0.8663
vn -0.1961 0.4572 -0.8675
vn -0.2858 0.4073 -0.8674
vn -0.3540 0.3483 -0.8680
vn -0.4599 0.1873 -0.8680
vn 0.4998 -0.0028 0.8661
vn 0.5005 0.0011 0.8658
vn 0.5004 -0.0037 0.8658
vn 0.5001 0.0003 0.8660
vn 0.5002 -0.0000 0.8659
vn 0.4997 -0.0003 0.8662
vn 0.4910 -0.0967 0.8658
vn 0.4999 -0.0003 0.8661
vn 0.4997 -0.0000 0.8662
vn 0.4996 -0.0000 0.8663
vn 0.5000 -0.0003 0.8660
vn 0.4638 -0.1848 0.8665
vn 0.4623 -0.1879 0.8666
vn 0.4921 -0.0906 0.8658
vn 0.4161 -0.2783 0.8657
vn 0.3531 -0.3532 0.8664
vn 0.4147 -0.2807 0.8656
vn 0.3521 -0.3540 0.8665
vn 0.2769 -0.4171 0.8657
vn 0.1917 -0.4611 0.8664
vn 0.1920 -0.4608 0.8665
vn 0.1014 -0.4901 0.8658
vn 0.0740 -0.4949 0.8658
vn 0.0079 -0.4998 0.8661
vn 0.0082 -0.4999 0.8661
vn 0.0065 -0.4999 0.8661
vn -0.0021 -0.5000 0.8660
vn 0.0002 -0.5001 0.8660
vn 0.0004 -0.5001 0.8659
vn -0.0000 -0.4997 0.8662
vn 0.0004 -0.5003 0.8658
vn 0.0002 -0.5003 0.8659
vn -0.0064 -0.4996 0.8662
vn -0.0236 -0.4990 0.8663
vn -0.0417 -0.4981 0.8661
vn -0.0234 -0.4989 0.8663
vn -0.0866 -0.4934 0.8655
vn 0.3542 -0.3524 0.8662
vn 0.2806 -0.4145 0.8657
vn 0.1911 -0.4614 0.8664
vn 0.1068 -0.4890 0.8657
vn 0.0085 -0.4999 0.8660
vn -0.1967 -0.4606 0.8655
vn -0.1920 -0.4624 0.8656
vn -0.0988 -0.4913 0.8654
vn -0.2690 -0.4209 0.8663
vn -0.2758 -0.4165 0.8663
vn -0.1887 -0.4636 0.8657
vn -0.3550 -0.3525 0.8658
vn -0.3583 -0.3497 0.8656
vn -0.4098 -0.2862 0.8661
vn -0.4609 -0.1934 0.8661
vn -0.4624 -0.1909 0.8659
vn -0.4877 -0.1114 0.8658
vn -0.4942 -0.0784 0.8658
vn -0.4998 -0.0108 0.8661
vn -0.5000 -0.0111 0.8660
vn -0.5136 -0.0067 0.8580
vn -0.5038 -0.0053 0.8638
vn -0.4957 -0.0068 0.8685
vn -0.5000 0.0019 0.8660
vn -0.5001 0.0027 0.8660
vn -0.5000 0.0003 0.8661
vn -0.9132 0.0361 -0.4059
vn -0.8249 0.0508 -0.5630
vn -0.9017 0.0374 -0.4307
vn -0.5001 0.0022 0.8660
vn -0.4997 0.0013 0.8662
vn -0.5002 -0.0087 0.8659
vn -0.5001 -0.0115 0.8659
vn -0.4913 -0.0934 0.8659
vn -0.4599 -0.1952 0.8663
vn -0.4142 -0.2799 0.8661
vn -0.3524 -0.3551 0.8658
vn 0.4612 -0.1902 0.8667
vn 0.5000 0.0146 0.8659
vn 0.4997 0.0138 0.8661
vn 0.4975 0.0495 0.8660
vn 0.4982 0.0378 0.8663
vn 0.4835 0.1268 0.8661
vn 0.4714 0.1665 0.8661
vn 0.4470 0.2226 0.8664
vn 0.4104 0.2838 0.8666
vn 0.3931 0.3072 0.8667
vn 0.3733 0.3309 0.8667
vn 0.3266 0.3765 0.8669
vn 0.2174 0.4480 0.8672
vn 0.2465 0.4325 0.8673
vn 0.1617 0.4709 0.8673
vn 0.0281 0.4970 0.8673
vn 0.0685 0.4930 0.8673
vn 0.0073 0.4966 0.8679
vn -0.0001 0.4995 0.8663
vn -0.0074 0.4961 0.8682
vn 0.0127 0.4969 0.8677
vn 0.0282 0.4970 0.8673
vn 0.1205 0.4832 0.8672
vn 0.2176 0.4479 0.8672
vn 0.2974 0.3999 0.8669
vn -0.1279 0.4826 0.8664
vn 0.0001 0.4999 0.8661
vn 0.0003 0.4991 0.8665
vn 0.0003 0.5000 0.8660
vn 0.0003 0.4968 0.8678
vn -0.2186 0.4469 0.8674
vn -0.1972 0.4567 0.8675
vn -0.0816 0.4929 0.8662
vn -0.0155 0.4997 0.8661
vn -0.3021 0.3951 0.8675
vn -0.3545 0.3478 0.8680
vn -0.2857 0.4072 0.8675
vn -0.3539 0.3484 0.8680
vn -0.4184 0.2667 0.8682
vn -0.4325 0.2431 0.8683
vn -0.4607 0.1852 0.8680
vn -0.4707 0.1593 0.8678
vn -0.4944 0.0596 0.8672
vn -0.3715 0.3294 0.8680
vn -0.4988 0.0051 0.8667
vn -0.4985 0.0061 0.8669
vn -0.4978 0.0222 0.8670
vn -0.4905 0.0840 0.8674
vn -0.4999 -0.0000 0.8661
vn -0.4998 -0.0000 0.8661
vn -0.4597 0.1872 0.8681
vn -0.1960 0.4572 0.8675
vn -0.1142 0.4863 0.8663
vn 0.3730 0.3311 0.8667
vn 0.4278 0.2572 0.8665
vn 0.4716 0.1668 0.8659
vn 0.4945 0.0739 0.8660
vn 0.9999 -0.0000 0.0101
vn 0.9851 -0.1719 0.0105
vn 0.9985 -0.0543 0.0098
vn 0.9736 -0.2280 0.0106
vn 0.9392 -0.3433 0.0113
vn 0.9140 -0.4056 0.0113
vn 0.8609 -0.5087 0.0118
vn 0.8123 -0.5831 0.0117
vn 0.7539 -0.6568 0.0119
vn 0.6823 -0.7310 0.0118
vn 0.6179 -0.7862 0.0118
vn 0.5284 -0.8489 0.0115
vn 0.4652 -0.8852 0.0115
vn 0.3575 -0.9338 0.0112
vn 0.2967 -0.9549 0.0109
vn 0.1744 -0.9846 0.0104
vn 0.1255 -0.9920 0.0102
vn 0.0796 -0.9968 0.0100
vn -0.1856 -0.9826 0.0105
vn -0.1256 -0.9920 0.0102
vn -0.2810 -0.9596 0.0109
vn -0.2361 -0.9717 0.0109
vn -0.3782 -0.9257 0.0113
vn 0.9837 -0.1794 0.0105
vn 0.9227 -0.3854 0.0113
vn 0.8295 -0.5583 0.0119
vn 0.7030 -0.7111 0.0120
vn 0.5528 -0.8332 0.0119
vn 0.3834 -0.9235 0.0113
vn 0.2027 -0.9792 0.0106
vn 0.0153 -0.9998 0.0096
vn -0.0002 -1.0000 0.0095
vn -0.0915 -0.9958 0.0100
vn -0.4354 -0.9002 0.0115
vn -0.5512 -0.8343 0.0118
vn -0.5777 -0.8162 0.0118
vn -0.7050 -0.7091 0.0121
vn -0.7069 -0.7073 0.0119
vn -0.8284 -0.5600 0.0120
vn -0.8346 -0.5508 0.0118
vn -0.9205 -0.3905 0.0113
vn -0.9271 -0.3745 0.0113
vn -0.9824 -0.1866 0.0105
vn -0.9822 -0.1874 0.0105
vn -0.9997 -0.0230 0.0097
vn -0.9756 -0.2195 0.0106
vn -0.9155 -0.4021 0.0111
vn -0.8229 -0.5681 0.0117
vn -0.6960 -0.7180 0.0118
vn -0.5432 -0.8395 0.0116
vn -0.3667 -0.9303 0.0112
vn 0.5001 -0.0259 -0.8656
vn 0.5007 -0.0000 -0.8656
vn 0.4995 0.0144 -0.8662
vn 0.4997 0.0144 -0.8661
vn 0.5008 -0.0001 -0.8656
vn 0.5001 -0.0270 -0.8656
vn 0.4976 -0.0586 -0.8654
vn 0.4811 -0.1396 -0.8655
vn 0.4812 -0.1391 -0.8655
vn 0.4445 -0.2306 -0.8656
vn 0.3907 -0.3147 -0.8651
vn 0.3905 -0.3145 -0.8652
vn 0.3223 -0.3841 -0.8652
vn 0.2422 -0.4393 -0.8651
vn 0.2425 -0.4392 -0.8650
vn 0.1845 -0.4664 -0.8651
vn 0.1544 -0.4771 -0.8652
vn 0.0618 -0.4979 -0.8650
vn 0.0623 -0.4978 -0.8651
vn 0.0028 -0.5016 -0.8651
vn -0.0000 -0.5017 -0.8651
vn 0.0001 -0.5018 -0.8650
vn -0.0000 -0.5019 -0.8649
vn -0.0004 -0.5016 -0.8651
vn -0.0000 -0.5018 -0.8650
vn -0.0003 -0.5017 -0.8650
vn -0.0040 -0.5016 -0.8651
vn -0.0130 -0.5017 -0.8650
vn -0.0367 -0.5007 -0.8648
vn -0.1344 -0.4837 -0.8649
vn -0.1327 -0.4840 -0.8649
vn -0.2240 -0.4486 -0.8652
vn -0.1835 -0.4665 -0.8653
vn -0.2730 -0.4215 -0.8647
vn 0.4885 -0.1111 -0.8655
vn 0.4577 -0.2027 -0.8657
vn 0.4076 -0.2927 -0.8650
vn 0.3424 -0.3661 -0.8653
vn 0.2651 -0.4258 -0.8651
vn 0.1795 -0.4683 -0.8652
vn 0.0870 -0.4940 -0.8651
vn 0.0323 -0.5007 -0.8650
vn 0.0030 -0.5016 -0.8651
vn -0.0750 -0.4963 -0.8649
vn -0.3098 -0.3958 -0.8645
vn -0.3501 -0.3606 -0.8645
vn -0.3801 -0.3285 -0.8646
vn -0.4136 -0.2857 -0.8645
vn -0.4367 -0.2490 -0.8645
vn -0.4597 -0.2017 -0.8649
vn -0.4643 -0.1911 -0.8648
vn -0.4898 -0.1103 -0.8649
vn -0.4973 -0.0689 -0.8648
vn -0.5014 -0.0078 -0.8652
vn -0.5012 -0.0035 -0.8653
vn -0.5018 -0.0030 -0.8650
vn -0.5018 -0.0000 -0.8650
vn -0.5009 -0.0000 -0.8655
vn -0.5011 -0.0000 -0.8654
vn -0.5015 0.0003 -0.8652
vn -0.5009 0.0005 -0.8655
vn -0.5001 0.0030 -0.8659
vn -0.4993 0.0092 -0.8664
vn -0.4902 0.0990 -0.8660
vn -0.4903 0.0991 -0.8659
vn -0.5016 0.0001 -0.8651
vn -0.4912 -0.0006 -0.8710
vn -0.5116 -0.0059 -0.8592
vn -0.5088 -0.0085 -0.8608
vn -0.4974 -0.0693 -0.8647
vn -0.4755 -0.1612 -0.8648
vn -0.4367 -0.2492 -0.8644
vn -0.3101 -0.3956 -0.8645
vn 0.4997 0.0141 -0.8661
vn 0.4998 -0.0059 -0.8661
vn 0.5006 -0.0064 -0.8657
vn 0.5004 -0.0061 -0.8657
vn -0.4733 0.1611 -0.8661
vn -0.4845 0.1232 -0.8661
vn -0.4860 0.1166 -0.8661
vn -0.4848 0.1233 -0.8659
vn -0.4640 0.1865 -0.8660
vn -0.4427 0.2325 -0.8660
vn -0.3992 0.3018 -0.8658
vn -0.3892 0.3147 -0.8657
vn -0.3202 0.3849 -0.8656
vn -0.2408 0.4395 -0.8654
vn -0.2551 0.4313 -0.8654
vn -0.3334 0.3735 -0.8657
vn -0.3991 0.3018 -0.8658
vn -0.4511 0.2167 -0.8658
vn -0.1978 0.4604 -0.8654
vn -0.1523 0.4775 -0.8654
vn -0.0765 0.4961 -0.8649
vn -0.0549 0.4991 -0.8648
vn -0.0045 0.5021 -0.8648
vn -0.0000 0.5027 -0.8645
vn -0.0001 0.5024 -0.8647
vn -0.0001 0.5026 -0.8645
vn -0.0003 0.5024 -0.8646
vn -0.0000 0.5048 -0.8632
vn -0.0000 0.5045 -0.8634
vn -0.0000 0.5049 -0.8632
vn 0.0023 0.5048 -0.8633
vn 0.0398 0.5034 -0.8631
vn 0.0992 0.4952 -0.8631
vn 0.0622 0.5014 -0.8630
vn 0.1828 0.4701 -0.8635
vn 0.1830 0.4700 -0.8635
vn 0.2716 0.4247 -0.8637
vn 0.3495 0.3624 -0.8640
vn 0.4119 0.2881 -0.8645
vn 0.4588 0.2030 -0.8651
vn 0.4587 0.2030 -0.8651
vn 0.4883 0.1126 -0.8654
vn 0.4961 0.0663 -0.8657
vn 0.5000 0.0189 -0.8658
vn 0.4996 0.0188 -0.8661
vn 0.4854 0.1235 -0.8655
vn 0.4388 0.2444 -0.8647
vn 0.3837 0.3251 -0.8643
vn 0.3145 0.3937 -0.8638
vn 0.2303 0.4485 -0.8636
vn 0.1364 0.4859 -0.8633
vn -0.0770 0.4959 -0.8649
vn -0.1685 0.4720 -0.8653
vn -0.2554 0.4312 -0.8654
vn 0.4997 0.0148 0.8661
vn 0.5004 -0.0000 0.8658
vn 0.4999 0.0145 0.8660
vn 0.4998 -0.0000 0.8661
vn 0.5005 -0.0042 0.8657
vn 0.5003 -0.0001 0.8658
vn 0.4974 -0.0586 0.8655
vn 0.5001 -0.0270 0.8656
vn 0.4810 -0.1396 0.8656
vn 0.5001 -0.0001 0.8659
vn 0.4810 -0.1391 0.8656
vn 0.4445 -0.2306 0.8656
vn 0.3901 -0.3146 0.8653
vn 0.3904 -0.3146 0.8652
vn 0.3221 -0.3840 0.8653
vn 0.2421 -0.4393 0.8651
vn 0.2423 -0.4392 0.8651
vn 0.1842 -0.4663 0.8652
vn 0.1543 -0.4770 0.8653
vn 0.0618 -0.4979 0.8650
vn 0.0624 -0.4979 0.8650
vn 0.0029 -0.5016 0.8651
vn -0.0000 -0.5017 0.8651
vn -0.0000 -0.5016 0.8651
vn -0.0000 -0.5017 0.8650
vn 0.0615 -0.4979 0.8651
vn -0.0004 -0.5016 0.8651
vn -0.0003 -0.5016 0.8651
vn -0.0005 -0.5016 0.8651
vn -0.0042 -0.5019 0.8649
vn -0.0130 -0.5017 0.8650
vn -0.0367 -0.5006 0.8649
vn -0.1343 -0.4836 0.8649
vn -0.1327 -0.4839 0.8650
vn -0.2239 -0.4486 0.8652
vn -0.2320 -0.4446 0.8652
vn -0.3095 -0.3958 0.8646
vn -0.2973 -0.4050 0.8646
vn -0.3551 -0.3553 0.8647
vn -0.3801 -0.3285 0.8646
vn -0.3839 -0.3243 0.8646
vn -0.4364 -0.2490 0.8646
vn -0.4299 -0.2597 0.8648
vn -0.4657 -0.1882 0.8647
vn -0.4643 -0.1912 0.8648
vn -0.4788 -0.1506 0.8649
vn -0.4971 -0.0690 0.8650
vn -0.4991 -0.0525 0.8650
vn -0.5014 -0.0036 0.8652
vn -0.5020 -0.0078 0.8648
vn -0.5014 -0.0001 0.8652
vn -0.5021 -0.0000 0.8648
vn -0.5010 0.0004 0.8655
vn -0.5015 -0.0000 0.8652
vn -0.5002 0.0030 0.8659
vn -0.5004 0.0022 0.8658
vn -0.4985 0.0188 0.8667
vn -0.4989 0.0092 0.8666
vn -0.4975 0.0415 0.8665
vn -0.4900 0.0989 0.8661
vn -0.4901 0.0990 0.8660
vn -0.3097 -0.3957 0.8646
vn -0.4365 -0.2491 0.8646
vn -0.4752 -0.1612 0.8650
vn -0.4970 -0.0693 0.8650
vn -0.4891 -0.0065 0.8722
vn -0.4873 -0.0090 0.8732
vn -0.5210 -0.0141 0.8534
vn -0.1426 -0.4809 0.8651
vn -0.0793 -0.4955 0.8650
vn -0.0158 -0.5015 0.8650
vn 0.1878 -0.4649 0.8652
vn 0.2485 -0.4356 0.8652
vn 0.3044 -0.3984 0.8652
vn 0.3538 -0.3546 0.8655
vn 0.4178 -0.2762 0.8655
vn 0.4663 -0.1808 0.8660
vn 0.4947 -0.0786 0.8655
vn 0.5001 -0.0056 0.8659
vn 0.4999 -0.0060 0.8661
vn 0.4995 0.0153 0.8662
vn 0.4975 0.0510 0.8660
vn 0.4997 0.0188 0.8660
vn 0.4996 0.0188 0.8660
vn 0.4960 0.0663 0.8658
vn 0.4779 0.1503 0.8654
vn 0.4590 0.2029 0.8650
vn 0.4401 0.2420 0.8647
vn 0.3845 0.3246 0.8642
vn 0.3493 0.3624 0.8641
vn 0.3147 0.3931 0.8640
vn 0.2333 0.4469 0.8636
vn 0.1829 0.4699 0.8635
vn 0.1431 0.4840 0.8633
vn 0.0992 0.4951 0.8632
vn 0.0477 0.5028 0.8631
vn -0.0000 0.5047 0.8633
vn -0.0000 0.5048 0.8633
vn -0.0001 0.5045 0.8634
vn -0.0001 0.5032 0.8642
vn -0.0002 0.5029 0.8643
vn -0.0031 0.5020 0.8649
vn -0.0001 0.5023 0.8647
vn -0.0046 0.5020 0.8649
vn -0.0003 0.5022 0.8648
vn -0.0772 0.4959 0.8650
vn -0.0765 0.4960 0.8649
vn -0.1687 0.4719 0.8654
vn -0.1978 0.4603 0.8654
vn -0.2552 0.4311 0.8655
vn -0.2549 0.4313 0.8655
vn -0.3334 0.3734 0.8657
vn -0.2979 0.4025 0.8656
vn -0.3658 0.3418 0.8657
vn -0.0185 0.5017 0.8649
vn -0.1183 0.4873 0.8652
vn -0.2123 0.4538 0.8654
vn -0.3992 0.3018 0.8658
vn -0.4216 0.2697 0.8657
vn -0.4638 0.1865 0.8661
vn -0.4672 0.1776 0.8661
vn -0.4845 0.1236 0.8660
vn -0.4862 0.1168 0.8660
vn -0.4844 0.1233 0.8661
vn -0.4506 0.2167 0.8660
vn -0.3994 0.3014 0.8658
vn 0.0622 0.5013 0.8630
vn 0.1826 0.4700 0.8636
vn 0.2717 0.4245 0.8637
vn 0.3492 0.3625 0.8641
vn 0.4117 0.2880 0.8646
vn 0.4595 0.2029 0.8647
vn 0.4881 0.1126 0.8655
vn 1.0000 0.0003 0.0095
vn 1.0000 0.0003 0.0099
vn 0.9831 -0.1828 0.0105
vn 0.9737 -0.2278 0.0107
vn 0.9321 -0.3621 0.0112
vn 0.8984 -0.4391 0.0115
vn 0.8352 -0.5499 0.0117
vn 0.7628 -0.6465 0.0119
vn 0.7062 -0.7079 0.0119
vn 0.5809 -0.8139 0.0118
vn 0.6059 -0.7954 0.0118
vn 0.4966 -0.8679 0.0116
vn 0.3645 -0.9311 0.0112
vn 0.3748 -0.9270 0.0112
vn 0.1239 -0.9922 0.0102
vn 0.1290 -0.9916 0.0102
vn 0.2014 -0.9795 0.0105
vn 0.3867 -0.9221 0.0113
vn 0.0089 -0.9999 0.0096
vn -0.1291 -0.9916 0.0103
vn -0.1905 -0.9816 0.0106
vn -0.2866 -0.9580 0.0109
vn -0.2835 -0.9589 0.0109
vn -0.4399 -0.8980 0.0115
vn -0.4630 -0.8863 0.0115
vn -0.5808 -0.8140 0.0118
vn -0.5910 -0.8066 0.0118
vn -0.7070 -0.7072 0.0119
vn -0.7646 -0.6444 0.0119
vn -0.8326 -0.5537 0.0117
vn -0.8565 -0.5160 0.0117
vn -0.9249 -0.3801 0.0113
vn -0.9271 -0.3746 0.0113
vn -0.9543 -0.2988 0.0110
vn -0.9814 -0.1919 0.0105
vn -0.9938 -0.1108 0.0102
vn -0.9544 -0.2982 0.0112
vn -0.9207 -0.3901 0.0113
vn -0.8280 -0.5607 0.0117
vn -0.7037 -0.7104 0.0119
vn -0.5531 -0.8330 0.0117
vn -0.3813 -0.9244 0.0112
vn -0.1953 -0.9807 0.0105
vn -0.9940 -0.1091 0.0101
vn 0.5581 -0.8297 0.0117
vn 0.7078 -0.7064 0.0118
vn 0.8313 -0.5556 0.0117
vn 0.9229 -0.3849 0.0112
vn 0.9793 -0.2023 0.0106
vn 0.9998 -0.0192 0.0098
vn 0.5001 -0.0137 -0.8659
vn 0.5001 -0.0000 -0.8659
vn 0.4997 0.0159 -0.8661
vn 0.5000 -0.0004 -0.8660
vn 0.5001 -0.0048 -0.8660
vn 0.4904 -0.0993 -0.8658
vn 0.4926 -0.0886 -0.8657
vn 0.5001 -0.0020 -0.8660
vn 0.5003 -0.0000 -0.8659
vn 0.4999 -0.0002 -0.8661
vn 0.4619 -0.1924 -0.8658
vn 0.4225 -0.2683 -0.8657
vn 0.4675 -0.1777 -0.8659
vn 0.4222 -0.2688 -0.8657
vn 0.3649 -0.3423 -0.8658
vn 0.2891 -0.4084 -0.8658
vn 0.2892 -0.4083 -0.8658
vn 0.2365 -0.4408 -0.8659
vn 0.2076 -0.4550 -0.8660
vn 0.1126 -0.4872 -0.8660
vn 0.1128 -0.4872 -0.8660
vn 0.0122 -0.5000 -0.8660
vn 0.0003 -0.4999 -0.8661
vn 0.0002 -0.5000 -0.8660
vn -0.0000 -0.5000 -0.8660
vn -0.0000 -0.5001 -0.8660
vn -0.0000 -0.5003 -0.8659
vn -0.0095 -0.5001 -0.8659
vn -0.0025 -0.5001 -0.8660
vn -0.0870 -0.4928 -0.8658
vn -0.0088 -0.5001 -0.8659
vn -0.0883 -0.4926 -0.8658
vn -0.1763 -0.4681 -0.8659
vn -0.1907 -0.4623 -0.8660
vn -0.2673 -0.4227 -0.8659
vn -0.2767 -0.4169 -0.8658
vn -0.3521 -0.3553 -0.8659
vn 0.4162 -0.2782 -0.8656
vn 0.3541 -0.3536 -0.8658
vn 0.2791 -0.4152 -0.8658
vn 0.1932 -0.4613 -0.8659
vn 0.0999 -0.4901 -0.8659
vn 0.0129 -0.5000 -0.8659
vn -0.0975 -0.4908 -0.8658
vn -0.4141 -0.2805 -0.8659
vn -0.4073 -0.2903 -0.8659
vn -0.3410 -0.3660 -0.8659
vn -0.2674 -0.4228 -0.8659
vn -0.4399 -0.2378 -0.8660
vn -0.4605 -0.1948 -0.8660
vn -0.4867 -0.1142 -0.8661
vn -0.4772 -0.1490 -0.8661
vn -0.4981 -0.0461 -0.8659
vn -0.4999 -0.0123 -0.8660
vn -0.4999 -0.0115 -0.8660
vn -0.4999 -0.0027 -0.8661
vn -0.4999 -0.0003 -0.8661
vn -0.4998 -0.0001 -0.8662
vn -0.5001 -0.0001 -0.8659
vn -0.5002 -0.0000 -0.8659
vn -0.5001 -0.0000 -0.8660
vn -0.4867 -0.1144 -0.8660
vn -0.4542 -0.2090 -0.8661
vn 0.4924 -0.0901 -0.8657
vn 0.5000 -0.0072 -0.8660
vn 0.4999 -0.0058 -0.8661
vn 0.5000 -0.0059 -0.8660
vn 0.5001 -0.0102 -0.8659
vn 0.4997 -0.0059 -0.8662
vn -0.4974 0.0522 -0.8659
vn -0.4928 0.0864 -0.8658
vn -0.5001 0.0086 -0.8659
vn -0.4927 0.0878 -0.8658
vn -0.4681 0.1759 -0.8660
vn -0.4764 0.1516 -0.8660
vn -0.4233 0.2667 -0.8659
vn -0.4370 0.2436 -0.8658
vn -0.3816 0.3232 -0.8660
vn -0.2905 0.4071 -0.8660
vn -0.3113 0.3913 -0.8660
vn -0.2301 0.4439 -0.8660
vn -0.2381 0.4397 -0.8660
vn -0.1394 0.4801 -0.8660
vn -0.1142 0.4867 -0.8661
vn -0.0373 0.4989 -0.8659
vn -0.0123 0.4999 -0.8660
vn -0.0015 0.4998 -0.8662
vn -0.0001 0.4998 -0.8661
vn -0.0002 0.5003 -0.8658
vn -0.0002 0.5016 -0.8651
vn -0.0001 0.5019 -0.8649
vn -0.0001 0.5033 -0.8641
vn -0.0000 0.5033 -0.8641
vn 0.0025 0.5035 -0.8640
vn 0.0329 0.5032 -0.8636
vn 0.1768 0.4726 -0.8634
vn 0.0480 0.5023 -0.8633
vn 0.1759 0.4730 -0.8633
vn 0.2613 0.4320 -0.8632
vn 0.3431 0.3696 -0.8635
vn 0.3427 0.3701 -0.8635
vn 0.3852 0.3254 -0.8635
vn 0.4052 0.3002 -0.8636
vn 0.4563 0.2107 -0.8645
vn 0.4567 0.2100 -0.8645
vn 0.4869 0.1239 -0.8646
vn 0.4995 0.0227 -0.8660
vn 0.4885 0.1168 -0.8647
vn 0.4487 0.2274 -0.8642
vn 0.4084 0.2956 -0.8636
vn 0.3435 0.3692 -0.8635
vn 0.2659 0.4291 -0.8632
vn 0.1775 0.4723 -0.8634
vn 0.1309 0.4874 -0.8633
vn -0.0003 0.5033 -0.8641
vn -0.0001 0.4999 -0.8661
vn -0.1144 0.4867 -0.8660
vn -0.2093 0.4542 -0.8660
vn -0.3662 0.3407 -0.8659
vn -0.4231 0.2670 -0.8658
vn -0.5001 0.0003 -0.8659
vn 0.4997 0.0161 0.8660
vn 0.4999 -0.0048 0.8660
vn 0.4998 0.0160 0.8660
vn 0.5005 -0.0002 0.8657
vn 0.5003 -0.0000 0.8658
vn 0.5001 -0.0021 0.8660
vn 0.5002 -0.0044 0.8659
vn 0.4926 -0.0886 0.8657
vn 0.4838 -0.1274 0.8658
vn 0.4500 -0.2189 0.8658
vn 0.4224 -0.2681 0.8659
vn 0.3994 -0.3014 0.8658
vn 0.3332 -0.3732 0.8658
vn 0.2891 -0.4084 0.8658
vn 0.2552 -0.4303 0.8658
vn 0.2365 -0.4408 0.8659
vn 0.1675 -0.4712 0.8660
vn 0.1126 -0.4873 0.8660
vn 0.0693 -0.4955 0.8658
vn 0.0120 -0.5000 0.8659
vn 0.0013 -0.4999 0.8661
vn 0.0001 -0.5000 0.8660
vn -0.0000 -0.5002 0.8659
vn 0.0002 -0.5000 0.8660
vn -0.0003 -0.4999 0.8661
vn 0.5001 -0.0072 0.8660
vn 0.4923 -0.0902 0.8657
vn 0.4677 -0.1778 0.8658
vn 0.4222 -0.2689 0.8657
vn 0.3649 -0.3423 0.8658
vn 0.2892 -0.4083 0.8658
vn 0.2076 -0.4551 0.8659
vn 0.1128 -0.4872 0.8660
vn -0.0088 -0.5001 0.8659
vn -0.0025 -0.5001 0.8660
vn -0.0002 -0.5004 0.8658
vn -0.0870 -0.4928 0.8658
vn -0.0884 -0.4926 0.8657
vn -0.1762 -0.4680 0.8660
vn -0.2672 -0.4229 0.8659
vn -0.2670 -0.4231 0.8658
vn -0.2169 -0.4508 0.8659
vn -0.1254 -0.4842 0.8659
vn -0.3410 -0.3659 0.8659
vn -0.4073 -0.2903 0.8659
vn -0.3716 -0.3347 0.8660
vn -0.4291 -0.2569 0.8659
vn -0.4399 -0.2378 0.8660
vn -0.4704 -0.1695 0.8660
vn -0.4867 -0.1142 0.8661
vn -0.4952 -0.0714 0.8659
vn -0.4999 -0.0124 0.8660
vn -0.4999 -0.0117 0.8660
vn -0.4999 -0.0027 0.8661
vn -0.5000 -0.0004 0.8660
vn -0.5002 -0.0003 0.8659
vn -0.5001 -0.0000 0.8659
vn -0.5001 -0.0000 0.8660
vn -0.5000 0.0002 0.8660
vn -0.5002 -0.0001 0.8659
vn -0.5000 -0.0003 0.8660
vn -0.4072 -0.2904 0.8660
vn -0.4542 -0.2090 0.8660
vn -0.4868 -0.1144 0.8660
vn -0.2996 -0.4006 0.8659
vn -0.0244 -0.4996 0.8659
vn 0.0001 -0.5001 0.8659
vn 0.4999 -0.0059 0.8661
vn 0.4999 -0.0059 0.8660
vn 0.4996 0.0162 0.8661
vn 0.4955 0.0759 0.8653
vn 0.4995 0.0227 0.8660
vn 0.4995 0.0228 0.8660
vn 0.4563 0.2108 0.8645
vn 0.4723 0.1711 0.8647
vn 0.4317 0.2595 0.8639
vn 0.3853 0.3253 0.8635
vn 0.3734 0.3389 0.8635
vn 0.3428 0.3700 0.8635
vn 0.3015 0.4047 0.8633
vn 0.1763 0.4727 0.8634
vn 0.2171 0.4556 0.8633
vn 0.1722 0.4741 0.8635
vn 0.1251 0.4889 0.8633
vn 0.0284 0.5033 0.8636
vn -0.0002 0.5034 0.8641
vn -0.0000 0.5033 0.8641
vn -0.0003 0.5017 0.8650
vn -0.0000 0.5002 0.8659
vn -0.0001 0.4999 0.8661
vn -0.0140 0.4999 0.8660
vn -0.0124 0.4999 0.8660
vn -0.0696 0.4953 0.8659
vn -0.1144 0.4868 0.8660
vn -0.1683 0.4708 0.8660
vn -0.2381 0.4398 0.8660
vn -0.2559 0.4296 0.8660
vn -0.2906 0.4071 0.8659
vn -0.3338 0.3724 0.8660
vn -0.4232 0.2667 0.8659
vn -0.3997 0.3004 0.8660
vn -0.4502 0.2180 0.8659
vn -0.4680 0.1759 0.8660
vn -0.4839 0.1264 0.8660
vn -0.4930 0.0864 0.8657
vn -0.5000 0.0025 0.8660
vn -0.5001 0.0086 0.8659
vn -0.4926 0.0878 0.8658
vn -0.4229 0.2671 0.8659
vn -0.3661 0.3407 0.8659
vn -0.2092 0.4541 0.8660
vn -0.1144 0.4867 0.8660
vn -0.0000 0.4998 0.8661
vn 0.0480 0.5023 0.8634
vn 0.1759 0.4729 0.8634
vn 0.2613 0.4319 0.8632
vn 0.3426 0.3701 0.8635
vn 0.4052 0.3002 0.8636
vn 0.4566 0.2100 0.8645
vn 0.4871 0.1239 0.8645
vn 1.0000 0.0003 0.0098
vn 1.0000 0.0003 0.0096
vn 1.0000 0.0007 0.0095
vn 0.9656 -0.2597 0.0108
vn 0.9858 -0.1679 0.0104
vn 0.9457 -0.3247 0.0110
vn 0.9858 -0.1676 0.0104
vn 0.9459 -0.3244 0.0110
vn 0.9858 -0.1677 0.0104
vn 0.9459 -0.3242 0.0110
vn 0.9457 -0.3248 0.0112
vn 0.9556 -0.2943 0.0109
vn 0.8804 -0.4742 0.0115
vn 0.8823 -0.4706 0.0117
vn 0.7951 -0.6063 0.0119
vn 0.7950 -0.6065 0.0118
vn 0.6828 -0.7305 0.0118
vn 0.5540 -0.8324 0.0117
vn 0.5535 -0.8328 0.0116
vn 0.4137 -0.9104 0.0114
vn 0.5082 -0.8611 0.0117
vn 0.3388 -0.9408 0.0111
vn 0.8993 -0.4371 0.0116
vn 0.8822 -0.4708 0.0113
vn 0.8820 -0.4711 0.0115
vn 0.8821 -0.4710 0.0116
vn 0.7999 -0.6000 0.0118
vn 0.7951 -0.6064 0.0118
vn 0.6829 -0.7304 0.0118
vn 0.6650 -0.7467 0.0119
vn 0.2636 -0.9646 0.0108
vn 0.1544 -0.9879 0.0103
vn 0.1351 -0.9908 0.0103
vn -0.0004 -1.0000 0.0095
vn 0.1350 -0.9908 0.0102
vn -0.0005 -1.0000 0.0095
vn 0.1354 -0.9907 0.0102
vn 0.1353 -0.9908 0.0102
vn 0.2043 -0.9788 0.0106
vn 0.0005 -1.0000 0.0095
vn -0.1353 -0.9908 0.0102
vn -0.1737 -0.9847 0.0104
vn -0.2636 -0.9646 0.0108
vn -0.4100 -0.9120 0.0114
vn -0.4137 -0.9103 0.0116
vn -0.5534 -0.8328 0.0119
vn -0.5537 -0.8326 0.0117
vn -0.6832 -0.7301 0.0120
vn -0.6826 -0.7307 0.0119
vn -0.7951 -0.6064 0.0118
vn -0.7952 -0.6062 0.0117
vn -0.8823 -0.4705 0.0113
vn -0.8595 -0.5110 0.0118
vn -0.9396 -0.3420 0.0111
vn -0.0000 -0.9999 0.0100
vn -0.0001 -1.0000 0.0094
vn 0.0002 -1.0000 0.0096
vn 0.0005 -1.0000 0.0098
vn -0.0688 -0.9976 0.0099
vn -0.1348 -0.9908 0.0101
vn -0.2569 -0.9664 0.0108
vn -0.2636 -0.9646 0.0109
vn -0.4135 -0.9104 0.0112
vn -0.4135 -0.9104 0.0114
vn -0.4136 -0.9104 0.0114
vn -0.4344 -0.9007 0.0115
vn -0.5535 -0.8328 0.0115
vn -0.5539 -0.8325 0.0117
vn -0.5975 -0.8018 0.0119
vn -0.6827 -0.7306 0.0118
vn -0.7445 -0.6675 0.0120
vn -0.9457 -0.3247 0.0111
vn -0.9873 -0.1587 0.0103
vn -0.9858 -0.1679 0.0104
vn -0.9832 -0.1820 0.0104
vn -0.9857 -0.1682 0.0104
vn -0.9857 -0.1680 0.0104
vn -0.9857 -0.1681 0.0104
vn -0.9459 -0.3242 0.0111
vn -0.9459 -0.3243 0.0110
vn -0.8822 -0.4707 0.0115
vn -0.8822 -0.4708 0.0116
vn -0.9338 -0.3577 0.0111
vn -0.8823 -0.4705 0.0116
vn -0.8454 -0.5341 0.0117
vn -0.7952 -0.6062 0.0119
vn -0.7253 -0.6884 0.0119
vn -0.6827 -0.7306 0.0119
vn -0.5753 -0.8179 0.0118
vn 0.2975 -0.9547 0.0110
vn 0.4718 -0.8816 0.0116
vn 0.5534 -0.8328 0.0118
vn 0.6317 -0.7751 0.0118
vn 0.6827 -0.7306 0.0119
vn 0.7732 -0.6340 0.0118
vn 0.9897 -0.1428 0.0103
vn 1.0000 0.0005 0.0094
vn 1.0000 0.0004 0.0094
vn -0.1348 -0.9908 0.0102
vn 0.0006 -1.0000 0.0095
vn 0.4140 -0.9102 0.0114
vn 0.4140 -0.9102 0.0115
vn 0.5540 -0.8325 0.0117
vn 0.5002 -0.0001 -0.8659
vn 0.5000 -0.0002 -0.8660
vn 0.5000 -0.0047 -0.8660
vn 0.4998 0.0159 -0.8660
vn 0.5002 -0.0000 -0.8659
vn 0.5004 -0.0002 -0.8658
vn 0.5002 -0.0016 -0.8659
vn 0.5002 -0.0021 -0.8659
vn 0.4970 -0.0583 -0.8658
vn 0.4789 -0.1447 -0.8659
vn 0.4224 -0.2683 -0.8658
vn 0.4405 -0.2378 -0.8657
vn 0.3861 -0.3182 -0.8658
vn 0.2891 -0.4083 -0.8659
vn 0.3168 -0.3873 -0.8658
vn 0.2364 -0.4409 -0.8659
vn 0.2364 -0.4408 -0.8659
vn 0.1459 -0.4783 -0.8660
vn 0.1126 -0.4873 -0.8660
vn 0.0984 -0.4904 -0.8659
vn 0.0120 -0.5000 -0.8660
vn 0.0008 -0.4999 -0.8661
vn 0.0002 -0.4999 -0.8661
vn -0.0001 -0.5003 -0.8658
vn -0.0000 -0.5002 -0.8659
vn -0.0087 -0.5001 -0.8659
vn -0.0871 -0.4928 -0.8657
vn -0.0884 -0.4926 -0.8658
vn -0.1762 -0.4680 -0.8660
vn -0.2040 -0.4567 -0.8659
vn -0.2672 -0.4230 -0.8658
vn -0.2884 -0.4088 -0.8659
vn -0.3622 -0.3449 -0.8660
vn -0.0069 -0.5001 -0.8660
vn -0.0826 -0.4936 -0.8658
vn -0.4220 -0.2685 -0.8659
vn -0.3409 -0.3660 -0.8659
vn -0.2673 -0.4228 -0.8659
vn -0.4676 -0.1773 -0.8660
vn -0.4928 -0.0850 -0.8660
vn -0.4999 -0.0124 -0.8660
vn -0.4998 -0.0115 -0.8661
vn -0.5000 -0.0012 -0.8660
vn -0.5000 -0.0001 -0.8660
vn -0.5001 -0.0001 -0.8660
vn -0.5000 -0.0000 -0.8661
vn -0.4542 -0.2090 -0.8660
vn -0.4072 -0.2904 -0.8659
vn 0.3650 -0.3422 -0.8658
vn 0.4222 -0.2687 -0.8657
vn 0.4676 -0.1777 -0.8659
vn 0.5001 -0.0072 -0.8659
vn 0.5000 0.0158 -0.8659
vn 0.4997 -0.0059 -0.8661
vn 0.4999 -0.0059 -0.8661
vn 0.4989 -0.0006 -0.8667
vn 0.4996 -0.0059 -0.8662
vn -0.4999 0.0149 -0.8659
vn -0.4929 0.0865 -0.8658
vn -0.5000 0.0086 -0.8660
vn -0.4682 0.1759 -0.8660
vn -0.4237 0.2663 -0.8658
vn -0.4230 0.2670 -0.8659
vn -0.3661 0.3407 -0.8660
vn -0.2905 0.4070 -0.8660
vn -0.2093 0.4541 -0.8660
vn -0.1143 0.4867 -0.8661
vn -0.0000 0.4998 -0.8662
vn -0.0000 0.4998 -0.8661
vn -0.0002 0.5015 -0.8652
vn -0.0000 0.5000 -0.8660
vn -0.0000 0.5030 -0.8643
vn -0.4827 0.1308 -0.8660
vn -0.4480 0.2224 -0.8659
vn -0.3967 0.3045 -0.8660
vn -0.3298 0.3759 -0.8660
vn -0.2512 0.4324 -0.8660
vn -0.1623 0.4730 -0.8660
vn -0.0612 0.4965 -0.8659
vn -0.0001 0.5030 -0.8643
vn 0.1021 0.4941 -0.8634
vn 0.1763 0.4725 -0.8635
vn 0.1970 0.4643 -0.8635
vn 0.2836 0.4173 -0.8634
vn 0.3426 0.3699 -0.8636
vn 0.3585 0.3544 -0.8636
vn 0.3852 0.3253 -0.8636
vn 0.4203 0.2779 -0.8638
vn 0.4559 0.2117 -0.8645
vn 0.4552 0.2132 -0.8645
vn 0.4903 0.1090 -0.8647
vn 0.4995 0.0226 -0.8660
vn 0.4994 0.0227 -0.8661
vn 0.4870 0.1239 -0.8646
vn 0.4566 0.2100 -0.8646
vn 0.4050 0.3001 -0.8636
vn 0.3425 0.3699 -0.8636
vn 0.2612 0.4317 -0.8634
vn 0.1759 0.4726 -0.8635
vn 0.0480 0.5019 -0.8636
vn -0.0003 0.5030 -0.8643
vn -0.4995 0.0003 -0.8663
vn 0.5000 -0.0000 0.8660
vn 0.4998 -0.0048 0.8661
vn 0.5000 -0.0002 0.8660
vn 0.4999 -0.0000 0.8661
vn 0.5001 0.0001 0.8660
vn 0.5001 -0.0020 0.8660
vn 0.5002 -0.0035 0.8659
vn 0.4926 -0.0885 0.8657
vn 0.4941 -0.0795 0.8658
vn 0.4590 -0.1987 0.8659
vn 0.4224 -0.2684 0.8658
vn 0.4123 -0.2836 0.8658
vn 0.3494 -0.3581 0.8659
vn 0.2891 -0.4083 0.8659
vn 0.2738 -0.4187 0.8659
vn 0.2366 -0.4407 0.8659
vn 0.1873 -0.4637 0.8660
vn 0.1126 -0.4871 0.8661
vn 0.0935 -0.4914 0.8659
vn 0.0120 -0.5000 0.8660
vn 0.0109 -0.5000 0.8660
vn -0.0000 -0.5003 0.8658
vn -0.0001 -0.5000 0.8660
vn 0.5001 -0.0072 0.8659
vn 0.4676 -0.1777 0.8659
vn 0.4221 -0.2687 0.8658
vn 0.3650 -0.3422 0.8658
vn 0.2892 -0.4082 0.8659
vn 0.2076 -0.4550 0.8660
vn 0.0001 -0.5001 0.8660
vn -0.0000 -0.5001 0.8659
vn -0.0871 -0.4928 0.8658
vn -0.0884 -0.4926 0.8658
vn -0.1763 -0.4679 0.8660
vn -0.2673 -0.4229 0.8659
vn -0.2670 -0.4231 0.8659
vn -0.2188 -0.4498 0.8659
vn -0.1275 -0.4837 0.8659
vn -0.3731 -0.3331 0.8659
vn -0.4301 -0.2551 0.8660
vn -0.4713 -0.1669 0.8660
vn -0.4868 -0.1142 0.8660
vn -0.4957 -0.0672 0.8659
vn -0.5000 -0.0117 0.8660
vn -0.4997 -0.0026 0.8662
vn -0.5000 -0.0002 0.8660
vn -0.5001 -0.0004 0.8660
vn -0.4998 -0.0000 0.8662
vn -0.5000 -0.0000 0.8660
vn -0.5002 -0.0000 0.8659
vn -0.4071 -0.2904 0.8660
vn -0.4543 -0.2090 0.8660
vn -0.4867 -0.1144 0.8661
vn -0.3012 -0.3993 0.8659
vn -0.0778 -0.4943 0.8658
vn 0.5000 -0.0059 0.8660
vn 0.4964 0.0675 0.8655
vn 0.4994 0.0227 0.8661
vn 0.4752 0.1632 0.8646
vn 0.4562 0.2108 0.8645
vn 0.4870 0.1239 0.8646
vn 0.4567 0.2100 0.8645
vn 0.4050 0.3001 0.8637
vn 0.3852 0.3253 0.8636
vn 0.3426 0.3699 0.8636
vn 0.2611 0.4317 0.8634
vn 0.1779 0.4718 0.8636
vn 0.1759 0.4726 0.8635
vn 0.0480 0.5019 0.8636
vn -0.0001 0.5030 0.8643
vn -0.0003 0.5031 0.8643
vn -0.0002 0.5019 0.8649
vn -0.0668 0.4958 0.8659
vn -0.1143 0.4866 0.8661
vn -0.1665 0.4714 0.8661
vn -0.2381 0.4397 0.8660
vn -0.2548 0.4303 0.8660
vn -0.2905 0.4071 0.8660
vn -0.3327 0.3732 0.8660
vn -0.4233 0.2666 0.8659
vn -0.3989 0.3014 0.8660
vn -0.4496 0.2191 0.8659
vn 0.4358 0.2521 0.8640
vn 0.3789 0.3325 0.8636
vn 0.3082 0.3994 0.8634
vn 0.2246 0.4516 0.8635
vn 0.1798 0.4711 0.8636
vn 0.0824 0.4976 0.8635
vn 0.0351 0.5027 0.8638
vn -0.0000 0.5028 0.8644
vn -0.0000 0.4999 0.8661
vn -0.4929 0.0865 0.8658
vn -0.4835 0.1276 0.8660
vn -0.5000 0.0077 0.8660
vn -0.5000 0.0086 0.8660
vn -0.4927 0.0878 0.8658
vn -0.4231 0.2669 0.8658
vn -0.3661 0.3407 0.8660
vn -0.1145 0.4867 0.8660
vn 1.0000 0.0001 0.0096
vn 1.0000 0.0004 0.0095
vn 1.0000 0.0006 0.0097
vn 0.9858 -0.1675 0.0104
vn 0.9858 -0.1678 0.0104
vn 0.9458 -0.3244 0.0109
vn 0.9459 -0.3244 0.0111
vn 0.8821 -0.4710 0.0111
vn 0.8821 -0.4710 0.0115
vn 0.7949 -0.6066 0.0117
vn 0.7948 -0.6067 0.0118
vn 0.6831 -0.7302 0.0118
vn 0.6833 -0.7300 0.0119
vn 0.5538 -0.8326 0.0117
vn 0.5542 -0.8323 0.0117
vn 0.4139 -0.9103 0.0111
vn 0.1348 -0.9908 0.0102
vn 0.1352 -0.9908 0.0102
vn 0.0004 -1.0000 0.0095
vn 0.0005 -1.0000 0.0097
vn -0.1346 -0.9908 0.0103
vn -0.1349 -0.9908 0.0102
vn -0.2635 -0.9646 0.0109
vn -0.4138 -0.9103 0.0115
vn -0.5537 -0.8326 0.0116
vn -0.5537 -0.8327 0.0117
vn -0.6830 -0.7303 0.0116
vn -0.7949 -0.6066 0.0116
vn -0.7949 -0.6066 0.0118
vn -0.8822 -0.4707 0.0112
vn -0.8822 -0.4708 0.0115
vn -0.9458 -0.3245 0.0110
vn -0.9458 -0.3246 0.0111
vn -0.9858 -0.1677 0.0104
vn 0.9855 -0.1695 0.0104
vn 0.9171 -0.3984 0.0113
vn 0.8253 -0.5645 0.0118
vn 0.6983 -0.7157 0.0120
vn 0.5450 -0.8384 0.0117
vn 0.3769 -0.9262 0.0113
vn 0.1946 -0.9808 0.0105
vn -0.1659 -0.9861 0.0104
vn -0.2607 -0.9653 0.0108
vn -0.4379 -0.8990 0.0115
vn -0.6009 -0.7992 0.0119
vn -0.7474 -0.6643 0.0119
vn -0.8616 -0.5075 0.0117
vn -0.9415 -0.3369 0.0111
vn -0.9884 -0.1515 0.0103
vn -0.9797 -0.2004 0.0106
vn -0.9457 -0.3249 0.0111
vn -0.9457 -0.3248 0.0112
vn -0.8821 -0.4709 0.0116
vn -0.8819 -0.4712 0.0114
vn -0.6828 -0.7305 0.0119
vn -0.5538 -0.8326 0.0117
vn -0.4139 -0.9103 0.0114
vn -0.4138 -0.9103 0.0114
vn -0.1351 -0.9908 0.0102
vn -0.1350 -0.9908 0.0102
vn -0.0004 -1.0000 0.0098
vn 0.1346 -0.9908 0.0102
vn 0.2636 -0.9646 0.0109
vn 0.4138 -0.9103 0.0113
vn 0.5537 -0.8326 0.0117
vn 0.5541 -0.8324 0.0118
vn 0.6830 -0.7303 0.0118
vn 0.8820 -0.4711 0.0116
vn 0.8823 -0.4705 0.0115
vn 0.9458 -0.3245 0.0109
vn 0.9459 -0.3244 0.0112
vn 1.0000 0.0004 0.0097
vn 1.0000 0.0003 0.0094
vn 0.9858 -0.1674 0.0104
vn -0.9457 -0.3249 0.0110
vn -0.9231 -0.3845 0.0113
vn -0.8328 -0.5534 0.0117
vn -0.7951 -0.6064 0.0119
vn -0.7072 -0.7069 0.0119
vn -0.6826 -0.7307 0.0121
vn -0.4140 -0.9102 0.0114
vn -0.3847 -0.9230 0.0113
vn -0.2004 -0.9797 0.0105
vn -0.1352 -0.9908 0.0102
vn -0.0000 -1.0000 0.0099
vn -0.0005 -1.0000 0.0096
vn 0.2004 -0.9797 0.0105
vn 0.3847 -0.9230 0.0113
vn 0.5536 -0.8327 0.0117
vn 0.6826 -0.7307 0.0120
vn 0.7071 -0.7070 0.0119
vn 0.7949 -0.6066 0.0119
vn 0.8328 -0.5535 0.0117
vn 0.8821 -0.4709 0.0116
vn 0.9230 -0.3846 0.0113
vn 0.9457 -0.3248 0.0111
vn 0.9797 -0.2002 0.0105
vn 1.0000 0.0003 0.0100
vn -0.9858 -0.1678 0.0104
vn -0.9457 -0.3250 0.0111
vn -0.9459 -0.3244 0.0111
vn -0.8821 -0.4710 0.0113
vn -0.8821 -0.4710 0.0116
vn -0.7950 -0.6065 0.0118
vn -0.7947 -0.6069 0.0118
vn -0.6829 -0.7304 0.0119
vn -0.5539 -0.8325 0.0118
vn -0.5542 -0.8323 0.0117
vn -0.4142 -0.9101 0.0113
vn -0.4141 -0.9101 0.0113
vn -0.0004 -1.0000 0.0096
vn 0.1344 -0.9909 0.0103
vn 0.1351 -0.9908 0.0102
vn 0.4139 -0.9102 0.0113
vn 0.4141 -0.9101 0.0114
vn 0.6830 -0.7303 0.0119
vn 0.6832 -0.7301 0.0119
vn 0.7949 -0.6067 0.0118
vn 0.8819 -0.4713 0.0115
vn 0.9459 -0.3242 0.0111
vn 0.9458 -0.3245 0.0111
vn -0.9857 -0.1679 0.0104
vn -0.7948 -0.6068 0.0118
vn -0.2637 -0.9646 0.0108
vn -0.0005 -1.0000 0.0097
vn 0.4141 -0.9102 0.0114
vn 0.6829 -0.7304 0.0119
vn 0.7948 -0.6068 0.0118
vn 0.9458 -0.3247 0.0111
vn -0.0000 -0.0000 -1.0000
vn -0.0001 -0.0000 -1.0000
vn 0.0001 -0.0000 -1.0000
vn 0.0002 -0.0000 -1.0000
vn -0.0002 -0.0000 -1.0000
vt 1.191660 0.592730
vt 0.948960 0.296450
vt 1.191660 0.000000
vt 0.948960 0.222340
vt 0.948960 0.148230
vt 0.827610 0.222340
vt 0.827610 0.148230
vt 0.803460 0.222340
vt 0.803460 0.148230
vt 0.779320 0.222340
vt 0.779320 0.148230
vt 0.755180 0.222340
vt 0.755180 0.148230
vt 0.731030 0.222340
vt 0.731030 0.148230
vt 0.706890 0.222340
vt 0.706890 0.148230
vt 0.682750 0.222340
vt 0.682750 0.148230
vt 0.658600 0.222340
vt 0.658600 0.148230
vt 0.634460 0.222340
vt 0.634460 0.148230
vt 0.615140 0.222340
vt 0.615140 0.148230
vt 0.595830 0.222340
vt 0.595830 0.148230
vt 0.474480 0.222340
vt 0.474480 0.148230
vt 0.231780 0.222340
vt 0.231780 0.148230
vt 0.212460 0.222340
vt 0.212460 0.148230
vt 0.193150 0.222340
vt 0.193150 0.148230
vt 0.169000 0.222340
vt 0.169000 0.148230
vt 0.144860 0.222340
vt 0.144860 0.148230
vt 0.120720 0.222340
vt 0.120720 0.148230
vt 0.096570 0.222340
vt 0.096570 0.148230
vt 0.072430 0.222340
vt 0.072430 0.148230
vt 0.048290 0.222340
vt 0.048290 0.148230
vt 0.024140 0.222340
vt 0.024140 0.148230
vt -0.000000 0.000000
vt 0.024140 0.111170
vt 0.024140 0.074110
vt 0.048290 0.074110
vt 0.048290 0.037060
vt 0.072430 0.037060
vt 0.057940 0.000000
vt 0.086920 0.000000
vt 1.191660 1.185460
vt 1.178700 1.185520
vt 1.153850 1.185560
vt 1.107670 1.185560
vt 0.948960 0.592740
vt 1.062840 1.185560
vt 0.831840 1.185460
vt 0.789430 1.185550
vt 0.803460 0.592740
vt 0.827610 0.592740
vt 0.827610 0.444680
vt 0.948960 0.444680
vt 0.779320 0.592750
vt 0.760760 1.185540
vt 0.755180 0.592750
vt 0.732090 1.185540
vt 0.731030 0.592750
vt 0.706890 0.592750
vt 0.706890 0.444680
vt 0.682750 0.444680
vt 0.706890 0.296450
vt 0.682750 0.296450
vt 0.703340 1.185540
vt 0.682750 0.592750
vt 0.658600 0.444680
vt 0.658600 0.296450
vt 0.674630 1.185540
vt 0.658600 0.592750
vt 0.634460 0.444680
vt 0.634460 0.296450
vt 0.646020 1.185580
vt 0.634460 0.592750
vt 0.615140 0.444680
vt 0.615140 0.296450
vt 0.617410 1.185520
vt 0.615140 0.592750
vt 0.595830 0.444680
vt 0.595830 0.296450
vt 0.595830 0.592750
vt 0.529680 1.185560
vt 0.474480 0.592760
vt 0.268950 1.185560
vt 0.231780 0.592770
vt 0.220920 1.185490
vt 0.212460 0.592770
vt 0.206530 1.185540
vt 0.193150 0.592770
vt 0.177830 1.185540
vt 0.169000 0.592770
vt 0.163490 1.185540
vt 0.144860 0.592770
vt 0.134820 1.185540
vt 0.120720 0.592770
vt 0.106080 1.185540
vt 0.096570 0.592780
vt 0.077390 1.185540
vt 0.072430 0.592780
vt 0.048700 1.185550
vt 0.048290 0.592780
vt 0.024140 0.592780
vt 0.024140 0.444680
vt 0.024140 0.296450
vt 0.019970 1.185560
vt 0.000000 0.592780
vt -0.000000 1.185560
vt 0.024140 0.037060
vt 0.028970 0.000000
vt 0.096570 0.037060
vt 0.115890 0.000000
vt 0.120720 0.037060
vt 0.144860 0.000000
vt 0.144860 0.037060
vt 0.169000 0.037060
vt 0.144860 0.074110
vt 0.169000 0.074110
vt 0.144860 0.111170
vt 0.169000 0.111170
vt 0.173830 0.000000
vt 0.193150 0.037060
vt 0.193150 0.074110
vt 0.193150 0.111170
vt 0.202810 0.000000
vt 0.212460 0.037060
vt 0.212460 0.074110
vt 0.212460 0.111170
vt 0.231780 0.000000
vt 0.231780 0.037060
vt 0.231780 0.074110
vt 0.231780 0.111170
vt 0.474480 0.037060
vt 0.595830 0.000000
vt 0.595830 0.037060
vt 0.615140 0.037060
vt 0.595830 0.074110
vt 0.615140 0.074110
vt 0.595830 0.111170
vt 0.615140 0.111170
vt 0.624800 0.000000
vt 0.634460 0.037060
vt 0.634460 0.074110
vt 0.634460 0.111170
vt 0.653770 0.000000
vt 0.658600 0.037060
vt 0.658600 0.074110
vt 0.658600 0.111170
vt 0.682750 0.000000
vt 0.682750 0.037060
vt 0.682750 0.074110
vt 0.682750 0.111170
vt 0.706890 0.037060
vt 0.711720 0.000000
vt 0.731030 0.037060
vt 0.740690 0.000000
vt 0.755180 0.037060
vt 0.769660 0.000000
vt 0.779320 0.037060
vt 0.798630 0.000000
vt 0.803460 0.037060
vt 0.827610 0.000000
vt 0.827610 0.037060
vt 0.948960 0.037060
vt 0.827610 0.074110
vt 0.948960 0.074110
vt 0.827610 0.111170
vt 0.948960 0.111170
vt 0.803460 0.074110
vt 0.803460 0.111170
vt 0.779320 0.074110
vt 0.779320 0.111170
vt 0.755180 0.074110
vt 0.755180 0.111170
vt 0.731030 0.074110
vt 0.731030 0.111170
vt 0.706890 0.074110
vt 0.706890 0.111170
vt 0.474480 0.074110
vt 0.474480 0.111170
vt 0.120720 0.074110
vt 0.120720 0.111170
vt 0.096570 0.074110
vt 0.096570 0.111170
vt 0.072430 0.074110
vt 0.072430 0.111170
vt 0.048290 0.444680
vt 0.048290 0.296450
vt 0.072430 0.444680
vt 0.072430 0.296450
vt 0.096570 0.444680
vt 0.096570 0.296450
vt 0.120720 0.444680
vt 0.120720 0.296450
vt 0.144860 0.444680
vt 0.144860 0.296450
vt 0.169000 0.444680
vt 0.169000 0.296450
vt 0.193150 0.444680
vt 0.193150 0.296450
vt 0.212460 0.444680
vt 0.212460 0.296450
vt 0.231780 0.444680
vt 0.231780 0.296450
vt 0.474480 0.444680
vt 0.474480 0.296450
vt 0.731030 0.444680
vt 0.731030 0.296450
vt 0.755180 0.444680
vt 0.755180 0.296450
vt 0.779320 0.444680
vt 0.779320 0.296450
vt 0.803460 0.444680
vt 0.803460 0.296450
vt 0.827610 0.296450
vt 0.048290 0.111170
vt 0.031730 1.214410
vt 0.023640 1.248280
vt 0.000030 1.214430
vt 0.023640 1.282180
vt 0.023640 1.316080
vt 0.047280 1.282180
vt 0.047280 1.316080
vt 0.070920 1.282180
vt 0.070920 1.316080
vt 0.094560 1.282180
vt 0.094560 1.316080
vt 0.118200 1.282180
vt 0.118200 1.316080
vt 0.141840 1.282180
vt 0.141840 1.316080
vt 0.165480 1.282180
vt 0.165480 1.316080
vt 0.189130 1.282180
vt 0.189130 1.316080
vt 0.208040 1.282180
vt 0.208040 1.316080
vt 0.226950 1.282180
vt 0.226950 1.316080
vt 0.464600 1.282180
vt 0.464600 1.316080
vt 0.583420 1.282180
vt 0.583420 1.316080
vt 0.602330 1.282180
vt 0.602330 1.316080
vt 0.621240 1.282180
vt 0.621240 1.316080
vt 0.644880 1.282180
vt 0.644880 1.316080
vt 0.668530 1.282180
vt 0.668530 1.316080
vt 0.692170 1.282180
vt 0.692170 1.316080
vt 0.715810 1.282180
vt 0.715810 1.316080
vt 0.739450 1.282180
vt 0.739450 1.316080
vt 0.763090 1.282180
vt 0.763090 1.316080
vt 0.786730 1.282180
vt 0.786730 1.316080
vt 0.810370 1.282180
vt 0.810370 1.316080
vt 0.929190 1.282180
vt 0.929190 1.316080
vt 1.040750 1.214430
vt 1.068100 1.214430
vt 0.047280 1.248280
vt 0.063320 1.214410
vt 0.070920 1.248280
vt 0.084390 1.214400
vt 0.094560 1.248280
vt 0.112490 1.214410
vt 0.118200 1.248280
vt 0.140610 1.214400
vt 0.141840 1.248280
vt 0.165480 1.248280
vt 0.168700 1.214410
vt 0.189130 1.248280
vt 0.196740 1.214420
vt 0.208040 1.248280
vt 0.226950 1.248280
vt 0.244230 1.214430
vt 0.464600 1.248280
vt 0.506660 1.214430
vt 0.583420 1.248280
vt 0.603300 1.214470
vt 0.602330 1.248280
vt 0.621240 1.248280
vt 0.631400 1.214380
vt 0.644880 1.248280
vt 0.659450 1.214410
vt 0.668530 1.248280
vt 0.687560 1.214410
vt 0.692170 1.248280
vt 0.715700 1.214410
vt 0.715810 1.248280
vt 0.739450 1.248280
vt 0.743810 1.214410
vt 0.763090 1.248280
vt 0.771920 1.214420
vt 0.786730 1.248280
vt 0.806450 1.214600
vt 0.810370 1.248280
vt 0.929190 1.248280
vt 1.084400 1.485580
vt 1.095850 1.214430
vt 1.129620 1.485580
vt 1.150780 1.214430
vt 1.154150 1.485540
vt 1.166840 1.214530
vt 1.166840 1.485480
vt 1.040500 1.485580
vt 0.929190 1.417790
vt 0.929190 1.349990
vt 0.810370 1.349990
vt 0.786730 1.349990
vt 0.763090 1.349990
vt 0.739450 1.349990
vt 0.715810 1.349990
vt 0.692170 1.349990
vt 0.668530 1.349990
vt 0.644880 1.349990
vt 0.621240 1.349990
vt 0.602330 1.349990
vt 0.583420 1.349990
vt 0.464600 1.349990
vt 0.226950 1.349990
vt 0.208040 1.349990
vt 0.189130 1.349990
vt 0.165480 1.349990
vt 0.141840 1.349990
vt 0.118200 1.349990
vt 0.094560 1.349990
vt 0.070920 1.349990
vt 0.047280 1.349990
vt 0.023640 1.349990
vt 0.955530 1.485580
vt 0.870560 1.485580
vt 0.810370 1.417790
vt 0.773350 1.485570
vt 0.786730 1.417790
vt 0.763090 1.417790
vt 0.745280 1.485560
vt 0.739450 1.417790
vt 0.717220 1.485560
vt 0.715810 1.417790
vt 0.692170 1.417790
vt 0.689080 1.485560
vt 0.668530 1.417790
vt 0.660960 1.485560
vt 0.644880 1.417790
vt 0.633110 1.485600
vt 0.621240 1.417790
vt 0.605250 1.485540
vt 0.602330 1.417790
vt 0.585200 1.485460
vt 0.583420 1.417790
vt 0.501670 1.485580
vt 0.464600 1.417790
vt 0.242050 1.485580
vt 0.226950 1.417790
vt 0.218650 1.485510
vt 0.208040 1.417790
vt 0.190530 1.485580
vt 0.189130 1.417790
vt 0.176520 1.485560
vt 0.165480 1.417790
vt 0.162480 1.485560
vt 0.141840 1.417790
vt 0.134420 1.485560
vt 0.118200 1.417790
vt 0.106300 1.485560
vt 0.094560 1.417790
vt 0.078190 1.485560
vt 0.070920 1.417790
vt 0.050110 1.485560
vt 0.047280 1.417790
vt 0.021990 1.485570
vt 0.023640 1.417790
vt -0.000000 1.485580
vt 0.000000 1.514450
vt 0.025520 1.514430
vt -0.000000 2.060730
vt -0.000000 2.607000
vt -0.000000 3.153280
vt -0.000000 3.699560
vt -0.000000 4.245840
vt -0.000000 4.792120
vt -0.000000 5.338400
vt -0.000000 5.884680
vt 0.021290 10.254910
vt -0.000000 6.430960
vt -0.000000 6.977230
vt -0.000000 7.523510
vt -0.000000 8.069790
vt -0.000000 8.616070
vt -0.000000 9.162350
vt -0.000000 9.708630
vt -0.000000 10.254910
vt -0.000000 10.801190
vt -0.000000 11.347460
vt -0.000000 11.893740
vt -0.000000 12.440020
vt -0.000000 12.986300
vt -0.000000 13.532580
vt -0.000000 14.078860
vt -0.000000 14.625140
vt -0.000000 15.171420
vt 0.011590 18.995371
vt 0.000000 15.717690
vt 0.000000 16.263969
vt 0.000000 16.810249
vt 0.000000 17.356529
vt 0.000000 17.902809
vt 0.000000 18.449089
vt -0.000000 18.995371
vt 0.042570 10.254910
vt 0.050980 1.514430
vt 0.063860 10.254910
vt 0.067950 1.514420
vt 0.085140 10.254910
vt 0.089040 1.514430
vt 0.102880 10.254910
vt 0.110120 1.514420
vt 0.120620 10.254910
vt 0.131230 1.514430
vt 0.138360 10.254910
vt 0.141780 1.514430
vt 0.156100 10.254910
vt 0.162840 1.514510
vt 0.170290 10.254910
vt 0.174060 1.514450
vt 0.198340 1.514450
vt 0.281740 10.254920
vt 0.257730 1.514450
vt 0.373140 1.514450
vt 0.426440 1.514450
vt 0.437760 10.254920
vt 0.431100 18.995350
vt 0.442950 18.995319
vt 0.451950 10.254920
vt 0.464570 18.995359
vt 0.478560 10.254920
vt 0.486160 18.995359
vt 0.505170 10.254920
vt 0.507320 18.995359
vt 0.526510 18.995359
vt 0.531780 10.254930
vt 0.545720 18.995359
vt 0.558380 10.254930
vt 0.567790 18.995371
vt 0.583220 10.254930
vt 0.584110 18.995350
vt 0.594100 18.995220
vt 0.608050 10.254930
vt 0.604390 18.995131
vt 0.645450 18.995340
vt 0.697210 10.254930
vt 0.875520 18.995331
vt 0.875520 18.449051
vt 0.875520 17.902781
vt 0.875520 17.356501
vt 0.875520 16.810230
vt 0.875520 16.263960
vt 0.875520 15.717680
vt 0.875520 15.171410
vt 0.875520 14.625130
vt 0.875520 14.078860
vt 0.875520 13.532580
vt 0.875520 12.986310
vt 0.875520 12.440040
vt 0.875520 11.893760
vt 0.875520 11.347490
vt 0.875520 10.801210
vt 0.875520 10.254940
vt 0.780760 1.514450
vt 0.802090 1.514450
vt 0.447530 1.514550
vt 0.468570 1.514440
vt 0.489660 1.514430
vt 0.510740 1.514430
vt 0.531820 1.514430
vt 0.552910 1.514430
vt 0.574530 1.514380
vt 0.594510 1.514480
vt 0.823760 1.514450
vt 0.875520 9.708660
vt 0.875520 9.162390
vt 0.875520 8.616110
vt 0.875520 8.069840
vt 0.875520 7.523570
vt 0.866750 1.514460
vt 0.875520 6.977290
vt 0.875520 6.431020
vt 0.875520 5.884740
vt 0.875520 5.338470
vt 0.875520 4.792190
vt 0.875520 4.245920
vt 0.875520 3.699650
vt 0.875520 3.153370
vt 0.875520 2.607100
vt 0.875520 2.060820
vt 0.875520 1.514550
vt 0.336950 18.995371
vt 0.181200 18.995371
vt 0.159280 18.995340
vt 0.138060 18.995359
vt 0.117300 18.995359
vt 0.096740 18.995359
vt 0.076280 18.995359
vt 0.055280 18.995359
vt 0.033940 18.995359
vt 0.018660 19.006910
vt 0.014210 19.151180
vt 0.000000 19.006910
vt 0.005130 19.295040
vt -0.000000 19.295090
vt 0.028420 19.151180
vt 0.037300 19.006910
vt 0.042620 19.151180
vt 0.051030 19.006910
vt 0.056830 19.151180
vt 0.064710 19.006910
vt 0.068670 19.151180
vt 0.078760 19.006901
vt 0.080510 19.151180
vt 0.093070 19.006910
vt 0.092350 19.151180
vt 0.104190 19.151180
vt 0.103130 19.295090
vt 0.113670 19.151180
vt 0.126430 19.295370
vt 0.188050 19.151180
vt 0.250640 19.295090
vt 0.247490 19.006910
vt 0.292200 19.151180
vt 0.301100 19.006920
vt 0.301670 19.151180
vt 0.315210 19.006910
vt 0.314700 19.151180
vt 0.327720 19.151180
vt 0.325760 19.295090
vt 0.339630 19.295090
vt 0.340740 19.151180
vt 0.353340 19.295090
vt 0.353770 19.151180
vt 0.366790 19.151180
vt 0.356420 19.006910
vt 0.370310 19.006910
vt 0.107510 19.006941
vt 0.115160 19.006920
vt 0.123750 19.006910
vt 0.329010 19.006910
vt 0.342600 19.006910
vt 0.379820 19.151180
vt 0.381480 19.006901
vt 0.389830 19.006920
vt 0.461610 19.006910
vt 0.405860 19.151180
vt 0.392840 19.151180
vt 0.380670 19.295080
vt 0.368220 19.295111
vt 0.465380 19.151180
vt 0.533390 19.006910
vt 0.556250 19.295090
vt 0.580580 19.006929
vt 0.558200 19.295099
vt 0.561830 19.295099
vt 0.573590 19.295139
vt 0.584400 19.295099
vt 0.584400 19.006950
vt 0.423000 19.295059
vt 0.394360 19.294800
vt 0.311530 19.295099
vt 0.089150 19.295090
vt 0.075530 19.295090
vt 0.061860 19.295090
vt 0.048160 19.295090
vt 0.034080 19.295099
vt 0.019730 19.295071
vt 0.019080 19.307230
vt 0.013970 19.451200
vt 0.000000 19.307220
vt 0.001210 19.595091
vt -0.000000 19.595110
vt 0.027940 19.451200
vt 0.028690 19.307211
vt 0.038150 19.307211
vt 0.041910 19.451200
vt 0.050850 19.307211
vt 0.055880 19.451200
vt 0.064320 19.307211
vt 0.067520 19.451200
vt 0.077950 19.307211
vt 0.079160 19.451200
vt 0.091910 19.307211
vt 0.090800 19.451200
vt 0.102440 19.451200
vt 0.093130 19.595110
vt 0.107480 19.595110
vt 0.111760 19.451200
vt 0.111740 19.595169
vt 0.172530 19.595110
vt 0.184890 19.451200
vt 0.287290 19.451200
vt 0.295330 19.307211
vt 0.296600 19.451200
vt 0.309120 19.307211
vt 0.309410 19.451200
vt 0.322210 19.451200
vt 0.317020 19.595110
vt 0.330510 19.595100
vt 0.335020 19.451200
vt 0.343880 19.595100
vt 0.347820 19.451200
vt 0.357550 19.595100
vt 0.360630 19.451200
vt 0.371410 19.595110
vt 0.373430 19.451200
vt 0.377140 19.595060
vt 0.386240 19.451200
vt 0.386970 19.594810
vt 0.399040 19.451200
vt 0.399040 19.594839
vt 0.457550 19.451200
vt 0.547700 19.595110
vt 0.546950 19.307220
vt 0.554630 19.307211
vt 0.108160 19.307220
vt 0.115750 19.307070
vt 0.169660 19.307211
vt 0.322540 19.307211
vt 0.336020 19.307211
vt 0.349440 19.307211
vt 0.363520 19.307180
vt 0.376620 19.307249
vt 0.386640 19.307470
vt 0.396970 19.307541
vt 0.558720 19.595140
vt 0.562320 19.307180
vt 0.569070 19.595150
vt 0.570180 19.307180
vt 0.572260 19.595140
vt 0.574580 19.307211
vt 0.574580 19.595119
vt 0.304610 19.595110
vt 0.289590 19.595110
vt 0.078940 19.595110
vt 0.065250 19.595100
vt 0.051640 19.595100
vt 0.038290 19.595110
vt 0.024760 19.595110
vt 0.011970 19.595079
vt 0.018740 19.607250
vt 0.013730 19.751051
vt 0.000020 19.607241
vt 0.005170 19.895081
vt -0.000000 19.895130
vt 0.027460 19.751051
vt 0.028180 19.607229
vt 0.037460 19.607229
vt 0.041190 19.751051
vt 0.049940 19.607229
vt 0.054920 19.751051
vt 0.063170 19.607220
vt 0.066370 19.751051
vt 0.076550 19.607229
vt 0.077810 19.751051
vt 0.090270 19.607229
vt 0.089250 19.751051
vt 0.100690 19.751051
vt 0.099680 19.895130
vt 0.109850 19.751051
vt 0.163970 19.895149
vt 0.181730 19.751051
vt 0.282380 19.751051
vt 0.196310 19.607241
vt 0.274390 19.607180
vt 0.104250 19.607241
vt 0.121540 19.606979
vt 0.287600 19.607241
vt 0.291530 19.751051
vt 0.289310 19.895130
vt 0.303460 19.895130
vt 0.304120 19.751051
vt 0.317190 19.895130
vt 0.316710 19.751051
vt 0.329290 19.751051
vt 0.327970 19.607229
vt 0.341180 19.607229
vt 0.301340 19.607229
vt 0.314750 19.607229
vt 0.355700 19.607210
vt 0.354460 19.751051
vt 0.341880 19.751051
vt 0.330580 19.895130
vt 0.367050 19.751051
vt 0.367580 19.607241
vt 0.379640 19.751051
vt 0.381260 19.607519
vt 0.392220 19.751051
vt 0.396770 19.607401
vt 0.449730 19.751051
vt 0.538390 19.607241
vt 0.539140 19.895130
vt 0.545900 19.607220
vt 0.550070 19.895161
vt 0.553080 19.607201
vt 0.560310 19.895170
vt 0.560530 19.607201
vt 0.562570 19.895161
vt 0.564760 19.607229
vt 0.564760 19.895140
vt 0.430370 19.895140
vt 0.383560 19.894810
vt 0.370290 19.895090
vt 0.357520 19.895149
vt 0.343900 19.895130
vt 0.280880 19.895161
vt 0.086180 19.895130
vt 0.073040 19.895130
vt 0.059850 19.895130
vt 0.046630 19.895121
vt 0.033030 19.895140
vt 0.019150 19.895109
vt 0.018400 19.907270
vt 0.013490 20.051201
vt 0.000000 19.907261
vt 0.005180 20.195101
vt -0.000000 20.195150
vt 0.026980 20.051201
vt 0.027670 19.907240
vt 0.036780 19.907240
vt 0.040460 20.051201
vt 0.049030 19.907249
vt 0.053950 20.051201
vt 0.062020 19.907240
vt 0.065190 20.051201
vt 0.075160 19.907249
vt 0.076430 20.051201
vt 0.088640 19.907249
vt 0.087670 20.051201
vt 0.098910 20.051201
vt 0.097980 20.195150
vt 0.107900 20.051201
vt 0.133290 20.195431
vt 0.178520 20.051201
vt 0.260660 20.195181
vt 0.277380 20.051201
vt 0.277850 20.195160
vt 0.285800 20.195141
vt 0.286370 20.051201
vt 0.296590 20.195150
vt 0.303230 20.051201
vt 0.310080 20.195141
vt 0.320090 20.051201
vt 0.323220 20.195150
vt 0.336950 20.051201
vt 0.336180 20.195141
vt 0.349990 20.195169
vt 0.353810 20.051201
vt 0.362050 20.195129
vt 0.369540 20.051201
vt 0.375030 20.194860
vt 0.385280 20.051201
vt 0.402200 20.195120
vt 0.441770 20.051201
vt 0.530410 20.195150
vt 0.508760 19.907261
vt 0.529650 19.907261
vt 0.102370 19.907261
vt 0.119340 19.907000
vt 0.268930 19.907200
vt 0.281920 19.907261
vt 0.288790 19.907249
vt 0.302110 19.907249
vt 0.315170 19.907240
vt 0.328120 19.907249
vt 0.341100 19.907240
vt 0.353910 19.907221
vt 0.367890 19.907379
vt 0.407980 19.907261
vt 0.536910 19.907240
vt 0.541170 20.195181
vt 0.543860 19.907221
vt 0.551250 20.195181
vt 0.550640 19.907221
vt 0.553390 20.195169
vt 0.554760 19.907249
vt 0.554760 20.195160
vt 0.084720 20.195150
vt 0.071830 20.195141
vt 0.058880 20.195150
vt 0.045910 20.195141
vt 0.032550 20.195150
vt 0.018920 20.195129
vt 0.017980 20.207291
vt 0.013250 20.351259
vt 0.000010 20.207279
vt 0.005190 20.495119
vt -0.000000 20.495171
vt 0.026500 20.351259
vt 0.027040 20.207260
vt 0.035930 20.207260
vt 0.039750 20.351259
vt 0.048650 20.207270
vt 0.052990 20.351259
vt 0.061390 20.207260
vt 0.064040 20.351259
vt 0.074300 20.207270
vt 0.075080 20.351259
vt 0.086120 20.351259
vt 0.083290 20.495159
vt 0.096310 20.495171
vt 0.097160 20.351259
vt 0.105990 20.351259
vt 0.101070 20.207270
vt 0.108040 20.207170
vt 0.087570 20.207260
vt 0.189710 20.207279
vt 0.175350 20.351259
vt 0.131670 20.495440
vt 0.263300 20.495220
vt 0.252740 20.207260
vt 0.272470 20.351259
vt 0.278240 20.207270
vt 0.281300 20.351259
vt 0.291480 20.207270
vt 0.297860 20.351259
vt 0.304390 20.207270
vt 0.314420 20.351259
vt 0.317120 20.207260
vt 0.330980 20.351259
vt 0.329830 20.207270
vt 0.343610 20.207251
vt 0.347540 20.351259
vt 0.355360 20.207279
vt 0.363000 20.351259
vt 0.365540 20.207491
vt 0.378460 20.351259
vt 0.376050 20.207581
vt 0.396670 20.207291
vt 0.521070 20.207270
vt 0.433950 20.351259
vt 0.396990 20.495150
vt 0.521840 20.495171
vt 0.528100 20.207251
vt 0.532450 20.495199
vt 0.534790 20.207239
vt 0.542360 20.495199
vt 0.540930 20.207239
vt 0.544930 20.207270
vt 0.544930 20.495180
vt 0.543870 20.495190
vt 0.372250 20.494841
vt 0.359290 20.495090
vt 0.346420 20.495159
vt 0.340020 20.495171
vt 0.327330 20.495159
vt 0.314590 20.495159
vt 0.301630 20.495159
vt 0.288430 20.495171
vt 0.070640 20.495159
vt 0.057930 20.495159
vt 0.045200 20.495159
vt 0.032080 20.495171
vt 0.018690 20.495150
vt -0.000000 21.001301
vt -0.000000 20.507290
vt 0.012930 20.754141
vt 0.009770 20.507339
vt 0.019220 20.507299
vt 0.025860 20.754141
vt 0.028910 20.507280
vt 0.038780 20.754141
vt 0.038420 20.507280
vt 0.050810 20.507280
vt 0.051710 20.754141
vt 0.063270 20.507280
vt 0.062490 20.754141
vt 0.073260 20.754141
vt 0.064640 21.001301
vt 0.077570 21.001301
vt 0.084030 20.754141
vt 0.090500 21.001301
vt 0.094800 20.754141
vt 0.103420 21.001301
vt 0.103420 20.754141
vt 0.171110 20.754141
vt 0.156340 20.507290
vt 0.247230 20.507280
vt 0.075930 20.507290
vt 0.088850 20.507280
vt 0.104550 20.507210
vt 0.265870 20.754141
vt 0.278720 20.507280
vt 0.274490 20.754141
vt 0.290650 20.754141
vt 0.278800 21.001301
vt 0.291730 21.001301
vt 0.304650 21.001301
vt 0.306810 20.754141
vt 0.317580 21.001301
vt 0.322970 20.754141
vt 0.330510 21.001301
vt 0.339130 20.754141
vt 0.343440 21.001301
vt 0.354210 20.754141
vt 0.356370 21.001301
vt 0.369290 20.754141
vt 0.369290 21.001301
vt 0.423440 20.754141
vt 0.531740 21.001301
vt 0.509260 20.507290
vt 0.515870 20.507271
vt 0.291440 20.507290
vt 0.303910 20.507280
vt 0.316300 20.507280
vt 0.328740 20.507280
vt 0.341450 20.507280
vt 0.354460 20.507460
vt 0.367290 20.507589
vt 0.522190 20.507250
vt 0.527950 20.507259
vt 0.531740 20.507280
vt 0.265870 21.001301
vt 0.051710 21.001301
vt 0.038780 21.001301
vt 0.025860 21.001301
vt 0.012930 21.001301
vt 0.012240 -0.074670
vt 0.017930 0.088810
vt 0.012240 0.091550
vt 0.017930 0.089730
vt 0.024350 0.091410
vt 0.017930 0.074480
vt 0.017930 0.020770
vt 0.017930 -0.040120
vt 0.024350 -0.083090
vt 0.017930 -0.083090
vt 0.017930 -0.106530
vt 0.012330 -0.127500
vt 0.017930 -0.153400
vt 0.012370 -0.160310
vt 0.012410 -0.189810
vt 0.017930 -0.211020
vt 0.012430 -0.216350
vt 0.017930 -0.228290
vt 0.012460 -0.240210
vt 0.017930 -0.257080
vt 0.012460 -0.261660
vt 0.017930 -0.281590
vt 0.012460 -0.280920
vt 0.012450 -0.294200
vt 0.011730 -0.482160
vt 0.017930 -0.400160
vt 0.017930 -0.349910
vt 0.017930 -0.324790
vt 0.024350 -0.324790
vt 0.017930 -0.314470
vt 0.024350 -0.293840
vt 0.017930 -0.304160
vt 0.017930 -0.293840
vt 0.012260 -0.516640
vt 0.024350 -0.499190
vt 0.024350 -0.466180
vt 0.017930 -0.444170
vt 0.024350 -0.400160
vt 0.017930 -0.532200
vt 0.012340 -0.554090
vt 0.024350 -0.568610
vt 0.012300 -0.591120
vt 0.017930 -0.605020
vt 0.012280 -0.623120
vt 0.017930 -0.663210
vt 0.012270 -0.652110
vt 0.012260 -0.677680
vt 0.017930 -0.694190
vt 0.012250 -0.700850
vt 0.017930 -0.709680
vt 0.012260 -0.712330
vt 0.012310 -0.718120
vt 0.017930 -0.732890
vt 0.012320 -0.726630
vt 0.012280 -0.735570
vt 0.012250 -0.744500
vt 0.024350 -0.744500
vt 0.024350 -0.728370
vt 0.024350 -0.712230
vt 0.024350 -0.712180
vt 0.024350 -0.712130
vt 0.024350 -0.709680
vt 0.024350 -0.686450
vt 0.024350 -0.663210
vt 0.024350 -0.634120
vt 0.024350 -0.605020
vt 0.024350 -0.532200
vt 0.024350 -0.275460
vt 0.024350 -0.257080
vt 0.024350 -0.234050
vt 0.024350 -0.211020
vt 0.024350 -0.182210
vt 0.024350 -0.153400
vt 0.024350 -0.118250
vt 0.011660 -0.332770
vt 0.017940 -0.301130
vt 0.012260 -0.265660
vt 0.017940 -0.278480
vt 0.017940 -0.267160
vt 0.024370 -0.265660
vt 0.011920 -0.346150
vt 0.024370 -0.346130
vt 0.024370 -0.331130
vt 0.017940 -0.321130
vt 0.024370 -0.301130
vt 0.017940 -0.361130
vt 0.012260 -0.364170
vt 0.012280 -0.381590
vt 0.012270 -0.397200
vt 0.017940 -0.394950
vt 0.024370 -0.378040
vt 0.024370 -0.361130
vt 0.012280 -0.411240
vt 0.024370 -0.408460
vt 0.024370 -0.394950
vt 0.017940 -0.421980
vt 0.012260 -0.423880
vt 0.017940 -0.436370
vt 0.012270 -0.435220
vt 0.017940 -0.443560
vt 0.012280 -0.457680
vt 0.017940 -0.455610
vt 0.017940 -0.461630
vt 0.024370 -0.461630
vt 0.017940 -0.476360
vt 0.024370 -0.505830
vt 0.017940 -0.505830
vt 0.017940 -0.510290
vt 0.012260 -0.507370
vt 0.012420 -0.530450
vt 0.012270 -0.536780
vt 0.017940 -0.532590
vt 0.017940 -0.528130
vt 0.017940 -0.542790
vt 0.012260 -0.541690
vt 0.012280 -0.546150
vt 0.017940 -0.551120
vt 0.012270 -0.550170
vt 0.012270 -0.553780
vt 0.017940 -0.553330
vt 0.012270 -0.556300
vt 0.017940 -0.557770
vt 0.012240 -0.558660
vt 0.017940 -0.561920
vt 0.012150 -0.561080
vt 0.012250 -0.564000
vt 0.024370 -0.563930
vt 0.024370 -0.560850
vt 0.024370 -0.557770
vt 0.024370 -0.554440
vt 0.024370 -0.551120
vt 0.024370 -0.546950
vt 0.024370 -0.542790
vt 0.024370 -0.537690
vt 0.024370 -0.532590
vt 0.024370 -0.443560
vt 0.024370 -0.432770
vt 0.024370 -0.421980
vt 0.544670 21.001301
vt 0.544670 20.754169
vt 0.538820 20.507290
vt 0.551580 20.507290
vt 0.557590 20.754169
vt 0.557590 21.001301
vt 0.570520 20.754169
vt 0.570520 21.001301
vt 0.583450 20.754169
vt 0.583450 21.001301
vt 0.594220 20.754169
vt 0.596380 21.001301
vt 0.605000 20.754169
vt 0.609310 21.001301
vt 0.615770 20.754169
vt 0.622230 21.001301
vt 0.626540 20.754169
vt 0.635160 21.001301
vt 0.635160 20.754169
vt 0.702850 20.754169
vt 0.798570 20.507290
vt 0.797610 20.754169
vt 0.806230 20.754169
vt 0.797610 21.001301
vt 0.810540 21.001301
vt 0.822390 20.754169
vt 0.823460 21.001301
vt 0.836390 21.001301
vt 0.838550 20.754169
vt 0.849320 21.001301
vt 0.854710 20.754169
vt 0.862250 21.001301
vt 0.870870 20.754169
vt 0.875170 21.001301
vt 0.885950 20.754169
vt 0.888100 21.001301
vt 0.901030 20.754169
vt 0.901030 21.001301
vt 0.955180 20.754169
vt 1.063480 21.001301
vt 1.063480 20.507290
vt 0.904690 20.507290
vt 0.884220 20.507280
vt 0.563950 20.507280
vt 0.576390 20.507280
vt 0.588760 20.507280
vt 0.601740 20.507259
vt 0.613960 20.507320
vt 0.626920 20.507601
vt 0.808560 20.507290
vt 0.821320 20.507290
vt 0.833820 20.507280
vt 0.846210 20.507280
vt 0.858630 20.507280
vt 0.871250 20.507290
vt 0.136470 -0.087270
vt 0.136360 0.072730
vt -0.013640 -0.007270
vt 0.135140 0.085740
vt 0.131320 0.098820
vt 0.124820 0.111230
vt 0.115870 0.122240
vt 0.104860 0.131190
vt 0.092450 0.137690
vt 0.079370 0.141500
vt 0.066360 0.142740
vt -0.093590 0.142730
vt -0.106610 0.141500
vt -0.119680 0.137690
vt -0.132090 0.131180
vt -0.143100 0.122240
vt -0.152070 0.111230
vt -0.158550 0.098820
vt -0.162440 0.085740
vt -0.163740 0.072730
vt -0.163640 -0.087270
vt -0.093630 -0.157280
vt 0.066320 -0.157280
vt -0.106640 -0.156050
vt -0.162410 -0.100290
vt -0.119720 -0.152230
vt -0.158600 -0.113370
vt -0.132130 -0.145730
vt -0.152090 -0.125780
vt -0.143140 -0.136780
vt 0.079330 -0.156050
vt 0.135170 -0.100290
vt 0.131280 -0.113370
vt 0.092410 -0.152230
vt 0.104810 -0.145730
vt 0.115830 -0.136780
vt 0.124800 -0.125780
vt 0.000000 0.091410
vt 0.006520 0.089730
vt 0.012240 0.091580
vt 0.006520 0.088810
vt 0.006520 0.074480
vt -0.000000 -0.083090
vt 0.006520 0.020760
vt 0.006520 -0.040120
vt 0.012240 -0.069740
vt 0.006520 -0.083090
vt 0.012210 -0.099660
vt 0.006520 -0.106520
vt 0.012160 -0.133650
vt 0.006520 -0.153400
vt 0.012130 -0.164520
vt 0.012100 -0.193260
vt 0.006520 -0.211020
vt 0.012080 -0.219280
vt 0.006520 -0.228290
vt 0.012050 -0.243060
vt 0.006520 -0.257070
vt 0.012040 -0.264660
vt 0.006520 -0.281580
vt 0.012030 -0.283920
vt 0.006520 -0.293830
vt 0.011980 -0.300490
vt 0.006520 -0.304150
vt 0.006520 -0.314460
vt -0.000000 -0.324780
vt 0.006520 -0.324780
vt 0.006520 -0.349900
vt 0.006520 -0.400140
vt 0.012160 -0.441120
vt 0.006520 -0.444160
vt 0.012710 -0.486800
vt -0.000000 -0.466160
vt -0.000000 -0.499170
vt -0.000000 -0.118240
vt -0.000000 -0.153400
vt -0.000000 -0.182210
vt -0.000000 -0.211020
vt -0.000000 -0.234040
vt -0.000000 -0.257070
vt -0.000000 -0.275450
vt -0.000000 -0.293830
vt -0.000000 -0.400140
vt 0.006520 -0.532180
vt -0.000000 -0.532180
vt -0.000000 -0.568590
vt -0.000000 -0.605000
vt 0.006520 -0.605000
vt 0.012180 -0.556780
vt 0.012210 -0.521260
vt -0.000000 -0.634090
vt 0.006520 -0.663190
vt 0.012230 -0.625790
vt 0.012240 -0.654790
vt 0.012240 -0.681110
vt 0.006520 -0.694160
vt 0.012240 -0.710520
vt 0.006520 -0.709650
vt 0.012230 -0.712200
vt 0.012210 -0.713800
vt 0.012180 -0.716060
vt 0.006520 -0.732860
vt 0.012170 -0.730290
vt 0.012240 -0.744470
vt -0.000000 -0.744470
vt -0.000000 -0.728340
vt -0.000000 -0.712210
vt -0.000000 -0.712150
vt -0.000000 -0.712100
vt -0.000000 -0.709650
vt -0.000000 -0.686420
vt -0.000000 -0.663190
vt 0.012220 -0.593970
vt 0.000000 -0.564630
vt 0.012250 -0.564690
vt 0.006470 -0.562610
vt 0.012350 -0.563080
vt 0.012280 -0.559580
vt 0.006470 -0.558460
vt 0.012250 -0.556370
vt 0.006470 -0.554010
vt 0.012260 -0.552850
vt 0.006470 -0.551790
vt 0.012260 -0.549050
vt 0.006470 -0.543460
vt 0.012260 -0.544880
vt 0.012250 -0.540380
vt 0.006470 -0.533250
vt 0.012250 -0.535420
vt 0.011710 -0.520930
vt 0.012150 -0.451910
vt 0.006470 -0.506450
vt 0.006470 -0.510910
vt 0.006470 -0.528780
vt -0.000000 -0.533250
vt -0.000000 -0.538350
vt -0.000000 -0.543460
vt -0.000000 -0.547630
vt 0.012250 -0.433410
vt 0.006470 -0.444100
vt 0.006470 -0.456170
vt 0.006470 -0.462200
vt -0.000000 -0.462200
vt 0.006470 -0.476950
vt -0.000000 -0.506450
vt 0.012260 -0.421580
vt 0.006470 -0.422500
vt 0.006470 -0.436900
vt -0.000000 -0.444100
vt 0.012250 -0.408400
vt -0.000000 -0.408970
vt -0.000000 -0.422500
vt 0.006470 -0.395440
vt 0.012270 -0.393930
vt 0.012250 -0.378030
vt -0.000000 -0.378500
vt 0.012260 -0.369490
vt 0.006470 -0.361570
vt 0.012410 -0.351690
vt -0.000000 -0.346550
vt 0.012900 -0.336960
vt -0.000000 -0.331540
vt 0.006470 -0.321520
vt -0.000000 -0.301500
vt 0.006470 -0.301500
vt 0.006470 -0.278820
vt 0.012240 -0.265990
vt 0.006470 -0.267490
vt -0.000000 -0.265990
vt 0.012280 -0.318990
vt -0.000000 -0.361570
vt -0.000000 -0.395440
vt -0.000000 -0.433300
vt -0.000000 -0.551790
vt -0.000000 -0.555120
vt -0.000000 -0.558460
vt -0.000000 -0.561540
vt 1.089870 20.207279
vt 1.089840 20.495171
vt 0.978890 20.351160
vt 0.930640 20.495171
vt 0.923390 20.351160
vt 0.916870 20.495171
vt 0.907940 20.351160
vt 0.903780 20.495159
vt 0.892480 20.351160
vt 0.891110 20.495159
vt 0.878360 20.495159
vt 0.875920 20.351160
vt 0.865710 20.495159
vt 0.859360 20.351160
vt 0.852870 20.495159
vt 0.842800 20.351160
vt 0.839730 20.495159
vt 0.826230 20.351160
vt 0.826350 20.495171
vt 0.817400 20.351160
vt 0.813020 20.495199
vt 0.720290 20.351160
vt 0.667210 20.495140
vt 0.650930 20.351160
vt 0.640470 20.494881
vt 0.642090 20.351160
vt 0.631050 20.351160
vt 0.642650 20.207590
vt 0.629510 20.207310
vt 0.620010 20.351160
vt 0.616870 20.207239
vt 0.608970 20.351160
vt 0.603660 20.207260
vt 0.597930 20.351160
vt 0.590970 20.207260
vt 0.584680 20.351160
vt 0.578210 20.207270
vt 0.571430 20.351160
vt 0.565520 20.207270
vt 0.558180 20.351160
vt 0.552440 20.207270
vt 0.546030 20.495171
vt 0.627690 20.495150
vt 0.615760 20.495180
vt 0.602290 20.495159
vt 0.589560 20.495159
vt 0.576650 20.495159
vt 0.563380 20.495171
vt 0.659530 20.207371
vt 0.797360 20.207270
vt 0.830340 20.207270
vt 0.843380 20.207270
vt 0.856180 20.207260
vt 0.868880 20.207270
vt 0.881630 20.207260
vt 0.894610 20.207270
vt 0.907810 20.207270
vt 0.921410 20.207279
vt 0.012250 -0.089380
vt 0.017920 0.021300
vt 0.012240 0.093840
vt 0.017920 0.076360
vt 0.017920 0.091040
vt 0.024350 0.093700
vt 0.017920 0.091980
vt 0.012320 -0.126160
vt 0.017920 -0.109040
vt 0.017920 -0.085140
vt 0.017920 -0.041100
vt 0.024350 -0.085140
vt 0.017920 -0.156820
vt 0.012370 -0.159670
vt 0.012410 -0.190140
vt 0.017920 -0.215500
vt 0.012430 -0.217550
vt 0.017920 -0.233090
vt 0.012460 -0.242190
vt 0.017920 -0.262410
vt 0.012460 -0.264350
vt 0.012470 -0.284240
vt 0.012460 -0.324340
vt 0.017920 -0.299870
vt 0.017920 -0.287380
vt 0.024350 -0.281140
vt 0.024350 -0.262410
vt 0.012180 -0.461220
vt 0.017920 -0.408450
vt 0.017920 -0.357080
vt 0.017920 -0.331390
vt 0.024350 -0.331390
vt 0.017920 -0.320880
vt 0.024350 -0.299870
vt 0.017920 -0.310380
vt 0.017920 -0.453380
vt 0.011710 -0.491890
vt 0.024350 -0.475850
vt 0.024350 -0.509550
vt 0.012250 -0.526520
vt 0.017920 -0.543250
vt 0.012340 -0.565090
vt 0.024350 -0.580400
vt 0.012300 -0.602670
vt 0.017920 -0.617550
vt 0.012280 -0.635400
vt 0.017920 -0.676940
vt 0.012270 -0.665050
vt 0.012260 -0.691220
vt 0.017920 -0.708560
vt 0.012250 -0.714910
vt 0.017920 -0.724380
vt 0.012260 -0.727060
vt 0.012310 -0.733170
vt 0.017920 -0.748820
vt 0.012320 -0.742190
vt 0.012280 -0.751610
vt 0.012240 -0.761040
vt 0.024350 -0.761040
vt 0.024350 -0.744000
vt 0.024350 -0.726960
vt 0.024350 -0.726910
vt 0.024350 -0.726860
vt 0.024350 -0.724380
vt 0.024350 -0.700660
vt 0.024350 -0.676940
vt 0.024350 -0.647250
vt 0.024350 -0.617550
vt 0.024350 -0.543250
vt 0.024350 -0.408450
vt 0.024350 -0.238960
vt 0.024350 -0.215500
vt 0.024350 -0.186160
vt 0.024350 -0.156820
vt 0.024350 -0.120980
vt 0.012210 -0.324410
vt 0.017900 -0.306400
vt 0.012250 -0.270600
vt 0.017900 -0.283280
vt 0.017900 -0.271730
vt 0.024360 -0.270600
vt 0.017900 -0.326790
vt 0.011630 -0.339020
vt 0.024360 -0.336990
vt 0.011800 -0.349630
vt 0.024360 -0.352280
vt 0.017900 -0.367570
vt 0.024360 -0.367570
vt 0.024360 -0.384820
vt 0.012280 -0.379530
vt 0.017900 -0.402060
vt 0.012270 -0.397490
vt 0.012270 -0.412490
vt 0.012230 -0.362970
vt 0.012260 -0.426000
vt 0.017900 -0.429620
vt 0.024360 -0.415840
vt 0.024360 -0.402060
vt 0.012270 -0.438130
vt 0.017900 -0.444300
vt 0.024360 -0.440630
vt 0.024360 -0.451640
vt 0.017900 -0.451640
vt 0.017900 -0.463920
vt 0.012270 -0.466450
vt 0.017900 -0.470070
vt 0.012250 -0.502020
vt 0.017900 -0.485140
vt 0.017900 -0.515300
vt 0.024360 -0.515300
vt 0.017900 -0.519860
vt 0.017900 -0.538100
vt 0.012460 -0.540120
vt 0.017900 -0.542660
vt 0.012250 -0.542950
vt 0.012270 -0.548280
vt 0.012250 -0.449020
vt 0.017900 -0.553030
vt 0.012260 -0.553190
vt 0.012280 -0.557600
vt 0.017900 -0.561530
vt 0.012260 -0.561570
vt 0.017900 -0.563740
vt 0.012270 -0.565140
vt 0.017900 -0.568250
vt 0.012270 -0.567400
vt 0.012230 -0.569580
vt 0.017900 -0.572470
vt 0.012250 -0.574580
vt 0.024360 -0.574520
vt 0.024360 -0.571390
vt 0.024360 -0.568250
vt 0.024360 -0.564870
vt 0.024360 -0.561490
vt 0.024360 -0.557260
vt 0.024360 -0.553030
vt 0.024360 -0.547840
vt 0.024360 -0.542660
vt 0.024360 -0.470070
vt 0.024360 -0.429620
vt 0.024360 -0.306400
vt 0.000000 0.093690
vt 0.006530 0.091980
vt 0.012250 0.093860
vt 0.006530 0.091040
vt 0.012240 0.083890
vt 0.006530 0.076360
vt 0.006530 0.021300
vt -0.000000 -0.085140
vt 0.006530 -0.041100
vt 0.006530 -0.085140
vt 0.012330 -0.082880
vt 0.006530 -0.109030
vt 0.012210 -0.119420
vt 0.006530 -0.156820
vt 0.012120 -0.152920
vt 0.012090 -0.183470
vt 0.006530 -0.215500
vt 0.012080 -0.211350
vt 0.006530 -0.233090
vt 0.012040 -0.236690
vt 0.006530 -0.262400
vt 0.012040 -0.259740
vt 0.012030 -0.270360
vt 0.006530 -0.287370
vt 0.012020 -0.289960
vt 0.006530 -0.299860
vt 0.006530 -0.310370
vt -0.000000 -0.299860
vt -0.000000 -0.331380
vt -0.000000 -0.120980
vt -0.000000 -0.156820
vt -0.000000 -0.186160
vt -0.000000 -0.215500
vt -0.000000 -0.238950
vt -0.000000 -0.262400
vt -0.000000 -0.281130
vt -0.000000 -0.408440
vt 0.006530 -0.357070
vt 0.006530 -0.331380
vt 0.006530 -0.320870
vt 0.012050 -0.342020
vt -0.000000 -0.475830
vt 0.006530 -0.453370
vt 0.006530 -0.408440
vt 0.012670 -0.499800
vt -0.000000 -0.509530
vt 0.006530 -0.543230
vt -0.000000 -0.543230
vt -0.000000 -0.580380
vt -0.000000 -0.617530
vt 0.006530 -0.617700
vt 0.012180 -0.574710
vt 0.012180 -0.542250
vt -0.000000 -0.647230
vt 0.006530 -0.676920
vt 0.012230 -0.641690
vt 0.012250 -0.679340
vt 0.012230 -0.697600
vt 0.006530 -0.708540
vt 0.012230 -0.726940
vt 0.006530 -0.724350
vt 0.012200 -0.729010
vt 0.012170 -0.732200
vt 0.006530 -0.748800
vt 0.012180 -0.746650
vt 0.012240 -0.761020
vt 0.000000 -0.761020
vt -0.000000 -0.743980
vt -0.000000 -0.726940
vt -0.000000 -0.726890
vt -0.000000 -0.726840
vt -0.000000 -0.724350
vt -0.000000 -0.700640
vt -0.000000 -0.676920
vt 0.012240 -0.617840
vt 0.012230 -0.609540
vt 0.000000 -0.574850
vt 0.012250 -0.574910
vt 0.006520 -0.572800
vt 0.012350 -0.573310
vt 0.012280 -0.569750
vt 0.006520 -0.568580
vt 0.012250 -0.566490
vt 0.006520 -0.564070
vt 0.012260 -0.562920
vt 0.006520 -0.561810
vt 0.012260 -0.559070
vt 0.006520 -0.553350
vt 0.012260 -0.554830
vt 0.012250 -0.550260
vt 0.006520 -0.542970
vt 0.012250 -0.545220
vt 0.011700 -0.530760
vt 0.012200 -0.464600
vt 0.006520 -0.485420
vt 0.006520 -0.515600
vt 0.006520 -0.520160
vt -0.000000 -0.515600
vt -0.000000 -0.542970
vt 0.012230 -0.453180
vt 0.006520 -0.464190
vt 0.006520 -0.470340
vt -0.000000 -0.470340
vt 0.006520 -0.451900
vt 0.012260 -0.447300
vt 0.006520 -0.444550
vt 0.012250 -0.438470
vt 0.006520 -0.429870
vt 0.012260 -0.426020
vt 0.012260 -0.412310
vt 0.006520 -0.402290
vt 0.012260 -0.397250
vt 0.012240 -0.379530
vt 0.012290 -0.362840
vt 0.006520 -0.367790
vt -0.000000 -0.385040
vt -0.000000 -0.402290
vt -0.000000 -0.416080
vt -0.000000 -0.352480
vt 0.012830 -0.346700
vt -0.000000 -0.337180
vt 0.006520 -0.326980
vt -0.000000 -0.306580
vt 0.006520 -0.306580
vt 0.006520 -0.283450
vt 0.012250 -0.270760
vt 0.006520 -0.271880
vt -0.000000 -0.270760
vt 0.012300 -0.325590
vt -0.000000 -0.367790
vt -0.000000 -0.429870
vt -0.000000 -0.440880
vt -0.000000 -0.451900
vt -0.000000 -0.548160
vt 0.006520 -0.538410
vt -0.000000 -0.553350
vt -0.000000 -0.557580
vt -0.000000 -0.561810
vt -0.000000 -0.565200
vt -0.000000 -0.568580
vt -0.000000 -0.571710
vt 1.109510 20.195150
vt 1.100240 20.195150
vt 1.109520 19.907261
vt 0.996530 20.051149
vt 0.946540 19.907261
vt 0.940040 20.051149
vt 0.924530 19.907249
vt 0.924300 20.051149
vt 0.911080 19.907249
vt 0.908570 20.051149
vt 0.897850 19.907240
vt 0.891710 20.051149
vt 0.884860 19.907249
vt 0.874850 20.051149
vt 0.871910 19.907240
vt 0.857990 20.051149
vt 0.858880 19.907249
vt 0.845610 19.907249
vt 0.841130 20.051149
vt 0.835280 19.907261
vt 0.832140 20.051149
vt 0.733280 20.051149
vt 0.794040 20.195150
vt 0.650830 20.194880
vt 0.940530 20.195150
vt 0.926830 20.195150
vt 0.913560 20.195141
vt 0.900530 20.195150
vt 0.887590 20.195141
vt 0.874600 20.195150
vt 0.861390 20.195141
vt 0.854700 20.195150
vt 0.841070 20.195150
vt 0.635680 20.195150
vt 0.642430 20.051149
vt 0.653670 20.051149
vt 0.662660 20.051149
vt 0.653950 19.907570
vt 0.671140 19.907360
vt 0.631190 20.051149
vt 0.624680 20.195160
vt 0.619950 20.051149
vt 0.611930 20.195141
vt 0.608710 20.051149
vt 0.608710 20.195141
vt 0.598960 20.195150
vt 0.595220 20.051149
vt 0.581730 20.195141
vt 0.581730 20.051149
vt 0.572240 20.195150
vt 0.568250 20.051149
vt 0.562140 19.907249
vt 0.575460 19.907249
vt 0.588390 19.907249
vt 0.601390 19.907249
vt 0.614320 19.907249
vt 0.627860 19.907221
vt 0.640580 19.907290
vt 0.012240 -0.074360
vt 0.017910 0.093280
vt 0.012240 0.096120
vt 0.017910 0.094240
vt 0.024350 0.095990
vt 0.017910 0.078240
vt 0.017910 0.021840
vt 0.017910 -0.042080
vt 0.024350 -0.087200
vt 0.017910 -0.087200
vt 0.017910 -0.111550
vt 0.012320 -0.128130
vt 0.017910 -0.160250
vt 0.012360 -0.162360
vt 0.012410 -0.193470
vt 0.017910 -0.219990
vt 0.012430 -0.221460
vt 0.017910 -0.237900
vt 0.012460 -0.246600
vt 0.017910 -0.267750
vt 0.012460 -0.269220
vt 0.012470 -0.289520
vt 0.017910 -0.293190
vt 0.012450 -0.303510
vt 0.017910 -0.305910
vt 0.017910 -0.316600
vt 0.024350 -0.305910
vt 0.024350 -0.338000
vt 0.017910 -0.338000
vt 0.017910 -0.364250
vt 0.012170 -0.471120
vt 0.011710 -0.502650
vt 0.017910 -0.462610
vt 0.017910 -0.416750
vt 0.024350 -0.416750
vt 0.012260 -0.538180
vt 0.024350 -0.519920
vt 0.024350 -0.485530
vt 0.017910 -0.554310
vt 0.012340 -0.577090
vt 0.024350 -0.592210
vt 0.012300 -0.615590
vt 0.017910 -0.630110
vt 0.012280 -0.648910
vt 0.017910 -0.690690
vt 0.012270 -0.679100
vt 0.012260 -0.705740
vt 0.017910 -0.722960
vt 0.012250 -0.729860
vt 0.017910 -0.739100
vt 0.012260 -0.741820
vt 0.012310 -0.748120
vt 0.017910 -0.764780
vt 0.012320 -0.758110
vt 0.012280 -0.767880
vt 0.012240 -0.777620
vt 0.024350 -0.777620
vt 0.024350 -0.759670
vt 0.024350 -0.741720
vt 0.024350 -0.741670
vt 0.024350 -0.741610
vt 0.024350 -0.739100
vt 0.024350 -0.714900
vt 0.024350 -0.690690
vt 0.024350 -0.660400
vt 0.024350 -0.630110
vt 0.024350 -0.554310
vt 0.024350 -0.286830
vt 0.024350 -0.267750
vt 0.024350 -0.243870
vt 0.024350 -0.219990
vt 0.024350 -0.190120
vt 0.024350 -0.160250
vt 0.024350 -0.123730
vt 0.017920 -0.275580
vt 0.012220 -0.274840
vt 0.012210 -0.284230
vt 0.017920 -0.287350
vt 0.017920 -0.310880
vt 0.024300 -0.310880
vt 0.017920 -0.321240
vt 0.024300 -0.341970
vt 0.012210 -0.326850
vt 0.011980 -0.360080
vt 0.012240 -0.379600
vt 0.017920 -0.373060
vt 0.024300 -0.357510
vt 0.024300 -0.390590
vt 0.012240 -0.396800
vt 0.017920 -0.408120
vt 0.012230 -0.412730
vt 0.012240 -0.427060
vt 0.017920 -0.436140
vt 0.012230 -0.439940
vt 0.017920 -0.451070
vt 0.012230 -0.451510
vt 0.012220 -0.456890
vt 0.017920 -0.458530
vt 0.012320 -0.466080
vt 0.017920 -0.471020
vt 0.017920 -0.477270
vt 0.024300 -0.477270
vt 0.017920 -0.492660
vt 0.024300 -0.523430
vt 0.017920 -0.523430
vt 0.017920 -0.528080
vt 0.012730 -0.544870
vt 0.017920 -0.546660
vt 0.017920 -0.551300
vt 0.024300 -0.551300
vt 0.024300 -0.556560
vt 0.017920 -0.561820
vt 0.024300 -0.561820
vt 0.024300 -0.566110
vt 0.017920 -0.570390
vt 0.024300 -0.570390
vt 0.017920 -0.572680
vt 0.024300 -0.573820
vt 0.017920 -0.577250
vt 0.024300 -0.577250
vt 0.024300 -0.580430
vt 0.017920 -0.581530
vt 0.024300 -0.583610
vt 0.012220 -0.583670
vt 0.012190 -0.578570
vt 0.012230 -0.576360
vt 0.012240 -0.574040
vt 0.012230 -0.570630
vt 0.012240 -0.566620
vt 0.012230 -0.562170
vt 0.012240 -0.557220
vt 0.012220 -0.551830
vt 0.024300 -0.458530
vt 0.024300 -0.447340
vt 0.024300 -0.436140
vt 0.024300 -0.422130
vt 0.024300 -0.408120
vt 0.024300 -0.373060
vt 0.024300 -0.274840
vt 0.000000 0.095990
vt 0.006470 0.094240
vt 0.012240 0.096150
vt 0.006470 0.093280
vt 0.006470 0.078240
vt -0.000000 -0.087200
vt 0.006470 0.021840
vt 0.006470 -0.042080
vt 0.012240 -0.056700
vt 0.006470 -0.087200
vt 0.012210 -0.102110
vt 0.006470 -0.111550
vt 0.012180 -0.120640
vt 0.006470 -0.160240
vt 0.012150 -0.154870
vt 0.012110 -0.186120
vt 0.006470 -0.219990
vt 0.012090 -0.214620
vt 0.012060 -0.240510
vt 0.006470 -0.237890
vt 0.012050 -0.264060
vt 0.006470 -0.267740
vt 0.012030 -0.285420
vt 0.006470 -0.293180
vt 0.012030 -0.306400
vt 0.006470 -0.305900
vt 0.006470 -0.316590
vt -0.000000 -0.305900
vt -0.000000 -0.337990
vt -0.000000 -0.123720
vt -0.000000 -0.160240
vt -0.000000 -0.190110
vt -0.000000 -0.219990
vt -0.000000 -0.243860
vt -0.000000 -0.267740
vt -0.000000 -0.286820
vt -0.000000 -0.416740
vt 0.006470 -0.364080
vt 0.006470 -0.337990
vt -0.000000 -0.485520
vt 0.006470 -0.462590
vt 0.006470 -0.416740
vt 0.012050 -0.363950
vt 0.012820 -0.496600
vt -0.000000 -0.519910
vt 0.012350 -0.529540
vt 0.006470 -0.554300
vt 0.012180 -0.569500
vt -0.000000 -0.592190
vt 0.012210 -0.607120
vt 0.006470 -0.630090
vt 0.012230 -0.641170
vt 0.012240 -0.672280
vt 0.006470 -0.690670
vt 0.012240 -0.700540
vt 0.006470 -0.722940
vt 0.012240 -0.725790
vt 0.006470 -0.739080
vt 0.012220 -0.741700
vt 0.012190 -0.745020
vt 0.012170 -0.748380
vt 0.006470 -0.764760
vt 0.012180 -0.763030
vt 0.012240 -0.777600
vt -0.000000 -0.777600
vt -0.000000 -0.759650
vt -0.000000 -0.741700
vt -0.000000 -0.741640
vt -0.000000 -0.741590
vt -0.000000 -0.739080
vt -0.000000 -0.714870
vt -0.000000 -0.690670
vt -0.000000 -0.660380
vt -0.000000 -0.630090
vt -0.000000 -0.554300
vt 0.000000 -0.585530
vt 0.012210 -0.585600
vt 0.006490 -0.583450
vt 0.012320 -0.583990
vt 0.012250 -0.580370
vt 0.006490 -0.579150
vt 0.012220 -0.577060
vt 0.006490 -0.574570
vt 0.012230 -0.573440
vt 0.006490 -0.572270
vt 0.012220 -0.569530
vt 0.006490 -0.563680
vt 0.012230 -0.565230
vt 0.012220 -0.560580
vt 0.006490 -0.553120
vt 0.012210 -0.555460
vt 0.006490 -0.548460
vt 0.012180 -0.527840
vt 0.006490 -0.529820
vt 0.006490 -0.525160
vt -0.000000 -0.525160
vt 0.006490 -0.494280
vt -0.000000 -0.478840
vt 0.006490 -0.478840
vt 0.006490 -0.472580
vt 0.012160 -0.462710
vt 0.006490 -0.460040
vt 0.012220 -0.456580
vt 0.006490 -0.452550
vt 0.012220 -0.444990
vt 0.006490 -0.437580
vt 0.012220 -0.432130
vt 0.012220 -0.417960
vt 0.006490 -0.409460
vt 0.012230 -0.402290
vt -0.000000 -0.391880
vt 0.012210 -0.384650
vt 0.006490 -0.374290
vt 0.012300 -0.366910
vt -0.000000 -0.358690
vt 0.012850 -0.351040
vt -0.000000 -0.343100
vt 0.006490 -0.322300
vt -0.000000 -0.311900
vt 0.006490 -0.311900
vt 0.006490 -0.288300
vt 0.012200 -0.320470
vt 0.012210 -0.275750
vt 0.006490 -0.276490
vt -0.000000 -0.275750
vt -0.000000 -0.374290
vt -0.000000 -0.409460
vt -0.000000 -0.423520
vt -0.000000 -0.437580
vt -0.000000 -0.448810
vt -0.000000 -0.460040
vt -0.000000 -0.553120
vt -0.000000 -0.558400
vt -0.000000 -0.563680
vt -0.000000 -0.567980
vt -0.000000 -0.572270
vt -0.000000 -0.575710
vt -0.000000 -0.579150
vt -0.000000 -0.582340
vt 1.129510 19.607241
vt 1.129470 19.895130
vt 1.014490 19.751129
vt 0.979640 19.895130
vt 0.956980 19.751129
vt 0.951100 19.895130
vt 0.944390 19.751129
vt 0.944120 19.895130
vt 0.931800 19.751129
vt 0.930590 19.895130
vt 0.919220 19.751129
vt 0.917310 19.895130
vt 0.906630 19.751129
vt 0.904120 19.895121
vt 0.894040 19.751129
vt 0.890880 19.895130
vt 0.881460 19.751129
vt 0.877450 19.895121
vt 0.868870 19.751129
vt 0.863610 19.895130
vt 0.856280 19.751129
vt 0.847870 19.895130
vt 0.847130 19.751129
vt 0.792690 19.895130
vt 0.746490 19.751129
vt 0.668630 19.894791
vt 0.674600 19.751129
vt 0.665440 19.751129
vt 0.665400 19.607559
vt 0.654000 19.751129
vt 0.651800 19.607269
vt 0.642560 19.751129
vt 0.638990 19.607201
vt 0.631120 19.751129
vt 0.625140 19.607229
vt 0.619680 19.751129
vt 0.611970 19.607229
vt 0.605950 19.751129
vt 0.598720 19.607229
vt 0.592210 19.751129
vt 0.585540 19.607229
vt 0.578480 19.751129
vt 0.571970 19.607229
vt 0.564750 19.607229
vt 0.574620 19.895130
vt 0.564750 19.895140
vt 0.655130 19.895029
vt 0.641770 19.895130
vt 0.628540 19.895121
vt 0.615390 19.895121
vt 0.602080 19.895130
vt 0.588470 19.895130
vt 0.682900 19.607349
vt 0.853990 19.607229
vt 0.860950 19.607229
vt 0.874470 19.607229
vt 0.887740 19.607229
vt 0.900940 19.607229
vt 0.914200 19.607220
vt 0.927660 19.607229
vt 0.941530 19.607229
vt 0.964040 19.607241
vt 0.012240 -0.075520
vt 0.017900 0.095520
vt 0.012240 0.098430
vt 0.017900 0.096500
vt 0.024350 0.098280
vt 0.017900 0.080120
vt 0.017900 0.022380
vt 0.017900 -0.043070
vt 0.024350 -0.089260
vt 0.017900 -0.089260
vt 0.017900 -0.114070
vt 0.012320 -0.130120
vt 0.017900 -0.163680
vt 0.012360 -0.165400
vt 0.012410 -0.197110
vt 0.017900 -0.224480
vt 0.012430 -0.225640
vt 0.017900 -0.242710
vt 0.012460 -0.251260
vt 0.017900 -0.273090
vt 0.012450 -0.274310
vt 0.012470 -0.295000
vt 0.017900 -0.298990
vt 0.012460 -0.304620
vt 0.017900 -0.311940
vt 0.017900 -0.322830
vt 0.024350 -0.311940
vt 0.024350 -0.344610
vt 0.017900 -0.344610
vt 0.017900 -0.371420
vt 0.012160 -0.481090
vt 0.017900 -0.425060
vt 0.017900 -0.471830
vt 0.024350 -0.425060
vt 0.024350 -0.495220
vt 0.011710 -0.513510
vt 0.024350 -0.530300
vt 0.012270 -0.549970
vt 0.017900 -0.565380
vt 0.012340 -0.589220
vt 0.024350 -0.604020
vt 0.017900 -0.642660
vt 0.024350 -0.642660
vt 0.024350 -0.673550
vt 0.017900 -0.704440
vt 0.024350 -0.704440
vt 0.024350 -0.729130
vt 0.017900 -0.737360
vt 0.024350 -0.753820
vt 0.017900 -0.753820
vt 0.024350 -0.756360
vt 0.024350 -0.756420
vt 0.024350 -0.756470
vt 0.024350 -0.775340
vt 0.017900 -0.780750
vt 0.024350 -0.794210
vt 0.012270 -0.784150
vt 0.012240 -0.794210
vt 0.012300 -0.628600
vt 0.012280 -0.662500
vt 0.012270 -0.693210
vt 0.012260 -0.720330
vt 0.012250 -0.744870
vt 0.012260 -0.756580
vt 0.012320 -0.763060
vt 0.012320 -0.774050
vt 0.024350 -0.565380
vt 0.024350 -0.292520
vt 0.024350 -0.273090
vt 0.024350 -0.248790
vt 0.024350 -0.224480
vt 0.024350 -0.194080
vt 0.024350 -0.163680
vt 0.024350 -0.126470
vt 0.011880 -0.345030
vt 0.017860 -0.316740
vt 0.012210 -0.280310
vt 0.017860 -0.292700
vt 0.017860 -0.280670
vt 0.024290 -0.280310
vt 0.011650 -0.358990
vt 0.024290 -0.348480
vt 0.017860 -0.327320
vt 0.024290 -0.316740
vt 0.012210 -0.376550
vt 0.017860 -0.380210
vt 0.024290 -0.364350
vt 0.012250 -0.393260
vt 0.024290 -0.398110
vt 0.024290 -0.380210
vt 0.017860 -0.416000
vt 0.012230 -0.412130
vt 0.012240 -0.427610
vt 0.012230 -0.441560
vt 0.017860 -0.444610
vt 0.024290 -0.430310
vt 0.024290 -0.416000
vt 0.012230 -0.454070
vt 0.017860 -0.459860
vt 0.024290 -0.456040
vt 0.024290 -0.467480
vt 0.017860 -0.467480
vt 0.017860 -0.480230
vt 0.012320 -0.474750
vt 0.017860 -0.486610
vt 0.012210 -0.520220
vt 0.017860 -0.502370
vt 0.017860 -0.533910
vt 0.024290 -0.533910
vt 0.017860 -0.538660
vt 0.017860 -0.557660
vt 0.012730 -0.555840
vt 0.017860 -0.562420
vt 0.012220 -0.562950
vt 0.012230 -0.568450
vt 0.012220 -0.465310
vt 0.017860 -0.573130
vt 0.012230 -0.573490
vt 0.012240 -0.578020
vt 0.017860 -0.581850
vt 0.012230 -0.582090
vt 0.017860 -0.584180
vt 0.012240 -0.585570
vt 0.017860 -0.588830
vt 0.012230 -0.587920
vt 0.012190 -0.590170
vt 0.017860 -0.593190
vt 0.012210 -0.595370
vt 0.024290 -0.595310
vt 0.024290 -0.592070
vt 0.024290 -0.588830
vt 0.024290 -0.585340
vt 0.024290 -0.581850
vt 0.024290 -0.577490
vt 0.024290 -0.573130
vt 0.024290 -0.567770
vt 0.024290 -0.562420
vt 0.024290 -0.486610
vt 0.024290 -0.444610
vt 0.000000 0.098280
vt 0.006650 0.096500
vt 0.012240 0.098450
vt 0.006650 0.095520
vt 0.006650 0.080120
vt -0.000000 -0.089260
vt 0.006650 0.022380
vt 0.006650 -0.043060
vt 0.012240 -0.086660
vt 0.006650 -0.089260
vt 0.006650 -0.114060
vt -0.000000 -0.126470
vt 0.006650 -0.163670
vt -0.000000 -0.163670
vt -0.000000 -0.194070
vt 0.006650 -0.224480
vt -0.000000 -0.224480
vt 0.006650 -0.242700
vt -0.000000 -0.248780
vt 0.006650 -0.273090
vt -0.000000 -0.273090
vt -0.000000 -0.292510
vt 0.006650 -0.298990
vt -0.000000 -0.311930
vt 0.006650 -0.311930
vt 0.006650 -0.322820
vt 0.012030 -0.291810
vt 0.012040 -0.345260
vt 0.006650 -0.344600
vt 0.006650 -0.371420
vt -0.000000 -0.344600
vt -0.000000 -0.425050
vt -0.000000 -0.495210
vt 0.006650 -0.471820
vt 0.006650 -0.425050
vt 0.012080 -0.430700
vt -0.000000 -0.530290
vt 0.012640 -0.523800
vt 0.012680 -0.495350
vt 0.006650 -0.565370
vt -0.000000 -0.565370
vt -0.000000 -0.604010
vt -0.000000 -0.642650
vt 0.006650 -0.642650
vt 0.012190 -0.600800
vt 0.012180 -0.560750
vt -0.000000 -0.673540
vt 0.006650 -0.704430
vt 0.012230 -0.670540
vt 0.012250 -0.700750
vt 0.012230 -0.728140
vt 0.006650 -0.737340
vt 0.012220 -0.756460
vt 0.006650 -0.753800
vt 0.012190 -0.759990
vt 0.012160 -0.764750
vt 0.006650 -0.780730
vt 0.012190 -0.779510
vt 0.012240 -0.794190
vt -0.000000 -0.794190
vt -0.000000 -0.775320
vt -0.000000 -0.756450
vt -0.000000 -0.756400
vt -0.000000 -0.756350
vt -0.000000 -0.753800
vt -0.000000 -0.729110
vt -0.000000 -0.704430
vt 0.012230 -0.637340
vt 0.012050 -0.270170
vt 0.012060 -0.246290
vt 0.012090 -0.220030
vt 0.012110 -0.191120
vt 0.012150 -0.159400
vt 0.012180 -0.124630
vt 0.000000 -0.596160
vt 0.012210 -0.596220
vt 0.006480 -0.594050
vt 0.012250 -0.595820
vt 0.012170 -0.592770
vt 0.006480 -0.589680
vt 0.012230 -0.589680
vt 0.012220 -0.586360
vt 0.006480 -0.585020
vt 0.012230 -0.582690
vt 0.006480 -0.582690
vt 0.012220 -0.578540
vt 0.006480 -0.573960
vt 0.012230 -0.573960
vt 0.012190 -0.568800
vt 0.006480 -0.563230
vt 0.012220 -0.563230
vt 0.012100 -0.561530
vt 0.006480 -0.558470
vt 0.012210 -0.534680
vt 0.006480 -0.539430
vt 0.006480 -0.534680
vt -0.000000 -0.534680
vt 0.006480 -0.503100
vt -0.000000 -0.487310
vt 0.006480 -0.487310
vt 0.006480 -0.480920
vt 0.012220 -0.468150
vt 0.006480 -0.468150
vt 0.006480 -0.460520
vt -0.000000 -0.468150
vt -0.000000 -0.456700
vt 0.006480 -0.445250
vt -0.000000 -0.445250
vt -0.000000 -0.430930
vt 0.012210 -0.431640
vt 0.006480 -0.416600
vt 0.012230 -0.416600
vt 0.012220 -0.399600
vt 0.012370 -0.456370
vt 0.012230 -0.445250
vt 0.012230 -0.380760
vt 0.006480 -0.380760
vt -0.000000 -0.398680
vt -0.000000 -0.416600
vt 0.012310 -0.372750
vt -0.000000 -0.364870
vt -0.000000 -0.380760
vt 0.012890 -0.360580
vt -0.000000 -0.348980
vt 0.012760 -0.349160
vt 0.006480 -0.327790
vt 0.012210 -0.280720
vt 0.006480 -0.317200
vt 0.006480 -0.293120
vt -0.000000 -0.317200
vt 0.006480 -0.281080
vt -0.000000 -0.280720
vt -0.000000 -0.563230
vt -0.000000 -0.573960
vt -0.000000 -0.578320
vt -0.000000 -0.582690
vt -0.000000 -0.586180
vt -0.000000 -0.589680
vt -0.000000 -0.592920
vt 1.149150 19.307220
vt 1.149150 19.595110
vt 1.032130 19.451031
vt 0.974240 19.595110
vt 0.973620 19.451031
vt 0.960810 19.451031
vt 0.972590 19.307220
vt 0.958230 19.307211
vt 0.948010 19.451031
vt 0.944120 19.307211
vt 0.935200 19.451031
vt 0.930410 19.307211
vt 0.922400 19.451031
vt 0.916910 19.307211
vt 0.909590 19.451031
vt 0.903470 19.307211
vt 0.896790 19.451031
vt 0.889960 19.307211
vt 0.883980 19.451031
vt 0.876210 19.307211
vt 0.871180 19.451031
vt 0.861860 19.451031
vt 0.878100 19.595110
vt 0.832910 19.595110
vt 0.960060 19.595119
vt 0.946300 19.595110
vt 0.932790 19.595110
vt 0.919360 19.595100
vt 0.905870 19.595110
vt 0.892190 19.595110
vt 0.739210 19.595110
vt 0.759470 19.451031
vt 0.854270 19.307190
vt 0.686140 19.594830
vt 0.686330 19.451031
vt 0.692750 19.307360
vt 0.677020 19.451031
vt 0.672660 19.594860
vt 0.665380 19.451031
vt 0.659620 19.595100
vt 0.653740 19.451031
vt 0.646110 19.595110
vt 0.642090 19.451031
vt 0.632680 19.595100
vt 0.630450 19.451031
vt 0.619200 19.595110
vt 0.616480 19.451031
vt 0.605530 19.595110
vt 0.602510 19.451031
vt 0.591470 19.595110
vt 0.588550 19.451031
vt 0.593770 19.307211
vt 0.607420 19.307211
vt 0.620890 19.307211
vt 0.634340 19.307211
vt 0.648900 19.307190
vt 0.661220 19.307230
vt 0.675120 19.307510
vt 0.981240 19.307220
vt 0.012190 -0.077480
vt 0.017800 0.097790
vt 0.012190 0.100740
vt 0.017800 0.098780
vt 0.024250 0.100610
vt 0.017800 0.086950
vt 0.017800 0.059370
vt 0.017800 0.020950
vt 0.024250 -0.091340
vt 0.017800 -0.059820
vt 0.017800 -0.091340
vt 0.012190 -0.094170
vt 0.012210 -0.132970
vt 0.024250 -0.129240
vt 0.017800 -0.167140
vt 0.012200 -0.168840
vt 0.012220 -0.200960
vt 0.017800 -0.229020
vt 0.012200 -0.229950
vt 0.012220 -0.255970
vt 0.017800 -0.278500
vt 0.012200 -0.279390
vt 0.012210 -0.300410
vt 0.012250 -0.328660
vt 0.017800 -0.318050
vt 0.017800 -0.304870
vt 0.024250 -0.298270
vt 0.024250 -0.278500
vt 0.011910 -0.493890
vt 0.017800 -0.433460
vt 0.017800 -0.378680
vt 0.017800 -0.351300
vt 0.024250 -0.351300
vt 0.017800 -0.340210
vt 0.024250 -0.318050
vt 0.017800 -0.481160
vt 0.011600 -0.528070
vt 0.024250 -0.505020
vt 0.024250 -0.540800
vt 0.017800 -0.576580
vt 0.024250 -0.576580
vt 0.024250 -0.615970
vt 0.012220 -0.604440
vt 0.017800 -0.655360
vt 0.012210 -0.645530
vt 0.012220 -0.679760
vt 0.012170 -0.566770
vt 0.017800 -0.718360
vt 0.012200 -0.710590
vt 0.012210 -0.738250
vt 0.017800 -0.751930
vt 0.012210 -0.771500
vt 0.017800 -0.768720
vt 0.012260 -0.778280
vt 0.017800 -0.796900
vt 0.012270 -0.789910
vt 0.012220 -0.800710
vt 0.012190 -0.811000
vt 0.024250 -0.811000
vt 0.024250 -0.791210
vt 0.024250 -0.771410
vt 0.024250 -0.771360
vt 0.024250 -0.771300
vt 0.024250 -0.768720
vt 0.024250 -0.743540
vt 0.024250 -0.718360
vt 0.024250 -0.686860
vt 0.024250 -0.655360
vt 0.024250 -0.433460
vt 0.024250 -0.253760
vt 0.024250 -0.229020
vt 0.024250 -0.198080
vt 0.024250 -0.167140
vt 0.017880 -0.322180
vt 0.012250 -0.285400
vt 0.011620 -0.356430
vt 0.017880 -0.343740
vt 0.024370 -0.354520
vt 0.024370 -0.322180
vt 0.011730 -0.366660
vt 0.024370 -0.370680
vt 0.012180 -0.379430
vt 0.017880 -0.386850
vt 0.012290 -0.397970
vt 0.024370 -0.405090
vt 0.012270 -0.416520
vt 0.017880 -0.423320
vt 0.012270 -0.432550
vt 0.017880 -0.452480
vt 0.012270 -0.447060
vt 0.012270 -0.459880
vt 0.017880 -0.468020
vt 0.012260 -0.471480
vt 0.017880 -0.475790
vt 0.017880 -0.488790
vt 0.024370 -0.475790
vt 0.024370 -0.495290
vt 0.017880 -0.495290
vt 0.017880 -0.511410
vt 0.012260 -0.545090
vt 0.017880 -0.543660
vt 0.017880 -0.548510
vt 0.024370 -0.543660
vt 0.017880 -0.567920
vt 0.024370 -0.572770
vt 0.017880 -0.572770
vt 0.024370 -0.578220
vt 0.017880 -0.583670
vt 0.024370 -0.583670
vt 0.024370 -0.588100
vt 0.017880 -0.592530
vt 0.024370 -0.592530
vt 0.017880 -0.594890
vt 0.024370 -0.596070
vt 0.017880 -0.599610
vt 0.024370 -0.599610
vt 0.024370 -0.602910
vt 0.017880 -0.604050
vt 0.024370 -0.606200
vt 0.012250 -0.606270
vt 0.012230 -0.600980
vt 0.012270 -0.598690
vt 0.012280 -0.596300
vt 0.012270 -0.592770
vt 0.012280 -0.588620
vt 0.012260 -0.584020
vt 0.012270 -0.578900
vt 0.012250 -0.572490
vt 0.012550 -0.569390
vt 0.024370 -0.464140
vt 0.024370 -0.452480
vt 0.024370 -0.437900
vt 0.024370 -0.423320
vt 0.024370 -0.386850
vt 0.024370 -0.285400
vt 0.000000 0.100600
vt 0.006630 0.098780
vt 0.012190 0.100770
vt 0.006630 0.097780
vt 0.006630 0.086950
vt -0.000000 -0.091340
vt -0.000000 -0.129240
vt 0.006630 -0.091420
vt 0.006630 -0.059820
vt 0.006630 0.020950
vt 0.012190 -0.091490
vt -0.000000 -0.167140
vt 0.006630 -0.167160
vt 0.012160 -0.127780
vt -0.000000 -0.198080
vt 0.006630 -0.229020
vt 0.012190 -0.199600
vt 0.012210 -0.229020
vt 0.012190 -0.254980
vt 0.006630 -0.278490
vt 0.012200 -0.278490
vt 0.012190 -0.299230
vt 0.006630 -0.304860
vt 0.012190 -0.318040
vt 0.006630 -0.318040
vt 0.012180 -0.319450
vt 0.006630 -0.340210
vt 0.006630 -0.351290
vt -0.000000 -0.351290
vt 0.006630 -0.378670
vt -0.000000 -0.433450
vt 0.006630 -0.433450
vt 0.006630 -0.481150
vt 0.012750 -0.504930
vt 0.012900 -0.518190
vt -0.000000 -0.505000
vt -0.000000 -0.540780
vt -0.000000 -0.229010
vt -0.000000 -0.253750
vt -0.000000 -0.278490
vt -0.000000 -0.298270
vt -0.000000 -0.318040
vt -0.000000 -0.576560
vt 0.006630 -0.576560
vt 0.012510 -0.544660
vt -0.000000 -0.615950
vt 0.012190 -0.617780
vt 0.012200 -0.576560
vt 0.006630 -0.655340
vt -0.000000 -0.655340
vt -0.000000 -0.686840
vt 0.006630 -0.718340
vt -0.000000 -0.718340
vt -0.000000 -0.743510
vt 0.006630 -0.751910
vt -0.000000 -0.768690
vt 0.006630 -0.768690
vt -0.000000 -0.771280
vt -0.000000 -0.771340
vt -0.000000 -0.771390
vt -0.000000 -0.791180
vt 0.006630 -0.796880
vt -0.000000 -0.810980
vt 0.012190 -0.810980
vt 0.012190 -0.808450
vt 0.012170 -0.803680
vt 0.012110 -0.787430
vt 0.012170 -0.771370
vt 0.012190 -0.768690
vt 0.012000 -0.747920
vt 0.012200 -0.718340
vt 0.012190 -0.688400
vt 0.012210 -0.655340
vt 0.012210 -0.167190
vt 0.006630 0.059370
vt 0.000000 -0.606490
vt 0.012250 -0.606560
vt 0.006550 -0.604340
vt 0.012350 -0.604950
vt 0.012290 -0.601180
vt 0.006550 -0.599900
vt 0.012250 -0.597770
vt 0.006550 -0.595170
vt 0.012260 -0.594060
vt 0.006550 -0.592810
vt 0.012260 -0.590020
vt 0.006550 -0.583940
vt 0.012260 -0.585590
vt 0.012250 -0.580790
vt 0.006550 -0.573040
vt 0.012250 -0.575500
vt 0.011710 -0.566110
vt 0.012250 -0.503820
vt 0.006550 -0.543920
vt 0.006550 -0.548770
vt 0.006550 -0.568190
vt -0.000000 -0.573040
vt -0.000000 -0.578490
vt -0.000000 -0.583940
vt -0.000000 -0.588370
vt 0.012250 -0.462560
vt 0.006550 -0.489020
vt 0.006550 -0.495520
vt 0.006550 -0.511650
vt -0.000000 -0.495520
vt -0.000000 -0.543920
vt 0.012260 -0.449510
vt 0.006550 -0.452700
vt 0.006550 -0.468240
vt 0.006550 -0.476020
vt -0.000000 -0.476020
vt 0.012260 -0.435110
vt 0.006550 -0.423520
vt -0.000000 -0.438110
vt -0.000000 -0.405280
vt 0.012240 -0.400240
vt 0.006550 -0.387040
vt 0.012280 -0.382980
vt 0.012830 -0.365680
vt 0.012260 -0.419280
vt 0.012320 -0.342960
vt 0.006550 -0.343900
vt -0.000000 -0.354680
vt -0.000000 -0.370860
vt 0.006550 -0.322330
vt 0.012250 -0.285540
vt -0.000000 -0.285540
vt -0.000000 -0.322330
vt -0.000000 -0.387040
vt -0.000000 -0.452700
vt -0.000000 -0.464360
vt -0.000000 -0.592810
vt -0.000000 -0.596350
vt -0.000000 -0.599900
vt -0.000000 -0.603190
vt 1.168810 19.006910
vt 1.168770 19.295090
vt 1.049780 19.150990
vt 0.990310 19.295090
vt 0.990270 19.150990
vt 0.977250 19.150990
vt 0.986180 19.007050
vt 0.972970 19.006920
vt 0.964220 19.150990
vt 0.959470 19.006901
vt 0.951200 19.150990
vt 0.944800 19.006910
vt 0.938170 19.150990
vt 0.931080 19.006910
vt 0.925150 19.150990
vt 0.917340 19.006910
vt 0.912130 19.150990
vt 0.903720 19.006910
vt 0.899100 19.150990
vt 0.889790 19.006910
vt 0.886080 19.150990
vt 0.882580 19.006929
vt 0.876600 19.150990
vt 0.872710 19.006929
vt 0.772460 19.150990
vt 0.743470 19.006920
vt 0.698070 19.150990
vt 0.684040 19.006969
vt 0.688600 19.150990
vt 0.676760 19.150990
vt 0.680180 19.294930
vt 0.669370 19.295090
vt 0.976650 19.295090
vt 0.961000 19.295090
vt 0.946950 19.295090
vt 0.933050 19.295090
vt 0.919440 19.295090
vt 0.905700 19.295090
vt 0.891970 19.295090
vt 0.877750 19.295090
vt 0.876600 19.295099
vt 0.698060 19.294809
vt 0.691180 19.294741
vt 0.664920 19.150990
vt 0.655360 19.295090
vt 0.653080 19.150990
vt 0.641400 19.295090
vt 0.641240 19.150990
vt 0.627790 19.295090
vt 0.627030 19.150990
vt 0.614050 19.295090
vt 0.612820 19.150990
vt 0.598560 19.295090
vt 0.598610 19.150990
vt 0.586130 19.295090
vt 0.601050 19.006910
vt 0.614930 19.006910
vt 0.628520 19.006910
vt 0.642280 19.006910
vt 0.656050 19.006910
vt 0.670260 19.006861
vt 0.011310 -0.025890
vt 0.017040 -0.005750
vt 0.011580 0.022360
vt 0.017040 0.015710
vt 0.023030 0.022370
vt 0.023030 -0.016470
vt 0.017040 -0.016470
vt 0.023030 -0.026200
vt 0.017040 -0.029440
vt 0.023030 -0.035930
vt 0.017040 -0.035930
vt 0.023030 -0.045070
vt 0.017040 -0.054210
vt 0.023030 -0.054210
vt 0.023030 -0.063130
vt 0.017040 -0.072050
vt 0.023030 -0.072050
vt 0.017040 -0.077860
vt 0.023030 -0.080770
vt 0.017040 -0.089490
vt 0.023030 -0.089490
vt 0.017040 -0.095080
vt 0.023030 -0.097890
vt 0.017040 -0.097890
vt 0.017040 -0.101900
vt 0.011570 -0.113570
vt 0.017040 -0.105920
vt 0.017040 -0.109940
vt 0.023030 -0.109940
vt 0.017040 -0.119570
vt 0.023030 -0.124380
vt 0.017040 -0.129190
vt 0.023030 -0.138810
vt 0.017040 -0.138810
vt 0.023030 -0.153190
vt 0.011610 -0.146740
vt 0.011590 -0.161190
vt 0.011570 -0.033570
vt 0.011600 -0.042190
vt 0.011590 -0.051710
vt 0.011590 -0.060660
vt 0.011590 -0.069620
vt 0.011590 -0.078360
vt 0.011580 -0.087120
vt 0.011550 -0.091490
vt 0.011550 -0.095070
vt 0.011470 -0.133260
vt 0.017040 -0.167570
vt 0.011590 -0.175290
vt 0.023030 -0.181600
vt 0.011590 -0.189400
vt 0.017040 -0.195630
vt 0.011590 -0.203190
vt 0.017040 -0.204770
vt 0.011580 -0.216990
vt 0.017040 -0.223050
vt 0.011500 -0.231250
vt 0.017040 -0.232880
vt 0.011550 -0.233070
vt 0.017040 -0.237790
vt 0.011580 -0.245820
vt 0.017040 -0.245210
vt 0.017040 -0.260060
vt 0.023030 -0.260060
vt 0.017040 -0.276340
vt 0.023030 -0.284480
vt 0.011570 -0.308910
vt 0.023030 -0.308910
vt 0.011580 -0.264010
vt 0.023030 -0.231230
vt 0.023030 -0.231210
vt 0.023030 -0.231190
vt 0.023030 -0.223050
vt 0.023030 -0.209340
vt 0.023030 -0.195630
vt 0.023030 -0.167570
vt 0.011610 -0.000020
vt 0.023090 0.000000
vt 0.023090 0.000200
vt -0.011610 0.000030
vt -0.023090 0.000200
vt -0.023090 0.000000
vt 0.011580 -0.164270
vt 0.017250 -0.158580
vt 0.011560 -0.155940
vt 0.017250 -0.157700
vt 0.023020 -0.155940
vt 0.023020 -0.158580
vt 0.017250 -0.168230
vt 0.011590 -0.175620
vt 0.017250 -0.187550
vt 0.011590 -0.189890
vt 0.011590 -0.204170
vt 0.011590 -0.218120
vt 0.017250 -0.215810
vt 0.023020 -0.201680
vt 0.023020 -0.187550
vt 0.023020 -0.173060
vt 0.017250 -0.225020
vt 0.011580 -0.232070
vt 0.017250 -0.243430
vt 0.011570 -0.245990
vt 0.017250 -0.254400
vt 0.011570 -0.267840
vt 0.017250 -0.259880
vt 0.017250 -0.267590
vt 0.023020 -0.259880
vt 0.023020 -0.306130
vt 0.017250 -0.298420
vt 0.017250 -0.306130
vt 0.011570 -0.304110
vt 0.011570 -0.306550
vt 0.011520 -0.308220
vt 0.017250 -0.309770
vt 0.023020 -0.308860
vt 0.023020 -0.311580
vt 0.017250 -0.311580
vt 0.023020 -0.313500
vt 0.017250 -0.315410
vt 0.023020 -0.315410
vt 0.023020 -0.317280
vt 0.017250 -0.319150
vt 0.023020 -0.319150
vt 0.023020 -0.320980
vt 0.017250 -0.321890
vt 0.023020 -0.322800
vt 0.017250 -0.322800
vt 0.023020 -0.323160
vt 0.011570 -0.323160
vt 0.011580 -0.320770
vt 0.011590 -0.318270
vt 0.011590 -0.316380
vt 0.011590 -0.314500
vt 0.011590 -0.312580
vt 0.011580 -0.310610
vt 0.023020 -0.243430
vt 0.023020 -0.229620
vt 0.023020 -0.215810
vt -0.000000 0.022420
vt 0.006100 0.015740
vt 0.011580 0.022420
vt 0.006100 -0.005760
vt 0.011700 -0.021000
vt 0.006100 -0.016510
vt 0.006100 -0.029510
vt -0.000000 -0.026260
vt -0.000000 -0.036010
vt -0.000000 -0.016510
vt 0.006100 -0.036010
vt -0.000000 -0.045170
vt 0.006100 -0.054330
vt -0.000000 -0.054330
vt -0.000000 -0.063270
vt 0.006100 -0.072200
vt -0.000000 -0.072200
vt 0.006100 -0.078030
vt -0.000000 -0.080940
vt 0.006100 -0.089670
vt -0.000000 -0.089680
vt 0.006100 -0.095290
vt -0.000000 -0.098090
vt 0.006100 -0.098090
vt 0.006100 -0.102120
vt 0.011580 -0.089670
vt 0.011590 -0.113950
vt 0.006100 -0.106150
vt 0.006100 -0.110180
vt -0.000000 -0.110180
vt 0.006100 -0.119820
vt -0.000000 -0.124640
vt 0.006100 -0.129460
vt -0.000000 -0.139110
vt 0.006100 -0.139110
vt -0.000000 -0.153520
vt 0.011590 -0.154730
vt 0.006100 -0.167930
vt 0.011590 -0.165760
vt 0.011610 -0.176740
vt -0.000000 -0.181980
vt 0.011600 -0.182800
vt 0.006100 -0.196040
vt 0.011590 -0.194270
vt 0.011590 -0.205710
vt 0.006100 -0.205200
vt 0.011590 -0.211440
vt 0.006100 -0.223520
vt 0.011580 -0.225450
vt 0.006100 -0.233370
vt 0.011650 -0.231710
vt 0.006100 -0.238300
vt 0.006100 -0.245740
vt -0.000000 -0.260610
vt 0.006100 -0.260610
vt 0.006100 -0.276930
vt 0.011630 -0.275190
vt 0.012040 -0.291410
vt -0.000000 -0.285090
vt 0.011870 -0.298770
vt -0.000000 -0.309570
vt 0.011600 -0.309570
vt -0.000000 -0.167930
vt -0.000000 -0.196040
vt -0.000000 -0.209780
vt -0.000000 -0.223520
vt -0.000000 -0.231690
vt -0.000000 -0.231700
vt -0.000000 -0.231720
vt 0.011580 -0.140780
vt 0.011670 -0.133930
vt 0.012030 -0.125270
vt 0.011580 -0.077710
vt 0.011570 -0.071510
vt 0.011570 -0.065390
vt 0.011580 -0.059270
vt 0.011570 -0.049990
vt 0.011560 -0.040090
vt 0.011690 -0.031130
vt 0.000000 0.000200
vt -0.011610 -0.000000
vt 0.011590 -0.322530
vt 0.005840 -0.323160
vt 0.011570 -0.323520
vt -0.000000 -0.323160
vt -0.000000 -0.323520
vt 0.005840 -0.322240
vt 0.011580 -0.320580
vt 0.005840 -0.319500
vt 0.011590 -0.318670
vt 0.011590 -0.316740
vt 0.005840 -0.315760
vt 0.011590 -0.314870
vt 0.011590 -0.312990
vt 0.005840 -0.311930
vt 0.011590 -0.311090
vt 0.005840 -0.310110
vt 0.011630 -0.308790
vt 0.005840 -0.306470
vt 0.011570 -0.305270
vt 0.005840 -0.298750
vt 0.011570 -0.274780
vt 0.005840 -0.267880
vt 0.011600 -0.255460
vt 0.005840 -0.260170
vt 0.005840 -0.254680
vt -0.000000 -0.260170
vt -0.000000 -0.243700
vt 0.005840 -0.243700
vt -0.000000 -0.229870
vt 0.005840 -0.225260
vt -0.000000 -0.216040
vt 0.005840 -0.216040
vt -0.000000 -0.201900
vt 0.011590 -0.208520
vt 0.011590 -0.195280
vt 0.011670 -0.250930
vt 0.011580 -0.237430
vt 0.011590 -0.222970
vt 0.005840 -0.187750
vt 0.011590 -0.182060
vt 0.005840 -0.168420
vt 0.011580 -0.167010
vt 0.005840 -0.158750
vt 0.011600 -0.156110
vt 0.005840 -0.157870
vt -0.000000 -0.156110
vt -0.000000 -0.158750
vt -0.000000 -0.173250
vt -0.000000 -0.187750
vt -0.000000 -0.306470
vt -0.000000 -0.309200
vt -0.000000 -0.313840
vt -0.000000 -0.315760
vt -0.000000 -0.317630
vt -0.000000 -0.319500
vt -0.000000 -0.321330
vt 1.751040 18.449089
vt 1.751000 18.995371
vt 1.572730 10.254910
vt 1.495920 18.995340
vt 1.483570 10.254920
vt 1.463610 18.995331
vt 1.458740 10.254920
vt 1.442620 18.995359
vt 1.433910 10.254920
vt 1.419710 18.995359
vt 1.407300 10.254920
vt 1.398430 18.995359
vt 1.380690 10.254920
vt 1.384420 18.995359
vt 1.370310 18.995359
vt 1.354080 10.254920
vt 1.355860 18.995359
vt 1.327280 18.995359
vt 1.112680 18.995359
vt 1.313280 10.254920
vt 1.327470 10.254920
vt 1.335290 1.514440
vt 1.356390 1.514430
vt 1.045810 18.995140
vt 1.045810 10.254930
vt 1.157260 10.254930
vt 1.254030 1.514450
vt 1.314230 1.514560
vt 1.031620 10.254930
vt 1.024220 18.995319
vt 1.013880 10.254930
vt 1.013610 18.995359
vt 0.996140 10.254930
vt 0.992860 18.995359
vt 0.978410 10.254930
vt 0.976700 18.995359
vt 0.960670 10.254940
vt 0.960670 18.995359
vt 0.951840 18.995359
vt 0.939380 10.254940
vt 0.935040 18.995359
vt 0.918090 10.254940
vt 0.918090 18.995359
vt 0.909510 18.995359
vt 0.896810 10.254940
vt 0.888060 18.995359
vt 0.908450 1.514430
vt 0.919000 1.514430
vt 0.940080 1.514430
vt 0.961160 1.514420
vt 0.982250 1.514430
vt 1.003350 1.514430
vt 1.024480 1.514440
vt 1.046960 1.514570
vt 0.887330 1.514520
vt 1.377470 1.514430
vt 1.398550 1.514420
vt 1.419630 1.514430
vt 1.440730 1.514430
vt 1.461850 1.514440
vt 1.481550 1.514650
vt 1.751040 4.792120
vt 1.751040 5.338400
vt 1.751040 5.884680
vt 1.751040 1.514450
vt 1.751040 2.060730
vt 1.751040 2.607000
vt 1.751040 3.153280
vt 1.751040 3.699560
vt 1.751040 4.245840
vt 1.751040 6.430960
vt 1.751040 6.977230
vt 1.751040 7.523510
vt 1.751040 8.069790
vt 1.751040 8.616070
vt 1.751040 9.162350
vt 1.751040 9.708630
vt 1.751040 10.254910
vt 1.751040 10.801190
vt 1.751040 11.347460
vt 1.751040 11.893740
vt 1.751040 12.440020
vt 1.751040 12.986300
vt 1.751040 13.532580
vt 1.751040 14.078860
vt 1.751040 14.625140
vt 1.751040 15.171420
vt 1.751040 15.717690
vt 1.751040 16.263969
vt 1.751040 16.810249
vt 1.751040 17.356529
vt 1.751040 17.902809
vt 0.028610 -0.143460
vt 0.043120 0.039450
vt 0.029020 0.121860
vt 0.043120 0.087860
vt 0.043120 0.099210
vt 0.057720 0.121920
vt 0.029040 -0.216160
vt 0.043120 -0.203600
vt 0.043120 -0.106110
vt 0.043120 -0.057370
vt 0.057720 -0.057370
vt 0.029050 -0.312950
vt 0.043120 -0.392130
vt 0.057720 -0.297860
vt 0.057720 -0.392130
vt 0.057720 -0.473900
vt 0.043120 -0.555680
vt 0.057720 -0.555680
vt 0.043120 -0.602970
vt 0.057720 -0.626620
vt 0.043120 -0.697560
vt 0.057720 -0.697560
vt 0.043120 -0.769160
vt 0.057720 -0.805560
vt 0.043120 -0.805560
vt 0.043120 -0.910510
vt 0.029020 -0.875060
vt 0.043120 -1.120410
vt 0.028780 -1.211470
vt 0.043120 -1.180910
vt 0.043120 -1.301900
vt 0.057720 -1.211160
vt 0.057720 -1.301900
vt 0.057720 -1.420920
vt 0.029060 -1.439550
vt 0.043120 -1.539940
vt 0.029060 -1.553380
vt 0.029070 -1.659440
vt 0.029050 -0.403060
vt 0.029060 -0.487030
vt 0.029050 -0.565240
vt 0.029050 -0.638090
vt 0.029020 -0.706120
vt 0.028790 -0.768770
vt 0.029040 -1.317250
vt 0.029060 -1.758230
vt 0.043120 -1.746440
vt 0.057720 -1.643190
vt 0.057720 -1.539940
vt 0.043120 -1.806150
vt 0.029060 -1.850260
vt 0.043120 -1.925570
vt 0.029050 -1.893950
vt 0.028870 -1.979240
vt 0.043120 -2.017670
vt 0.028820 -2.020030
vt 0.028990 -2.044150
vt 0.043120 -2.063720
vt 0.029020 -2.138330
vt 0.043120 -2.119430
vt 0.043120 -2.175140
vt 0.057720 -2.230840
vt 0.029020 -2.230840
vt 0.029020 -2.185120
vt 0.057720 -2.063720
vt 0.057720 -1.925570
vt 0.057720 -1.836010
vt 0.057720 -1.746440
vt 0.057720 -1.120410
vt 0.057720 -0.203600
vt 0.057720 -0.130480
vt 0.029030 -0.000050
vt 0.057740 0.000000
vt 0.057740 0.000550
vt -0.057740 0.000000
vt -0.029030 0.000080
vt -0.043380 0.000270
vt -0.057740 0.000550
vt 0.057740 -0.485550
vt 0.029030 -0.485550
vt 0.043210 -0.538090
vt 0.028960 -0.581150
vt 0.043210 -0.555280
vt 0.043210 -0.589670
vt 0.057740 -0.563880
vt 0.057740 -0.589670
vt 0.057740 -0.623600
vt 0.029080 -0.614570
vt 0.043210 -0.657540
vt 0.029060 -0.648810
vt 0.029070 -0.679880
vt 0.043210 -0.716420
vt 0.029070 -0.708890
vt 0.029070 -0.735850
vt 0.043210 -0.733440
vt 0.029050 -0.761010
vt 0.043210 -0.767500
vt 0.028820 -0.785120
vt 0.043210 -0.793820
vt 0.029010 -0.803200
vt 0.043210 -0.806980
vt 0.029030 -0.836380
vt 0.043210 -0.897990
vt 0.029030 -0.904910
vt 0.043210 -0.943490
vt 0.029030 -0.935600
vt 0.029030 -0.946930
vt 0.028900 -0.951840
vt 0.043210 -0.963640
vt 0.057740 -0.953550
vt 0.057740 -0.963610
vt 0.057740 -0.969910
vt 0.043210 -0.976240
vt 0.057740 -0.976210
vt 0.043210 -0.979850
vt 0.057740 -0.981670
vt 0.043210 -0.987140
vt 0.057740 -0.987140
vt 0.057740 -0.991880
vt 0.043210 -0.996620
vt 0.057740 -0.996620
vt 0.057740 -0.997640
vt 0.029030 -0.997640
vt 0.029060 -0.992170
vt 0.029060 -0.986210
vt 0.029080 -0.981930
vt 0.029070 -0.976270
vt 0.029080 -0.970200
vt 0.029060 -0.963680
vt 0.029070 -0.960120
vt 0.057740 -0.943490
vt 0.057740 -0.806980
vt 0.057740 -0.767500
vt 0.057740 -0.741960
vt 0.057740 -0.716420
vt 0.057740 -0.686980
vt 0.057740 -0.657540
vt 0.057740 -0.538090
vt -0.000000 0.121920
vt 0.014730 0.099210
vt 0.029020 0.121920
vt 0.014730 0.087860
vt 0.014730 0.039450
vt -0.000000 -0.057370
vt 0.014730 -0.057370
vt 0.014730 -0.106110
vt 0.029020 -0.016620
vt 0.029160 -0.119310
vt 0.014730 -0.203600
vt 0.029040 -0.245780
vt 0.029050 -0.340320
vt 0.014730 -0.392120
vt 0.029060 -0.428290
vt 0.029060 -0.510470
vt 0.014730 -0.555670
vt 0.029060 -0.586930
vt 0.014730 -0.602970
vt 0.029030 -0.657610
vt 0.014730 -0.697550
vt 0.029090 -0.724540
vt 0.014730 -0.769550
vt 0.029030 -0.796090
vt 0.014730 -0.805550
vt 0.014730 -0.910500
vt -0.000000 -0.805550
vt -0.000000 -1.120410
vt -0.000000 -0.130480
vt -0.000000 -0.203600
vt -0.000000 -0.297860
vt -0.000000 -0.392120
vt -0.000000 -0.473900
vt -0.000000 -0.555670
vt -0.000000 -0.626610
vt -0.000000 -0.697550
vt -0.000000 -1.211150
vt 0.014730 -1.180900
vt 0.014730 -1.120410
vt 0.029020 -0.932570
vt 0.014730 -1.301890
vt -0.000000 -1.301890
vt -0.000000 -1.420910
vt -0.000000 -1.539930
vt 0.014730 -1.539930
vt 0.029040 -1.473820
vt 0.029030 -1.354380
vt -0.000000 -1.643180
vt 0.014730 -1.746420
vt 0.029050 -1.688790
vt 0.029050 -1.785390
vt 0.014730 -1.806140
vt 0.029020 -1.874670
vt 0.014730 -1.925560
vt 0.029080 -1.959190
vt 0.014730 -2.017660
vt 0.029230 -2.019650
vt 0.029050 -2.045710
vt 0.014730 -2.063710
vt 0.029020 -2.086570
vt 0.014730 -2.119410
vt 0.029030 -2.159980
vt 0.014730 -2.175120
vt 0.029020 -2.230830
vt -0.000000 -2.230830
vt -0.000000 -2.063710
vt -0.000000 -1.746420
vt -0.000000 -1.835990
vt -0.000000 -1.925560
vt 0.029050 -1.584960
vt 0.029310 -1.240910
vt 0.029020 -1.126760
vt -0.000000 0.000550
vt -0.029030 -0.000000
vt 0.029030 -0.995330
vt 0.014710 -0.997810
vt 0.029030 -0.998830
vt -0.000000 -0.997810
vt 0.000000 -0.998830
vt 0.014710 -0.988320
vt 0.029050 -0.990560
vt 0.029060 -0.985440
vt 0.014710 -0.981020
vt 0.029060 -0.979950
vt 0.014710 -0.977370
vt 0.029060 -0.974070
vt 0.014710 -0.964760
vt 0.029050 -0.967750
vt 0.029050 -0.964430
vt 0.029030 -0.960830
vt 0.029180 -0.952460
vt 0.014710 -0.944620
vt 0.029030 -0.944620
vt 0.014710 -0.899060
vt 0.029030 -0.835270
vt 0.014710 -0.807950
vt 0.029270 -0.794190
vt 0.014710 -0.794770
vt 0.029100 -0.778470
vt 0.014710 -0.768410
vt 0.029030 -0.754290
vt 0.014710 -0.734320
vt 0.029060 -0.728780
vt 0.014710 -0.717270
vt 0.029060 -0.701230
vt 0.014710 -0.658320
vt 0.029060 -0.671630
vt 0.029050 -0.639940
vt -0.000000 -0.624350
vt 0.029050 -0.605890
vt 0.014710 -0.590370
vt 0.014710 -0.555940
vt -0.000000 -0.564550
vt -0.000000 -0.538730
vt 0.014710 -0.538730
vt -0.000000 -0.486130
vt 0.029030 -0.514990
vt 0.029030 -0.486130
vt 0.029030 -0.540440
vt -0.000000 -0.590370
vt -0.000000 -0.658320
vt -0.000000 -0.687800
vt -0.000000 -0.717270
vt -0.000000 -0.742840
vt -0.000000 -0.768410
vt -0.000000 -0.807950
vt -0.000000 -0.944610
vt -0.000000 -0.954690
vt -0.000000 -0.964760
vt -0.000000 -0.971070
vt -0.000000 -0.977370
vt -0.000000 -0.982850
vt -0.000000 -0.988320
vt -0.000000 -0.993060
vt 2.333680 1.214430
vt 2.333590 1.485580
vt 2.096030 1.350210
vt 2.131060 1.485580
vt 1.990990 1.485510
vt 1.977210 1.350210
vt 1.939930 1.485570
vt 1.953570 1.350210
vt 1.929930 1.350210
vt 1.953570 1.316250
vt 1.929930 1.316250
vt 1.953570 1.282290
vt 1.929930 1.282290
vt 1.953570 1.248330
vt 1.929930 1.248330
vt 1.934650 1.214370
vt 1.905700 1.214410
vt 1.906290 1.248330
vt 1.882650 1.248330
vt 1.882650 1.282290
vt 1.859000 1.282290
vt 1.859000 1.316250
vt 1.835360 1.316250
vt 1.835360 1.350210
vt 1.811720 1.350210
vt 1.827540 1.485560
vt 1.799730 1.485600
vt 1.911860 1.485560
vt 1.906290 1.350210
vt 1.906290 1.316250
vt 1.906290 1.282290
vt 1.883790 1.485560
vt 1.882650 1.350210
vt 1.882650 1.316250
vt 1.859000 1.350210
vt 1.855650 1.485560
vt 1.788080 1.350210
vt 1.771920 1.485550
vt 1.769170 1.350210
vt 1.750260 1.350210
vt 1.769170 1.316250
vt 1.750260 1.316250
vt 1.769170 1.282290
vt 1.750260 1.282290
vt 1.769170 1.248330
vt 1.750260 1.248330
vt 1.779210 1.214420
vt 1.731920 1.214430
vt 1.631430 1.248330
vt 1.520330 1.214430
vt 1.393790 1.248330
vt 1.399120 1.214520
vt 1.374880 1.248330
vt 1.369320 1.214420
vt 1.355960 1.248330
vt 1.332920 1.214410
vt 1.332320 1.248330
vt 1.308680 1.248330
vt 1.308680 1.282290
vt 1.285040 1.282290
vt 1.285040 1.316250
vt 1.261400 1.316250
vt 1.261400 1.350210
vt 1.237760 1.350210
vt 1.244620 1.485560
vt 1.216840 1.485600
vt 1.733880 1.485570
vt 1.631430 1.350210
vt 1.631430 1.316250
vt 1.631430 1.282290
vt 1.625380 1.485580
vt 1.452910 1.485580
vt 1.393790 1.350210
vt 1.384260 1.485430
vt 1.374880 1.350210
vt 1.356970 1.485570
vt 1.355960 1.350210
vt 1.332320 1.350210
vt 1.355960 1.316250
vt 1.332320 1.316250
vt 1.355960 1.282290
vt 1.332320 1.282290
vt 1.328900 1.485560
vt 1.308680 1.350210
vt 1.308680 1.316250
vt 1.300850 1.485560
vt 1.285040 1.350210
vt 1.272720 1.485560
vt 1.214120 1.350210
vt 1.189090 1.485540
vt 1.190480 1.350210
vt 1.192510 1.214430
vt 1.190480 1.248330
vt 1.190480 1.282290
vt 1.190480 1.316250
vt 1.214120 1.282290
vt 1.214120 1.316250
vt 1.237760 1.282290
vt 1.237760 1.316250
vt 1.261400 1.282290
vt 1.214120 1.248330
vt 1.219320 1.214390
vt 1.237760 1.248330
vt 1.248610 1.214410
vt 1.261400 1.248330
vt 1.276710 1.214400
vt 1.285040 1.248330
vt 1.304830 1.214410
vt 1.788080 1.248330
vt 1.793270 1.214420
vt 1.811720 1.248330
vt 1.821350 1.214410
vt 1.835360 1.248330
vt 1.849440 1.214410
vt 1.859000 1.248330
vt 1.877590 1.214410
vt 1.957190 1.214460
vt 1.977210 1.248330
vt 1.977210 1.282290
vt 1.977210 1.316250
vt 2.006210 1.214450
vt 2.075070 1.214430
vt 2.096030 1.248330
vt 2.096030 1.282290
vt 2.096030 1.316250
vt 1.374880 1.316250
vt 1.374880 1.282290
vt 1.393790 1.316250
vt 1.393790 1.282290
vt 1.788080 1.316250
vt 1.788080 1.282290
vt 1.811720 1.316250
vt 1.811720 1.282290
vt 1.835360 1.282290
vt 0.029020 -0.052510
vt 0.043000 0.088600
vt 0.029020 0.122890
vt 0.043000 0.100040
vt 0.057720 0.122930
vt 0.043000 0.039780
vt 0.043000 -0.057850
vt 0.028980 -0.103150
vt 0.043000 -0.106980
vt 0.028970 -0.186440
vt 0.043000 -0.205250
vt 0.029070 -0.265830
vt 0.043000 -0.395240
vt 0.029060 -0.362920
vt 0.029060 -0.450440
vt 0.043000 -0.560090
vt 0.029060 -0.532160
vt 0.029050 -0.608070
vt 0.043000 -0.607930
vt 0.029040 -0.678940
vt 0.043000 -0.703130
vt 0.029030 -0.712670
vt 0.043000 -0.775710
vt 0.029010 -0.805320
vt 0.043000 -0.812010
vt 0.029020 -1.065350
vt 0.043000 -0.917890
vt 0.043000 -1.129650
vt 0.057720 -1.129650
vt 0.043000 -1.190660
vt 0.057720 -1.221170
vt 0.043000 -1.312690
vt 0.057720 -1.312690
vt 0.057720 -1.432650
vt 0.029060 -1.468980
vt 0.043000 -1.552620
vt 0.029060 -1.582490
vt 0.029070 -1.688340
vt 0.028850 -1.212860
vt 0.029040 -1.309390
vt 0.029060 -1.786850
vt 0.043000 -1.760810
vt 0.057720 -1.656720
vt 0.057720 -1.552620
vt 0.043000 -1.821020
vt 0.029070 -1.882630
vt 0.043000 -1.941440
vt 0.029020 -1.965050
vt 0.043000 -2.034300
vt 0.028820 -2.036660
vt 0.029010 -2.069000
vt 0.043000 -2.080720
vt 0.029020 -2.159220
vt 0.043000 -2.136790
vt 0.043000 -2.192870
vt 0.057720 -2.248940
vt 0.029020 -2.248940
vt 0.029020 -2.204570
vt 0.057720 -2.080720
vt 0.057720 -1.941440
vt 0.057720 -1.851130
vt 0.057720 -1.760810
vt 0.057720 -0.812010
vt 0.057720 -0.703130
vt 0.057720 -0.631610
vt 0.057720 -0.560090
vt 0.057720 -0.477670
vt 0.057720 -0.395240
vt 0.057720 -0.300250
vt 0.057720 -0.205260
vt 0.057720 -0.131550
vt 0.057720 -0.057850
vt -0.029030 0.000060
vt 0.057740 -0.490030
vt 0.029030 -0.490030
vt 0.043200 -0.543150
vt 0.028690 -0.573170
vt 0.043200 -0.560510
vt 0.043200 -0.595210
vt 0.057740 -0.569180
vt 0.057740 -0.595210
vt 0.057740 -0.629450
vt 0.043200 -0.663680
vt 0.057740 -0.663680
vt 0.057740 -0.693380
vt 0.043200 -0.723080
vt 0.057740 -0.723080
vt 0.043200 -0.740260
vt 0.057740 -0.748850
vt 0.043200 -0.774630
vt 0.057740 -0.774630
vt 0.043200 -0.801190
vt 0.057740 -0.814460
vt 0.043200 -0.814460
vt 0.043200 -0.906310
vt 0.029030 -0.839690
vt 0.029030 -0.951430
vt 0.029050 -0.612510
vt 0.029060 -0.646810
vt 0.029070 -0.678730
vt 0.029070 -0.708490
vt 0.029060 -0.736180
vt 0.029070 -0.761990
vt 0.028950 -0.786600
vt 0.043200 -0.952240
vt 0.029050 -0.966800
vt 0.043200 -0.972530
vt 0.029060 -0.974050
vt 0.029080 -0.980530
vt 0.043200 -0.985230
vt 0.029070 -0.986560
vt 0.043200 -0.988910
vt 0.029080 -0.992180
vt 0.043200 -0.996200
vt 0.029060 -0.996150
vt 0.029060 -1.001710
vt 0.043200 -1.005820
vt 0.029030 -1.006840
vt 0.057740 -1.006840
vt 0.057740 -1.005820
vt 0.057740 -1.001030
vt 0.057740 -0.996250
vt 0.057740 -0.990740
vt 0.057740 -0.985230
vt 0.057740 -0.978880
vt 0.057740 -0.972530
vt 0.057740 -0.962380
vt 0.057740 -0.952240
vt 0.057740 -0.543150
vt 0.028810 0.073520
vt 0.029020 0.122920
vt 0.014770 0.100040
vt -0.000000 0.122930
vt 0.014770 0.088600
vt -0.000000 -0.057850
vt 0.014770 0.039780
vt 0.014770 -0.057850
vt 0.028830 -0.000660
vt 0.028950 -0.066390
vt 0.014770 -0.106980
vt 0.029130 -0.116410
vt 0.014770 -0.205250
vt 0.029040 -0.200050
vt 0.029040 -0.322100
vt 0.014770 -0.395240
vt 0.029060 -0.412270
vt 0.029050 -0.496370
vt 0.014770 -0.560090
vt 0.029060 -0.574710
vt 0.014770 -0.607770
vt 0.029050 -0.647760
vt 0.014770 -0.703120
vt 0.029050 -0.715840
vt 0.014770 -0.775710
vt 0.029210 -0.777900
vt 0.014770 -0.812000
vt 0.014770 -0.917880
vt -0.000000 -0.812000
vt -0.000000 -1.129640
vt -0.000000 -0.131550
vt -0.000000 -0.205250
vt -0.000000 -0.300250
vt -0.000000 -0.395240
vt -0.000000 -0.477660
vt -0.000000 -0.560090
vt -0.000000 -0.631600
vt -0.000000 -0.703120
vt -0.000000 -1.221160
vt 0.014770 -1.190650
vt 0.014770 -1.129640
vt 0.029020 -1.051070
vt 0.014770 -1.312680
vt -0.000000 -1.312680
vt -0.000000 -1.432650
vt -0.000000 -1.552610
vt 0.014770 -1.552610
vt 0.029040 -1.488470
vt 0.029040 -1.368200
vt -0.000000 -1.656700
vt 0.014770 -1.760790
vt 0.029050 -1.704880
vt 0.029050 -1.802120
vt 0.014770 -1.821010
vt 0.029020 -1.892610
vt 0.014770 -1.941430
vt 0.029100 -1.978490
vt 0.014770 -2.034280
vt 0.029230 -2.036280
vt 0.029060 -2.062560
vt 0.014770 -2.080700
vt 0.029020 -2.103420
vt 0.014770 -2.136780
vt 0.029030 -2.177460
vt 0.014770 -2.192850
vt 0.029020 -2.248920
vt -0.000000 -2.248920
vt -0.000000 -2.080700
vt -0.000000 -1.760790
vt -0.000000 -1.851110
vt -0.000000 -1.941430
vt 0.029050 -1.600360
vt 0.029030 -1.304860
vt 0.029030 -1.004310
vt 0.014710 -1.006410
vt 0.029030 -1.007440
vt -0.000000 -1.006410
vt -0.000000 -1.007440
vt 0.029050 -0.999530
vt 0.014710 -0.996840
vt -0.000000 -1.001630
vt -0.000000 -0.996840
vt -0.000000 -0.991330
vt 0.014710 -0.989490
vt -0.000000 -0.985820
vt 0.014710 -0.985820
vt -0.000000 -0.979460
vt 0.014710 -0.973230
vt -0.000000 -0.973110
vt -0.000000 -0.962950
vt 0.014710 -0.952800
vt -0.000000 -0.952800
vt 0.014710 -0.906850
vt -0.000000 -0.814950
vt 0.014710 -0.814950
vt 0.014710 -0.801660
vt 0.029110 -0.785840
vt 0.014710 -0.775090
vt 0.029030 -0.761310
vt 0.014710 -0.740700
vt 0.029060 -0.735490
vt 0.014710 -0.723510
vt 0.029060 -0.707740
vt 0.014710 -0.664070
vt 0.029060 -0.677910
vt 0.029050 -0.645980
vt 0.029060 -0.994410
vt 0.029060 -0.988910
vt 0.029060 -0.983020
vt 0.029050 -0.976680
vt 0.029060 -0.973350
vt 0.029070 -0.965820
vt 0.029170 -0.961470
vt 0.029030 -0.945210
vt 0.029030 -0.834500
vt 0.014710 -0.595570
vt 0.029050 -0.611680
vt 0.029230 -0.568120
vt 0.029030 -0.490320
vt 0.014710 -0.543480
vt 0.014710 -0.560840
vt -0.000000 -0.569520
vt -0.000000 -0.595570
vt -0.000000 -0.490320
vt -0.000000 -0.543480
vt -0.000000 -0.629820
vt -0.000000 -0.664070
vt -0.000000 -0.693790
vt -0.000000 -0.723510
vt -0.000000 -0.749300
vt -0.000000 -0.775090
vt 2.383220 1.185560
vt 2.309370 1.185970
vt 2.383300 0.592780
vt 2.140600 0.592770
vt 2.140600 0.444940
vt 2.019250 0.592760
vt 2.019250 0.444940
vt 1.995110 0.592760
vt 1.995110 0.444940
vt 1.970970 0.592760
vt 1.970970 0.444940
vt 1.946820 0.592760
vt 1.946820 0.444940
vt 1.922680 0.592760
vt 1.922680 0.444940
vt 1.898540 0.592760
vt 1.898540 0.444940
vt 1.874390 0.592760
vt 1.874390 0.444940
vt 1.850250 0.592760
vt 1.850250 0.444940
vt 1.826110 0.592760
vt 1.826110 0.444940
vt 1.806790 0.592750
vt 1.806790 0.444940
vt 1.787480 0.592750
vt 1.787480 0.444940
vt 1.666130 0.592750
vt 1.666130 0.444940
vt 1.423430 0.592740
vt 1.423430 0.444940
vt 1.404110 0.592740
vt 1.404110 0.444940
vt 1.384800 0.592740
vt 1.384800 0.444940
vt 1.360660 0.592740
vt 1.360660 0.444940
vt 1.336510 0.592730
vt 1.336510 0.444940
vt 1.312370 0.592730
vt 1.312370 0.444940
vt 1.288230 0.592730
vt 1.288230 0.444940
vt 1.264080 0.592730
vt 1.264080 0.444940
vt 1.239940 0.592730
vt 1.239940 0.444940
vt 1.215800 0.592730
vt 1.215800 0.444940
vt 1.191650 0.592730
vt 1.191650 0.000000
vt 2.200620 1.185930
vt 2.096200 1.185700
vt 2.036580 1.185510
vt 1.994880 1.185550
vt 1.959000 1.185550
vt 1.930330 1.185540
vt 1.901600 1.185540
vt 1.872880 1.185540
vt 1.844180 1.185550
vt 1.815590 1.185550
vt 1.786870 1.185460
vt 1.565700 1.185560
vt 1.399610 1.185550
vt 1.385230 1.185550
vt 1.356570 1.185540
vt 1.327900 1.185540
vt 1.299170 1.185540
vt 1.270470 1.185540
vt 1.241900 1.185580
vt 1.213330 1.185520
vt 1.191650 1.185460
vt 1.220620 0.000000
vt 1.215800 0.037080
vt 1.215800 0.074160
vt 1.215800 0.111240
vt 1.239940 0.074160
vt 1.239940 0.111240
vt 1.264080 0.074160
vt 1.264080 0.111240
vt 1.288230 0.074160
vt 1.288230 0.111240
vt 1.312370 0.074160
vt 1.312370 0.111240
vt 1.336510 0.074160
vt 1.336510 0.111240
vt 1.360660 0.074160
vt 1.360660 0.111240
vt 1.384800 0.074160
vt 1.384800 0.111240
vt 1.404110 0.074160
vt 1.404110 0.111240
vt 1.423430 0.074160
vt 1.423430 0.111240
vt 1.666130 0.074160
vt 1.666130 0.111240
vt 1.787480 0.074160
vt 1.787480 0.111240
vt 1.806790 0.074160
vt 1.806790 0.111240
vt 1.826110 0.074160
vt 1.826110 0.111240
vt 1.850250 0.074160
vt 1.850250 0.111240
vt 1.874390 0.074160
vt 1.874390 0.111240
vt 1.898540 0.074160
vt 1.898540 0.111240
vt 1.922680 0.074160
vt 1.922680 0.111240
vt 1.946820 0.074160
vt 1.946820 0.111240
vt 1.970970 0.074160
vt 1.970970 0.111240
vt 1.995110 0.074160
vt 1.995110 0.111240
vt 2.019250 0.074160
vt 2.019250 0.111240
vt 2.140600 0.074160
vt 2.140600 0.111240
vt 2.383300 0.000000
vt 2.140600 0.148310
vt 2.140600 0.222470
vt 2.019250 0.222470
vt 2.019250 0.296630
vt 1.995110 0.296630
vt 1.239940 0.037080
vt 1.249600 0.000000
vt 1.264080 0.037080
vt 1.278570 0.000000
vt 1.288230 0.037080
vt 1.307540 0.000000
vt 1.312370 0.037080
vt 1.336510 0.000000
vt 1.336510 0.037080
vt 1.360660 0.037080
vt 1.365480 0.000000
vt 1.384800 0.037080
vt 1.394460 0.000000
vt 1.404110 0.037080
vt 1.423430 0.000000
vt 1.423430 0.037080
vt 1.666130 0.037080
vt 1.787480 0.000000
vt 1.787480 0.037080
vt 1.806790 0.037080
vt 1.816450 0.000000
vt 1.826110 0.037080
vt 1.845420 0.000000
vt 1.850250 0.037080
vt 1.874390 0.000000
vt 1.874390 0.037080
vt 1.898540 0.037080
vt 1.903370 0.000000
vt 1.922680 0.037080
vt 1.932340 0.000000
vt 1.946820 0.037080
vt 1.961310 0.000000
vt 1.970970 0.037080
vt 1.990280 0.000000
vt 1.995110 0.037080
vt 2.019250 0.000000
vt 2.019250 0.037080
vt 2.140600 0.037080
vt 2.140600 0.296630
vt 1.215800 0.148310
vt 1.215800 0.222470
vt 1.239940 0.148310
vt 1.239940 0.222470
vt 1.264080 0.148310
vt 1.264080 0.222470
vt 1.288230 0.148310
vt 1.288230 0.222470
vt 1.312370 0.148310
vt 1.312370 0.222470
vt 1.336510 0.148310
vt 1.336510 0.222470
vt 1.360660 0.148310
vt 1.360660 0.222470
vt 1.384800 0.148310
vt 1.384800 0.222470
vt 1.404110 0.148310
vt 1.404110 0.222470
vt 1.423430 0.148310
vt 1.423430 0.222470
vt 1.666130 0.148310
vt 1.666130 0.222470
vt 1.787480 0.148310
vt 1.787480 0.222470
vt 1.806790 0.148310
vt 1.806790 0.222470
vt 1.826110 0.148310
vt 1.826110 0.222470
vt 1.850250 0.148310
vt 1.850250 0.222470
vt 1.874390 0.148310
vt 1.874390 0.222470
vt 1.898540 0.148310
vt 1.898540 0.222470
vt 1.922680 0.148310
vt 1.922680 0.222470
vt 1.946820 0.148310
vt 1.946820 0.222470
vt 1.970970 0.148310
vt 1.970970 0.222470
vt 1.995110 0.148310
vt 1.995110 0.222470
vt 2.019250 0.148310
vt 1.215800 0.296630
vt 1.239940 0.296630
vt 1.264080 0.296630
vt 1.288230 0.296630
vt 1.312370 0.296630
vt 1.336510 0.296630
vt 1.360660 0.296630
vt 1.384800 0.296630
vt 1.404110 0.296630
vt 1.423430 0.296630
vt 1.666130 0.296630
vt 1.787480 0.296630
vt 1.806790 0.296630
vt 1.826110 0.296630
vt 1.850250 0.296630
vt 1.874390 0.296630
vt 1.898540 0.296630
vt 1.922680 0.296630
vt 1.946820 0.296630
vt 1.970970 0.296630
vt 0.381940 0.181810
vt 0.031820 -0.018180
vt 0.381820 -0.218180
vt 0.231700 -0.368330
vt 0.378830 -0.247420
vt 0.370170 -0.275540
vt 0.356320 -0.301490
vt 0.337740 -0.324240
vt 0.315000 -0.342830
vt 0.289050 -0.356690
vt 0.260930 -0.365350
vt 0.231820 0.331960
vt 0.378960 0.211050
vt 0.370310 0.239170
vt 0.356450 0.265120
vt 0.337860 0.287870
vt 0.315120 0.306460
vt 0.289170 0.320320
vt 0.261050 0.328980
vt -0.168060 0.331970
vt -0.318180 0.181820
vt -0.318300 -0.218180
vt -0.197300 0.328980
vt -0.225410 0.320320
vt -0.251360 0.306460
vt -0.274100 0.287880
vt -0.292680 0.265130
vt -0.306530 0.239180
vt -0.315190 0.211060
vt -0.315330 -0.247410
vt -0.306670 -0.275530
vt -0.292810 -0.301490
vt -0.274230 -0.324230
vt -0.251480 -0.342820
vt -0.225530 -0.356680
vt -0.197420 -0.365340
vt -0.168180 -0.368330
s 1
usemtl body.001
f 1/1/1 2/2/2 3/3/1
f 3/3/1 2/2/2 4/4/3
f 3/3/1 4/4/3 5/5/2
f 5/5/2 4/4/3 6/6/4
f 5/5/2 6/6/4 7/7/5
f 7/7/5 6/6/4 8/8/6
f 7/7/5 8/8/6 9/9/7
f 9/9/7 8/8/6 10/10/8
f 9/9/7 10/10/8 11/11/9
f 11/11/9 10/10/8 12/12/10
f 11/11/9 12/12/10 13/13/11
f 13/13/11 12/12/10 14/14/12
f 13/13/11 14/14/12 15/15/12
f 15/15/12 14/14/12 16/16/13
f 15/15/12 16/16/13 17/17/14
f 17/17/14 16/16/13 18/18/15
f 17/17/14 18/18/15 19/19/15
f 19/19/15 18/18/15 20/20/16
f 19/19/15 20/20/16 21/21/17
f 21/21/17 20/20/16 22/22/18
f 21/21/17 22/22/18 23/23/18
f 23/23/18 22/22/18 24/24/19
f 23/23/18 24/24/19 25/25/20
f 25/25/20 24/24/19 26/26/21
f 25/25/20 26/26/21 27/27/22
f 27/27/22 26/26/21 28/28/23
f 27/27/22 28/28/23 29/29/24
f 29/29/24 28/28/23 30/30/25
f 29/29/24 30/30/25 31/31/26
f 31/31/26 30/30/25 32/32/27
f 31/31/26 32/32/27 33/33/28
f 33/33/28 32/32/27 34/34/29
f 33/33/28 34/34/29 35/35/29
f 35/35/29 34/34/29 36/36/30
f 35/35/29 36/36/30 37/37/31
f 37/37/31 36/36/30 38/38/32
f 37/37/31 38/38/32 39/39/33
f 39/39/33 38/38/32 40/40/34
f 39/39/33 40/40/34 41/41/35
f 41/41/35 40/40/34 42/42/36
f 41/41/35 42/42/36 43/43/37
f 43/43/37 42/42/36 44/44/38
f 43/43/37 44/44/38 45/45/39
f 45/45/39 44/44/38 46/46/40
f 45/45/39 46/46/40 47/47/41
f 47/47/41 46/46/40 48/48/42
f 47/47/41 48/48/42 49/49/43
f 49/49/43 48/48/42 50/50/44
f 49/49/43 50/50/44 51/51/45
f 51/51/45 50/50/44 52/52/46
f 51/51/45 52/52/46 53/53/47
f 53/53/47 52/52/46 54/54/48
f 53/53/47 54/54/48 55/55/49
f 55/55/49 54/54/48 56/56/50
f 55/55/49 56/56/50 57/57/51
f 58/58/52 59/59/1 1/1/1
f 1/1/1 59/59/1 60/60/1
f 1/1/1 60/60/1 61/61/53
f 1/1/1 61/61/53 62/62/3
f 62/62/3 61/61/53 63/63/54
f 62/62/3 63/63/54 64/64/4
f 65/65/55 66/66/56 64/64/4
f 64/64/4 66/66/56 67/67/57
f 64/64/4 67/67/57 62/62/3
f 62/62/3 67/67/57 68/68/4
f 62/62/3 68/68/4 69/69/3
f 69/69/3 68/68/4 2/2/2
f 69/69/3 2/2/2 1/1/1
f 66/66/56 65/65/55 70/70/58
f 70/70/58 65/65/55 71/71/59
f 70/70/58 71/71/59 72/72/60
f 72/72/60 71/71/59 73/73/61
f 72/72/60 73/73/61 74/74/62
f 74/74/62 73/73/61 75/75/14
f 74/74/62 75/75/14 76/76/63
f 76/76/63 75/75/14 77/77/64
f 76/76/63 77/77/64 78/78/65
f 78/78/65 77/77/64 79/79/66
f 78/78/65 79/79/66 16/16/13
f 16/16/13 79/79/66 18/18/15
f 73/73/61 80/80/67 75/75/14
f 75/75/14 80/80/67 81/81/68
f 75/75/14 81/81/68 77/77/64
f 77/77/64 81/81/68 82/82/69
f 77/77/64 82/82/69 79/79/66
f 79/79/66 82/82/69 83/83/70
f 79/79/66 83/83/70 18/18/15
f 18/18/15 83/83/70 20/20/16
f 80/80/67 84/84/71 81/81/68
f 81/81/68 84/84/71 85/85/72
f 81/81/68 85/85/72 82/82/69
f 82/82/69 85/85/72 86/86/18
f 82/82/69 86/86/18 83/83/70
f 83/83/70 86/86/18 87/87/18
f 83/83/70 87/87/18 20/20/16
f 20/20/16 87/87/18 22/22/18
f 84/84/71 88/88/73 85/85/72
f 85/85/72 88/88/73 89/89/18
f 85/85/72 89/89/18 86/86/18
f 86/86/18 89/89/18 90/90/74
f 86/86/18 90/90/74 87/87/18
f 87/87/18 90/90/74 91/91/75
f 87/87/18 91/91/75 22/22/18
f 22/22/18 91/91/75 24/24/19
f 88/88/73 92/92/76 89/89/18
f 89/89/18 92/92/76 93/93/77
f 89/89/18 93/93/77 90/90/74
f 90/90/74 93/93/77 94/94/21
f 90/90/74 94/94/21 91/91/75
f 91/91/75 94/94/21 95/95/22
f 91/91/75 95/95/22 24/24/19
f 24/24/19 95/95/22 26/26/21
f 93/93/77 92/92/76 96/96/22
f 96/96/22 92/92/76 97/97/78
f 96/96/22 97/97/78 98/98/79
f 98/98/79 97/97/78 99/99/25
f 98/98/79 99/99/25 100/100/80
f 100/100/80 99/99/25 101/101/81
f 100/100/80 101/101/81 102/102/82
f 102/102/82 101/101/81 103/103/83
f 102/102/82 103/103/83 104/104/29
f 104/104/29 103/103/83 105/105/84
f 104/104/29 105/105/84 106/106/85
f 106/106/85 105/105/84 107/107/86
f 106/106/85 107/107/86 108/108/87
f 108/108/87 107/107/86 109/109/88
f 108/108/87 109/109/88 110/110/89
f 110/110/89 109/109/88 111/111/90
f 110/110/89 111/111/90 112/112/91
f 112/112/91 111/111/90 113/113/92
f 112/112/91 113/113/92 114/114/93
f 114/114/93 113/113/92 115/115/94
f 114/114/93 115/115/94 116/116/95
f 116/116/95 115/115/94 117/117/96
f 116/116/95 117/117/96 118/118/97
f 118/118/97 117/117/96 50/50/44
f 118/118/97 50/50/44 119/119/98
f 119/119/98 50/50/44 48/48/42
f 119/119/98 48/48/42 46/46/40
f 115/115/94 120/120/99 117/117/96
f 117/117/96 120/120/99 121/121/44
f 117/117/96 121/121/44 50/50/44
f 120/120/99 122/122/100 121/121/44
f 52/52/46 50/50/44 123/123/98
f 123/123/98 50/50/44 124/124/101
f 123/123/98 124/124/101 54/54/48
f 54/54/48 124/124/101 56/56/50
f 55/55/49 57/57/51 125/125/37
f 125/125/37 57/57/51 126/126/102
f 125/125/37 126/126/102 127/127/103
f 127/127/103 126/126/102 128/128/104
f 127/127/103 128/128/104 129/129/105
f 129/129/105 128/128/104 130/130/106
f 129/129/105 130/130/106 131/131/105
f 131/131/105 130/130/106 132/132/107
f 131/131/105 132/132/107 133/133/108
f 133/133/108 132/132/107 134/134/30
f 133/133/108 134/134/30 39/39/33
f 39/39/33 134/134/30 37/37/31
f 128/128/104 135/135/109 130/130/106
f 130/130/106 135/135/109 136/136/29
f 130/130/106 136/136/29 132/132/107
f 132/132/107 136/136/29 137/137/29
f 132/132/107 137/137/29 134/134/30
f 134/134/30 137/137/29 138/138/29
f 134/134/30 138/138/29 37/37/31
f 37/37/31 138/138/29 35/35/29
f 135/135/109 139/139/110 136/136/29
f 136/136/29 139/139/110 140/140/111
f 136/136/29 140/140/111 137/137/29
f 137/137/29 140/140/111 141/141/27
f 137/137/29 141/141/27 138/138/29
f 138/138/29 141/141/27 142/142/111
f 138/138/29 142/142/111 35/35/29
f 35/35/29 142/142/111 33/33/28
f 139/139/110 143/143/25 140/140/111
f 140/140/111 143/143/25 144/144/112
f 140/140/111 144/144/112 141/141/27
f 141/141/27 144/144/112 145/145/112
f 141/141/27 145/145/112 142/142/111
f 142/142/111 145/145/112 146/146/112
f 142/142/111 146/146/112 33/33/28
f 33/33/28 146/146/112 31/31/26
f 144/144/112 143/143/25 147/147/113
f 147/147/113 143/143/25 148/148/22
f 147/147/113 148/148/22 149/149/114
f 149/149/114 148/148/22 150/150/115
f 149/149/114 150/150/115 151/151/21
f 151/151/21 150/150/115 152/152/116
f 151/151/21 152/152/116 153/153/21
f 153/153/21 152/152/116 154/154/19
f 153/153/21 154/154/19 27/27/22
f 27/27/22 154/154/19 25/25/20
f 148/148/22 155/155/117 150/150/115
f 150/150/115 155/155/117 156/156/18
f 150/150/115 156/156/18 152/152/116
f 152/152/116 156/156/18 157/157/18
f 152/152/116 157/157/18 154/154/19
f 154/154/19 157/157/18 158/158/118
f 154/154/19 158/158/118 25/25/20
f 25/25/20 158/158/118 23/23/18
f 155/155/117 159/159/119 156/156/18
f 156/156/18 159/159/119 160/160/70
f 156/156/18 160/160/70 157/157/18
f 157/157/18 160/160/70 161/161/120
f 157/157/18 161/161/120 158/158/118
f 158/158/118 161/161/120 162/162/121
f 158/158/118 162/162/121 23/23/18
f 23/23/18 162/162/121 21/21/17
f 159/159/119 163/163/64 160/160/70
f 160/160/70 163/163/64 164/164/122
f 160/160/70 164/164/122 161/161/120
f 161/161/120 164/164/122 165/165/123
f 161/161/120 165/165/123 162/162/121
f 162/162/121 165/165/123 166/166/15
f 162/162/121 166/166/15 21/21/17
f 21/21/17 166/166/15 19/19/15
f 164/164/122 163/163/64 167/167/124
f 167/167/124 163/163/64 168/168/125
f 167/167/124 168/168/125 169/169/126
f 169/169/126 168/168/125 170/170/127
f 169/169/126 170/170/127 171/171/128
f 171/171/128 170/170/127 172/172/129
f 171/171/128 172/172/129 173/173/130
f 173/173/130 172/172/129 174/174/131
f 173/173/130 174/174/131 175/175/7
f 175/175/7 174/174/131 176/176/57
f 175/175/7 176/176/57 177/177/4
f 177/177/4 176/176/57 178/178/132
f 177/177/4 178/178/132 179/179/57
f 179/179/57 178/178/132 180/180/133
f 179/179/57 180/180/133 181/181/57
f 181/181/57 180/180/133 182/182/2
f 181/181/57 182/182/2 7/7/5
f 7/7/5 182/182/2 5/5/2
f 176/176/57 3/3/1 178/178/132
f 178/178/132 3/3/1 180/180/133
f 54/54/48 52/52/46 123/123/98
f 180/180/133 3/3/1 182/182/2
f 182/182/2 3/3/1 5/5/2
f 62/62/3 69/69/3 1/1/1
f 175/175/7 177/177/4 183/183/6
f 183/183/6 177/177/4 179/179/57
f 183/183/6 179/179/57 184/184/134
f 184/184/134 179/179/57 181/181/57
f 184/184/134 181/181/57 9/9/7
f 9/9/7 181/181/57 7/7/5
f 173/173/130 175/175/7 185/185/8
f 185/185/8 175/175/7 183/183/6
f 185/185/8 183/183/6 186/186/135
f 186/186/135 183/183/6 184/184/134
f 186/186/135 184/184/134 11/11/9
f 11/11/9 184/184/134 9/9/7
f 171/171/128 173/173/130 187/187/136
f 187/187/136 173/173/130 185/185/8
f 187/187/136 185/185/8 188/188/137
f 188/188/137 185/185/8 186/186/135
f 188/188/137 186/186/135 13/13/11
f 13/13/11 186/186/135 11/11/9
f 169/169/126 171/171/128 189/189/138
f 189/189/138 171/171/128 187/187/136
f 189/189/138 187/187/136 190/190/12
f 190/190/12 187/187/136 188/188/137
f 190/190/12 188/188/137 15/15/12
f 15/15/12 188/188/137 13/13/11
f 165/165/123 164/164/122 167/167/124
f 167/167/124 169/169/126 191/191/139
f 191/191/139 169/169/126 189/189/138
f 191/191/139 189/189/138 192/192/140
f 192/192/140 189/189/138 190/190/12
f 192/192/140 190/190/12 17/17/14
f 17/17/14 190/190/12 15/15/12
f 145/145/112 144/144/112 147/147/113
f 147/147/113 149/149/114 193/193/141
f 193/193/141 149/149/114 151/151/21
f 193/193/141 151/151/21 194/194/24
f 194/194/24 151/151/21 153/153/21
f 194/194/24 153/153/21 29/29/24
f 29/29/24 153/153/21 27/27/22
f 127/127/103 129/129/105 195/195/142
f 195/195/142 129/129/105 131/131/105
f 195/195/142 131/131/105 196/196/143
f 196/196/143 131/131/105 133/133/108
f 196/196/143 133/133/108 41/41/35
f 41/41/35 133/133/108 39/39/33
f 125/125/37 127/127/103 197/197/36
f 197/197/36 127/127/103 195/195/142
f 197/197/36 195/195/142 198/198/144
f 198/198/144 195/195/142 196/196/143
f 198/198/144 196/196/143 43/43/37
f 43/43/37 196/196/143 41/41/35
f 55/55/49 125/125/37 199/199/145
f 199/199/145 125/125/37 197/197/36
f 199/199/145 197/197/36 200/200/146
f 200/200/146 197/197/36 198/198/144
f 200/200/146 198/198/144 45/45/39
f 45/45/39 198/198/144 43/43/37
f 114/114/93 116/116/95 201/201/147
f 201/201/147 116/116/95 118/118/97
f 201/201/147 118/118/97 202/202/148
f 202/202/148 118/118/97 119/119/98
f 202/202/148 119/119/98 46/46/40
f 112/112/91 114/114/93 203/203/149
f 203/203/149 114/114/93 201/201/147
f 203/203/149 201/201/147 204/204/38
f 204/204/38 201/201/147 202/202/148
f 204/204/38 202/202/148 44/44/38
f 44/44/38 202/202/148 46/46/40
f 110/110/89 112/112/91 205/205/144
f 205/205/144 112/112/91 203/203/149
f 205/205/144 203/203/149 206/206/150
f 206/206/150 203/203/149 204/204/38
f 206/206/150 204/204/38 42/42/36
f 42/42/36 204/204/38 44/44/38
f 108/108/87 110/110/89 207/207/151
f 207/207/151 110/110/89 205/205/144
f 207/207/151 205/205/144 208/208/143
f 208/208/143 205/205/144 206/206/150
f 208/208/143 206/206/150 40/40/34
f 40/40/34 206/206/150 42/42/36
f 106/106/85 108/108/87 209/209/152
f 209/209/152 108/108/87 207/207/151
f 209/209/152 207/207/151 210/210/153
f 210/210/153 207/207/151 208/208/143
f 210/210/153 208/208/143 38/38/32
f 38/38/32 208/208/143 40/40/34
f 104/104/29 106/106/85 211/211/107
f 211/211/107 106/106/85 209/209/152
f 211/211/107 209/209/152 212/212/154
f 212/212/154 209/209/152 210/210/153
f 212/212/154 210/210/153 36/36/30
f 36/36/30 210/210/153 38/38/32
f 102/102/82 104/104/29 213/213/29
f 213/213/29 104/104/29 211/211/107
f 213/213/29 211/211/107 214/214/29
f 214/214/29 211/211/107 212/212/154
f 214/214/29 212/212/154 34/34/29
f 34/34/29 212/212/154 36/36/30
f 100/100/80 102/102/82 215/215/155
f 215/215/155 102/102/82 213/213/29
f 215/215/155 213/213/29 216/216/155
f 216/216/155 213/213/29 214/214/29
f 216/216/155 214/214/29 32/32/27
f 32/32/27 214/214/29 34/34/29
f 98/98/79 100/100/80 217/217/112
f 217/217/112 100/100/80 215/215/155
f 217/217/112 215/215/155 218/218/112
f 218/218/112 215/215/155 216/216/155
f 218/218/112 216/216/155 30/30/25
f 30/30/25 216/216/155 32/32/27
f 94/94/21 93/93/77 96/96/22
f 96/96/22 98/98/79 219/219/156
f 219/219/156 98/98/79 217/217/112
f 219/219/156 217/217/112 220/220/156
f 220/220/156 217/217/112 218/218/112
f 220/220/156 218/218/112 28/28/23
f 28/28/23 218/218/112 30/30/25
f 72/72/60 74/74/62 221/221/62
f 221/221/62 74/74/62 76/76/63
f 221/221/62 76/76/63 222/222/157
f 222/222/157 76/76/63 78/78/65
f 222/222/157 78/78/65 14/14/12
f 14/14/12 78/78/65 16/16/13
f 70/70/58 72/72/60 223/223/158
f 223/223/158 72/72/60 221/221/62
f 223/223/158 221/221/62 224/224/137
f 224/224/137 221/221/62 222/222/157
f 224/224/137 222/222/157 12/12/10
f 12/12/10 222/222/157 14/14/12
f 66/66/56 70/70/58 225/225/159
f 225/225/159 70/70/58 223/223/158
f 225/225/159 223/223/158 226/226/160
f 226/226/160 223/223/158 224/224/137
f 226/226/160 224/224/137 10/10/8
f 10/10/8 224/224/137 12/12/10
f 67/67/57 66/66/56 227/227/7
f 227/227/7 66/66/56 225/225/159
f 227/227/7 225/225/159 228/228/161
f 228/228/161 225/225/159 226/226/160
f 228/228/161 226/226/160 8/8/6
f 8/8/6 226/226/160 10/10/8
f 95/95/22 94/94/21 219/219/156
f 219/219/156 94/94/21 96/96/22
f 95/95/22 219/219/156 220/220/156
f 67/67/57 227/227/7 68/68/4
f 68/68/4 227/227/7 229/229/57
f 68/68/4 229/229/57 2/2/2
f 2/2/2 229/229/57 4/4/3
f 229/229/57 227/227/7 228/228/161
f 26/26/21 95/95/22 220/220/156
f 26/26/21 220/220/156 28/28/23
f 8/8/6 6/6/4 228/228/161
f 228/228/161 6/6/4 229/229/57
f 6/6/4 4/4/3 229/229/57
f 200/200/146 45/45/39 47/47/41
f 47/47/41 49/49/43 230/230/162
f 230/230/162 49/49/43 51/51/45
f 230/230/162 51/51/45 53/53/47
f 194/194/24 29/29/24 31/31/26
f 194/194/24 31/31/26 146/146/112
f 192/192/140 17/17/14 19/19/15
f 192/192/140 19/19/15 166/166/15
f 199/199/145 200/200/146 230/230/162
f 230/230/162 200/200/146 47/47/41
f 199/199/145 230/230/162 53/53/47
f 193/193/141 194/194/24 146/146/112
f 193/193/141 146/146/112 145/145/112
f 191/191/139 192/192/140 166/166/15
f 191/191/139 166/166/15 165/165/123
f 55/55/49 199/199/145 53/53/47
f 147/147/113 193/193/141 145/145/112
f 167/167/124 191/191/139 165/165/123
f 231/231/163 232/232/98 233/233/164
f 233/233/164 232/232/98 234/234/98
f 233/233/164 234/234/98 235/235/97
f 235/235/97 234/234/98 236/236/165
f 235/235/97 236/236/165 237/237/166
f 237/237/166 236/236/165 238/238/167
f 237/237/166 238/238/167 239/239/168
f 239/239/168 238/238/167 240/240/91
f 239/239/168 240/240/91 241/241/36
f 241/241/36 240/240/91 242/242/143
f 241/241/36 242/242/143 243/243/169
f 243/243/169 242/242/143 244/244/33
f 243/243/169 244/244/33 245/245/170
f 245/245/170 244/244/33 246/246/171
f 245/245/170 246/246/171 247/247/172
f 247/247/172 246/246/171 248/248/29
f 247/247/172 248/248/29 249/249/173
f 249/249/173 248/248/29 250/250/174
f 249/249/173 250/250/174 251/251/111
f 251/251/111 250/250/174 252/252/112
f 251/251/111 252/252/112 253/253/112
f 253/253/112 252/252/112 254/254/141
f 253/253/112 254/254/141 255/255/141
f 255/255/141 254/254/141 256/256/22
f 255/255/141 256/256/22 257/257/175
f 257/257/175 256/256/22 258/258/115
f 257/257/175 258/258/115 259/259/176
f 259/259/176 258/258/115 260/260/18
f 259/259/176 260/260/18 261/261/177
f 261/261/177 260/260/18 262/262/178
f 261/261/177 262/262/178 263/263/179
f 263/263/179 262/262/178 264/264/180
f 263/263/179 264/264/180 265/265/181
f 265/265/181 264/264/180 266/266/13
f 265/265/181 266/266/13 267/267/182
f 267/267/182 266/266/13 268/268/157
f 267/267/182 268/268/157 269/269/183
f 269/269/183 268/268/157 270/270/184
f 269/269/183 270/270/184 271/271/185
f 271/271/185 270/270/184 272/272/186
f 271/271/185 272/272/186 273/273/186
f 273/273/186 272/272/186 274/274/134
f 273/273/186 274/274/134 275/275/134
f 275/275/134 274/274/134 276/276/4
f 275/275/134 276/276/4 277/277/4
f 277/277/4 276/276/4 278/278/187
f 277/277/4 278/278/187 279/279/133
f 279/279/133 278/278/187 280/280/188
f 279/279/133 280/280/188 281/281/189
f 232/232/98 231/231/163 282/282/190
f 282/282/190 231/231/163 283/283/191
f 282/282/190 283/283/191 284/284/192
f 284/284/192 283/283/191 285/285/193
f 284/284/192 285/285/193 286/286/194
f 286/286/194 285/285/193 287/287/195
f 286/286/194 287/287/195 288/288/196
f 288/288/196 287/287/195 289/289/197
f 288/288/196 289/289/197 290/290/170
f 290/290/170 289/289/197 291/291/198
f 290/290/170 291/291/198 244/244/33
f 244/244/33 291/291/198 246/246/171
f 289/289/197 292/292/199 291/291/198
f 291/291/198 292/292/199 293/293/173
f 291/291/198 293/293/173 246/246/171
f 246/246/171 293/293/173 248/248/29
f 292/292/199 294/294/200 293/293/173
f 293/293/173 294/294/200 295/295/201
f 293/293/173 295/295/201 248/248/29
f 248/248/29 295/295/201 250/250/174
f 295/295/201 294/294/200 296/296/112
f 296/296/112 294/294/200 297/297/25
f 296/296/112 297/297/25 298/298/156
f 298/298/156 297/297/25 299/299/78
f 298/298/156 299/299/78 300/300/22
f 300/300/22 299/299/78 301/301/202
f 300/300/22 301/301/202 302/302/203
f 302/302/203 301/301/202 303/303/204
f 302/302/203 303/303/204 258/258/115
f 258/258/115 303/303/204 260/260/18
f 301/301/202 304/304/205 303/303/204
f 303/303/204 304/304/205 305/305/179
f 303/303/204 305/305/179 260/260/18
f 260/260/18 305/305/179 262/262/178
f 304/304/205 306/306/206 305/305/179
f 305/305/179 306/306/206 307/307/207
f 305/305/179 307/307/207 262/262/178
f 262/262/178 307/307/207 264/264/180
f 306/306/206 308/308/208 307/307/207
f 307/307/207 308/308/208 309/309/13
f 307/307/207 309/309/13 264/264/180
f 264/264/180 309/309/13 266/266/13
f 308/308/208 310/310/209 309/309/13
f 309/309/13 310/310/209 311/311/183
f 309/309/13 311/311/183 266/266/13
f 266/266/13 311/311/183 268/268/157
f 311/311/183 310/310/209 312/312/10
f 312/312/10 310/310/209 313/313/210
f 312/312/10 313/313/210 314/314/130
f 314/314/130 313/313/210 315/315/211
f 314/314/130 315/315/211 316/316/212
f 316/316/212 315/315/211 317/317/213
f 316/316/212 317/317/213 318/318/4
f 318/318/4 317/317/213 280/280/188
f 318/318/4 280/280/188 319/319/187
f 319/319/187 280/280/188 278/278/187
f 319/319/187 278/278/187 276/276/4
f 279/279/133 281/281/189 320/320/214
f 320/320/214 281/281/189 321/321/1
f 320/320/214 321/321/1 322/322/1
f 322/322/1 321/321/1 323/323/1
f 322/322/1 323/323/1 324/324/1
f 324/324/1 323/323/1 325/325/1
f 324/324/1 325/325/1 326/326/215
f 327/327/188 328/328/132 320/320/214
f 320/320/214 328/328/132 329/329/216
f 320/320/214 329/329/216 279/279/133
f 279/279/133 329/329/216 330/330/4
f 279/279/133 330/330/4 277/277/4
f 277/277/4 330/330/4 331/331/161
f 277/277/4 331/331/161 275/275/134
f 275/275/134 331/331/161 332/332/217
f 275/275/134 332/332/217 273/273/186
f 273/273/186 332/332/217 333/333/10
f 273/273/186 333/333/10 271/271/185
f 271/271/185 333/333/10 334/334/218
f 271/271/185 334/334/218 269/269/183
f 269/269/183 334/334/218 335/335/139
f 269/269/183 335/335/139 267/267/182
f 267/267/182 335/335/139 336/336/219
f 267/267/182 336/336/219 265/265/181
f 265/265/181 336/336/219 337/337/220
f 265/265/181 337/337/220 263/263/179
f 263/263/179 337/337/220 338/338/18
f 263/263/179 338/338/18 261/261/177
f 261/261/177 338/338/18 339/339/221
f 261/261/177 339/339/221 259/259/176
f 259/259/176 339/339/221 340/340/22
f 259/259/176 340/340/22 257/257/175
f 257/257/175 340/340/22 341/341/141
f 257/257/175 341/341/141 255/255/141
f 255/255/141 341/341/141 342/342/112
f 255/255/141 342/342/112 253/253/112
f 253/253/112 342/342/112 343/343/111
f 253/253/112 343/343/111 251/251/111
f 251/251/111 343/343/111 344/344/29
f 251/251/111 344/344/29 249/249/173
f 249/249/173 344/344/29 345/345/222
f 249/249/173 345/345/222 247/247/172
f 247/247/172 345/345/222 346/346/153
f 247/247/172 346/346/153 245/245/170
f 245/245/170 346/346/153 347/347/223
f 245/245/170 347/347/223 243/243/169
f 243/243/169 347/347/223 348/348/91
f 243/243/169 348/348/91 241/241/36
f 241/241/36 348/348/91 349/349/224
f 241/241/36 349/349/224 239/239/168
f 239/239/168 349/349/224 350/350/40
f 239/239/168 350/350/40 237/237/166
f 237/237/166 350/350/40 351/351/97
f 237/237/166 351/351/97 235/235/97
f 235/235/97 351/351/97 233/233/164
f 327/327/188 352/352/133 328/328/132
f 328/328/132 352/352/133 353/353/57
f 328/328/132 353/353/57 354/354/4
f 354/354/4 353/353/57 355/355/225
f 354/354/4 355/355/225 356/356/7
f 356/356/7 355/355/225 357/357/226
f 356/356/7 357/357/226 331/331/161
f 331/331/161 357/357/226 332/332/217
f 355/355/225 358/358/227 357/357/226
f 357/357/226 358/358/227 359/359/228
f 357/357/226 359/359/228 332/332/217
f 332/332/217 359/359/228 333/333/10
f 358/358/227 360/360/229 359/359/228
f 359/359/228 360/360/229 361/361/230
f 359/359/228 361/361/230 333/333/10
f 333/333/10 361/361/230 334/334/218
f 361/361/230 360/360/229 362/362/231
f 362/362/231 360/360/229 363/363/232
f 362/362/231 363/363/232 364/364/233
f 364/364/233 363/363/232 365/365/234
f 364/364/233 365/365/234 366/366/178
f 366/366/178 365/365/234 367/367/235
f 366/366/178 367/367/235 368/368/118
f 368/368/118 367/367/235 369/369/236
f 368/368/118 369/369/236 370/370/237
f 370/370/237 369/369/236 371/371/238
f 370/370/237 371/371/238 372/372/21
f 372/372/21 371/371/238 373/373/239
f 372/372/21 373/373/239 374/374/141
f 374/374/141 373/373/239 375/375/112
f 374/374/141 375/375/112 376/376/26
f 376/376/26 375/375/112 377/377/240
f 376/376/26 377/377/240 378/378/241
f 378/378/241 377/377/240 379/379/242
f 378/378/241 379/379/242 380/380/173
f 380/380/173 379/379/242 381/381/243
f 380/380/173 381/381/243 382/382/171
f 382/382/171 381/381/243 383/383/244
f 382/382/171 383/383/244 384/384/170
f 384/384/170 383/383/244 385/385/245
f 384/384/170 385/385/245 386/386/246
f 386/386/246 385/385/245 387/387/247
f 386/386/246 387/387/247 388/388/248
f 388/388/248 387/387/247 389/389/249
f 388/388/248 389/389/249 390/390/250
f 390/390/250 389/389/249 391/391/251
f 390/390/250 391/391/251 392/392/252
f 392/392/252 391/391/251 393/393/253
f 392/392/252 393/393/253 394/394/254
f 394/394/254 393/393/253 233/233/164
f 394/394/254 233/233/164 351/351/97
f 393/393/253 395/395/255 233/233/164
f 319/319/187 276/276/4 318/318/4
f 318/318/4 276/276/4 274/274/134
f 318/318/4 274/274/134 316/316/212
f 316/316/212 274/274/134 272/272/186
f 316/316/212 272/272/186 314/314/130
f 314/314/130 272/272/186 270/270/184
f 314/314/130 270/270/184 312/312/10
f 312/312/10 270/270/184 268/268/157
f 312/312/10 268/268/157 311/311/183
f 258/258/115 256/256/22 302/302/203
f 302/302/203 256/256/22 300/300/22
f 256/256/22 254/254/141 300/300/22
f 300/300/22 254/254/141 298/298/156
f 250/250/174 295/295/201 296/296/112
f 254/254/141 252/252/112 298/298/156
f 298/298/156 252/252/112 296/296/112
f 252/252/112 250/250/174 296/296/112
f 244/244/33 242/242/143 290/290/170
f 290/290/170 242/242/143 288/288/196
f 242/242/143 240/240/91 288/288/196
f 288/288/196 240/240/91 286/286/194
f 240/240/91 238/238/167 286/286/194
f 286/286/194 238/238/167 284/284/192
f 234/234/98 232/232/98 282/282/190
f 238/238/167 236/236/165 284/284/192
f 284/284/192 236/236/165 282/282/190
f 236/236/165 234/234/98 282/282/190
f 351/351/97 350/350/40 394/394/254
f 394/394/254 350/350/40 392/392/252
f 350/350/40 349/349/224 392/392/252
f 392/392/252 349/349/224 390/390/250
f 349/349/224 348/348/91 390/390/250
f 390/390/250 348/348/91 388/388/248
f 348/348/91 347/347/223 388/388/248
f 388/388/248 347/347/223 386/386/246
f 347/347/223 346/346/153 386/386/246
f 386/386/246 346/346/153 384/384/170
f 346/346/153 345/345/222 384/384/170
f 384/384/170 345/345/222 382/382/171
f 345/345/222 344/344/29 382/382/171
f 382/382/171 344/344/29 380/380/173
f 344/344/29 343/343/111 380/380/173
f 380/380/173 343/343/111 378/378/241
f 343/343/111 342/342/112 378/378/241
f 378/378/241 342/342/112 376/376/26
f 342/342/112 341/341/141 376/376/26
f 376/376/26 341/341/141 374/374/141
f 341/341/141 340/340/22 374/374/141
f 374/374/141 340/340/22 372/372/21
f 340/340/22 339/339/221 372/372/21
f 372/372/21 339/339/221 370/370/237
f 339/339/221 338/338/18 370/370/237
f 370/370/237 338/338/18 368/368/118
f 338/338/18 337/337/220 368/368/118
f 368/368/118 337/337/220 366/366/178
f 337/337/220 336/336/219 366/366/178
f 366/366/178 336/336/219 364/364/233
f 334/334/218 361/361/230 362/362/231
f 336/336/219 335/335/139 364/364/233
f 364/364/233 335/335/139 362/362/231
f 335/335/139 334/334/218 362/362/231
f 329/329/216 328/328/132 354/354/4
f 331/331/161 330/330/4 356/356/7
f 356/356/7 330/330/4 354/354/4
f 330/330/4 329/329/216 354/354/4
f 396/396/44 397/397/256 398/398/44
f 398/398/44 397/397/256 399/399/44
f 399/399/44 397/397/256 400/400/44
f 400/400/44 397/397/256 401/401/44
f 401/401/44 397/397/256 402/402/44
f 402/402/44 397/397/256 403/403/44
f 403/403/44 397/397/256 404/404/44
f 404/404/44 397/397/256 405/405/44
f 405/405/44 397/397/256 406/406/257
f 405/405/44 406/406/257 407/407/44
f 407/407/44 406/406/257 408/408/44
f 408/408/44 406/406/257 409/409/44
f 409/409/44 406/406/257 410/410/44
f 410/410/44 406/406/257 411/411/44
f 411/411/44 406/406/257 412/412/44
f 412/412/44 406/406/257 413/413/44
f 413/413/44 406/406/257 414/414/44
f 414/414/44 406/406/257 415/415/44
f 415/415/44 406/406/257 416/416/44
f 416/416/44 406/406/257 417/417/44
f 417/417/44 406/406/257 418/418/44
f 418/418/44 406/406/257 419/419/44
f 419/419/44 406/406/257 420/420/44
f 420/420/44 406/406/257 421/421/44
f 421/421/44 406/406/257 422/422/44
f 422/422/44 406/406/257 423/423/44
f 423/423/44 406/406/257 424/424/258
f 423/423/44 424/424/258 425/425/44
f 425/425/44 424/424/258 426/426/44
f 426/426/44 424/424/258 427/427/44
f 427/427/44 424/424/258 428/428/44
f 428/428/44 424/424/258 429/429/259
f 429/429/259 424/424/258 430/430/44
f 430/430/44 424/424/258 431/431/260
f 406/406/257 397/397/256 432/432/261
f 432/432/261 397/397/256 433/433/262
f 432/432/261 433/433/262 434/434/263
f 434/434/263 433/433/262 435/435/264
f 434/434/263 435/435/264 436/436/265
f 436/436/265 435/435/264 437/437/266
f 436/436/265 437/437/266 438/438/267
f 438/438/267 437/437/266 439/439/268
f 438/438/267 439/439/268 440/440/269
f 440/440/269 439/439/268 441/441/270
f 440/440/269 441/441/270 442/442/271
f 442/442/271 441/441/270 443/443/272
f 442/442/271 443/443/272 444/444/273
f 444/444/273 443/443/272 445/445/274
f 444/444/273 445/445/274 446/446/275
f 446/446/275 445/445/274 447/447/276
f 446/446/275 447/447/276 448/448/24
f 446/446/275 448/448/24 449/449/24
f 449/449/24 448/448/24 450/450/24
f 449/449/24 450/450/24 451/451/24
f 451/451/24 452/452/24 449/449/24
f 449/449/24 452/452/24 453/453/277
f 449/449/24 453/453/277 454/454/24
f 454/454/24 453/453/277 455/455/278
f 455/455/278 453/453/277 456/456/279
f 455/455/278 456/456/279 457/457/280
f 457/457/280 456/456/279 458/458/281
f 457/457/280 458/458/281 459/459/282
f 459/459/282 458/458/281 460/460/283
f 459/459/282 460/460/283 461/461/284
f 461/461/284 460/460/283 462/462/285
f 462/462/285 460/460/283 463/463/286
f 462/462/285 463/463/286 464/464/287
f 464/464/287 463/463/286 465/465/288
f 464/464/287 465/465/288 466/466/289
f 466/466/289 465/465/288 467/467/290
f 466/466/289 467/467/290 468/468/291
f 468/468/291 467/467/290 469/469/292
f 469/469/292 467/467/290 470/470/293
f 469/469/292 470/470/293 471/471/294
f 471/471/294 470/470/293 472/472/4
f 472/472/4 470/470/293 473/473/3
f 472/472/4 473/473/3 474/474/54
f 474/474/54 473/473/3 475/475/1
f 475/475/1 473/473/3 476/476/53
f 476/476/53 473/473/3 477/477/1
f 477/477/1 473/473/3 478/478/1
f 478/478/1 473/473/3 479/479/1
f 479/479/1 473/473/3 480/480/1
f 480/480/1 473/473/3 481/481/1
f 481/481/1 473/473/3 482/482/1
f 482/482/1 473/473/3 483/483/1
f 483/483/1 473/473/3 484/484/1
f 484/484/1 473/473/3 485/485/1
f 485/485/1 473/473/3 486/486/53
f 486/486/53 473/473/3 487/487/1
f 487/487/1 473/473/3 488/488/1
f 488/488/1 473/473/3 489/489/53
f 489/489/53 473/473/3 490/490/1
f 490/490/1 473/473/3 491/491/293
f 490/490/1 491/491/293 492/492/3
f 452/452/24 493/493/295 453/453/277
f 453/453/277 493/493/295 456/456/279
f 493/493/295 494/494/296 456/456/279
f 456/456/279 494/494/296 458/458/281
f 494/494/296 495/495/297 458/458/281
f 458/458/281 495/495/297 460/460/283
f 495/495/297 496/496/298 460/460/283
f 460/460/283 496/496/298 463/463/286
f 496/496/298 497/497/299 463/463/286
f 463/463/286 497/497/299 498/498/300
f 463/463/286 498/498/300 465/465/288
f 465/465/288 498/498/300 499/499/301
f 465/465/288 499/499/301 467/467/290
f 467/467/290 499/499/301 500/500/302
f 467/467/290 500/500/302 470/470/293
f 470/470/293 500/500/302 491/491/293
f 470/470/293 491/491/293 473/473/3
f 492/492/3 501/501/1 490/490/1
f 490/490/1 501/501/1 502/502/1
f 502/502/1 501/501/1 503/503/1
f 503/503/1 501/501/1 504/504/1
f 504/504/1 501/501/1 505/505/53
f 505/505/53 501/501/1 506/506/53
f 506/506/53 501/501/1 507/507/1
f 506/506/53 507/507/1 508/508/1
f 508/508/1 507/507/1 509/509/1
f 509/509/1 507/507/1 510/510/1
f 510/510/1 507/507/1 511/511/53
f 511/511/53 507/507/1 512/512/1
f 512/512/1 507/507/1 513/513/1
f 513/513/1 507/507/1 514/514/1
f 514/514/1 507/507/1 515/515/1
f 515/515/1 507/507/1 516/516/1
f 516/516/1 507/507/1 517/517/1
f 517/517/1 507/507/1 518/518/1
f 454/454/24 519/519/24 449/449/24
f 449/449/24 519/519/24 520/520/24
f 449/449/24 520/520/24 446/446/275
f 446/446/275 520/520/24 521/521/303
f 446/446/275 521/521/303 444/444/273
f 444/444/273 521/521/303 522/522/304
f 444/444/273 522/522/304 442/442/271
f 442/442/271 522/522/304 440/440/269
f 522/522/304 523/523/305 440/440/269
f 440/440/269 523/523/305 438/438/267
f 523/523/305 524/524/306 438/438/267
f 438/438/267 524/524/306 436/436/265
f 524/524/306 525/525/307 436/436/265
f 436/436/265 525/525/307 434/434/263
f 525/525/307 526/526/308 434/434/263
f 434/434/263 526/526/308 432/432/261
f 526/526/308 527/527/309 432/432/261
f 432/432/261 527/527/309 406/406/257
f 527/527/309 424/424/258 406/406/257
f 528/528/310 529/529/311 530/530/44
f 530/530/44 529/529/311 531/531/312
f 530/530/44 531/531/312 532/532/313
f 529/529/311 528/528/310 533/533/314
f 533/533/314 528/528/310 534/534/315
f 533/533/314 534/534/315 535/535/316
f 535/535/316 534/534/315 536/536/317
f 535/535/316 536/536/317 537/537/318
f 537/537/318 536/536/317 538/538/319
f 537/537/318 538/538/319 539/539/320
f 539/539/320 538/538/319 540/540/321
f 539/539/320 540/540/321 541/541/322
f 541/541/322 540/540/321 542/542/323
f 541/541/322 542/542/323 543/543/324
f 543/543/324 542/542/323 544/544/325
f 543/543/324 544/544/325 545/545/326
f 545/545/326 544/544/325 546/546/24
f 545/545/326 546/546/24 547/547/24
f 547/547/24 546/546/24 548/548/23
f 547/547/24 548/548/23 549/549/24
f 549/549/24 548/548/23 550/550/24
f 549/549/24 550/550/24 551/551/24
f 551/551/24 550/550/24 552/552/327
f 551/551/24 552/552/327 553/553/328
f 553/553/328 552/552/327 554/554/329
f 553/553/328 554/554/329 555/555/330
f 555/555/330 554/554/329 556/556/331
f 555/555/330 556/556/331 557/557/332
f 557/557/332 556/556/331 558/558/333
f 558/558/333 556/556/331 559/559/334
f 558/558/333 559/559/334 560/560/335
f 560/560/335 559/559/334 561/561/336
f 560/560/335 561/561/336 562/562/337
f 562/562/337 561/561/336 563/563/338
f 562/562/337 563/563/338 564/564/339
f 542/542/323 565/565/340 544/544/325
f 544/544/325 565/565/340 546/546/24
f 565/565/340 566/566/275 546/546/24
f 546/546/24 566/566/275 567/567/23
f 546/546/24 567/567/23 548/548/23
f 548/548/23 567/567/23 550/550/24
f 554/554/329 568/568/341 556/556/331
f 556/556/331 568/568/341 559/559/334
f 568/568/341 569/569/342 559/559/334
f 559/559/334 569/569/342 561/561/336
f 569/569/342 563/563/338 561/561/336
f 562/562/337 564/564/339 570/570/343
f 570/570/343 564/564/339 571/571/344
f 570/570/343 571/571/344 572/572/345
f 573/573/53 574/574/1 572/572/345
f 572/572/345 574/574/1 575/575/346
f 572/572/345 575/575/346 570/570/343
f 570/570/343 575/575/346 576/576/347
f 570/570/343 576/576/347 577/577/348
f 574/574/1 573/573/53 578/578/53
f 578/578/53 573/573/53 579/579/349
f 578/578/53 579/579/349 580/580/2
f 580/580/2 579/579/349 581/581/1
f 580/580/3 581/581/350 582/582/1
f 582/582/1 581/581/350 583/583/1
f 583/583/1 581/581/350 584/584/1
f 584/584/1 581/581/350 585/585/53
f 585/585/53 581/581/350 586/586/1
f 580/580/2 587/587/1 578/578/53
f 578/578/53 587/587/1 574/574/1
f 587/587/1 588/588/351 574/574/1
f 574/574/1 588/588/351 575/575/346
f 588/588/351 576/576/347 575/575/346
f 570/570/343 577/577/348 562/562/337
f 562/562/337 577/577/348 560/560/335
f 557/557/332 589/589/352 555/555/330
f 555/555/330 589/589/352 553/553/328
f 553/553/328 589/589/352 551/551/24
f 551/551/24 589/589/352 549/549/24
f 545/545/326 590/590/353 543/543/324
f 543/543/324 590/590/353 541/541/322
f 590/590/353 591/591/354 541/541/322
f 541/541/322 591/591/354 539/539/320
f 591/591/354 592/592/355 539/539/320
f 539/539/320 592/592/355 537/537/318
f 592/592/355 593/593/356 537/537/318
f 537/537/318 593/593/356 535/535/316
f 593/593/356 594/594/357 535/535/316
f 535/535/316 594/594/357 533/533/314
f 594/594/357 595/595/358 533/533/314
f 533/533/314 595/595/358 529/529/311
f 595/595/358 531/531/312 529/529/311
f 596/596/359 597/597/360 598/598/44
f 598/598/44 597/597/360 599/599/361
f 598/598/44 599/599/361 600/600/164
f 597/597/360 596/596/359 601/601/362
f 601/601/362 596/596/359 602/602/363
f 601/601/362 602/602/363 603/603/364
f 601/601/362 603/603/364 604/604/365
f 604/604/365 603/603/364 605/605/366
f 604/604/365 605/605/366 606/606/318
f 606/606/318 605/605/366 607/607/367
f 606/606/318 607/607/367 608/608/368
f 608/608/368 607/607/367 609/609/369
f 608/608/368 609/609/369 610/610/370
f 610/610/370 609/609/369 611/611/371
f 610/610/370 611/611/371 612/612/372
f 612/612/372 611/611/371 613/613/325
f 612/612/372 613/613/325 614/614/373
f 614/614/373 613/613/325 615/615/374
f 615/615/374 613/613/325 616/616/275
f 615/615/374 616/616/275 617/617/156
f 617/617/156 616/616/275 618/618/276
f 618/618/276 616/616/275 619/619/275
f 618/618/276 619/619/275 620/620/156
f 620/620/156 619/619/275 621/621/375
f 620/620/156 621/621/375 622/622/376
f 622/622/376 621/621/375 623/623/377
f 622/622/376 623/623/377 624/624/378
f 624/624/378 623/623/377 625/625/379
f 624/624/378 625/625/379 626/626/380
f 626/626/380 625/625/379 627/627/381
f 627/627/381 625/625/379 628/628/382
f 627/627/381 628/628/382 629/629/383
f 629/629/383 628/628/382 630/630/336
f 629/629/383 630/630/336 631/631/384
f 631/631/384 630/630/336 632/632/385
f 631/631/384 632/632/385 633/633/386
f 633/633/386 632/632/385 634/634/387
f 633/633/386 634/634/387 635/635/388
f 635/635/388 634/634/387 636/636/389
f 635/635/388 636/636/389 637/637/390
f 637/637/390 636/636/389 638/638/1
f 637/637/390 638/638/1 639/639/350
f 639/639/350 638/638/1 640/640/53
f 639/639/350 640/640/53 641/641/1
f 641/641/1 640/640/53 642/642/349
f 641/641/1 642/642/349 643/643/1
f 611/611/371 644/644/391 613/613/325
f 613/613/325 644/644/391 616/616/275
f 644/644/391 645/645/24 616/616/275
f 616/616/275 645/645/24 646/646/24
f 616/616/275 646/646/24 619/619/275
f 619/619/275 646/646/24 621/621/375
f 623/623/377 647/647/392 625/625/379
f 625/625/379 647/647/392 628/628/382
f 647/647/392 648/648/393 628/628/382
f 628/628/382 648/648/393 630/630/336
f 648/648/393 649/649/394 630/630/336
f 630/630/336 649/649/394 632/632/385
f 649/649/394 650/650/395 632/632/385
f 632/632/385 650/650/395 634/634/387
f 650/650/395 651/651/396 634/634/387
f 634/634/387 651/651/396 636/636/389
f 651/651/396 652/652/397 636/636/389
f 636/636/389 652/652/397 653/653/398
f 636/636/389 653/653/398 638/638/1
f 638/638/1 653/653/398 642/642/349
f 638/638/1 642/642/349 640/640/53
f 641/641/1 643/643/1 654/654/1
f 654/654/1 643/643/1 655/655/1
f 654/654/1 655/655/1 656/656/1
f 656/656/1 655/655/1 657/657/1
f 656/656/1 657/657/1 658/658/53
f 658/658/53 657/657/1 659/659/1
f 658/658/53 659/659/1 660/660/1
f 626/626/380 661/661/399 624/624/378
f 624/624/378 661/661/399 622/622/376
f 661/661/399 662/662/400 622/622/376
f 622/622/376 662/662/400 620/620/156
f 662/662/400 618/618/276 620/620/156
f 614/614/373 663/663/401 612/612/372
f 612/612/372 663/663/401 610/610/370
f 610/610/370 663/663/401 608/608/368
f 608/608/368 663/663/401 664/664/402
f 608/608/368 664/664/402 606/606/318
f 606/606/318 664/664/402 665/665/403
f 606/606/318 665/665/403 604/604/365
f 604/604/365 665/665/403 666/666/404
f 604/604/365 666/666/404 601/601/362
f 601/601/362 666/666/404 667/667/405
f 601/601/362 667/667/405 597/597/360
f 597/597/360 667/667/405 668/668/406
f 597/597/360 668/668/406 599/599/361
f 669/669/407 670/670/408 671/671/164
f 671/671/164 670/670/408 672/672/409
f 671/671/164 672/672/409 673/673/260
f 670/670/408 669/669/407 674/674/410
f 674/674/410 669/669/407 675/675/411
f 674/674/410 675/675/411 676/676/412
f 674/674/410 676/676/412 677/677/413
f 677/677/413 676/676/412 678/678/414
f 677/677/413 678/678/414 679/679/318
f 679/679/318 678/678/414 680/680/415
f 679/679/318 680/680/415 681/681/416
f 681/681/416 680/680/415 682/682/417
f 681/681/416 682/682/417 683/683/418
f 683/683/418 682/682/417 684/684/419
f 683/683/418 684/684/419 685/685/420
f 685/685/420 684/684/419 686/686/421
f 685/685/420 686/686/421 687/687/422
f 687/687/422 686/686/421 688/688/275
f 687/687/422 688/688/275 689/689/156
f 689/689/156 688/688/275 690/690/24
f 689/689/156 690/690/24 691/691/24
f 691/691/24 690/690/24 692/692/423
f 691/691/24 692/692/423 693/693/24
f 684/684/419 694/694/424 686/686/421
f 686/686/421 694/694/424 688/688/275
f 694/694/424 695/695/24 688/688/275
f 688/688/275 695/695/24 692/692/423
f 688/688/275 692/692/423 690/690/24
f 693/693/24 696/696/425 691/691/24
f 691/691/24 696/696/425 697/697/426
f 691/691/24 697/697/426 698/698/427
f 698/698/427 697/697/426 699/699/428
f 699/699/428 697/697/426 700/700/429
f 699/699/428 700/700/429 701/701/430
f 701/701/430 700/700/429 702/702/431
f 701/701/430 702/702/431 703/703/432
f 703/703/432 702/702/431 704/704/433
f 703/703/432 704/704/433 705/705/434
f 696/696/425 706/706/435 697/697/426
f 697/697/426 706/706/435 700/700/429
f 706/706/435 707/707/436 700/700/429
f 700/700/429 707/707/436 702/702/431
f 707/707/436 704/704/433 702/702/431
f 708/708/437 709/709/438 705/705/434
f 705/705/434 709/709/438 710/710/439
f 705/705/434 710/710/439 703/703/432
f 703/703/432 710/710/439 711/711/440
f 703/703/432 711/711/440 701/701/430
f 709/709/438 708/708/437 712/712/441
f 712/712/441 708/708/437 713/713/442
f 712/712/441 713/713/442 714/714/443
f 714/714/443 713/713/442 715/715/444
f 714/714/443 715/715/444 716/716/1
f 716/716/1 715/715/444 717/717/1
f 716/716/1 717/717/1 718/718/53
f 718/718/53 717/717/1 719/719/1
f 718/718/53 719/719/1 720/720/1
f 720/720/1 719/719/1 721/721/1
f 720/720/1 721/721/1 722/722/1
f 722/722/1 721/721/1 723/723/1
f 722/722/1 723/723/1 724/724/53
f 724/724/53 723/723/1 725/725/1
f 724/724/53 725/725/1 726/726/53
f 726/726/53 725/725/1 727/727/53
f 726/726/53 727/727/53 728/728/445
f 720/720/1 729/729/1 718/718/53
f 718/718/53 729/729/1 716/716/1
f 729/729/1 730/730/446 716/716/1
f 716/716/1 730/730/446 714/714/443
f 730/730/446 731/731/447 714/714/443
f 714/714/443 731/731/447 712/712/441
f 731/731/447 732/732/448 712/712/441
f 712/712/441 732/732/448 709/709/438
f 732/732/448 733/733/449 709/709/438
f 709/709/438 733/733/449 710/710/439
f 733/733/449 711/711/440 710/710/439
f 698/698/427 734/734/24 691/691/24
f 691/691/24 734/734/24 689/689/156
f 687/687/422 735/735/450 685/685/420
f 685/685/420 735/735/450 683/683/418
f 735/735/450 736/736/451 683/683/418
f 683/683/418 736/736/451 681/681/416
f 736/736/451 737/737/452 681/681/416
f 681/681/416 737/737/452 679/679/318
f 737/737/452 738/738/453 679/679/318
f 679/679/318 738/738/453 677/677/413
f 738/738/453 739/739/454 677/677/413
f 677/677/413 739/739/454 674/674/410
f 739/739/454 740/740/455 674/674/410
f 674/674/410 740/740/455 670/670/408
f 740/740/455 672/672/409 670/670/408
f 741/741/456 742/742/457 743/743/44
f 743/743/44 742/742/457 744/744/458
f 743/743/44 744/744/458 745/745/260
f 742/742/457 741/741/456 746/746/459
f 746/746/459 741/741/456 747/747/460
f 746/746/459 747/747/460 748/748/461
f 746/746/459 748/748/461 749/749/462
f 749/749/462 748/748/461 750/750/463
f 749/749/462 750/750/463 751/751/265
f 751/751/265 750/750/463 752/752/464
f 751/751/265 752/752/464 753/753/465
f 753/753/465 752/752/464 754/754/466
f 753/753/465 754/754/466 755/755/467
f 755/755/467 754/754/466 756/756/468
f 755/755/467 756/756/468 757/757/469
f 757/757/469 756/756/468 758/758/470
f 757/757/469 758/758/470 759/759/471
f 759/759/471 758/758/470 760/760/24
f 759/759/471 760/760/24 761/761/24
f 761/761/24 760/760/24 762/762/24
f 761/761/24 762/762/24 763/763/23
f 763/763/23 762/762/24 764/764/24
f 763/763/23 764/764/24 765/765/472
f 765/765/472 764/764/24 766/766/473
f 766/766/473 764/764/24 767/767/474
f 766/766/473 767/767/474 768/768/475
f 768/768/475 767/767/474 769/769/476
f 768/768/475 769/769/476 770/770/477
f 770/770/477 769/769/476 771/771/478
f 770/770/477 771/771/478 772/772/479
f 772/772/479 771/771/478 773/773/480
f 772/772/479 773/773/480 774/774/481
f 774/774/481 773/773/480 775/775/482
f 775/775/482 773/773/480 776/776/483
f 775/775/482 776/776/483 777/777/484
f 777/777/484 776/776/483 778/778/485
f 777/777/484 778/778/485 779/779/486
f 779/779/486 778/778/485 780/780/57
f 779/779/486 780/780/57 781/781/4
f 781/781/4 780/780/57 782/782/487
f 781/781/4 782/782/487 783/783/214
f 783/783/214 782/782/487 784/784/488
f 783/783/214 784/784/488 785/785/1
f 756/756/468 786/786/489 758/758/470
f 758/758/470 786/786/489 760/760/24
f 786/786/489 787/787/24 760/760/24
f 760/760/24 787/787/24 762/762/24
f 787/787/24 788/788/24 762/762/24
f 762/762/24 788/788/24 764/764/24
f 788/788/24 789/789/490 764/764/24
f 764/764/24 789/789/490 767/767/474
f 789/789/490 790/790/491 767/767/474
f 767/767/474 790/790/491 769/769/476
f 790/790/491 791/791/492 769/769/476
f 769/769/476 791/791/492 792/792/493
f 769/769/476 792/792/493 771/771/478
f 771/771/478 792/792/493 793/793/494
f 771/771/478 793/793/494 773/773/480
f 773/773/480 793/793/494 794/794/495
f 773/773/480 794/794/495 776/776/483
f 776/776/483 794/794/495 795/795/496
f 776/776/483 795/795/496 796/796/497
f 797/797/4 780/780/57 796/796/497
f 796/796/497 780/780/57 778/778/485
f 796/796/497 778/778/485 776/776/483
f 797/797/4 784/784/488 780/780/57
f 780/780/57 784/784/488 782/782/487
f 785/785/1 798/798/1 783/783/214
f 783/783/214 798/798/1 799/799/1
f 799/799/1 798/798/1 800/800/1
f 799/799/1 800/800/1 801/801/1
f 801/801/1 800/800/1 802/802/1
f 801/801/1 802/802/1 803/803/53
f 803/803/53 802/802/1 804/804/1
f 803/803/53 804/804/1 805/805/1
f 759/759/471 806/806/498 757/757/469
f 757/757/469 806/806/498 755/755/467
f 806/806/498 807/807/499 755/755/467
f 755/755/467 807/807/499 753/753/465
f 807/807/499 808/808/500 753/753/465
f 753/753/465 808/808/500 751/751/265
f 808/808/500 809/809/501 751/751/265
f 751/751/265 809/809/501 749/749/462
f 809/809/501 810/810/502 749/749/462
f 749/749/462 810/810/502 746/746/459
f 810/810/502 811/811/503 746/746/459
f 746/746/459 811/811/503 742/742/457
f 811/811/503 744/744/458 742/742/457
f 812/812/504 813/813/505 814/814/164
f 814/814/164 813/813/505 815/815/506
f 814/814/164 815/815/506 816/816/507
f 813/813/505 812/812/504 817/817/508
f 817/817/508 812/812/504 818/818/509
f 817/817/508 818/818/509 819/819/510
f 817/817/508 819/819/510 820/820/511
f 820/820/511 819/819/510 821/821/512
f 820/820/511 821/821/512 822/822/318
f 822/822/318 821/821/512 823/823/513
f 822/822/318 823/823/513 824/824/514
f 824/824/514 823/823/513 825/825/515
f 824/824/514 825/825/515 826/826/516
f 826/826/516 825/825/515 827/827/517
f 826/826/516 827/827/517 828/828/518
f 828/828/518 827/827/517 829/829/519
f 829/829/519 827/827/517 830/830/520
f 829/829/519 830/830/520 831/831/24
f 831/831/24 830/830/520 832/832/521
f 831/831/24 832/832/521 833/833/522
f 825/825/515 834/834/523 827/827/517
f 827/827/517 834/834/523 830/830/520
f 834/834/523 832/832/521 830/830/520
f 833/833/522 835/835/24 831/831/24
f 831/831/24 835/835/24 836/836/275
f 831/831/24 836/836/275 837/837/24
f 837/837/24 836/836/275 838/838/24
f 838/838/24 836/836/275 835/835/24
f 838/838/24 835/835/24 839/839/24
f 838/838/24 839/839/24 840/840/24
f 840/840/24 839/839/24 841/841/524
f 840/840/24 841/841/524 842/842/525
f 842/842/525 841/841/524 843/843/526
f 842/842/525 843/843/526 844/844/527
f 844/844/527 843/843/526 845/845/528
f 844/844/527 845/845/528 846/846/478
f 846/846/478 845/845/528 847/847/529
f 846/846/478 847/847/529 848/848/530
f 848/848/530 847/847/529 849/849/531
f 848/848/530 849/849/531 850/850/532
f 848/848/530 850/850/532 851/851/533
f 851/851/533 850/850/532 852/852/534
f 851/851/533 852/852/534 853/853/535
f 853/853/535 852/852/534 854/854/536
f 853/853/535 854/854/536 855/855/57
f 855/855/57 854/854/536 856/856/537
f 855/855/57 856/856/537 857/857/4
f 857/857/4 858/858/538 855/855/57
f 855/855/57 858/858/538 859/859/5
f 855/855/57 859/859/5 860/860/4
f 860/860/4 859/859/5 861/861/2
f 861/861/2 859/859/5 858/858/538
f 861/861/2 858/858/538 862/862/53
f 861/861/2 862/862/53 863/863/1
f 863/863/1 862/862/53 864/864/1
f 863/863/1 864/864/1 865/865/1
f 865/865/1 864/864/1 866/866/54
f 865/865/1 866/866/54 867/867/1
f 868/868/53 869/869/53 867/867/1
f 867/867/1 869/869/53 865/865/1
f 860/860/4 870/870/539 855/855/57
f 855/855/57 870/870/539 853/853/535
f 870/870/539 871/871/540 853/853/535
f 853/853/535 871/871/540 851/851/533
f 871/871/540 872/872/541 851/851/533
f 851/851/533 872/872/541 873/873/542
f 851/851/533 873/873/542 848/848/530
f 848/848/530 873/873/542 874/874/543
f 848/848/530 874/874/543 846/846/478
f 846/846/478 874/874/543 875/875/544
f 846/846/478 875/875/544 876/876/545
f 846/846/478 876/876/545 844/844/527
f 844/844/527 876/876/545 877/877/546
f 844/844/527 877/877/546 842/842/525
f 842/842/525 877/877/546 838/838/24
f 842/842/525 838/838/24 840/840/24
f 837/837/24 829/829/519 831/831/24
f 828/828/518 878/878/547 826/826/516
f 826/826/516 878/878/547 824/824/514
f 878/878/547 879/879/548 824/824/514
f 824/824/514 879/879/548 822/822/318
f 879/879/548 880/880/549 822/822/318
f 822/822/318 880/880/549 820/820/511
f 880/880/549 881/881/550 820/820/511
f 820/820/511 881/881/550 817/817/508
f 881/881/550 882/882/551 817/817/508
f 817/817/508 882/882/551 813/813/505
f 882/882/551 815/815/506 813/813/505
f 883/883/552 884/884/44 885/885/553
f 885/885/553 884/884/44 886/886/554
f 885/885/553 886/886/554 887/887/555
f 885/885/553 887/887/555 888/888/556
f 888/888/556 887/887/555 889/889/557
f 888/888/556 889/889/557 890/890/558
f 890/890/558 889/889/557 891/891/559
f 890/890/558 891/891/559 892/892/560
f 890/890/558 892/892/560 893/893/318
f 893/893/318 892/892/560 894/894/561
f 893/893/318 894/894/561 895/895/562
f 895/895/562 894/894/561 896/896/563
f 895/895/562 896/896/563 897/897/564
f 897/897/564 896/896/563 898/898/565
f 898/898/565 896/896/563 899/899/566
f 898/898/565 899/899/566 900/900/567
f 900/900/567 899/899/566 901/901/568
f 900/900/567 901/901/568 902/902/275
f 902/902/275 901/901/568 903/903/24
f 902/902/275 903/903/24 904/904/24
f 904/904/24 903/903/24 905/905/24
f 904/904/24 905/905/24 906/906/24
f 894/894/561 907/907/569 896/896/563
f 896/896/563 907/907/569 899/899/566
f 907/907/569 908/908/570 899/899/566
f 899/899/566 908/908/570 901/901/568
f 908/908/570 909/909/571 901/901/568
f 901/901/568 909/909/571 903/903/24
f 909/909/571 905/905/24 903/903/24
f 904/904/24 906/906/24 910/910/572
f 910/910/572 906/906/24 911/911/573
f 910/910/572 911/911/573 912/912/574
f 912/912/574 911/911/573 913/913/575
f 912/912/574 913/913/575 914/914/576
f 914/914/576 913/913/575 915/915/577
f 915/915/577 913/913/575 916/916/578
f 916/916/578 913/913/575 917/917/579
f 916/916/578 917/917/579 918/918/580
f 918/918/580 917/917/579 919/919/581
f 918/918/580 919/919/581 920/920/582
f 920/920/582 919/919/581 921/921/583
f 920/920/582 921/921/583 922/922/584
f 922/922/584 921/921/583 923/923/585
f 922/922/584 923/923/585 924/924/586
f 924/924/586 923/923/585 925/925/187
f 924/924/586 925/925/187 926/926/57
f 926/926/57 925/925/187 927/927/4
f 926/926/57 927/927/4 928/928/587
f 928/928/587 927/927/4 929/929/588
f 928/928/587 929/929/588 930/930/53
f 911/911/573 931/931/589 913/913/575
f 913/913/575 931/931/589 932/932/590
f 913/913/575 932/932/590 917/917/579
f 917/917/579 932/932/590 933/933/591
f 917/917/579 933/933/591 919/919/581
f 919/919/581 933/933/591 934/934/592
f 919/919/581 934/934/592 921/921/583
f 921/921/583 934/934/592 935/935/593
f 921/921/583 935/935/593 923/923/585
f 923/923/585 935/935/593 936/936/594
f 923/923/585 936/936/594 937/937/595
f 923/923/585 937/937/595 925/925/187
f 925/925/187 937/937/595 929/929/588
f 925/925/187 929/929/588 927/927/4
f 930/930/53 938/938/1 928/928/587
f 928/928/587 938/938/1 939/939/1
f 928/928/587 939/939/1 940/940/1
f 914/914/576 941/941/24 912/912/574
f 912/912/574 941/941/24 910/910/572
f 910/910/572 941/941/24 904/904/24
f 904/904/24 941/941/24 902/902/275
f 897/897/564 942/942/596 895/895/562
f 895/895/562 942/942/596 893/893/318
f 942/942/596 943/943/597 893/893/318
f 893/893/318 943/943/597 890/890/558
f 943/943/597 944/944/598 890/890/558
f 890/890/558 944/944/598 888/888/556
f 944/944/598 945/945/599 888/888/556
f 888/888/556 945/945/599 885/885/553
f 945/945/599 883/883/552 885/885/553
f 946/946/600 947/947/601 884/948/602
f 884/948/602 947/947/601 948/949/603
f 884/948/602 948/949/603 949/950/604
f 949/950/604 948/949/603 947/947/601
f 949/950/604 947/947/601 950/951/605
f 950/951/605 947/947/601 946/946/600
f 950/951/605 946/946/600 951/952/606
f 951/952/606 946/946/600 952/953/607
f 951/952/606 952/953/607 953/954/608
f 953/954/608 952/953/607 954/955/609
f 953/954/608 954/955/609 955/956/610
f 955/956/610 954/955/609 946/946/600
f 955/956/610 946/946/600 956/957/611
f 955/956/610 956/957/611 957/958/612
f 957/958/612 956/957/611 958/959/613
f 957/958/612 958/959/613 959/960/614
f 957/958/612 959/960/614 960/961/615
f 960/961/615 959/960/614 961/962/616
f 960/961/615 961/962/616 962/963/617
f 962/963/617 961/962/616 963/964/618
f 962/963/617 963/964/618 964/965/619
f 964/965/619 963/964/618 965/966/620
f 964/965/619 965/966/620 966/967/621
f 966/967/621 965/966/620 967/968/622
f 966/967/621 967/968/622 968/969/623
f 969/970/624 970/971/625 968/969/623
f 968/969/623 970/971/625 971/972/626
f 968/969/623 971/972/626 972/973/627
f 972/973/627 971/972/626 973/974/628
f 972/973/627 973/974/628 974/975/629
f 974/975/629 973/974/628 975/976/630
f 974/975/629 975/976/630 976/977/631
f 976/977/631 975/976/630 977/978/632
f 976/977/631 977/978/632 968/969/623
f 968/969/623 977/978/632 966/967/621
f 978/979/633 979/980/634 969/970/624
f 969/970/624 979/980/634 980/981/635
f 969/970/624 980/981/635 981/982/636
f 981/982/636 980/981/635 982/983/637
f 981/982/636 982/983/637 970/971/625
f 970/971/625 982/983/637 971/972/626
f 979/980/634 978/979/633 983/984/638
f 983/984/638 978/979/633 984/985/639
f 983/984/638 984/985/639 985/986/640
f 985/986/640 984/985/639 986/987/641
f 985/986/640 986/987/641 987/988/642
f 987/988/642 986/987/641 988/989/643
f 987/988/642 988/989/643 989/990/644
f 989/990/644 988/989/643 990/991/645
f 989/990/644 990/991/645 991/992/646
f 989/990/644 991/992/646 992/993/647
f 992/993/647 991/992/646 993/994/648
f 992/993/647 993/994/648 994/995/649
f 994/995/649 993/994/648 940/996/650
f 994/995/649 940/996/650 939/997/651
f 994/995/649 939/997/651 995/998/652
f 995/998/652 939/997/651 938/999/653
f 995/998/652 938/999/653 930/1000/652
f 929/1001/654 996/1002/655 930/1000/652
f 930/1000/652 996/1002/655 995/998/652
f 996/1002/655 997/1003/656 995/998/652
f 995/998/652 997/1003/656 998/1004/657
f 995/998/652 998/1004/657 994/995/649
f 994/995/649 998/1004/657 999/1005/658
f 994/995/649 999/1005/658 1000/1006/659
f 1000/1006/659 1001/1007/660 994/995/649
f 994/995/649 1001/1007/660 992/993/647
f 1001/1007/660 1002/1008/661 992/993/647
f 992/993/647 1002/1008/661 989/990/644
f 1002/1008/661 1003/1009/662 989/990/644
f 989/990/644 1003/1009/662 1004/1010/663
f 989/990/644 1004/1010/663 987/988/642
f 987/988/642 1004/1010/663 1005/1011/664
f 987/988/642 1005/1011/664 985/986/640
f 985/986/640 1006/1012/665 983/984/638
f 983/984/638 1006/1012/665 979/980/634
f 982/983/637 973/974/628 971/972/626
f 977/978/632 975/976/630 966/967/621
f 966/967/621 975/976/630 1007/1013/666
f 966/967/621 1007/1013/666 964/965/619
f 964/965/619 1007/1013/666 1008/1014/667
f 964/965/619 1008/1014/667 1009/1015/668
f 964/965/619 1009/1015/668 962/963/617
f 962/963/617 1009/1015/668 1010/1016/669
f 962/963/617 1010/1016/669 960/961/615
f 960/961/615 1010/1016/669 1011/1017/670
f 960/961/615 1011/1017/670 957/958/612
f 957/958/612 1011/1017/670 1012/1018/671
f 957/958/612 1012/1018/671 1013/1019/672
f 957/958/612 1013/1019/672 955/956/610
f 955/956/610 1013/1019/672 953/954/608
f 953/954/608 949/950/604 951/952/606
f 951/952/606 949/950/604 950/951/605
f 970/971/625 969/970/624 981/982/636
f 976/977/631 968/969/623 974/975/629
f 974/975/629 968/969/623 972/973/627
f 954/955/609 952/953/607 946/946/600
f 937/1020/673 1014/1021/674 929/1022/654
f 929/1022/654 1014/1021/674 1015/1023/675
f 929/1022/654 1015/1023/675 1016/1024/676
f 1016/1024/676 1015/1023/675 996/1025/655
f 1016/1024/676 996/1025/655 929/1022/654
f 936/1026/677 1017/1027/678 937/1020/673
f 937/1020/673 1017/1027/678 1018/1028/679
f 937/1020/673 1018/1028/679 1019/1029/680
f 1019/1029/680 1018/1028/679 1020/1030/675
f 1019/1029/680 1020/1030/675 1014/1021/674
f 1014/1021/674 1020/1030/675 1015/1023/675
f 1017/1027/678 936/1026/677 1021/1031/681
f 1021/1031/681 936/1026/677 935/1032/682
f 1021/1031/681 935/1032/682 934/1033/683
f 933/1034/684 1022/1035/685 934/1033/683
f 934/1033/683 1022/1035/685 1023/1036/686
f 934/1033/683 1023/1036/686 1021/1031/681
f 1021/1031/681 1023/1036/686 1024/1037/687
f 1021/1031/681 1024/1037/687 1017/1027/678
f 933/1034/684 932/1038/688 1022/1035/685
f 1022/1035/685 932/1038/688 1025/1039/689
f 1022/1035/685 1025/1039/689 1026/1040/690
f 1025/1039/689 932/1038/688 1027/1041/691
f 1027/1041/691 932/1038/688 931/1042/692
f 1027/1041/691 931/1042/692 1028/1043/693
f 1028/1043/693 931/1042/692 911/1044/694
f 1028/1043/693 911/1044/694 1029/1045/695
f 1029/1045/695 911/1044/694 906/1046/696
f 1029/1045/695 906/1046/696 1030/1047/697
f 1030/1047/697 906/1046/696 1031/1048/698
f 1030/1047/697 1031/1048/698 1032/1049/699
f 1032/1049/699 1031/1048/698 1033/1050/700
f 1032/1049/699 1033/1050/700 1034/1051/701
f 1034/1051/701 1033/1050/700 1035/1052/702
f 1034/1051/701 1035/1052/702 1036/1053/703
f 1036/1053/703 1035/1052/702 905/1054/704
f 1036/1053/703 905/1054/704 909/1055/705
f 1031/1048/698 906/1046/696 1033/1050/700
f 1033/1050/700 906/1046/696 905/1054/704
f 1033/1050/700 905/1054/704 1035/1052/702
f 908/1056/706 1037/1057/707 909/1055/705
f 909/1055/705 1037/1057/707 1038/1058/708
f 909/1055/705 1038/1058/708 1036/1053/703
f 1036/1053/703 1038/1058/708 1034/1051/701
f 1037/1057/707 908/1056/706 1039/1059/709
f 1039/1059/709 908/1056/706 907/1060/710
f 1039/1059/709 907/1060/710 894/1061/711
f 1039/1059/709 894/1061/711 1040/1062/712
f 1040/1062/712 894/1061/711 892/1063/713
f 1040/1062/712 892/1063/713 891/1064/714
f 1040/1062/712 891/1064/714 1041/1065/715
f 1041/1065/715 891/1064/714 889/1066/716
f 1041/1065/715 889/1066/716 1042/1067/717
f 1042/1067/717 889/1066/716 887/1068/718
f 1042/1067/717 887/1068/718 1043/1069/719
f 1043/1069/719 887/1068/718 886/1070/720
f 1043/1069/719 886/1070/720 884/1071/721
f 884/1071/721 949/1072/722 1043/1069/719
f 1043/1069/719 949/1072/722 1044/1073/723
f 1043/1069/719 1044/1073/723 1042/1067/717
f 1042/1067/717 1044/1073/723 1045/1074/724
f 1042/1067/717 1045/1074/724 1046/1075/725
f 1042/1067/717 1046/1075/725 1041/1065/715
f 1041/1065/715 1046/1075/725 1047/1076/726
f 1041/1065/715 1047/1076/726 1040/1062/712
f 1040/1062/712 1047/1076/726 1048/1077/727
f 1040/1062/712 1048/1077/727 1039/1059/709
f 1039/1059/709 1048/1077/727 1049/1078/728
f 1039/1059/709 1049/1078/728 1050/1079/729
f 1039/1059/709 1050/1079/729 1037/1057/707
f 1037/1057/707 1050/1079/729 1051/1080/730
f 1037/1057/707 1051/1080/730 1038/1058/708
f 1038/1058/708 1051/1080/730 1034/1051/701
f 1032/1049/699 1052/1081/731 1030/1047/697
f 1030/1047/697 1052/1081/731 1029/1045/695
f 1029/1045/695 1052/1081/731 1028/1043/693
f 1028/1043/693 1052/1081/731 1053/1082/732
f 1028/1043/693 1053/1082/732 1027/1041/691
f 1027/1041/691 1053/1082/732 1054/1083/733
f 1027/1041/691 1054/1083/733 1025/1039/689
f 1026/1040/690 1023/1036/686 1022/1035/685
f 1020/1030/675 996/1025/655 1015/1023/675
f 1014/1021/674 937/1020/673 1019/1029/680
f 1055/1084/734 928/928/587 1056/1085/735
f 1056/1085/735 928/928/587 940/940/1
f 1056/1085/735 940/940/1 993/1086/736
f 993/1086/736 991/1087/737 1056/1085/735
f 1056/1085/735 991/1087/737 1057/1088/738
f 1056/1085/735 1057/1088/738 1055/1084/734
f 1055/1084/734 1057/1088/738 1058/1089/739
f 1058/1089/739 1057/1088/738 1059/1090/740
f 1058/1089/739 1059/1090/740 1060/1091/741
f 1060/1091/741 1059/1090/740 1061/1092/742
f 1060/1091/741 1061/1092/742 1062/1093/743
f 1062/1093/743 1061/1092/742 1063/1094/744
f 1062/1093/743 1063/1094/744 1064/1095/745
f 1064/1095/745 1063/1094/744 1065/1096/746
f 1064/1095/745 1065/1096/746 1066/1097/747
f 1066/1097/747 1065/1096/746 1067/1098/748
f 1066/1097/747 1067/1098/748 1068/1099/749
f 1068/1099/749 1067/1098/748 1069/1100/750
f 1068/1099/749 1069/1100/750 1070/1101/751
f 1070/1101/751 1069/1100/750 1071/1102/751
f 1070/1101/751 1071/1102/751 1072/1103/751
f 1072/1103/751 1071/1102/751 968/1104/752
f 1072/1103/751 968/1104/752 1073/1105/753
f 1073/1105/753 968/1104/752 1074/1106/754
f 1073/1105/753 1074/1106/754 1075/1107/751
f 1075/1107/751 1074/1106/754 1076/1108/755
f 1076/1108/755 1074/1106/754 1077/1109/756
f 1076/1108/755 1077/1109/756 1078/1110/757
f 1078/1110/757 1077/1109/756 1079/1111/758
f 1079/1111/758 1077/1109/756 1080/1112/759
f 1079/1111/758 1080/1112/759 1081/1113/760
f 1081/1113/760 1080/1112/759 1082/1114/761
f 1081/1113/760 1082/1114/761 1083/1115/762
f 1083/1115/762 1082/1114/761 1084/1116/763
f 1083/1115/762 1084/1116/763 1085/1117/764
f 1085/1117/764 1084/1116/763 1086/1118/765
f 1085/1117/764 1086/1118/765 1087/1119/766
f 1087/1119/766 1086/1118/765 1088/1120/767
f 1087/1119/766 1088/1120/767 1089/1121/768
f 1089/1121/768 1088/1120/767 1090/1122/769
f 1089/1121/768 1090/1122/769 883/1123/552
f 883/1123/552 1090/1122/769 884/1124/44
f 884/1124/44 1090/1122/769 1088/1120/767
f 884/1124/44 1088/1120/767 946/1125/767
f 946/1125/767 1088/1120/767 956/1126/770
f 956/1126/770 1088/1120/767 1086/1118/765
f 956/1126/770 1086/1118/765 1084/1116/763
f 991/1087/737 990/1127/771 1057/1088/738
f 1057/1088/738 990/1127/771 1059/1090/740
f 990/1127/771 988/1128/772 1059/1090/740
f 1059/1090/740 988/1128/772 1061/1092/742
f 988/1128/772 986/1129/773 1061/1092/742
f 1061/1092/742 986/1129/773 1063/1094/744
f 986/1129/773 984/1130/774 1063/1094/744
f 1063/1094/744 984/1130/774 1065/1096/746
f 984/1130/774 978/1131/775 1065/1096/746
f 1065/1096/746 978/1131/775 1067/1098/748
f 978/1131/775 969/1132/776 1067/1098/748
f 1067/1098/748 969/1132/776 1069/1100/750
f 1069/1100/750 969/1132/776 1071/1102/751
f 1071/1102/751 969/1132/776 968/1104/752
f 968/1104/752 967/1133/777 1074/1106/754
f 1074/1106/754 967/1133/777 1077/1109/756
f 967/1133/777 965/1134/778 1077/1109/756
f 1077/1109/756 965/1134/778 963/1135/779
f 1077/1109/756 963/1135/779 1080/1112/759
f 1080/1112/759 963/1135/779 961/1136/780
f 1080/1112/759 961/1136/780 1082/1114/761
f 1082/1114/761 961/1136/780 959/1137/781
f 1082/1114/761 959/1137/781 1084/1116/763
f 1084/1116/763 959/1137/781 958/1138/782
f 1084/1116/763 958/1138/782 956/1126/770
f 1073/1105/753 1075/1107/751 1072/1103/751
f 1072/1103/751 1075/1107/751 1070/1101/751
f 1089/1139/783 883/1140/783 1091/1141/783
f 1091/1141/783 883/1140/783 945/1142/783
f 1091/1141/783 945/1142/783 944/1143/783
f 944/1143/783 943/1144/783 1091/1141/783
f 1091/1141/783 943/1144/783 942/1145/783
f 1091/1141/783 942/1145/783 897/1146/783
f 897/1146/783 898/1147/783 1091/1141/783
f 1091/1141/783 898/1147/783 900/1148/783
f 1091/1141/783 900/1148/783 902/1149/783
f 902/1149/783 941/1150/783 1091/1141/783
f 1091/1141/783 941/1150/783 914/1151/783
f 1091/1141/783 914/1151/783 915/1152/783
f 915/1152/783 916/1153/783 1091/1141/783
f 1091/1141/783 916/1153/783 918/1154/783
f 1091/1141/783 918/1154/783 920/1155/783
f 920/1155/783 922/1156/783 1091/1141/783
f 1091/1141/783 922/1156/783 924/1157/783
f 1091/1141/783 924/1157/783 926/1158/783
f 926/1158/783 928/1159/783 1091/1141/783
f 1091/1141/783 928/1159/783 1070/1160/783
f 1091/1141/783 1070/1160/783 1075/1161/783
f 1070/1160/783 928/1159/783 1068/1162/783
f 1068/1162/783 928/1159/783 1055/1163/783
f 1068/1162/783 1055/1163/783 1066/1164/784
f 1066/1164/784 1055/1163/783 1058/1165/785
f 1066/1164/784 1058/1165/785 1064/1166/786
f 1064/1166/786 1058/1165/785 1060/1167/784
f 1064/1166/786 1060/1167/784 1062/1168/783
f 1076/1169/783 1087/1170/783 1075/1161/783
f 1075/1161/783 1087/1170/783 1089/1139/783
f 1075/1161/783 1089/1139/783 1091/1141/783
f 1087/1170/783 1076/1169/783 1085/1171/787
f 1085/1171/787 1076/1169/783 1078/1172/788
f 1085/1171/787 1078/1172/788 1079/1173/789
f 1081/1174/790 1083/1175/787 1079/1173/789
f 1079/1173/789 1083/1175/787 1085/1171/787
f 949/1176/791 1092/1177/792 816/1178/793
f 816/1178/793 1092/1177/792 1093/1179/794
f 816/1178/793 1093/1179/794 1094/1180/795
f 1094/1180/795 1093/1179/794 953/1181/796
f 1094/1180/795 953/1181/796 1095/1182/797
f 1095/1182/797 953/1181/796 1096/1183/798
f 1095/1182/797 1096/1183/798 1097/1184/799
f 1097/1184/799 1096/1183/798 1098/1185/800
f 1097/1184/799 1098/1185/800 1099/1186/801
f 1099/1186/801 1098/1185/800 1100/1187/802
f 1099/1186/801 1100/1187/802 1101/1188/803
f 1101/1188/803 1100/1187/802 1102/1189/804
f 1101/1188/803 1102/1189/804 1103/1190/805
f 1103/1190/805 1102/1189/804 1104/1191/806
f 1104/1191/806 1102/1189/804 1105/1192/807
f 1104/1191/806 1105/1192/807 1106/1193/808
f 1106/1193/808 1105/1192/807 1107/1194/809
f 1106/1193/808 1107/1194/809 1108/1195/810
f 1108/1195/810 1107/1194/809 1109/1196/811
f 1108/1195/810 1109/1196/811 1110/1197/812
f 1110/1197/812 1109/1196/811 1111/1198/813
f 1110/1197/812 1111/1198/813 1112/1199/814
f 1112/1199/814 1111/1198/813 1113/1200/815
f 1112/1199/814 1113/1200/815 1114/1201/816
f 1114/1201/816 1113/1200/815 1115/1202/817
f 1114/1201/816 1115/1202/817 1116/1203/818
f 1116/1203/818 1115/1202/817 973/1204/819
f 1116/1203/818 973/1204/819 1117/1205/820
f 1117/1205/820 973/1204/819 1118/1206/821
f 1117/1205/820 1118/1206/821 1114/1201/816
f 1114/1201/816 1118/1206/821 1119/1207/822
f 1114/1201/816 1119/1207/822 1120/1208/823
f 1120/1208/823 1119/1207/822 1121/1209/824
f 1120/1208/823 1121/1209/824 1122/1210/825
f 1122/1210/825 1121/1209/824 980/1211/826
f 1122/1210/825 980/1211/826 979/1212/827
f 1092/1177/792 949/1176/791 1093/1179/794
f 1093/1179/794 949/1176/791 953/1181/796
f 1013/1213/828 1100/1187/802 953/1181/796
f 953/1181/796 1100/1187/802 1098/1185/800
f 953/1181/796 1098/1185/800 1096/1183/798
f 1100/1187/802 1013/1213/828 1102/1189/804
f 1102/1189/804 1013/1213/828 1012/1214/829
f 1102/1189/804 1012/1214/829 1011/1215/830
f 1102/1189/804 1011/1215/830 1105/1192/807
f 1105/1192/807 1011/1215/830 1010/1216/831
f 1105/1192/807 1010/1216/831 1107/1194/809
f 1107/1194/809 1010/1216/831 1009/1217/832
f 1107/1194/809 1009/1217/832 1109/1196/811
f 1109/1196/811 1009/1217/832 1008/1218/833
f 1109/1196/811 1008/1218/833 1007/1219/834
f 1109/1196/811 1007/1219/834 1111/1198/813
f 1111/1198/813 1007/1219/834 975/1220/835
f 1111/1198/813 975/1220/835 1113/1200/815
f 1113/1200/815 975/1220/835 1115/1202/817
f 975/1220/835 973/1204/819 1115/1202/817
f 973/1204/819 982/1221/836 1118/1206/821
f 1118/1206/821 982/1221/836 1119/1207/822
f 1119/1207/822 982/1221/836 1121/1209/824
f 1121/1209/824 982/1221/836 980/1211/826
f 1122/1210/825 979/1212/827 1123/1222/837
f 1123/1222/837 979/1212/827 1006/1223/838
f 1123/1222/837 1006/1223/838 985/1224/839
f 1005/1225/840 1124/1226/841 985/1224/839
f 985/1224/839 1124/1226/841 1125/1227/842
f 985/1224/839 1125/1227/842 1123/1222/837
f 1123/1222/837 1125/1227/842 1126/1228/843
f 1123/1222/837 1126/1228/843 1122/1210/825
f 1005/1225/840 1004/1229/844 1124/1226/841
f 1124/1226/841 1004/1229/844 1127/1230/845
f 1124/1226/841 1127/1230/845 1128/1231/846
f 1128/1231/846 1127/1230/845 1129/1232/847
f 1129/1232/847 1127/1230/845 1130/1233/848
f 1130/1233/848 1127/1230/845 1131/1234/849
f 1130/1233/848 1131/1234/849 1132/1235/850
f 1132/1235/850 1131/1234/849 1133/1236/851
f 1132/1235/850 1133/1236/851 868/1237/852
f 868/1237/852 1133/1236/851 869/1238/853
f 869/1238/853 1133/1236/851 865/1239/854
f 865/1239/854 1133/1236/851 1134/1240/855
f 865/1239/854 1134/1240/855 863/1241/856
f 863/1241/856 1134/1240/855 861/1242/857
f 861/1242/857 1134/1240/855 996/1243/858
f 996/1243/858 1134/1240/855 997/1244/859
f 997/1244/859 1134/1240/855 998/1245/860
f 998/1245/860 1134/1240/855 1133/1236/851
f 998/1245/860 1133/1236/851 999/1246/861
f 999/1246/861 1133/1236/851 1000/1247/862
f 1000/1247/862 1133/1236/851 1001/1248/863
f 1001/1248/863 1133/1236/851 1131/1234/849
f 1001/1248/863 1131/1234/849 1002/1249/864
f 1002/1249/864 1131/1234/849 1127/1230/845
f 1002/1249/864 1127/1230/845 1003/1250/865
f 1003/1250/865 1127/1230/845 1004/1229/844
f 1128/1231/846 1135/1251/866 1124/1226/841
f 1124/1226/841 1135/1251/866 1125/1227/842
f 1097/1184/799 816/1178/793 1095/1182/797
f 1095/1182/797 816/1178/793 1094/1180/795
f 1114/1201/816 1116/1203/818 1117/1205/820
f 949/1252/867 816/1253/868 1136/1254/869
f 1136/1254/869 816/1253/868 815/1255/870
f 1136/1254/869 815/1255/870 882/1256/871
f 1136/1254/869 882/1256/871 1137/1257/872
f 1137/1257/872 882/1256/871 881/1258/873
f 1137/1257/872 881/1258/873 1138/1259/874
f 1138/1259/874 881/1258/873 880/1260/875
f 1138/1259/874 880/1260/875 1139/1261/876
f 1139/1261/876 880/1260/875 879/1262/877
f 1139/1261/876 879/1262/877 1140/1263/878
f 1140/1263/878 879/1262/877 878/1264/879
f 1140/1263/878 878/1264/879 828/1265/880
f 1140/1263/878 828/1265/880 1141/1266/881
f 1141/1266/881 828/1265/880 829/1267/882
f 1141/1266/881 829/1267/882 837/1268/883
f 838/1269/884 1142/1270/885 837/1268/883
f 837/1268/883 1142/1270/885 1143/1271/886
f 837/1268/883 1143/1271/886 1144/1272/887
f 1144/1272/887 1143/1271/886 1051/1273/888
f 1144/1272/887 1051/1273/888 1141/1266/881
f 1141/1266/881 1051/1273/888 1050/1274/889
f 1141/1266/881 1050/1274/889 1140/1263/878
f 1140/1263/878 1050/1274/889 1049/1275/890
f 1140/1263/878 1049/1275/890 1048/1276/891
f 877/1277/892 1145/1278/893 838/1269/884
f 838/1269/884 1145/1278/893 1146/1279/894
f 838/1269/884 1146/1279/894 1147/1280/895
f 1147/1280/895 1146/1279/894 1032/1281/896
f 1147/1280/895 1032/1281/896 1148/1282/897
f 1148/1282/897 1032/1281/896 1034/1283/898
f 1148/1282/897 1034/1283/898 1142/1270/885
f 1142/1270/885 1034/1283/898 1143/1271/886
f 876/1284/899 1149/1285/900 877/1277/892
f 877/1277/892 1149/1285/900 1150/1286/901
f 877/1277/892 1150/1286/901 1145/1278/893
f 1145/1278/893 1150/1286/901 1052/1287/902
f 1145/1278/893 1052/1287/902 1146/1279/894
f 1146/1279/894 1052/1287/902 1032/1281/896
f 876/1284/899 875/1288/903 1149/1285/900
f 1149/1285/900 875/1288/903 1025/1289/904
f 1149/1285/900 1025/1289/904 1054/1290/905
f 1025/1289/904 875/1288/903 1151/1291/906
f 1151/1291/906 875/1288/903 874/1292/907
f 1151/1291/906 874/1292/907 873/1293/908
f 1151/1291/906 873/1293/908 1023/1294/909
f 1023/1294/909 873/1293/908 872/1295/910
f 1023/1294/909 872/1295/910 1152/1296/911
f 1152/1296/911 872/1295/910 871/1297/912
f 1152/1296/911 871/1297/912 1017/1298/913
f 1017/1298/913 871/1297/912 870/1299/914
f 1017/1298/913 870/1299/914 1018/1300/915
f 1018/1300/915 870/1299/914 1153/1301/916
f 1018/1300/915 1153/1301/916 1020/1302/917
f 1020/1302/917 1153/1301/916 1154/1303/918
f 1020/1302/917 1154/1303/918 1155/1304/919
f 1155/1304/919 1154/1303/918 861/1305/857
f 1155/1304/919 861/1305/857 1156/1306/920
f 1156/1306/920 861/1305/857 996/1307/858
f 1156/1306/920 996/1307/858 1020/1302/917
f 870/1299/914 860/1308/921 1153/1301/916
f 1153/1301/916 860/1308/921 1154/1303/918
f 860/1308/921 861/1305/857 1154/1303/918
f 1017/1298/913 1024/1309/922 1152/1296/911
f 1152/1296/911 1024/1309/922 1023/1294/909
f 1023/1294/909 1026/1310/923 1151/1291/906
f 1151/1291/906 1026/1310/923 1025/1289/904
f 1054/1290/905 1053/1311/924 1149/1285/900
f 1149/1285/900 1053/1311/924 1150/1286/901
f 1053/1311/924 1052/1287/902 1150/1286/901
f 1034/1283/898 1051/1273/888 1143/1271/886
f 1140/1263/878 1048/1276/891 1139/1261/876
f 1139/1261/876 1048/1276/891 1047/1312/925
f 1139/1261/876 1047/1312/925 1138/1259/874
f 1138/1259/874 1047/1312/925 1046/1313/926
f 1138/1259/874 1046/1313/926 1137/1257/872
f 1137/1257/872 1046/1313/926 1045/1314/927
f 1137/1257/872 1045/1314/927 1044/1315/928
f 1137/1257/872 1044/1315/928 1136/1254/869
f 1136/1254/869 1044/1315/928 949/1252/867
f 837/1268/883 1144/1272/887 1141/1266/881
f 1156/1306/920 1020/1302/917 1155/1304/919
f 1142/1270/885 838/1269/884 1148/1282/897
f 1148/1282/897 838/1269/884 1147/1280/895
f 814/1316/164 816/1317/507 1157/1318/929
f 1157/1318/929 816/1317/507 1097/1319/767
f 1157/1318/929 1097/1319/767 1158/1320/768
f 1158/1320/768 1097/1319/767 1099/1321/930
f 1158/1320/768 1099/1321/930 1159/1322/931
f 1159/1322/931 1099/1321/930 1101/1323/932
f 1159/1322/931 1101/1323/932 1160/1324/933
f 1160/1324/933 1101/1323/932 1103/1325/934
f 1160/1324/933 1103/1325/934 1104/1326/935
f 1160/1324/933 1104/1326/935 1161/1327/936
f 1161/1327/936 1104/1326/935 1106/1328/937
f 1161/1327/936 1106/1328/937 1162/1329/938
f 1162/1329/938 1106/1328/937 1108/1330/939
f 1162/1329/938 1108/1330/939 1163/1331/940
f 1163/1331/940 1108/1330/939 1110/1332/941
f 1163/1331/940 1110/1332/941 1164/1333/942
f 1164/1333/942 1110/1332/941 1112/1334/943
f 1164/1333/942 1112/1334/943 1165/1335/751
f 1165/1335/751 1112/1334/943 1114/1336/751
f 1165/1335/751 1114/1336/751 1166/1337/751
f 1166/1337/751 1114/1336/751 1120/1338/751
f 1166/1337/751 1120/1338/751 1167/1339/751
f 1167/1339/751 1120/1338/751 1122/1340/944
f 1167/1339/751 1122/1340/944 1168/1341/945
f 1168/1341/945 1122/1340/944 1169/1342/946
f 1168/1341/945 1169/1342/946 1170/1343/947
f 1170/1343/947 1169/1342/946 1171/1344/948
f 1171/1344/948 1169/1342/946 1172/1345/949
f 1171/1344/948 1172/1345/949 1173/1346/950
f 1173/1346/950 1172/1345/949 1174/1347/951
f 1173/1346/950 1174/1347/951 1175/1348/952
f 1175/1348/952 1174/1347/951 1176/1349/742
f 1175/1348/952 1176/1349/742 1177/1350/953
f 1177/1350/953 1176/1349/742 1178/1351/954
f 1177/1350/953 1178/1351/954 1179/1352/955
f 1179/1352/955 1178/1351/954 1180/1353/956
f 1179/1352/955 1180/1353/956 1181/1354/957
f 1181/1354/957 1180/1353/956 1182/1355/958
f 1181/1354/957 1182/1355/958 1183/1356/959
f 1183/1356/959 1182/1355/958 867/867/1
f 867/867/1 1182/1355/958 1132/1357/960
f 867/867/1 1132/1357/960 868/868/53
f 1122/1340/944 1126/1358/961 1169/1342/946
f 1169/1342/946 1126/1358/961 1172/1345/949
f 1126/1358/961 1125/1359/962 1172/1345/949
f 1172/1345/949 1125/1359/962 1174/1347/951
f 1125/1359/962 1135/1360/963 1174/1347/951
f 1174/1347/951 1135/1360/963 1176/1349/742
f 1135/1360/963 1128/1361/964 1176/1349/742
f 1176/1349/742 1128/1361/964 1178/1351/954
f 1128/1361/964 1129/1362/965 1178/1351/954
f 1178/1351/954 1129/1362/965 1180/1353/956
f 1129/1362/965 1130/1363/966 1180/1353/956
f 1180/1353/956 1130/1363/966 1182/1355/958
f 1130/1363/966 1132/1357/960 1182/1355/958
f 1168/1341/945 1170/1343/947 1167/1339/751
f 1167/1339/751 1170/1343/947 1184/1364/751
f 1167/1339/751 1184/1364/751 1166/1337/751
f 1166/1337/751 1184/1364/751 1185/1365/751
f 1166/1337/751 1185/1365/751 1165/1335/751
f 1165/1335/751 1185/1365/751 1186/1366/967
f 1165/1335/751 1186/1366/967 1164/1333/942
f 1164/1333/942 1186/1366/967 1163/1331/940
f 1186/1366/967 1187/1367/968 1163/1331/940
f 1163/1331/940 1187/1367/968 1188/1368/969
f 1163/1331/940 1188/1368/969 1162/1329/938
f 1162/1329/938 1188/1368/969 1189/1369/970
f 1162/1329/938 1189/1369/970 1161/1327/936
f 1161/1327/936 1189/1369/970 1190/1370/971
f 1161/1327/936 1190/1370/971 1160/1324/933
f 1160/1324/933 1190/1370/971 1191/1371/972
f 1160/1324/933 1191/1371/972 1159/1322/931
f 1159/1322/931 1191/1371/972 1192/1372/973
f 1159/1322/931 1192/1372/973 1193/1373/974
f 1159/1322/931 1193/1373/974 1158/1320/768
f 1158/1320/768 1193/1373/974 814/1316/164
f 1158/1320/768 814/1316/164 1157/1318/929
f 1193/1374/975 1194/1375/976 814/1376/977
f 814/1376/977 1194/1375/976 1195/1377/978
f 814/1376/977 1195/1377/978 1196/1378/979
f 1196/1378/979 1195/1377/978 1197/1379/980
f 1196/1378/979 1197/1379/980 1198/1380/981
f 1198/1380/981 1197/1379/980 814/1376/977
f 1198/1380/981 814/1376/977 1196/1378/979
f 1192/1381/982 1199/1382/983 1193/1374/975
f 1193/1374/975 1199/1382/983 1200/1383/984
f 1193/1374/975 1200/1383/984 1201/1384/985
f 1201/1384/985 1200/1383/984 1202/1385/986
f 1201/1384/985 1202/1385/986 1194/1375/976
f 1194/1375/976 1202/1385/986 1197/1379/980
f 1194/1375/976 1197/1379/980 1195/1377/978
f 1199/1382/983 1192/1381/982 1203/1386/987
f 1203/1386/987 1192/1381/982 1191/1387/988
f 1203/1386/987 1191/1387/988 1190/1388/989
f 1203/1386/987 1190/1388/989 1204/1389/990
f 1204/1389/990 1190/1388/989 1189/1390/991
f 1204/1389/990 1189/1390/991 1205/1391/992
f 1205/1391/992 1189/1390/991 1188/1392/993
f 1205/1391/992 1188/1392/993 1206/1393/619
f 1206/1393/619 1188/1392/993 1187/1394/994
f 1206/1393/619 1187/1394/994 1186/1395/995
f 1185/1396/996 1207/1397/997 1186/1395/995
f 1186/1395/995 1207/1397/997 1208/1398/621
f 1186/1395/995 1208/1398/621 1206/1393/619
f 1206/1393/619 1208/1398/621 1209/1399/666
f 1206/1393/619 1209/1399/666 1210/1400/667
f 1184/1401/998 1211/1402/999 1185/1396/996
f 1185/1396/996 1211/1402/999 1212/1403/626
f 1185/1396/996 1212/1403/626 1213/1404/627
f 1213/1404/627 1212/1403/626 1214/1405/1000
f 1213/1404/627 1214/1405/1000 1215/1406/629
f 1215/1406/629 1214/1405/1000 1216/1407/632
f 1215/1406/629 1216/1407/632 1217/1408/631
f 1217/1408/631 1216/1407/632 1207/1397/997
f 1217/1408/631 1207/1397/997 1185/1396/996
f 1211/1402/999 1184/1401/998 1218/1409/636
f 1218/1409/636 1184/1401/998 1170/1410/1001
f 1218/1409/636 1170/1410/1001 1219/1411/635
f 1219/1411/635 1170/1410/1001 1220/1412/1002
f 1220/1412/1002 1170/1410/1001 1171/1413/1003
f 1220/1412/1002 1171/1413/1003 1221/1414/1004
f 1221/1414/1004 1171/1413/1003 1173/1415/1005
f 1221/1414/1004 1173/1415/1005 1222/1416/1006
f 1222/1416/1006 1173/1415/1005 1175/1417/1007
f 1222/1416/1006 1175/1417/1007 1223/1418/1008
f 1223/1418/1008 1175/1417/1007 1177/1419/1009
f 1223/1418/1008 1177/1419/1009 1224/1420/1010
f 1224/1420/1010 1177/1419/1009 1179/1421/1011
f 1224/1420/1010 1179/1421/1011 1181/1422/1012
f 1224/1420/1010 1181/1422/1012 1225/1423/1013
f 1225/1423/1013 1181/1422/1012 1183/1424/1014
f 1225/1423/1013 1183/1424/1014 1226/1425/1015
f 1226/1425/1015 1183/1424/1014 867/1426/1016
f 1226/1425/1015 867/1426/1016 866/1427/1017
f 1226/1425/1015 866/1427/1017 1227/1428/1018
f 1227/1428/1018 866/1427/1017 864/1429/1019
f 1227/1428/1018 864/1429/1019 862/1430/1020
f 858/1431/1021 1228/1432/1022 862/1430/1020
f 862/1430/1020 1228/1432/1022 1227/1428/1018
f 1228/1432/1022 1229/1433/1023 1227/1428/1018
f 1227/1428/1018 1229/1433/1023 1230/1434/1024
f 1227/1428/1018 1230/1434/1024 1226/1425/1015
f 1226/1425/1015 1230/1434/1024 1231/1435/1025
f 1226/1425/1015 1231/1435/1025 1232/1436/1026
f 1232/1436/1026 1233/1437/1027 1226/1425/1015
f 1226/1425/1015 1233/1437/1027 1225/1423/1013
f 1233/1437/1027 1234/1438/1028 1225/1423/1013
f 1225/1423/1013 1234/1438/1028 1224/1420/1010
f 1234/1438/1028 1235/1439/1029 1224/1420/1010
f 1224/1420/1010 1235/1439/1029 1236/1440/1030
f 1224/1420/1010 1236/1440/1030 1223/1418/1008
f 1223/1418/1008 1236/1440/1030 1237/1441/1031
f 1223/1418/1008 1237/1441/1031 1222/1416/1006
f 1222/1416/1006 1238/1442/1032 1221/1414/1004
f 1221/1414/1004 1238/1442/1032 1220/1412/1002
f 1219/1411/635 1239/1443/1033 1218/1409/636
f 1218/1409/636 1239/1443/1033 1211/1402/999
f 1211/1402/999 1239/1443/1033 1212/1403/626
f 1212/1403/626 1239/1443/1033 1214/1405/1000
f 1207/1397/997 1216/1407/632 1208/1398/621
f 1208/1398/621 1216/1407/632 1209/1399/666
f 1210/1400/667 1240/1444/1034 1206/1393/619
f 1206/1393/619 1240/1444/1034 1205/1391/992
f 1240/1444/1034 1241/1445/669 1205/1391/992
f 1205/1391/992 1241/1445/669 1204/1389/990
f 1241/1445/669 1242/1446/1035 1204/1389/990
f 1204/1389/990 1242/1446/1035 1203/1386/987
f 1242/1446/1035 1243/1447/1036 1203/1386/987
f 1203/1386/987 1243/1447/1036 1244/1448/1037
f 1203/1386/987 1244/1448/1037 1199/1382/983
f 1199/1382/983 1244/1448/1037 1202/1385/986
f 1199/1382/983 1202/1385/986 1200/1383/984
f 1213/1404/627 1215/1406/629 1185/1396/996
f 1185/1396/996 1215/1406/629 1217/1408/631
f 1194/1375/976 1193/1374/975 1201/1384/985
f 857/1449/1038 1245/1450/1039 858/1451/1021
f 858/1451/1021 1245/1450/1039 1246/1452/1040
f 858/1451/1021 1246/1452/1040 1247/1453/1041
f 1247/1453/1041 1246/1452/1040 1228/1454/1022
f 1247/1453/1041 1228/1454/1022 858/1451/1021
f 1245/1450/1039 857/1449/1038 1248/1455/1042
f 1248/1455/1042 857/1449/1038 856/1456/1043
f 1248/1455/1042 856/1456/1043 1249/1457/1044
f 1249/1457/1044 856/1456/1043 854/1458/1045
f 1249/1457/1044 854/1458/1045 1250/1459/1046
f 1250/1459/1046 854/1458/1045 1251/1460/1047
f 1250/1459/1046 1251/1460/1047 1252/1461/1048
f 1252/1461/1048 1251/1460/1047 1253/1462/1049
f 1253/1462/1049 1251/1460/1047 850/1463/1050
f 1253/1462/1049 850/1463/1050 1254/1464/1051
f 1254/1464/1051 850/1463/1050 849/1465/1052
f 1254/1464/1051 849/1465/1052 847/1466/1053
f 854/1458/1045 852/1467/1054 1251/1460/1047
f 1251/1460/1047 852/1467/1054 850/1463/1050
f 845/1468/1055 1255/1469/1056 847/1466/1053
f 847/1466/1053 1255/1469/1056 1256/1470/1057
f 847/1466/1053 1256/1470/1057 1254/1464/1051
f 1254/1464/1051 1256/1470/1057 1257/1471/1058
f 1254/1464/1051 1257/1471/1058 1253/1462/1049
f 845/1468/1055 843/1472/1059 1255/1469/1056
f 1255/1469/1056 843/1472/1059 1258/1473/1060
f 1255/1469/1056 1258/1473/1060 1259/1474/1061
f 1259/1474/1061 1258/1473/1060 1260/1475/695
f 1260/1475/695 1258/1473/1060 1261/1476/1062
f 1260/1475/695 1261/1476/1062 1262/1477/1063
f 1262/1477/1063 1261/1476/1062 839/1478/1064
f 1262/1477/1063 839/1478/1064 1263/1479/698
f 1263/1479/698 839/1478/1064 835/1480/1065
f 1263/1479/698 835/1480/1065 1264/1481/1066
f 1264/1481/1066 835/1480/1065 1265/1482/702
f 1264/1481/1066 1265/1482/702 1266/1483/1067
f 1266/1483/1067 1265/1482/702 1267/1484/1068
f 1266/1483/1067 1267/1484/1068 1268/1485/1069
f 1268/1485/1069 1267/1484/1068 833/1486/1070
f 1268/1485/1069 833/1486/1070 1269/1487/1071
f 1269/1487/1071 833/1486/1070 832/1488/1072
f 1269/1487/1071 832/1488/1072 834/1489/1073
f 843/1472/1059 841/1490/1074 1258/1473/1060
f 1258/1473/1060 841/1490/1074 1261/1476/1062
f 841/1490/1074 839/1478/1064 1261/1476/1062
f 1265/1482/702 835/1480/1065 1267/1484/1068
f 1267/1484/1068 835/1480/1065 833/1486/1070
f 1269/1487/1071 834/1489/1073 1270/1491/1075
f 1270/1491/1075 834/1489/1073 825/1492/1076
f 1270/1491/1075 825/1492/1076 823/1493/1077
f 1270/1491/1075 823/1493/1077 1271/1494/1078
f 1271/1494/1078 823/1493/1077 821/1495/1079
f 1271/1494/1078 821/1495/1079 1272/1496/1080
f 1272/1496/1080 821/1495/1079 819/1497/1081
f 1272/1496/1080 819/1497/1081 1273/1498/1082
f 1273/1498/1082 819/1497/1081 818/1499/1083
f 1273/1498/1082 818/1499/1083 812/1500/1084
f 1273/1498/1082 812/1500/1084 1274/1501/1085
f 1274/1501/1085 812/1500/1084 814/1502/1086
f 1274/1501/1085 814/1502/1086 1197/1503/722
f 1197/1503/722 1275/1504/1087 1274/1501/1085
f 1274/1501/1085 1275/1504/1087 1273/1498/1082
f 1275/1504/1087 1276/1505/1088 1273/1498/1082
f 1273/1498/1082 1276/1505/1088 1277/1506/1089
f 1273/1498/1082 1277/1506/1089 1272/1496/1080
f 1272/1496/1080 1277/1506/1089 1278/1507/1090
f 1272/1496/1080 1278/1507/1090 1271/1494/1078
f 1271/1494/1078 1278/1507/1090 1279/1508/1091
f 1271/1494/1078 1279/1508/1091 1270/1491/1075
f 1270/1491/1075 1279/1508/1091 1280/1509/1092
f 1270/1491/1075 1280/1509/1092 1281/1510/1093
f 1270/1491/1075 1281/1510/1093 1269/1487/1071
f 1269/1487/1071 1281/1510/1093 1282/1511/1094
f 1269/1487/1071 1282/1511/1094 1268/1485/1069
f 1268/1485/1069 1282/1511/1094 1266/1483/1067
f 1266/1483/1067 1283/1512/1095 1264/1481/1066
f 1264/1481/1066 1283/1512/1095 1263/1479/698
f 1263/1479/698 1283/1512/1095 1262/1477/1063
f 1262/1477/1063 1283/1512/1095 1260/1475/695
f 1259/1474/1061 1284/1513/1096 1255/1469/1056
f 1255/1469/1056 1284/1513/1096 1256/1470/1057
f 1249/1457/1044 1285/1514/1097 1248/1455/1042
f 1248/1455/1042 1285/1514/1097 1245/1450/1039
f 1245/1450/1039 1285/1514/1097 1246/1452/1040
f 1246/1452/1040 1285/1514/1097 1228/1454/1022
f 1197/1515/1098 1286/1516/1099 745/1517/1100
f 745/1517/1100 1286/1516/1099 1287/1518/1101
f 745/1517/1100 1287/1518/1101 1288/1519/1102
f 1288/1519/1102 1287/1518/1101 1289/1520/1103
f 1288/1519/1102 1289/1520/1103 1290/1521/1104
f 1290/1521/1104 1289/1520/1103 1202/1522/796
f 1290/1521/1104 1202/1522/796 1291/1523/1105
f 1291/1523/1105 1202/1522/796 1292/1524/1106
f 1291/1523/1105 1292/1524/1106 1293/1525/1107
f 1293/1525/1107 1292/1524/1106 1294/1526/1108
f 1293/1525/1107 1294/1526/1108 1295/1527/1109
f 1295/1527/1109 1294/1526/1108 1296/1528/804
f 1295/1527/1109 1296/1528/804 1297/1529/1110
f 1297/1529/1110 1296/1528/804 1298/1530/1111
f 1298/1530/1111 1296/1528/804 1299/1531/1112
f 1298/1530/1111 1299/1531/1112 1300/1532/1113
f 1300/1532/1113 1299/1531/1112 1301/1533/1114
f 1300/1532/1113 1301/1533/1114 1302/1534/1115
f 1302/1534/1115 1301/1533/1114 1303/1535/1116
f 1302/1534/1115 1303/1535/1116 1304/1536/1117
f 1304/1536/1117 1303/1535/1116 1305/1537/1118
f 1305/1537/1118 1303/1535/1116 1306/1538/1119
f 1305/1537/1118 1306/1538/1119 1307/1539/1120
f 1307/1539/1120 1306/1538/1119 1308/1540/1121
f 1307/1539/1120 1308/1540/1121 1309/1541/817
f 1309/1541/817 1308/1540/1121 1216/1542/1122
f 1309/1541/817 1216/1542/1122 1214/1543/1123
f 1286/1516/1099 1197/1515/1098 1287/1518/1101
f 1287/1518/1101 1197/1515/1098 1202/1522/796
f 1287/1518/1101 1202/1522/796 1289/1520/1103
f 1292/1524/1106 1202/1522/796 1294/1526/1108
f 1294/1526/1108 1202/1522/796 1244/1544/1124
f 1294/1526/1108 1244/1544/1124 1296/1528/804
f 1296/1528/804 1244/1544/1124 1243/1545/829
f 1296/1528/804 1243/1545/829 1242/1546/830
f 1296/1528/804 1242/1546/830 1299/1531/1112
f 1299/1531/1112 1242/1546/830 1241/1547/1125
f 1299/1531/1112 1241/1547/1125 1301/1533/1114
f 1301/1533/1114 1241/1547/1125 1240/1548/1126
f 1301/1533/1114 1240/1548/1126 1303/1535/1116
f 1303/1535/1116 1240/1548/1126 1210/1549/833
f 1303/1535/1116 1210/1549/833 1209/1550/1127
f 1303/1535/1116 1209/1550/1127 1306/1538/1119
f 1306/1538/1119 1209/1550/1127 1216/1542/1122
f 1306/1538/1119 1216/1542/1122 1308/1540/1121
f 1239/1551/822 1310/1552/821 1214/1543/1123
f 1214/1543/1123 1310/1552/821 1311/1553/1128
f 1214/1543/1123 1311/1553/1128 1312/1554/818
f 1312/1554/818 1311/1553/1128 1313/1555/1129
f 1312/1554/818 1313/1555/1129 1307/1539/1120
f 1219/1556/1130 1314/1557/1131 1239/1551/822
f 1239/1551/822 1314/1557/1131 1315/1558/822
f 1239/1551/822 1315/1558/822 1310/1552/821
f 1310/1552/821 1315/1558/822 1313/1555/1129
f 1310/1552/821 1313/1555/1129 1311/1553/1128
f 1314/1557/1131 1219/1556/1130 1316/1559/1132
f 1316/1559/1132 1219/1556/1130 1220/1560/1133
f 1316/1559/1132 1220/1560/1133 1317/1561/1134
f 1317/1561/1134 1220/1560/1133 1238/1562/1135
f 1317/1561/1134 1238/1562/1135 1222/1563/1136
f 1237/1564/1137 1318/1565/1138 1222/1563/1136
f 1222/1563/1136 1318/1565/1138 1319/1566/1139
f 1222/1563/1136 1319/1566/1139 1317/1561/1134
f 1317/1561/1134 1319/1566/1139 1320/1567/1140
f 1317/1561/1134 1320/1567/1140 1316/1559/1132
f 1237/1564/1137 1236/1568/1141 1318/1565/1138
f 1318/1565/1138 1236/1568/1141 1321/1569/1142
f 1318/1565/1138 1321/1569/1142 1322/1570/1143
f 1322/1570/1143 1321/1569/1142 1323/1571/1144
f 1323/1571/1144 1321/1569/1142 1324/1572/1145
f 1324/1572/1145 1321/1569/1142 1325/1573/1146
f 1324/1572/1145 1325/1573/1146 805/1574/1147
f 805/1574/1147 1325/1573/1146 1326/1575/863
f 805/1574/1147 1326/1575/863 803/1576/1148
f 803/1576/1148 1326/1575/863 801/1577/1149
f 801/1577/1149 1326/1575/863 1327/1578/1150
f 801/1577/1149 1327/1578/1150 799/1579/1151
f 799/1579/1151 1327/1578/1150 783/1580/1152
f 783/1580/1152 1327/1578/1150 1228/1581/1153
f 1228/1581/1153 1327/1578/1150 1229/1582/856
f 1229/1582/856 1327/1578/1150 1230/1583/1154
f 1230/1583/1154 1327/1578/1150 1326/1575/863
f 1230/1583/1154 1326/1575/863 1231/1584/1155
f 1231/1584/1155 1326/1575/863 1232/1585/1156
f 1232/1585/1156 1326/1575/863 1233/1586/1157
f 1233/1586/1157 1326/1575/863 1325/1573/1146
f 1233/1586/1157 1325/1573/1146 1234/1587/1158
f 1234/1587/1158 1325/1573/1146 1321/1569/1142
f 1234/1587/1158 1321/1569/1142 1235/1588/1159
f 1235/1588/1159 1321/1569/1142 1236/1568/1141
f 1322/1570/1143 1328/1589/1160 1318/1565/1138
f 1318/1565/1138 1328/1589/1160 1329/1590/1161
f 1318/1565/1138 1329/1590/1161 1319/1566/1139
f 1316/1559/1132 1313/1555/1129 1314/1557/1131
f 1314/1557/1131 1313/1555/1129 1315/1558/822
f 1293/1525/1107 1288/1519/1102 1291/1523/1105
f 1291/1523/1105 1288/1519/1102 1290/1521/1104
f 1309/1541/817 1214/1543/1123 1312/1554/818
f 1307/1539/1120 1309/1541/817 1312/1554/818
f 1197/1591/1162 745/1592/1163 1330/1593/1164
f 1330/1593/1164 745/1592/1163 744/1594/1165
f 1330/1593/1164 744/1594/1165 811/1595/1166
f 1330/1593/1164 811/1595/1166 1331/1596/1167
f 1331/1596/1167 811/1595/1166 810/1597/1168
f 1331/1596/1167 810/1597/1168 1332/1598/1169
f 1332/1598/1169 810/1597/1168 809/1599/1170
f 1332/1598/1169 809/1599/1170 1333/1600/1171
f 1333/1600/1171 809/1599/1170 808/1601/1172
f 1333/1600/1171 808/1601/1172 1334/1602/1173
f 1334/1602/1173 808/1601/1172 807/1603/1174
f 1334/1602/1173 807/1603/1174 806/1604/1175
f 1334/1602/1173 806/1604/1175 1335/1605/1176
f 1335/1605/1176 806/1604/1175 759/1606/1177
f 1335/1605/1176 759/1606/1177 761/1607/1178
f 763/1608/1179 1336/1609/1180 761/1607/1178
f 761/1607/1178 1336/1609/1180 1337/1610/1181
f 761/1607/1178 1337/1610/1181 1338/1611/886
f 1338/1611/886 1337/1610/1181 1266/1612/898
f 1338/1611/886 1266/1612/898 1282/1613/881
f 765/1614/1182 1339/1615/894 763/1608/1179
f 763/1608/1179 1339/1615/894 1340/1616/895
f 763/1608/1179 1340/1616/895 1336/1609/1180
f 1336/1609/1180 1340/1616/895 1283/1617/896
f 1336/1609/1180 1283/1617/896 1266/1612/898
f 1339/1615/894 765/1614/1182 1341/1618/902
f 1341/1618/902 765/1614/1182 766/1619/1183
f 1341/1618/902 766/1619/1183 1342/1620/1184
f 1342/1620/1184 766/1619/1183 768/1621/1185
f 1342/1620/1184 768/1621/1185 1343/1622/1186
f 1343/1622/1186 768/1621/1185 770/1623/1187
f 1343/1622/1186 770/1623/1187 772/1624/1188
f 1343/1622/1186 772/1624/1188 1344/1625/1189
f 1344/1625/1189 772/1624/1188 774/1626/1190
f 1344/1625/1189 774/1626/1190 775/1627/1191
f 777/1628/1192 1345/1629/1193 775/1627/1191
f 775/1627/1191 1345/1629/1193 1253/1630/1194
f 775/1627/1191 1253/1630/1194 1344/1625/1189
f 1344/1625/1189 1253/1630/1194 1257/1631/1195
f 1344/1625/1189 1257/1631/1195 1256/1632/1196
f 1345/1629/1193 777/1628/1192 1250/1633/1197
f 1250/1633/1197 777/1628/1192 779/1634/1198
f 1250/1633/1197 779/1634/1198 1249/1635/1199
f 1249/1635/1199 779/1634/1198 1346/1636/1200
f 1249/1635/1199 1346/1636/1200 1285/1637/1201
f 1285/1637/1201 1346/1636/1200 1347/1638/1202
f 1285/1637/1201 1347/1638/1202 1348/1639/1203
f 1348/1639/1203 1347/1638/1202 783/1640/1152
f 1348/1639/1203 783/1640/1152 1349/1641/1204
f 1349/1641/1204 783/1640/1152 1228/1642/1153
f 1349/1641/1204 1228/1642/1153 1285/1637/1201
f 779/1634/1198 781/1643/1205 1346/1636/1200
f 1346/1636/1200 781/1643/1205 1347/1638/1202
f 781/1643/1205 783/1640/1152 1347/1638/1202
f 1250/1633/1197 1252/1644/1206 1345/1629/1193
f 1345/1629/1193 1252/1644/1206 1253/1630/1194
f 1344/1625/1189 1256/1632/1196 1343/1622/1186
f 1343/1622/1186 1256/1632/1196 1284/1645/1207
f 1343/1622/1186 1284/1645/1207 1259/1646/1208
f 1343/1622/1186 1259/1646/1208 1342/1620/1184
f 1342/1620/1184 1259/1646/1208 1260/1647/902
f 1342/1620/1184 1260/1647/902 1341/1618/902
f 1341/1618/902 1260/1647/902 1339/1615/894
f 1260/1647/902 1283/1617/896 1339/1615/894
f 1339/1615/894 1283/1617/896 1340/1616/895
f 1281/1648/1209 1335/1605/1176 1282/1613/881
f 1282/1613/881 1335/1605/1176 1350/1649/1210
f 1282/1613/881 1350/1649/1210 1338/1611/886
f 1338/1611/886 1350/1649/1210 761/1607/1178
f 1335/1605/1176 1281/1648/1209 1334/1602/1173
f 1334/1602/1173 1281/1648/1209 1280/1650/1211
f 1334/1602/1173 1280/1650/1211 1279/1651/1212
f 1334/1602/1173 1279/1651/1212 1333/1600/1171
f 1333/1600/1171 1279/1651/1212 1278/1652/1213
f 1333/1600/1171 1278/1652/1213 1332/1598/1169
f 1332/1598/1169 1278/1652/1213 1277/1653/1214
f 1332/1598/1169 1277/1653/1214 1331/1596/1167
f 1331/1596/1167 1277/1653/1214 1276/1654/1215
f 1331/1596/1167 1276/1654/1215 1275/1655/1216
f 1331/1596/1167 1275/1655/1216 1330/1593/1164
f 1330/1593/1164 1275/1655/1216 1197/1591/1162
f 761/1607/1178 1350/1649/1210 1335/1605/1176
f 1266/1612/898 1337/1610/1181 1336/1609/1180
f 1349/1641/1204 1285/1637/1201 1348/1639/1203
f 745/1656/260 1288/1657/44 743/1658/44
f 743/1658/44 1288/1657/44 1351/1659/1217
f 743/1658/44 1351/1659/1217 1352/1660/767
f 1352/1660/767 1351/1659/1217 1353/1661/768
f 1352/1660/767 1353/1661/768 1354/1662/1218
f 1354/1662/1218 1353/1661/768 1355/1663/1219
f 1354/1662/1218 1355/1663/1219 1356/1664/1220
f 1356/1664/1220 1355/1663/1219 1357/1665/1221
f 1356/1664/1220 1357/1665/1221 1358/1666/1222
f 1358/1666/1222 1357/1665/1221 1359/1667/1223
f 1358/1666/1222 1359/1667/1223 1360/1668/1224
f 1360/1668/1224 1359/1667/1223 1361/1669/1225
f 1360/1668/1224 1361/1669/1225 1362/1670/1226
f 1362/1670/1226 1361/1669/1225 1363/1671/1227
f 1362/1670/1226 1363/1671/1227 1364/1672/1228
f 1364/1672/1228 1363/1671/1227 1365/1673/1229
f 1365/1673/1229 1363/1671/1227 1366/1674/1230
f 1365/1673/1229 1366/1674/1230 1367/1675/1231
f 1367/1675/1231 1366/1674/1230 1368/1676/751
f 1367/1675/1231 1368/1676/751 1369/1677/751
f 1369/1677/751 1368/1676/751 1313/1678/1232
f 1369/1677/751 1313/1678/1232 1316/1679/1233
f 1288/1657/44 1293/1680/768 1351/1659/1217
f 1351/1659/1217 1293/1680/768 1353/1661/768
f 1293/1680/768 1295/1681/1234 1353/1661/768
f 1353/1661/768 1295/1681/1234 1355/1663/1219
f 1295/1681/1234 1297/1682/1235 1355/1663/1219
f 1355/1663/1219 1297/1682/1235 1357/1665/1221
f 1297/1682/1235 1298/1683/1236 1357/1665/1221
f 1357/1665/1221 1298/1683/1236 1359/1667/1223
f 1298/1683/1236 1300/1684/1237 1359/1667/1223
f 1359/1667/1223 1300/1684/1237 1361/1669/1225
f 1300/1684/1237 1302/1685/1238 1361/1669/1225
f 1361/1669/1225 1302/1685/1238 1304/1686/1239
f 1361/1669/1225 1304/1686/1239 1363/1671/1227
f 1363/1671/1227 1304/1686/1239 1305/1687/1240
f 1363/1671/1227 1305/1687/1240 1366/1674/1230
f 1366/1674/1230 1305/1687/1240 1307/1688/1241
f 1366/1674/1230 1307/1688/1241 1368/1676/751
f 1368/1676/751 1307/1688/1241 1313/1678/1232
f 1320/1689/1242 1370/1690/1243 1316/1679/1233
f 1316/1679/1233 1370/1690/1243 1371/1691/1244
f 1316/1679/1233 1371/1691/1244 1372/1692/751
f 1372/1692/751 1371/1691/1244 1373/1693/1245
f 1372/1692/751 1373/1693/1245 1374/1694/751
f 1370/1690/1243 1320/1689/1242 1375/1695/1246
f 1375/1695/1246 1320/1689/1242 1319/1696/1247
f 1375/1695/1246 1319/1696/1247 1376/1697/951
f 1376/1697/951 1319/1696/1247 1329/1698/1248
f 1376/1697/951 1329/1698/1248 1377/1699/742
f 1377/1699/742 1329/1698/1248 1328/1700/742
f 1377/1699/742 1328/1700/742 1322/1701/1249
f 1377/1699/742 1322/1701/1249 1378/1702/1250
f 1378/1702/1250 1322/1701/1249 1323/1703/1251
f 1378/1702/1250 1323/1703/1251 1379/1704/1252
f 1379/1704/1252 1323/1703/1251 1324/1705/1253
f 1379/1704/1252 1324/1705/1253 1380/1706/1254
f 1380/1706/1254 1324/1705/1253 805/805/1
f 1380/1706/1254 805/805/1 804/804/1
f 804/804/1 1381/1707/1255 1380/1706/1254
f 1380/1706/1254 1381/1707/1255 1382/1708/1256
f 1380/1706/1254 1382/1708/1256 1379/1704/1252
f 1379/1704/1252 1382/1708/1256 1383/1709/1257
f 1379/1704/1252 1383/1709/1257 1378/1702/1250
f 1378/1702/1250 1383/1709/1257 1384/1710/1258
f 1378/1702/1250 1384/1710/1258 1377/1699/742
f 1377/1699/742 1384/1710/1258 1385/1711/1259
f 1377/1699/742 1385/1711/1259 1376/1697/951
f 1376/1697/951 1385/1711/1259 1386/1712/1260
f 1376/1697/951 1386/1712/1260 1375/1695/1246
f 1375/1695/1246 1386/1712/1260 1387/1713/1261
f 1375/1695/1246 1387/1713/1261 1370/1690/1243
f 1370/1690/1243 1387/1713/1261 1373/1693/1245
f 1370/1690/1243 1373/1693/1245 1371/1691/1244
f 1372/1692/751 1374/1694/751 1369/1677/751
f 1369/1677/751 1374/1694/751 1367/1675/1231
f 1369/1677/751 1316/1679/1233 1372/1692/751
f 1352/1714/1262 1388/1715/1263 743/1716/1264
f 743/1716/1264 1388/1715/1263 1389/1717/1265
f 743/1716/1264 1389/1717/1265 1390/1718/1266
f 1390/1718/1266 1389/1717/1265 1388/1715/1263
f 1390/1718/1266 1388/1715/1263 1391/1719/1267
f 1391/1719/1267 1388/1715/1263 1352/1714/1262
f 1391/1719/1267 1352/1714/1262 1392/1720/1268
f 1392/1720/1268 1352/1714/1262 1393/1721/1269
f 1392/1720/1268 1393/1721/1269 1394/1722/1270
f 1394/1722/1270 1393/1721/1269 1395/1723/1271
f 1394/1722/1270 1395/1723/1271 1396/1724/1272
f 1396/1724/1272 1395/1723/1271 1352/1714/1262
f 1396/1724/1272 1352/1714/1262 1354/1725/1273
f 1396/1724/1272 1354/1725/1273 1397/1726/1274
f 1397/1726/1274 1354/1725/1273 1356/1727/1275
f 1397/1726/1274 1356/1727/1275 1358/1728/1276
f 1397/1726/1274 1358/1728/1276 1398/1729/1277
f 1398/1729/1277 1358/1728/1276 1360/1730/1278
f 1398/1729/1277 1360/1730/1278 1399/1731/1279
f 1399/1731/1279 1360/1730/1278 1362/1732/1280
f 1399/1731/1279 1362/1732/1280 1400/1733/1281
f 1400/1733/1281 1362/1732/1280 1364/1734/1282
f 1400/1733/1281 1364/1734/1282 1365/1735/1283
f 1400/1733/1281 1365/1735/1283 1401/1736/1284
f 1401/1736/1284 1365/1735/1283 1367/1737/1285
f 1401/1736/1284 1367/1737/1285 1402/1738/1286
f 1402/1738/1286 1367/1737/1285 1403/1739/1287
f 1402/1738/1286 1403/1739/1287 1404/1740/997
f 1404/1740/997 1403/1739/1287 1405/1741/1288
f 1405/1741/1288 1403/1739/1287 1406/1742/1289
f 1405/1741/1288 1406/1742/1289 1407/1743/626
f 1407/1743/626 1406/1742/1289 1367/1737/1285
f 1407/1743/626 1367/1737/1285 1374/1744/1290
f 1373/1745/1291 1408/1746/1292 1374/1744/1290
f 1374/1744/1290 1408/1746/1292 1409/1747/999
f 1374/1744/1290 1409/1747/999 1407/1743/626
f 1407/1743/626 1409/1747/999 1410/1748/1293
f 1407/1743/626 1410/1748/1293 1405/1741/1288
f 1387/1749/633 1411/1750/1294 1373/1745/1291
f 1373/1745/1291 1411/1750/1294 1412/1751/1295
f 1373/1745/1291 1412/1751/1295 1408/1746/1292
f 1408/1746/1292 1412/1751/1295 1410/1748/1293
f 1408/1746/1292 1410/1748/1293 1409/1747/999
f 1411/1750/1294 1387/1749/633 1413/1752/1296
f 1413/1752/1296 1387/1749/633 1386/1753/1297
f 1413/1752/1296 1386/1753/1297 1414/1754/1298
f 1414/1754/1298 1386/1753/1297 1385/1755/1299
f 1414/1754/1298 1385/1755/1299 1415/1756/1300
f 1415/1756/1300 1385/1755/1299 1384/1757/1301
f 1415/1756/1300 1384/1757/1301 1416/1758/1302
f 1416/1758/1302 1384/1757/1301 1383/1759/1303
f 1416/1758/1302 1383/1759/1303 1382/1760/1304
f 1416/1758/1302 1382/1760/1304 1417/1761/1305
f 1417/1761/1305 1382/1760/1304 1381/1762/1306
f 1417/1761/1305 1381/1762/1306 1418/1763/1307
f 1418/1763/1307 1381/1762/1306 804/1764/1308
f 1418/1763/1307 804/1764/1308 802/1765/1309
f 1418/1763/1307 802/1765/1309 1419/1766/1310
f 1419/1766/1310 802/1765/1309 800/1767/1311
f 1419/1766/1310 800/1767/1311 798/1768/1312
f 785/1769/1313 1420/1770/1314 798/1768/1312
f 798/1768/1312 1420/1770/1314 1419/1766/1310
f 1420/1770/1314 1421/1771/1315 1419/1766/1310
f 1419/1766/1310 1421/1771/1315 1418/1763/1307
f 1421/1771/1315 1422/1772/1316 1418/1763/1307
f 1418/1763/1307 1422/1772/1316 1423/1773/1317
f 1418/1763/1307 1423/1773/1317 1424/1774/1318
f 1424/1774/1318 1425/1775/1319 1418/1763/1307
f 1418/1763/1307 1425/1775/1319 1417/1761/1305
f 1425/1775/1319 1426/1776/1320 1417/1761/1305
f 1417/1761/1305 1426/1776/1320 1416/1758/1302
f 1426/1776/1320 1427/1777/1321 1416/1758/1302
f 1416/1758/1302 1427/1777/1321 1428/1778/1322
f 1416/1758/1302 1428/1778/1322 1415/1756/1300
f 1415/1756/1300 1428/1778/1322 1429/1779/1323
f 1415/1756/1300 1429/1779/1323 1414/1754/1298
f 1414/1754/1298 1430/1780/1324 1413/1752/1296
f 1413/1752/1296 1430/1780/1324 1411/1750/1294
f 1402/1738/1286 1404/1740/997 1401/1736/1284
f 1401/1736/1284 1404/1740/997 1431/1781/1325
f 1401/1736/1284 1431/1781/1325 1400/1733/1281
f 1400/1733/1281 1431/1781/1325 1432/1782/667
f 1400/1733/1281 1432/1782/667 1433/1783/1326
f 1400/1733/1281 1433/1783/1326 1399/1731/1279
f 1399/1731/1279 1433/1783/1326 1434/1784/1327
f 1399/1731/1279 1434/1784/1327 1398/1729/1277
f 1398/1729/1277 1434/1784/1327 1435/1785/1328
f 1398/1729/1277 1435/1785/1328 1397/1726/1274
f 1397/1726/1274 1435/1785/1328 1436/1786/1329
f 1397/1726/1274 1436/1786/1329 1437/1787/1330
f 1397/1726/1274 1437/1787/1330 1396/1724/1272
f 1396/1724/1272 1437/1787/1330 1394/1722/1270
f 1394/1722/1270 1390/1718/1266 1392/1720/1268
f 1392/1720/1268 1390/1718/1266 1391/1719/1267
f 1403/1739/1287 1367/1737/1285 1406/1742/1289
f 1395/1723/1271 1393/1721/1269 1352/1714/1262
f 1420/1770/1314 785/1769/1313 1438/1788/1331
f 1438/1788/1331 785/1789/1313 784/1790/1332
f 1438/1788/1331 784/1790/1332 1439/1791/1333
f 1439/1791/1333 784/1790/1332 1440/1792/1334
f 1439/1791/1333 1440/1792/1334 1441/1793/1334
f 1441/1793/1334 1440/1792/1334 1442/1794/1335
f 1441/1793/1334 1442/1794/1335 1443/1795/1336
f 1443/1795/1336 1442/1794/1335 797/1796/1337
f 1443/1795/1336 797/1796/1337 796/1797/1338
f 784/1790/1332 797/1796/1337 1440/1792/1334
f 1440/1792/1334 797/1796/1337 1442/1794/1335
f 795/1798/1339 1444/1799/1340 796/1797/1338
f 796/1797/1338 1444/1799/1340 1445/1800/1341
f 796/1797/1338 1445/1800/1341 1443/1795/1336
f 1444/1799/1340 795/1798/1339 1446/1801/1342
f 1446/1801/1342 795/1798/1339 794/1802/1343
f 1446/1801/1342 794/1802/1343 1447/1803/1344
f 1447/1803/1344 794/1802/1343 793/1804/1345
f 1447/1803/1344 793/1804/1345 792/1805/1346
f 1447/1803/1344 792/1805/1346 1448/1806/1347
f 1448/1806/1347 792/1805/1346 791/1807/1348
f 1448/1806/1347 791/1807/1348 1449/1808/1349
f 1449/1808/1349 791/1807/1348 790/1809/1350
f 1449/1808/1349 790/1809/1350 789/1810/1351
f 1449/1808/1349 789/1810/1351 1450/1811/1352
f 1450/1811/1352 789/1810/1351 788/1812/1353
f 1450/1811/1352 788/1812/1353 1451/1813/1354
f 1451/1813/1354 788/1812/1353 1452/1814/1355
f 1451/1813/1354 1452/1814/1355 1453/1815/1356
f 1453/1815/1356 1452/1814/1355 1454/1816/1357
f 1453/1815/1356 1454/1816/1357 1455/1817/1358
f 1455/1817/1358 1454/1816/1357 1456/1818/1359
f 1455/1817/1358 1456/1818/1359 1457/1819/1360
f 1457/1819/1360 1456/1818/1359 787/1820/1361
f 1457/1819/1360 787/1820/1361 1458/1821/1362
f 1458/1821/1362 787/1820/1361 1459/1822/1363
f 1458/1821/1362 1459/1822/1363 1460/1823/1364
f 1460/1823/1364 1459/1822/1363 1461/1824/1365
f 1461/1824/1365 1459/1822/1363 1462/1825/1366
f 1461/1824/1365 1462/1825/1366 1463/1826/1367
f 1463/1826/1367 1462/1825/1366 1464/1827/1368
f 1464/1827/1368 1462/1825/1366 1465/1828/1369
f 1464/1827/1368 1465/1828/1369 1466/1829/1370
f 1466/1829/1370 1465/1828/1369 1467/1830/1371
f 1466/1829/1370 1467/1830/1371 1468/1831/1372
f 1468/1831/1372 1467/1830/1371 1469/1832/1373
f 1468/1831/1372 1469/1832/1373 1470/1833/1374
f 1470/1833/1374 1469/1832/1373 1471/1834/1087
f 1471/1834/1087 1469/1832/1373 1472/1835/1375
f 1471/1834/1087 1472/1835/1375 1390/1836/1376
f 1390/1836/1376 1472/1835/1375 743/1837/1377
f 743/1837/1377 1472/1835/1375 741/1838/1378
f 741/1838/1378 1472/1835/1375 1469/1832/1373
f 741/1838/1378 1469/1832/1373 747/1839/1379
f 747/1839/1379 1469/1832/1373 748/1840/1380
f 748/1840/1380 1469/1832/1373 1467/1830/1371
f 748/1840/1380 1467/1830/1371 750/1841/1381
f 750/1841/1381 1467/1830/1371 1465/1828/1369
f 750/1841/1381 1465/1828/1369 752/1842/1382
f 752/1842/1382 1465/1828/1369 1462/1825/1366
f 752/1842/1382 1462/1825/1366 754/1843/1383
f 754/1843/1383 1462/1825/1366 756/1844/1384
f 756/1844/1384 1462/1825/1366 1459/1822/1363
f 756/1844/1384 1459/1822/1363 786/1845/1385
f 786/1845/1385 1459/1822/1363 787/1820/1361
f 1452/1814/1355 788/1812/1353 1454/1816/1357
f 1454/1816/1357 788/1812/1353 787/1820/1361
f 1454/1816/1357 787/1820/1361 1456/1818/1359
f 1460/1823/1364 1455/1817/1358 1458/1821/1362
f 1458/1821/1362 1455/1817/1358 1457/1819/1360
f 1453/1815/1356 1473/1846/1386 1451/1813/1354
f 1451/1813/1354 1473/1846/1386 1450/1811/1352
f 1450/1811/1352 1473/1846/1386 1449/1808/1349
f 1449/1808/1349 1473/1846/1386 1474/1847/1387
f 1449/1808/1349 1474/1847/1387 1448/1806/1347
f 1448/1806/1347 1474/1847/1387 1475/1848/1388
f 1448/1806/1347 1475/1848/1388 1476/1849/1389
f 1448/1806/1347 1476/1849/1389 1447/1803/1344
f 1447/1803/1344 1476/1849/1389 1477/1850/1390
f 1447/1803/1344 1477/1850/1390 1446/1801/1342
f 1446/1801/1342 1478/1851/1391 1444/1799/1340
f 1444/1799/1340 1478/1851/1391 1445/1800/1341
f 1441/1793/1334 1420/1852/1314 1439/1791/1333
f 1439/1791/1333 1420/1852/1314 1438/1788/1331
f 1390/1853/1392 1479/1854/1393 673/1855/1394
f 673/1855/1394 1479/1854/1393 1480/1856/1395
f 673/1855/1394 1480/1856/1395 1481/1857/1396
f 1481/1857/1396 1480/1856/1395 1394/1858/1397
f 1481/1857/1396 1394/1858/1397 1482/1859/1398
f 1482/1859/1398 1394/1858/1397 1483/1860/1399
f 1482/1859/1398 1483/1860/1399 1484/1861/1400
f 1484/1861/1400 1483/1860/1399 1485/1862/1401
f 1484/1861/1400 1485/1862/1401 1486/1863/1402
f 1486/1863/1402 1485/1862/1401 1487/1864/1403
f 1486/1863/1402 1487/1864/1403 1488/1865/1404
f 1488/1865/1404 1487/1864/1403 1489/1866/1405
f 1488/1865/1404 1489/1866/1405 1490/1867/1406
f 1490/1867/1406 1489/1866/1405 1491/1868/1407
f 1491/1868/1407 1489/1866/1405 1492/1869/1408
f 1491/1868/1407 1492/1869/1408 1493/1870/1409
f 1493/1870/1409 1492/1869/1408 1494/1871/1410
f 1494/1871/1410 1492/1869/1408 1495/1872/1411
f 1494/1871/1410 1495/1872/1411 1496/1873/1412
f 1496/1873/1412 1495/1872/1411 1497/1874/1413
f 1496/1873/1412 1497/1874/1413 1498/1875/1414
f 1498/1875/1414 1497/1874/1413 1499/1876/1415
f 1498/1875/1414 1499/1876/1415 1500/1877/1416
f 1500/1877/1416 1499/1876/1415 1501/1878/1417
f 1500/1877/1416 1501/1878/1417 1502/1879/817
f 1502/1879/817 1501/1878/1417 1404/1880/1418
f 1502/1879/817 1404/1880/1418 1405/1881/1419
f 1479/1854/1393 1390/1853/1392 1480/1856/1395
f 1480/1856/1395 1390/1853/1392 1394/1858/1397
f 1437/1882/1420 1487/1864/1403 1394/1858/1397
f 1394/1858/1397 1487/1864/1403 1485/1862/1401
f 1394/1858/1397 1485/1862/1401 1483/1860/1399
f 1487/1864/1403 1437/1882/1420 1489/1866/1405
f 1489/1866/1405 1437/1882/1420 1436/1883/1421
f 1489/1866/1405 1436/1883/1421 1435/1884/1422
f 1489/1866/1405 1435/1884/1422 1492/1869/1408
f 1492/1869/1408 1435/1884/1422 1434/1885/1423
f 1492/1869/1408 1434/1885/1423 1495/1872/1411
f 1495/1872/1411 1434/1885/1423 1433/1886/832
f 1495/1872/1411 1433/1886/832 1497/1874/1413
f 1497/1874/1413 1433/1886/832 1432/1887/1424
f 1497/1874/1413 1432/1887/1424 1431/1888/1425
f 1497/1874/1413 1431/1888/1425 1499/1876/1415
f 1499/1876/1415 1431/1888/1425 1404/1880/1418
f 1499/1876/1415 1404/1880/1418 1501/1878/1417
f 1410/1889/1426 1503/1890/1427 1405/1881/1419
f 1405/1881/1419 1503/1890/1427 1504/1891/820
f 1405/1881/1419 1504/1891/820 1502/1879/817
f 1502/1879/817 1504/1891/820 1500/1877/1416
f 1412/1892/1428 1505/1893/1429 1410/1889/1426
f 1410/1889/1426 1505/1893/1429 1506/1894/822
f 1410/1889/1426 1506/1894/822 1503/1890/1427
f 1503/1890/1427 1506/1894/822 1507/1895/1430
f 1503/1890/1427 1507/1895/1430 1504/1891/820
f 1504/1891/820 1507/1895/1430 1500/1877/1416
f 1505/1893/1429 1412/1892/1428 1508/1896/1431
f 1508/1896/1431 1412/1892/1428 1411/1897/1432
f 1508/1896/1431 1411/1897/1432 1509/1898/1433
f 1509/1898/1433 1411/1897/1432 1510/1899/1434
f 1509/1898/1433 1510/1899/1434 1511/1900/1435
f 1511/1900/1435 1510/1899/1434 1414/1901/1436
f 1511/1900/1435 1414/1901/1436 1512/1902/1437
f 1512/1902/1437 1414/1901/1436 1513/1903/1438
f 1512/1902/1437 1513/1903/1438 1514/1904/1439
f 1514/1904/1439 1513/1903/1438 1515/1905/1440
f 1515/1905/1440 1513/1903/1438 1516/1906/1441
f 1515/1905/1440 1516/1906/1441 1517/1907/1442
f 1517/1907/1442 1516/1906/1441 1518/1908/1443
f 1517/1907/1442 1518/1908/1443 1519/1909/1444
f 1519/1909/1444 1518/1908/1443 1520/1910/1445
f 1519/1909/1444 1520/1910/1445 728/1911/1446
f 728/1911/1446 1520/1910/1445 726/1912/1447
f 726/1912/1447 1520/1910/1445 724/1913/1448
f 724/1913/1448 1520/1910/1445 1521/1914/1150
f 724/1913/1448 1521/1914/1150 722/1915/1449
f 722/1915/1449 1521/1914/1150 720/1916/1450
f 720/1916/1450 1521/1914/1150 1420/1917/1451
f 1420/1917/1451 1521/1914/1150 1421/1918/1452
f 1421/1918/1452 1521/1914/1150 1520/1910/1445
f 1421/1918/1452 1520/1910/1445 1422/1919/1453
f 1422/1919/1453 1520/1910/1445 1423/1920/1454
f 1423/1920/1454 1520/1910/1445 1424/1921/1455
f 1424/1921/1455 1520/1910/1445 1425/1922/1456
f 1425/1922/1456 1520/1910/1445 1518/1908/1443
f 1425/1922/1456 1518/1908/1443 1426/1923/1457
f 1426/1923/1457 1518/1908/1443 1516/1906/1441
f 1426/1923/1457 1516/1906/1441 1427/1924/1458
f 1427/1924/1458 1516/1906/1441 1428/1925/1459
f 1428/1925/1459 1516/1906/1441 1513/1903/1438
f 1428/1925/1459 1513/1903/1438 1429/1926/1460
f 1429/1926/1460 1513/1903/1438 1414/1901/1436
f 1411/1897/1432 1430/1927/1461 1510/1899/1434
f 1510/1899/1434 1430/1927/1461 1414/1901/1436
f 1508/1896/1431 1507/1895/1430 1505/1893/1429
f 1505/1893/1429 1507/1895/1430 1506/1894/822
f 1484/1861/1400 673/1855/1394 1482/1859/1398
f 1482/1859/1398 673/1855/1394 1481/1857/1396
f 1390/1928/1162 673/1929/1462 1522/1930/1463
f 1522/1930/1463 673/1929/1462 672/1931/1464
f 1522/1930/1463 672/1931/1464 740/1932/1465
f 1522/1930/1463 740/1932/1465 1523/1933/1466
f 1523/1933/1466 740/1932/1465 739/1934/1467
f 1523/1933/1466 739/1934/1467 1524/1935/1468
f 1524/1935/1468 739/1934/1467 738/1936/1469
f 1524/1935/1468 738/1936/1469 1525/1937/1213
f 1525/1937/1213 738/1936/1469 737/1938/1470
f 1525/1937/1213 737/1938/1470 1526/1939/1471
f 1526/1939/1471 737/1938/1470 736/1940/1472
f 1526/1939/1471 736/1940/1472 735/1941/1473
f 1526/1939/1471 735/1941/1473 1527/1942/1474
f 1527/1942/1474 735/1941/1473 687/1943/1475
f 1527/1942/1474 687/1943/1475 1528/1944/1476
f 1528/1944/1476 687/1943/1475 689/1945/1477
f 1528/1944/1476 689/1945/1477 1529/1946/1478
f 1529/1946/1478 689/1945/1477 1530/1947/1479
f 1529/1946/1478 1530/1947/1479 1455/1948/1480
f 1455/1948/1480 1530/1947/1479 1531/1949/1481
f 1455/1948/1480 1531/1949/1481 1453/1950/1482
f 1453/1950/1482 1531/1949/1481 1532/1951/1483
f 1453/1950/1482 1532/1951/1483 1533/1952/1484
f 1533/1952/1484 1532/1951/1483 734/1953/1485
f 1533/1952/1484 734/1953/1485 1534/1954/1486
f 1534/1954/1486 734/1953/1485 698/1955/1487
f 1534/1954/1486 698/1955/1487 1535/1956/1488
f 1535/1956/1488 698/1955/1487 699/1957/1489
f 1535/1956/1488 699/1957/1489 1536/1958/1490
f 1536/1958/1490 699/1957/1489 701/1959/1491
f 1536/1958/1490 701/1959/1491 711/1960/1492
f 1530/1947/1479 689/1945/1477 1531/1949/1481
f 1531/1949/1481 689/1945/1477 734/1953/1485
f 1531/1949/1481 734/1953/1485 1532/1951/1483
f 1536/1958/1490 711/1960/1492 1537/1961/1493
f 1537/1961/1493 711/1960/1492 733/1962/1494
f 1537/1961/1493 733/1962/1494 1446/1963/1495
f 1446/1963/1495 733/1962/1494 732/1964/1496
f 1446/1963/1495 732/1964/1496 1538/1965/1497
f 1538/1965/1497 732/1964/1496 731/1966/1498
f 1538/1965/1497 731/1966/1498 1445/1967/1499
f 1445/1967/1499 731/1966/1498 730/1968/1500
f 1445/1967/1499 730/1968/1500 1443/1969/1501
f 1443/1969/1501 730/1968/1500 1539/1970/1502
f 1443/1969/1501 1539/1970/1502 1441/1971/1503
f 1441/1971/1503 1539/1970/1502 1540/1972/1504
f 1441/1971/1503 1540/1972/1504 1541/1973/1505
f 1541/1973/1505 1540/1972/1504 729/1974/1506
f 1541/1973/1505 729/1974/1506 720/1975/1450
f 730/1968/1500 729/1974/1506 1539/1970/1502
f 1539/1970/1502 729/1974/1506 1540/1972/1504
f 1541/1973/1505 720/1975/1450 1542/1976/920
f 1542/1976/920 720/1975/1450 1420/1977/1451
f 1542/1976/920 1420/1977/1451 1441/1971/1503
f 1445/1967/1499 1478/1978/1507 1538/1965/1497
f 1538/1965/1497 1478/1978/1507 1446/1963/1495
f 1446/1963/1495 1477/1979/1508 1537/1961/1493
f 1537/1961/1493 1477/1979/1508 1476/1980/1509
f 1537/1961/1493 1476/1980/1509 1536/1958/1490
f 1536/1958/1490 1476/1980/1509 1475/1981/1510
f 1536/1958/1490 1475/1981/1510 1474/1982/1511
f 1536/1958/1490 1474/1982/1511 1535/1956/1488
f 1535/1956/1488 1474/1982/1511 1473/1983/1512
f 1535/1956/1488 1473/1983/1512 1534/1954/1486
f 1534/1954/1486 1473/1983/1512 1533/1952/1484
f 1473/1983/1512 1453/1950/1482 1533/1952/1484
f 1455/1948/1480 1460/1984/1513 1529/1946/1478
f 1529/1946/1478 1460/1984/1513 1528/1944/1476
f 1528/1944/1476 1460/1984/1513 1527/1942/1474
f 1527/1942/1474 1460/1984/1513 1461/1985/1514
f 1527/1942/1474 1461/1985/1514 1526/1939/1471
f 1526/1939/1471 1461/1985/1514 1463/1986/1515
f 1526/1939/1471 1463/1986/1515 1464/1987/1516
f 1526/1939/1471 1464/1987/1516 1525/1937/1213
f 1525/1937/1213 1464/1987/1516 1466/1988/1517
f 1525/1937/1213 1466/1988/1517 1524/1935/1468
f 1524/1935/1468 1466/1988/1517 1468/1989/1518
f 1524/1935/1468 1468/1989/1518 1523/1933/1466
f 1523/1933/1466 1468/1989/1518 1470/1990/1519
f 1523/1933/1466 1470/1990/1519 1471/1991/1520
f 1523/1933/1466 1471/1991/1520 1522/1930/1463
f 1522/1930/1463 1471/1991/1520 1390/1928/1162
f 1542/1976/920 1441/1971/1503 1541/1973/1505
f 671/1992/164 673/1993/260 1543/1994/44
f 1543/1994/44 673/1993/260 1484/1995/44
f 1543/1994/44 1484/1995/44 1544/1996/44
f 1544/1996/44 1484/1995/44 1486/1997/1521
f 1544/1996/44 1486/1997/1521 1545/1998/1522
f 1545/1998/1522 1486/1997/1521 1488/1999/1523
f 1545/1998/1522 1488/1999/1523 1546/2000/1524
f 1546/2000/1524 1488/1999/1523 1490/2001/1525
f 1546/2000/1524 1490/2001/1525 1547/2002/1526
f 1547/2002/1526 1490/2001/1525 1491/2003/1527
f 1547/2002/1526 1491/2003/1527 1548/2004/1528
f 1548/2004/1528 1491/2003/1527 1493/2005/1529
f 1548/2004/1528 1493/2005/1529 1549/2006/1530
f 1549/2006/1530 1493/2005/1529 1494/2007/1531
f 1549/2006/1530 1494/2007/1531 1550/2008/1532
f 1550/2008/1532 1494/2007/1531 1496/2009/1533
f 1550/2008/1532 1496/2009/1533 1551/2010/1534
f 1551/2010/1534 1496/2009/1533 1498/2011/1535
f 1551/2010/1534 1498/2011/1535 1552/2012/1536
f 1552/2012/1536 1498/2011/1535 1500/2013/1537
f 1552/2012/1536 1500/2013/1537 1553/2014/1538
f 1553/2014/1538 1500/2013/1537 1507/2015/1539
f 1553/2014/1538 1507/2015/1539 1554/2016/1540
f 1554/2016/1540 1507/2015/1539 1508/2017/1541
f 1554/2016/1540 1508/2017/1541 1555/2018/1542
f 1555/2018/1542 1508/2017/1541 1556/2019/1543
f 1555/2018/1542 1556/2019/1543 1557/2020/1544
f 1557/2020/1544 1556/2019/1543 1558/2021/1545
f 1557/2020/1544 1558/2021/1545 1559/2022/1546
f 1559/2022/1546 1558/2021/1545 1560/2023/1547
f 1559/2022/1546 1560/2023/1547 1561/2024/1548
f 1561/2024/1548 1560/2023/1547 1562/2025/1549
f 1561/2024/1548 1562/2025/1549 1563/2026/1550
f 1563/2026/1550 1562/2025/1549 1564/2027/1551
f 1563/2026/1550 1564/2027/1551 1565/2028/1552
f 1565/2028/1552 1564/2027/1551 1566/2029/1553
f 1565/2028/1552 1566/2029/1553 1567/2030/1554
f 1567/2030/1554 1566/2029/1553 1568/2031/1555
f 1567/2030/1554 1568/2031/1555 1569/2032/1556
f 1569/2032/1556 1568/2031/1555 1570/2033/1254
f 1569/2032/1556 1570/2033/1254 1571/2034/1557
f 1571/2034/1557 1570/2033/1254 727/2035/53
f 727/2035/53 1570/2033/1254 1519/2036/1558
f 727/2035/53 1519/2036/1558 728/2037/445
f 1508/2017/1541 1509/2038/1559 1556/2019/1543
f 1556/2019/1543 1509/2038/1559 1558/2021/1545
f 1509/2038/1559 1511/2039/1560 1558/2021/1545
f 1558/2021/1545 1511/2039/1560 1560/2023/1547
f 1560/2023/1547 1511/2039/1560 1562/2025/1549
f 1562/2025/1549 1511/2039/1560 1512/2040/1561
f 1562/2025/1549 1512/2040/1561 1564/2027/1551
f 1564/2027/1551 1512/2040/1561 1514/2041/1562
f 1564/2027/1551 1514/2041/1562 1566/2029/1553
f 1566/2029/1553 1514/2041/1562 1515/2042/1563
f 1566/2029/1553 1515/2042/1563 1568/2031/1555
f 1568/2031/1555 1515/2042/1563 1517/2043/1564
f 1568/2031/1555 1517/2043/1564 1570/2033/1254
f 1570/2033/1254 1517/2043/1564 1519/2036/1558
f 1557/2020/1544 1572/2044/751 1555/2018/1542
f 1555/2018/1542 1572/2044/751 1554/2016/1540
f 1572/2044/751 1573/2045/1565 1554/2016/1540
f 1554/2016/1540 1573/2045/1565 1553/2014/1538
f 1553/2014/1538 1573/2045/1565 1552/2012/1536
f 1552/2012/1536 1573/2045/1565 1574/2046/1566
f 1552/2012/1536 1574/2046/1566 1551/2010/1534
f 1551/2010/1534 1574/2046/1566 1575/2047/1567
f 1551/2010/1534 1575/2047/1567 1550/2008/1532
f 1550/2008/1532 1575/2047/1567 1576/2048/1568
f 1550/2008/1532 1576/2048/1568 1549/2006/1530
f 1549/2006/1530 1576/2048/1568 1577/2049/1569
f 1549/2006/1530 1577/2049/1569 1548/2004/1528
f 1548/2004/1528 1577/2049/1569 1578/2050/1570
f 1548/2004/1528 1578/2050/1570 1547/2002/1526
f 1547/2002/1526 1578/2050/1570 1579/2051/1571
f 1547/2002/1526 1579/2051/1571 1546/2000/1524
f 1546/2000/1524 1579/2051/1571 1580/2052/1572
f 1546/2000/1524 1580/2052/1572 1545/1998/1522
f 1545/1998/1522 1580/2052/1572 1544/1996/44
f 1580/2052/1572 1581/2053/44 1544/1996/44
f 1544/1996/44 1581/2053/44 1543/1994/44
f 1581/2053/44 671/1992/164 1543/1994/44
f 1581/2054/600 1582/2055/1573 671/2056/977
f 671/2056/977 1582/2055/1573 1583/2057/1574
f 671/2056/977 1583/2057/1574 1584/2058/1575
f 1584/2058/1575 1583/2057/1574 1582/2055/1573
f 1584/2058/1575 1582/2055/1573 1585/2059/1267
f 1585/2059/1267 1582/2055/1573 1581/2054/600
f 1585/2059/1267 1581/2054/600 1586/2060/1576
f 1586/2060/1576 1581/2054/600 1587/2061/1577
f 1586/2060/1576 1587/2061/1577 1588/2062/1578
f 1588/2062/1578 1587/2061/1577 1589/2063/609
f 1588/2062/1578 1589/2063/609 1590/2064/1579
f 1590/2064/1579 1589/2063/609 1581/2054/600
f 1590/2064/1579 1581/2054/600 1580/2065/1580
f 1590/2064/1579 1580/2065/1580 1591/2066/987
f 1591/2066/987 1580/2065/1580 1579/2067/1581
f 1591/2066/987 1579/2067/1581 1578/2068/1582
f 1591/2066/987 1578/2068/1582 1592/2069/1583
f 1592/2069/1583 1578/2068/1582 1577/2070/1584
f 1592/2069/1583 1577/2070/1584 1593/2071/1585
f 1593/2071/1585 1577/2070/1584 1576/2072/1586
f 1593/2071/1585 1576/2072/1586 1594/2073/1587
f 1594/2073/1587 1576/2072/1586 1575/2074/1588
f 1594/2073/1587 1575/2074/1588 1574/2075/1589
f 1594/2073/1587 1574/2075/1589 1595/2076/1590
f 1595/2076/1590 1574/2075/1589 1573/2077/1591
f 1595/2076/1590 1573/2077/1591 1596/2078/1592
f 1596/2078/1592 1573/2077/1591 1597/2079/1593
f 1596/2078/1592 1597/2079/1593 1598/2080/1286
f 1598/2080/1286 1597/2079/1593 1599/2081/1594
f 1599/2081/1594 1597/2079/1593 1600/2082/1595
f 1599/2081/1594 1600/2082/1595 1601/2083/626
f 1601/2083/626 1600/2082/1595 1572/2084/1596
f 1601/2083/626 1572/2084/1596 1602/2085/999
f 1602/2085/999 1572/2084/1596 1603/2086/1292
f 1602/2085/999 1603/2086/1292 1604/2087/1597
f 1604/2087/1597 1603/2086/1292 1605/2088/1598
f 1605/2088/1598 1603/2086/1292 1557/2089/1599
f 1605/2088/1598 1557/2089/1599 1606/2090/1600
f 1606/2090/1600 1557/2089/1599 1559/2091/1601
f 1606/2090/1600 1559/2091/1601 1607/2092/1602
f 1607/2092/1602 1559/2091/1601 1561/2093/1603
f 1607/2092/1602 1561/2093/1603 1608/2094/1604
f 1608/2094/1604 1561/2093/1603 1609/2095/1605
f 1608/2094/1604 1609/2095/1605 1610/2096/1606
f 1610/2096/1606 1609/2095/1605 1611/2097/1607
f 1611/2097/1607 1609/2095/1605 1612/2098/1608
f 1611/2097/1607 1612/2098/1608 1613/2099/1609
f 1613/2099/1609 1612/2098/1608 1614/2100/1610
f 1614/2100/1610 1612/2098/1608 1615/2101/1611
f 1614/2100/1610 1615/2101/1611 1616/2102/1612
f 1616/2102/1612 1615/2101/1611 1617/2103/1307
f 1616/2102/1612 1617/2103/1307 1618/2104/1613
f 1618/2104/1613 1617/2103/1307 1619/2105/1614
f 1619/2105/1614 1617/2103/1307 1620/2106/1615
f 1620/2106/1615 1617/2103/1307 1621/2107/1616
f 1621/2107/1616 1617/2103/1307 1622/2108/1310
f 1621/2107/1616 1622/2108/1310 1623/2109/1617
f 1623/2109/1617 1622/2108/1310 721/2110/1618
f 1623/2109/1617 721/2110/1618 719/2111/1619
f 1597/2079/1593 1573/2077/1591 1600/2082/1595
f 1600/2082/1595 1573/2077/1591 1572/2084/1596
f 1572/2084/1596 1557/2089/1599 1603/2086/1292
f 1561/2093/1603 1563/2112/1620 1609/2095/1605
f 1609/2095/1605 1563/2112/1620 1565/2113/1621
f 1609/2095/1605 1565/2113/1621 1612/2098/1608
f 1612/2098/1608 1565/2113/1621 1567/2114/1622
f 1612/2098/1608 1567/2114/1622 1569/2115/1623
f 1612/2098/1608 1569/2115/1623 1615/2101/1611
f 1615/2101/1611 1569/2115/1623 1571/2116/1624
f 1615/2101/1611 1571/2116/1624 1617/2103/1307
f 1617/2103/1307 1571/2116/1624 727/2117/1625
f 1617/2103/1307 727/2117/1625 725/2118/1626
f 1617/2103/1307 725/2118/1626 1622/2108/1310
f 1622/2108/1310 725/2118/1626 723/2119/1627
f 1622/2108/1310 723/2119/1627 721/2110/1618
f 1608/2094/1604 1624/2120/1324 1607/2092/1602
f 1607/2092/1602 1624/2120/1324 1606/2090/1600
f 1602/2085/999 1604/2087/1597 1601/2083/626
f 1601/2083/626 1604/2087/1597 1599/2081/1594
f 1596/2078/1592 1598/2080/1286 1595/2076/1590
f 1595/2076/1590 1598/2080/1286 1625/2121/1628
f 1595/2076/1590 1625/2121/1628 1594/2073/1587
f 1594/2073/1587 1625/2121/1628 1626/2122/1629
f 1594/2073/1587 1626/2122/1629 1627/2123/1630
f 1594/2073/1587 1627/2123/1630 1593/2071/1585
f 1593/2071/1585 1627/2123/1630 1628/2124/1631
f 1593/2071/1585 1628/2124/1631 1592/2069/1583
f 1592/2069/1583 1628/2124/1631 1629/2125/1035
f 1592/2069/1583 1629/2125/1035 1591/2066/987
f 1591/2066/987 1629/2125/1035 1630/2126/1632
f 1591/2066/987 1630/2126/1632 1631/2127/1633
f 1591/2066/987 1631/2127/1633 1590/2064/1579
f 1590/2064/1579 1631/2127/1633 1588/2062/1578
f 1588/2062/1578 1584/2058/1575 1586/2060/1576
f 1586/2060/1576 1584/2058/1575 1585/2059/1267
f 1589/2063/609 1587/2061/1577 1581/2054/600
f 717/2128/1634 1632/2129/1635 719/2130/1619
f 719/2130/1619 1632/2129/1635 1633/2131/1636
f 719/2130/1619 1633/2131/1636 1634/2132/1637
f 1634/2132/1637 1633/2131/1636 1623/2133/1617
f 1634/2132/1637 1623/2133/1617 719/2130/1619
f 715/2134/1638 1635/2135/1639 717/2128/1634
f 717/2128/1634 1635/2135/1639 1636/2136/1640
f 717/2128/1634 1636/2136/1640 1632/2129/1635
f 1632/2129/1635 1636/2136/1640 1637/2137/1333
f 1632/2129/1635 1637/2137/1333 1633/2131/1636
f 1633/2131/1636 1637/2137/1333 1623/2133/1617
f 713/2138/1641 1638/2139/1642 715/2134/1638
f 715/2134/1638 1638/2139/1642 1639/2140/1643
f 715/2134/1638 1639/2140/1643 1635/2135/1639
f 713/2138/1641 708/2141/1644 1638/2139/1642
f 1638/2139/1642 708/2141/1644 1640/2142/1645
f 1638/2139/1642 1640/2142/1645 1641/2143/1646
f 1640/2142/1645 708/2141/1644 1642/2144/1647
f 1642/2144/1647 708/2141/1644 705/2145/1648
f 1642/2144/1647 705/2145/1648 704/2146/1649
f 707/2147/1650 1643/2148/1651 704/2146/1649
f 704/2146/1649 1643/2148/1651 1644/2149/1652
f 704/2146/1649 1644/2149/1652 1642/2144/1647
f 1642/2144/1647 1644/2149/1652 1645/2150/1653
f 1642/2144/1647 1645/2150/1653 1640/2142/1645
f 707/2147/1650 706/2151/1654 1643/2148/1651
f 1643/2148/1651 706/2151/1654 1646/2152/1655
f 1643/2148/1651 1646/2152/1655 1647/2153/1656
f 1647/2153/1656 1646/2152/1655 1648/2154/1657
f 1648/2154/1657 1646/2152/1655 1649/2155/1352
f 1648/2154/1657 1649/2155/1352 1650/2156/1354
f 1650/2156/1354 1649/2155/1352 693/2157/1658
f 1650/2156/1354 693/2157/1658 1651/2158/1659
f 1651/2158/1659 693/2157/1658 692/2159/1660
f 1651/2158/1659 692/2159/1660 1652/2160/1661
f 1652/2160/1661 692/2159/1660 1653/2161/1662
f 1652/2160/1661 1653/2161/1662 1654/2162/1663
f 1654/2162/1663 1653/2161/1662 1655/2163/1664
f 1654/2162/1663 1655/2163/1664 1656/2164/1362
f 1656/2164/1362 1655/2163/1664 695/2165/1665
f 1656/2164/1362 695/2165/1665 1657/2166/1666
f 1657/2166/1666 695/2165/1665 694/2167/1667
f 1657/2166/1666 694/2167/1667 684/2168/1668
f 706/2151/1654 696/2169/1669 1646/2152/1655
f 1646/2152/1655 696/2169/1669 1649/2155/1352
f 696/2169/1669 693/2157/1658 1649/2155/1352
f 1653/2161/1662 692/2159/1660 1655/2163/1664
f 1655/2163/1664 692/2159/1660 695/2165/1665
f 1657/2166/1666 684/2168/1668 1658/2170/1670
f 1658/2170/1670 684/2168/1668 682/2171/1671
f 1658/2170/1670 682/2171/1671 680/2172/1672
f 1658/2170/1670 680/2172/1672 1659/2173/1673
f 1659/2173/1673 680/2172/1672 678/2174/1674
f 1659/2173/1673 678/2174/1674 1660/2175/1675
f 1660/2175/1675 678/2174/1674 676/2176/1676
f 1660/2175/1675 676/2176/1676 1661/2177/1677
f 1661/2177/1677 676/2176/1676 675/2178/1678
f 1661/2177/1677 675/2178/1678 669/2179/1679
f 1661/2177/1677 669/2179/1679 1662/2180/1375
f 1662/2180/1375 669/2179/1679 671/2181/1680
f 1662/2180/1375 671/2181/1680 1584/2182/1681
f 1584/2182/1681 1663/2183/1682 1662/2180/1375
f 1662/2180/1375 1663/2183/1682 1661/2177/1677
f 1663/2183/1682 1664/2184/1683 1661/2177/1677
f 1661/2177/1677 1664/2184/1683 1665/2185/1684
f 1661/2177/1677 1665/2185/1684 1660/2175/1675
f 1660/2175/1675 1665/2185/1684 1666/2186/1685
f 1660/2175/1675 1666/2186/1685 1659/2173/1673
f 1659/2173/1673 1666/2186/1685 1667/2187/1686
f 1659/2173/1673 1667/2187/1686 1658/2170/1670
f 1658/2170/1670 1667/2187/1686 1668/2188/1687
f 1658/2170/1670 1668/2188/1687 1669/2189/1688
f 1658/2170/1670 1669/2189/1688 1657/2166/1666
f 1657/2166/1666 1669/2189/1688 1670/2190/1363
f 1657/2166/1666 1670/2190/1363 1656/2164/1362
f 1656/2164/1362 1670/2190/1363 1654/2162/1663
f 1654/2162/1663 1671/2191/1356 1652/2160/1661
f 1652/2160/1661 1671/2191/1356 1651/2158/1659
f 1651/2158/1659 1671/2191/1356 1650/2156/1354
f 1650/2156/1354 1671/2191/1356 1648/2154/1657
f 1647/2153/1656 1672/2192/1689 1643/2148/1651
f 1643/2148/1651 1672/2192/1689 1644/2149/1652
f 1641/2143/1646 1639/2140/1643 1638/2139/1642
f 1635/2135/1639 1637/2137/1333 1636/2136/1640
f 1584/2193/1690 1673/2194/1691 600/2195/1692
f 600/2195/1692 1673/2194/1691 1674/2196/1693
f 600/2195/1692 1674/2196/1693 1675/2197/1694
f 1675/2197/1694 1674/2196/1693 1588/2198/796
f 1675/2197/1694 1588/2198/796 1676/2199/1695
f 1676/2199/1695 1588/2198/796 1677/2200/1696
f 1676/2199/1695 1677/2200/1696 1678/2201/1107
f 1678/2201/1107 1677/2200/1696 1679/2202/1697
f 1678/2201/1107 1679/2202/1697 1680/2203/1698
f 1680/2203/1698 1679/2202/1697 1588/2198/796
f 1680/2203/1698 1588/2198/796 1631/2204/1699
f 1673/2194/1691 1584/2193/1690 1674/2196/1693
f 1674/2196/1693 1584/2193/1690 1588/2198/796
f 1680/2203/1698 1631/2204/1699 1681/2205/1405
f 1681/2205/1405 1631/2204/1699 1630/2206/1700
f 1681/2205/1405 1630/2206/1700 1629/2207/1422
f 1681/2205/1405 1629/2207/1422 1682/2208/1701
f 1682/2208/1701 1629/2207/1422 1628/2209/1702
f 1682/2208/1701 1628/2209/1702 1683/2210/1703
f 1683/2210/1703 1628/2209/1702 1627/2211/1704
f 1683/2210/1703 1627/2211/1704 1684/2212/1116
f 1684/2212/1116 1627/2211/1704 1626/2213/1705
f 1684/2212/1116 1626/2213/1705 1625/2214/1706
f 1684/2212/1116 1625/2214/1706 1685/2215/1707
f 1685/2215/1707 1625/2214/1706 1598/2216/1417
f 1685/2215/1707 1598/2216/1417 1686/2217/1708
f 1686/2217/1708 1598/2216/1417 1687/2218/817
f 1686/2217/1708 1687/2218/817 1688/2219/1709
f 1688/2219/1709 1687/2218/817 1689/2220/1710
f 1689/2220/1710 1687/2218/817 1690/2221/1711
f 1689/2220/1710 1690/2221/1711 1691/2222/821
f 1691/2222/821 1690/2221/1711 1599/2223/1712
f 1691/2222/821 1599/2223/1712 1604/2224/1713
f 1598/2216/1417 1599/2223/1712 1687/2218/817
f 1687/2218/817 1599/2223/1712 1690/2221/1711
f 1605/2225/1130 1692/2226/1429 1604/2224/1713
f 1604/2224/1713 1692/2226/1429 1693/2227/822
f 1604/2224/1713 1693/2227/822 1691/2222/821
f 1691/2222/821 1693/2227/822 1694/2228/1714
f 1691/2222/821 1694/2228/1714 1689/2220/1710
f 1606/2229/1715 1695/2230/1716 1605/2225/1130
f 1605/2225/1130 1695/2230/1716 1696/2231/1717
f 1605/2225/1130 1696/2231/1717 1692/2226/1429
f 1692/2226/1429 1696/2231/1717 1694/2228/1714
f 1692/2226/1429 1694/2228/1714 1693/2227/822
f 1695/2230/1716 1606/2229/1715 1697/2232/1718
f 1697/2232/1718 1606/2229/1715 1624/2233/1719
f 1697/2232/1718 1624/2233/1719 1608/2234/1720
f 1610/2235/1721 1698/2236/1722 1608/2234/1720
f 1608/2234/1720 1698/2236/1722 1699/2237/1723
f 1608/2234/1720 1699/2237/1723 1697/2232/1718
f 1697/2232/1718 1699/2237/1723 1700/2238/1724
f 1697/2232/1718 1700/2238/1724 1695/2230/1716
f 1610/2235/1721 1611/2239/1725 1698/2236/1722
f 1698/2236/1722 1611/2239/1725 1701/2240/1726
f 1698/2236/1722 1701/2240/1726 1702/2241/1727
f 1702/2241/1727 1701/2240/1726 1703/2242/1728
f 1703/2242/1728 1701/2240/1726 1704/2243/1729
f 1704/2243/1729 1701/2240/1726 1705/2244/1730
f 1704/2243/1729 1705/2244/1730 660/2245/1731
f 660/2245/1731 1705/2244/1730 1706/2246/1157
f 660/2245/1731 1706/2246/1157 658/2247/1732
f 658/2247/1732 1706/2246/1157 656/2248/1733
f 656/2248/1733 1706/2246/1157 1707/2249/1734
f 656/2248/1733 1707/2249/1734 654/2250/1735
f 654/2250/1735 1707/2249/1734 641/2251/1736
f 641/2251/1736 1707/2249/1734 1623/2252/1737
f 1623/2252/1737 1707/2249/1734 1621/2253/1738
f 1621/2253/1738 1707/2249/1734 1706/2246/1157
f 1621/2253/1738 1706/2246/1157 1620/2254/1739
f 1620/2254/1739 1706/2246/1157 1619/2255/1740
f 1619/2255/1740 1706/2246/1157 1618/2256/1741
f 1618/2256/1741 1706/2246/1157 1616/2257/1742
f 1616/2257/1742 1706/2246/1157 1705/2244/1730
f 1616/2257/1742 1705/2244/1730 1614/2258/1743
f 1614/2258/1743 1705/2244/1730 1701/2240/1726
f 1614/2258/1743 1701/2240/1726 1613/2259/1744
f 1613/2259/1744 1701/2240/1726 1611/2239/1725
f 1702/2241/1727 1708/2260/1745 1698/2236/1722
f 1698/2236/1722 1708/2260/1745 1699/2237/1723
f 1709/2261/1746 1684/2212/1116 1688/2219/1709
f 1688/2219/1709 1684/2212/1116 1685/2215/1707
f 1688/2219/1709 1685/2215/1707 1686/2217/1708
f 1709/2261/1746 1710/2262/1747 1684/2212/1116
f 1684/2212/1116 1710/2262/1747 1683/2210/1703
f 1683/2210/1703 1710/2262/1747 1682/2208/1701
f 1682/2208/1701 1710/2262/1747 1711/2263/1748
f 1682/2208/1701 1711/2263/1748 1712/2264/1749
f 1682/2208/1701 1712/2264/1749 1681/2205/1405
f 1681/2205/1405 1712/2264/1749 1713/2265/1750
f 1681/2205/1405 1713/2265/1750 1714/2266/1751
f 1681/2205/1405 1714/2266/1751 1680/2203/1698
f 1680/2203/1698 1714/2266/1751 1678/2201/1107
f 1678/2201/1107 600/2195/1692 1676/2199/1695
f 1676/2199/1695 600/2195/1692 1675/2197/1694
f 1588/2198/796 1679/2202/1697 1677/2200/1696
f 1584/2267/1752 600/2268/1753 1715/2269/1754
f 1715/2269/1754 600/2268/1753 599/2270/1755
f 1715/2269/1754 599/2270/1755 668/2271/1756
f 1715/2269/1754 668/2271/1756 1716/2272/1757
f 1716/2272/1757 668/2271/1756 667/2273/1758
f 1716/2272/1757 667/2273/1758 666/2274/1759
f 1716/2272/1757 666/2274/1759 1717/2275/1760
f 1717/2275/1760 666/2274/1759 665/2276/1761
f 1717/2275/1760 665/2276/1761 1718/2277/1762
f 1718/2277/1762 665/2276/1761 664/2278/1763
f 1718/2277/1762 664/2278/1763 1719/2279/1764
f 1719/2279/1764 664/2278/1763 663/2280/1765
f 1719/2279/1764 663/2280/1765 614/2281/1766
f 1719/2279/1764 614/2281/1766 1720/2282/1767
f 1720/2282/1767 614/2281/1766 615/2283/1768
f 1720/2282/1767 615/2283/1768 617/2284/1769
f 1720/2282/1767 617/2284/1769 1721/2285/1770
f 1721/2285/1770 617/2284/1769 618/2286/1771
f 1721/2285/1770 618/2286/1771 1722/2287/1478
f 1722/2287/1478 618/2286/1771 1723/2288/1772
f 1722/2287/1478 1723/2288/1772 1654/2289/1773
f 1654/2289/1773 1723/2288/1772 1724/2290/1774
f 1654/2289/1773 1724/2290/1774 1671/2291/1775
f 1671/2291/1775 1724/2290/1774 1725/2292/1483
f 1671/2291/1775 1725/2292/1483 1726/2293/1776
f 1726/2293/1776 1725/2292/1483 662/2294/1777
f 1726/2293/1776 662/2294/1777 1727/2295/1777
f 1727/2295/1777 662/2294/1777 1728/2296/1778
f 1727/2295/1777 1728/2296/1778 1648/2297/1512
f 1648/2297/1512 1728/2296/1778 1647/2298/1779
f 1647/2298/1779 1728/2296/1778 1729/2299/1780
f 1647/2298/1779 1729/2299/1780 1672/2300/1781
f 1672/2300/1781 1729/2299/1780 1644/2301/1782
f 1644/2301/1782 1729/2299/1780 627/2302/1783
f 1644/2301/1782 627/2302/1783 1730/2303/1784
f 1730/2303/1784 627/2302/1783 629/2304/1785
f 1730/2303/1784 629/2304/1785 631/2305/1786
f 1723/2288/1772 618/2286/1771 1724/2290/1774
f 1724/2290/1774 618/2286/1771 662/2294/1777
f 1724/2290/1774 662/2294/1777 1725/2292/1483
f 662/2294/1777 661/2306/1787 1728/2296/1778
f 1728/2296/1778 661/2306/1787 1729/2299/1780
f 661/2306/1787 626/2307/1788 1729/2299/1780
f 1729/2299/1780 626/2307/1788 627/2302/1783
f 633/2308/1789 1731/2309/1790 631/2305/1786
f 631/2305/1786 1731/2309/1790 1640/2310/1791
f 631/2305/1786 1640/2310/1791 1730/2303/1784
f 1730/2303/1784 1640/2310/1791 1645/2311/1792
f 1730/2303/1784 1645/2311/1792 1644/2301/1782
f 633/2308/1789 635/2312/1793 1731/2309/1790
f 1731/2309/1790 635/2312/1793 1639/2313/1794
f 1731/2309/1790 1639/2313/1794 1641/2314/1795
f 635/2312/1793 637/2315/1796 1639/2313/1794
f 1639/2313/1794 637/2315/1796 1635/2316/1797
f 1635/2316/1797 637/2315/1796 639/2317/1798
f 1635/2316/1797 639/2317/1798 1732/2318/1799
f 1732/2318/1799 639/2317/1798 641/2319/1736
f 1732/2318/1799 641/2319/1736 1733/2320/1800
f 1733/2320/1800 641/2319/1736 1734/2321/1801
f 1733/2320/1800 1734/2321/1801 1637/2322/1802
f 1637/2322/1802 1734/2321/1801 1735/2323/1803
f 1637/2322/1802 1735/2323/1803 1623/2324/1737
f 1623/2324/1737 1735/2323/1803 641/2319/1736
f 641/2319/1736 1735/2323/1803 1734/2321/1801
f 1733/2320/1800 1637/2322/1802 1732/2318/1799
f 1732/2318/1799 1637/2322/1802 1635/2316/1797
f 1641/2314/1795 1640/2310/1791 1731/2309/1790
f 1727/2295/1777 1648/2297/1512 1726/2293/1776
f 1726/2293/1776 1648/2297/1512 1671/2291/1775
f 1654/2289/1773 1670/2325/1474 1722/2287/1478
f 1722/2287/1478 1670/2325/1474 1721/2285/1770
f 1721/2285/1770 1670/2325/1474 1720/2282/1767
f 1720/2282/1767 1670/2325/1474 1669/1224/1804
f 1720/2282/1767 1669/1224/1804 1719/2279/1764
f 1719/2279/1764 1669/1224/1804 1668/2326/1805
f 1719/2279/1764 1668/2326/1805 1667/2327/1806
f 1719/2279/1764 1667/2327/1806 1718/2277/1762
f 1718/2277/1762 1667/2327/1806 1666/2328/1807
f 1718/2277/1762 1666/2328/1807 1717/2275/1760
f 1717/2275/1760 1666/2328/1807 1665/2329/1808
f 1717/2275/1760 1665/2329/1808 1716/2272/1757
f 1716/2272/1757 1665/2329/1808 1664/2330/1809
f 1716/2272/1757 1664/2330/1809 1663/2331/1810
f 1716/2272/1757 1663/2331/1810 1715/2269/1754
f 1715/2269/1754 1663/2331/1810 1584/2267/1752
f 598/2332/44 600/2333/164 1736/2334/44
f 1736/2334/44 600/2333/164 1678/2335/44
f 1736/2334/44 1678/2335/44 1737/2336/1811
f 1737/2336/1811 1678/2335/44 1738/2337/1812
f 1737/2336/1811 1738/2337/1812 1739/2338/1813
f 1739/2338/1813 1738/2337/1812 1740/2339/1814
f 1740/2339/1814 1738/2337/1812 1741/2340/1815
f 1740/2339/1814 1741/2340/1815 1742/2341/1816
f 1742/2341/1816 1741/2340/1815 1743/2342/1817
f 1742/2341/1816 1743/2342/1817 1744/2343/1818
f 1744/2343/1818 1743/2342/1817 1745/2344/1819
f 1744/2343/1818 1745/2344/1819 1746/2345/1820
f 1746/2345/1820 1745/2344/1819 1747/2346/1821
f 1746/2345/1820 1747/2346/1821 1748/2347/1822
f 1748/2347/1822 1747/2346/1821 1749/2348/1823
f 1748/2347/1822 1749/2348/1823 1750/2349/1824
f 1750/2349/1824 1749/2348/1823 1751/2350/1825
f 1750/2349/1824 1751/2350/1825 1752/2351/1826
f 1752/2351/1826 1751/2350/1825 1753/2352/1827
f 1752/2351/1826 1753/2352/1827 1754/2353/751
f 1754/2353/751 1753/2352/1827 1688/2354/1828
f 1754/2353/751 1688/2354/1828 1689/2355/751
f 1678/2335/44 1714/2356/1829 1738/2337/1812
f 1738/2337/1812 1714/2356/1829 1741/2340/1815
f 1714/2356/1829 1713/2357/1830 1741/2340/1815
f 1741/2340/1815 1713/2357/1830 1743/2342/1817
f 1713/2357/1830 1712/2358/1831 1743/2342/1817
f 1743/2342/1817 1712/2358/1831 1745/2344/1819
f 1712/2358/1831 1711/2359/1832 1745/2344/1819
f 1745/2344/1819 1711/2359/1832 1747/2346/1821
f 1711/2359/1832 1710/2360/1833 1747/2346/1821
f 1747/2346/1821 1710/2360/1833 1749/2348/1823
f 1710/2360/1833 1709/2361/1834 1749/2348/1823
f 1749/2348/1823 1709/2361/1834 1751/2350/1825
f 1709/2361/1834 1688/2354/1828 1751/2350/1825
f 1751/2350/1825 1688/2354/1828 1753/2352/1827
f 1694/2362/1835 1755/2363/1836 1689/2355/751
f 1689/2355/751 1755/2363/1836 1756/2364/751
f 1689/2355/751 1756/2364/751 1754/2353/751
f 1754/2353/751 1756/2364/751 1752/2351/1826
f 1696/2365/1837 1757/2366/1232 1694/2362/1835
f 1694/2362/1835 1757/2366/1232 1758/2367/751
f 1694/2362/1835 1758/2367/751 1755/2363/1836
f 1755/2363/1836 1758/2367/751 1756/2364/751
f 1757/2366/1232 1696/2365/1837 1759/2368/1838
f 1759/2368/1838 1696/2365/1837 1695/2369/1839
f 1759/2368/1838 1695/2369/1839 1760/2370/1840
f 1760/2370/1840 1695/2369/1839 1700/2371/1841
f 1760/2370/1840 1700/2371/1841 1761/2372/1842
f 1761/2372/1842 1700/2371/1841 1699/2373/1843
f 1761/2372/1842 1699/2373/1843 1762/2374/951
f 1762/2374/951 1699/2373/1843 1708/2375/1844
f 1762/2374/951 1708/2375/1844 1763/2376/742
f 1763/2376/742 1708/2375/1844 1702/2377/1845
f 1763/2376/742 1702/2377/1845 1764/2378/1846
f 1764/2378/1846 1702/2377/1845 1703/2379/1847
f 1764/2378/1846 1703/2379/1847 1765/2380/1848
f 1765/2380/1848 1703/2379/1847 1704/2381/1849
f 1765/2380/1848 1704/2381/1849 1766/2382/1850
f 1766/2382/1850 1704/2381/1849 660/660/1
f 1766/2382/1850 660/660/1 659/659/1
f 659/659/1 1767/2383/1851 1766/2382/1850
f 1766/2382/1850 1767/2383/1851 1765/2380/1848
f 1767/2383/1851 1768/2384/1852 1765/2380/1848
f 1765/2380/1848 1768/2384/1852 1764/2378/1846
f 1768/2384/1852 1769/2385/1853 1764/2378/1846
f 1764/2378/1846 1769/2385/1853 1763/2376/742
f 1769/2385/1853 1770/2386/1854 1763/2376/742
f 1763/2376/742 1770/2386/1854 1762/2374/951
f 1770/2386/1854 1771/2387/1855 1762/2374/951
f 1762/2374/951 1771/2387/1855 1761/2372/1842
f 1771/2387/1855 1772/2388/1856 1761/2372/1842
f 1761/2372/1842 1772/2388/1856 1760/2370/1840
f 1772/2388/1856 1773/2389/1857 1760/2370/1840
f 1760/2370/1840 1773/2389/1857 1759/2368/1838
f 1759/2368/1838 1773/2389/1857 1757/2366/1232
f 1757/2366/1232 1773/2389/1857 1758/2367/751
f 1739/2338/1813 1774/2390/1858 1737/2336/1811
f 1737/2336/1811 1774/2390/1858 1736/2334/44
f 1774/2390/1858 598/2332/44 1736/2334/44
f 1774/2391/1859 1775/2392/1860 598/2393/1264
f 598/2393/1264 1775/2392/1860 1776/2394/1861
f 598/2393/1264 1776/2394/1861 1777/2395/1862
f 1777/2395/1862 1776/2394/1861 1775/2392/1860
f 1777/2395/1862 1775/2392/1860 1778/2396/1863
f 1778/2396/1863 1775/2392/1860 1774/2391/1859
f 1778/2396/1863 1774/2391/1859 1779/2397/1864
f 1779/2397/1864 1774/2391/1859 1780/2398/1865
f 1779/2397/1864 1780/2398/1865 1777/2395/1862
f 1777/2395/1862 1780/2398/1865 1781/2399/1866
f 1781/2399/1866 1780/2398/1865 1782/2400/1867
f 1781/2399/1866 1782/2400/1867 1783/2401/1868
f 1783/2401/1868 1782/2400/1867 1774/2391/1859
f 1783/2401/1868 1774/2391/1859 1739/2402/1869
f 1739/2402/1869 1740/2403/1870 1783/2401/1868
f 1783/2401/1868 1740/2403/1870 1784/2404/1871
f 1783/2401/1868 1784/2404/1871 1781/2399/1866
f 1784/2404/1871 1740/2403/1870 1785/2405/1872
f 1785/2405/1872 1740/2403/1870 1742/2406/1873
f 1785/2405/1872 1742/2406/1873 1744/2407/1874
f 1785/2405/1872 1744/2407/1874 1786/2408/1875
f 1786/2408/1875 1744/2407/1874 1746/2409/1876
f 1786/2408/1875 1746/2409/1876 1748/2410/1877
f 1786/2408/1875 1748/2410/1877 1787/2411/1878
f 1787/2411/1878 1748/2410/1877 1750/2412/1879
f 1787/2411/1878 1750/2412/1879 1752/2413/1880
f 1756/2414/1881 1788/2415/1882 1752/2413/1880
f 1752/2413/1880 1788/2415/1882 1789/2416/1883
f 1752/2413/1880 1789/2416/1883 1787/2411/1878
f 1787/2411/1878 1789/2416/1883 1790/2417/1884
f 1787/2411/1878 1790/2417/1884 1791/2418/1885
f 1758/2419/1886 1792/2420/1887 1756/2414/1881
f 1756/2414/1881 1792/2420/1887 1793/2421/1888
f 1756/2414/1881 1793/2421/1888 1794/2422/1889
f 1794/2422/1889 1793/2421/1888 1795/2423/1890
f 1794/2422/1889 1795/2423/1890 1796/2424/1891
f 1796/2424/1891 1795/2423/1890 1797/2425/1892
f 1796/2424/1891 1797/2425/1892 1788/2415/1882
f 1788/2415/1882 1797/2425/1892 1789/2416/1883
f 1792/2420/1887 1758/2419/1886 1798/2426/1893
f 1798/2426/1893 1758/2419/1886 1773/2427/1894
f 1798/2426/1893 1773/2427/1894 1799/2428/1895
f 1799/2428/1895 1773/2427/1894 1800/2429/1896
f 1800/2429/1896 1773/2427/1894 1801/2430/1897
f 1800/2429/1896 1801/2430/1897 1802/2431/1898
f 1802/2431/1898 1801/2430/1897 1803/2432/1899
f 1803/2432/1899 1801/2430/1897 1771/2433/1900
f 1803/2432/1899 1771/2433/1900 1804/2434/1901
f 1804/2434/1901 1771/2433/1900 1770/2435/1902
f 1804/2434/1901 1770/2435/1902 1769/2436/1903
f 1773/2427/1894 1772/2437/1904 1801/2430/1897
f 1801/2430/1897 1772/2437/1904 1771/2433/1900
f 1804/2434/1901 1769/2436/1903 1805/2438/1905
f 1805/2438/1905 1769/2436/1903 1768/2439/1906
f 1805/2438/1905 1768/2439/1906 1767/2440/1907
f 1805/2438/1905 1767/2440/1907 1806/2441/1908
f 1806/2441/1908 1767/2440/1907 659/2442/1909
f 1806/2441/1908 659/2442/1909 1807/2443/1910
f 1807/2443/1910 659/2442/1909 657/2444/1911
f 1807/2443/1910 657/2444/1911 1808/2445/1912
f 1808/2445/1912 657/2444/1911 655/2446/1913
f 1808/2445/1912 655/2446/1913 643/2447/1913
f 642/2448/1914 1809/2449/1915 643/2447/1913
f 643/2447/1913 1809/2449/1915 1808/2445/1912
f 1809/2449/1915 1810/2450/1916 1808/2445/1912
f 1808/2445/1912 1810/2450/1916 1807/2443/1910
f 1810/2450/1916 1811/2451/1917 1807/2443/1910
f 1807/2443/1910 1811/2451/1917 1812/2452/1918
f 1807/2443/1910 1812/2452/1918 1813/2453/1919
f 1813/2453/1919 1814/2454/1920 1807/2443/1910
f 1807/2443/1910 1814/2454/1920 1806/2441/1908
f 1814/2454/1920 1815/2455/1921 1806/2441/1908
f 1806/2441/1908 1815/2455/1921 1805/2438/1905
f 1815/2455/1921 1816/2456/1922 1805/2438/1905
f 1805/2438/1905 1816/2456/1922 1817/2457/1923
f 1805/2438/1905 1817/2457/1923 1804/2434/1901
f 1804/2434/1901 1817/2457/1923 1818/2458/1924
f 1804/2434/1901 1818/2458/1924 1803/2432/1899
f 1799/2428/1895 1819/2459/1925 1798/2426/1893
f 1798/2426/1893 1819/2459/1925 1792/2420/1887
f 1792/2420/1887 1819/2459/1925 1793/2421/1888
f 1793/2421/1888 1819/2459/1925 1795/2423/1890
f 1797/2425/1892 1790/2417/1884 1789/2416/1883
f 1791/2418/1885 1820/2460/1926 1787/2411/1878
f 1787/2411/1878 1820/2460/1926 1786/2408/1875
f 1820/2460/1926 1821/2461/1927 1786/2408/1875
f 1786/2408/1875 1821/2461/1927 1822/2462/1928
f 1786/2408/1875 1822/2462/1928 1785/2405/1872
f 1785/2405/1872 1822/2462/1928 1823/2463/1929
f 1785/2405/1872 1823/2463/1929 1784/2404/1871
f 1780/2398/1865 1774/2391/1859 1782/2400/1867
f 1778/2396/1863 1779/2397/1864 1777/2395/1862
f 1794/2422/1889 1796/2424/1891 1756/2414/1881
f 1756/2414/1881 1796/2424/1891 1788/2415/1882
f 1809/2449/1915 642/2448/1914 1824/2464/1334
f 1824/2464/1334 642/2465/1914 653/2466/1930
f 1824/2464/1334 653/2466/1930 1825/2467/1931
f 1825/2467/1931 653/2466/1930 1826/2468/1932
f 1825/2467/1931 1826/2468/1932 1827/2469/1933
f 653/2466/1930 652/2470/1934 1826/2468/1932
f 1826/2468/1932 652/2470/1934 1828/2471/1935
f 1828/2471/1935 652/2470/1934 651/2472/1936
f 1828/2471/1935 651/2472/1936 1829/2473/1937
f 1829/2473/1937 651/2472/1936 650/2474/1938
f 1829/2473/1937 650/2474/1938 1830/2475/1939
f 1830/2475/1939 650/2474/1938 649/2476/1940
f 1830/2475/1939 649/2476/1940 1831/2477/1941
f 1831/2477/1941 649/2476/1940 648/2478/1942
f 1831/2477/1941 648/2478/1942 1832/2479/1943
f 1832/2479/1943 648/2478/1942 647/2480/1944
f 1832/2479/1943 647/2480/1944 623/2481/1945
f 1832/2479/1943 623/2481/1945 1833/2482/1946
f 1833/2482/1946 623/2481/1945 621/2483/1947
f 1833/2482/1946 621/2483/1947 1834/2484/1948
f 1834/2484/1948 621/2483/1947 1835/2485/1063
f 1834/2484/1948 1835/2485/1063 1836/2486/1948
f 1836/2486/1948 1835/2485/1063 1837/2487/1949
f 1837/2487/1949 1835/2485/1063 1838/2488/1950
f 1837/2487/1949 1838/2488/1950 1839/2489/1951
f 1839/2489/1951 1838/2488/1950 646/2490/1952
f 1839/2489/1951 646/2490/1952 1840/2491/1953
f 1840/2491/1953 646/2490/1952 1841/2492/1954
f 1840/2491/1953 1841/2492/1954 1842/2493/701
f 1842/2493/701 1841/2492/1954 1843/2494/1955
f 1842/2493/701 1843/2494/1955 1844/2495/1956
f 1844/2495/1956 1843/2494/1955 1845/2496/1957
f 1844/2495/1956 1845/2496/1957 1846/2497/1958
f 1846/2497/1958 1845/2496/1957 1847/2498/1959
f 1846/2497/1958 1847/2498/1959 1848/2499/1960
f 1848/2499/1960 1847/2498/1959 1849/2500/1961
f 1849/2500/1961 1847/2498/1959 1850/2501/1685
f 1849/2500/1961 1850/2501/1685 1851/2502/1962
f 1851/2502/1962 1850/2501/1685 1852/2503/1963
f 1851/2502/1962 1852/2503/1963 1853/2504/1964
f 1853/2504/1964 1852/2503/1963 1854/2505/1965
f 1853/2504/1964 1854/2505/1965 1855/2506/1966
f 1855/2506/1966 1854/2505/1965 1856/2507/1967
f 1856/2507/1967 1854/2505/1965 1857/2508/1968
f 1856/2507/1967 1857/2508/1968 1777/2509/1376
f 1777/2509/1376 1857/2508/1968 598/2510/1969
f 598/2510/1969 1857/2508/1968 596/2511/1970
f 596/2511/1970 1857/2508/1968 1854/2505/1965
f 596/2511/1970 1854/2505/1965 602/2512/1971
f 602/2512/1971 1854/2505/1965 603/2513/1972
f 603/2513/1972 1854/2505/1965 1852/2503/1963
f 603/2513/1972 1852/2503/1963 605/2514/1973
f 605/2514/1973 1852/2503/1963 1850/2501/1685
f 605/2514/1973 1850/2501/1685 607/2515/1974
f 607/2515/1974 1850/2501/1685 1847/2498/1959
f 607/2515/1974 1847/2498/1959 609/2516/1975
f 609/2516/1975 1847/2498/1959 611/2517/1976
f 611/2517/1976 1847/2498/1959 1845/2496/1957
f 611/2517/1976 1845/2496/1957 644/2518/1977
f 644/2518/1977 1845/2496/1957 645/2519/1978
f 645/2519/1978 1845/2496/1957 1843/2494/1955
f 645/2519/1978 1843/2494/1955 1841/2492/1954
f 621/2483/1947 646/2490/1952 1835/2485/1063
f 1835/2485/1063 646/2490/1952 1838/2488/1950
f 646/2490/1952 645/2519/1978 1841/2492/1954
f 1840/2491/1953 1842/2493/701 1839/2489/1951
f 1839/2489/1951 1842/2493/701 1837/2487/1949
f 1834/2484/1948 1836/2486/1948 1833/2482/1946
f 1833/2482/1946 1836/2486/1948 1858/2520/1979
f 1833/2482/1946 1858/2520/1979 1832/2479/1943
f 1832/2479/1943 1858/2520/1979 1859/2521/1980
f 1832/2479/1943 1859/2521/1980 1860/2522/1981
f 1832/2479/1943 1860/2522/1981 1831/2477/1941
f 1831/2477/1941 1860/2522/1981 1861/2523/1982
f 1831/2477/1941 1861/2523/1982 1830/2475/1939
f 1830/2475/1939 1862/2524/1983 1829/2473/1937
f 1829/2473/1937 1862/2524/1983 1828/2471/1935
f 1825/2467/1931 1827/2469/1933 1824/2464/1334
f 1824/2464/1334 1827/2469/1933 1809/2525/1915
f 1777/2526/1984 1863/2527/1985 532/2528/1986
f 532/2528/1986 1863/2527/1985 1864/2529/1987
f 532/2528/1986 1864/2529/1987 1865/2530/1988
f 1865/2530/1988 1864/2529/1987 1777/2526/1984
f 1865/2530/1988 1777/2526/1984 1781/2531/1989
f 1784/2532/1990 1866/2533/1991 1781/2531/1989
f 1781/2531/1989 1866/2533/1991 1867/2534/1992
f 1781/2531/1989 1867/2534/1992 1868/2535/1993
f 1868/2535/1993 1867/2534/1992 1869/2536/1994
f 1868/2535/1993 1869/2536/1994 532/2528/1986
f 1823/2537/1995 1870/2538/1996 1784/2532/1990
f 1784/2532/1990 1870/2538/1996 1871/2539/1997
f 1784/2532/1990 1871/2539/1997 1866/2533/1991
f 1866/2533/1991 1871/2539/1997 1869/2536/1994
f 1866/2533/1991 1869/2536/1994 1867/2534/1992
f 1823/2537/1995 1822/2540/1998 1870/2538/1996
f 1870/2538/1996 1822/2540/1998 1872/2541/1999
f 1870/2538/1996 1872/2541/1999 1873/2542/2000
f 1873/2542/2000 1872/2541/1999 1874/2543/2001
f 1874/2543/2001 1872/2541/1999 1875/2544/2002
f 1875/2544/2002 1872/2541/1999 1876/2545/2003
f 1875/2544/2002 1876/2545/2003 1877/2546/2004
f 1877/2546/2004 1876/2545/2003 1878/2547/2005
f 1878/2547/2005 1876/2545/2003 1879/2548/2006
f 1878/2547/2005 1879/2548/2006 1880/2549/2007
f 1880/2549/2007 1879/2548/2006 1881/2550/2008
f 1880/2549/2007 1881/2550/2008 1882/2551/2009
f 1882/2551/2009 1881/2550/2008 1883/2552/2010
f 1882/2551/2009 1883/2552/2010 1884/2553/2011
f 1884/2553/2011 1883/2552/2010 1795/2554/2012
f 1884/2553/2011 1795/2554/2012 1885/2555/2013
f 1885/2555/2013 1795/2554/2012 1819/2556/2014
f 1885/2555/2013 1819/2556/2014 1886/2557/2015
f 1886/2557/2015 1819/2556/2014 1887/2558/2016
f 1886/2557/2015 1887/2558/2016 1882/2551/2009
f 1882/2551/2009 1887/2558/2016 1888/2559/2017
f 1888/2559/2017 1887/2558/2016 1889/2560/2018
f 1889/2560/2018 1887/2558/2016 1799/2561/2019
f 1889/2560/2018 1799/2561/2019 1800/2562/2020
f 1822/2540/1998 1821/2563/2021 1872/2541/1999
f 1872/2541/1999 1821/2563/2021 1820/2564/2022
f 1872/2541/1999 1820/2564/2022 1876/2545/2003
f 1876/2545/2003 1820/2564/2022 1791/2565/2023
f 1876/2545/2003 1791/2565/2023 1790/2566/2024
f 1876/2545/2003 1790/2566/2024 1879/2548/2006
f 1879/2548/2006 1790/2566/2024 1797/2567/2025
f 1879/2548/2006 1797/2567/2025 1881/2550/2008
f 1881/2550/2008 1797/2567/2025 1883/2552/2010
f 1797/2567/2025 1795/2554/2012 1883/2552/2010
f 1819/2556/2014 1799/2561/2019 1887/2558/2016
f 1802/2568/2026 1890/2569/2027 1800/2562/2020
f 1800/2562/2020 1890/2569/2027 1891/2570/2028
f 1800/2562/2020 1891/2570/2028 1889/2560/2018
f 1802/2568/2026 1803/2571/2029 1890/2569/2027
f 1890/2569/2027 1803/2571/2029 1892/2572/2030
f 1890/2569/2027 1892/2572/2030 1893/2573/2031
f 1892/2572/2030 1803/2571/2029 1894/2574/2032
f 1894/2574/2032 1803/2571/2029 1818/2575/2033
f 1894/2574/2032 1818/2575/2033 1817/2576/2034
f 1894/2574/2032 1817/2576/2034 1895/2577/2035
f 1895/2577/2035 1817/2576/2034 1816/2578/2036
f 1895/2577/2035 1816/2578/2036 1815/2579/2037
f 1895/2577/2035 1815/2579/2037 1896/2580/2038
f 1896/2580/2038 1815/2579/2037 1814/2581/2039
f 1896/2580/2038 1814/2581/2039 1897/2582/2040
f 1897/2582/2040 1814/2581/2039 1813/2583/2041
f 1897/2582/2040 1813/2583/2041 1812/2584/2042
f 1812/2584/2042 1811/2585/2043 1897/2582/2040
f 1897/2582/2040 1811/2585/2043 1810/2586/2044
f 1897/2582/2040 1810/2586/2044 1898/2587/2045
f 1898/2587/2045 1810/2586/2044 1809/2588/920
f 1898/2587/2045 1809/2588/920 580/2589/2046
s 0
f 582/2590/2047 583/2591/2048 580/2589/2049
s 1
f 580/2589/2046 583/2591/2048 1898/2587/2045
f 583/2591/2048 584/2592/2050 1898/2587/2045
f 1898/2587/2045 584/2592/2050 1897/2582/2040
f 584/2592/2050 585/2593/2051 1897/2582/2040
f 1897/2582/2040 585/2593/2051 1899/2594/1456
f 1897/2582/2040 1899/2594/1456 1896/2580/2038
f 1896/2580/2038 1899/2594/1456 1900/2595/2052
f 1896/2580/2038 1900/2595/2052 1895/2577/2035
f 1895/2577/2035 1900/2595/2052 1901/2596/2053
f 1895/2577/2035 1901/2596/2053 1902/2597/2054
f 1895/2577/2035 1902/2597/2054 1894/2574/2032
f 1894/2574/2032 1902/2597/2054 1903/2598/2055
f 1894/2574/2032 1903/2598/2055 1892/2572/2030
f 1893/2573/2031 1891/2570/2028 1890/2569/2027
f 1873/2542/2000 1904/2599/2056 1870/2538/1996
f 1870/2538/1996 1904/2599/2056 1871/2539/1997
f 1885/2555/2013 1886/2557/2015 1882/2551/2009
f 1885/2555/2013 1882/2551/2009 1884/2553/2011
f 1863/2527/1985 1777/2526/1984 1864/2529/1987
f 1781/2531/1989 1868/2535/1993 1905/2600/1102
f 1905/2600/1102 1868/2535/1993 532/2528/1986
f 1905/2600/1102 532/2528/1986 1865/2530/1988
f 1865/2530/1988 1781/2531/1989 1905/2600/1102
f 1777/2601/1752 532/2602/2057 1906/2603/2058
f 1906/2603/2058 532/2602/2057 531/2604/2059
f 1906/2603/2058 531/2604/2059 595/2605/2060
f 1906/2603/2058 595/2605/2060 1907/2606/2061
f 1907/2606/2061 595/2605/2060 594/2607/2062
f 1907/2606/2061 594/2607/2062 1908/2608/2063
f 1908/2608/2063 594/2607/2062 593/2609/2064
f 1908/2608/2063 593/2609/2064 1909/2610/2065
f 1909/2610/2065 593/2609/2064 592/2611/2066
f 1909/2610/2065 592/2611/2066 1910/2612/2067
f 1910/2612/2067 592/2611/2066 591/2613/2068
f 1910/2612/2067 591/2613/2068 590/2614/2069
f 1910/2612/2067 590/2614/2069 1911/2615/2070
f 1911/2615/2070 590/2614/2069 545/2616/2071
f 1911/2615/2070 545/2616/2071 547/2617/2072
f 549/2618/2073 1912/2619/2074 547/2617/2072
f 547/2617/2072 1912/2619/2074 1913/2620/2075
f 547/2617/2072 1913/2620/2075 1914/2621/2076
f 1914/2621/2076 1913/2620/2075 1844/2622/2077
f 1914/2621/2076 1844/2622/2077 1911/2615/2070
f 1911/2615/2070 1844/2622/2077 1846/2623/2078
f 1911/2615/2070 1846/2623/2078 1910/2612/2067
f 1910/2612/2067 1846/2623/2078 1848/2624/2079
f 1910/2612/2067 1848/2624/2079 1849/2625/2080
f 589/2626/2081 1915/2627/2082 549/2618/2073
f 549/2618/2073 1915/2627/2082 1916/2628/2083
f 549/2618/2073 1916/2628/2083 1917/2629/2084
f 1917/2629/2084 1916/2628/2083 1837/2630/2085
f 1917/2629/2084 1837/2630/2085 1842/2631/2086
f 557/2632/2087 1918/2633/2088 589/2626/2081
f 589/2626/2081 1918/2633/2088 1919/2634/2089
f 589/2626/2081 1919/2634/2089 1920/2635/2090
f 1920/2635/2090 1919/2634/2089 1836/2636/893
f 1920/2635/2090 1836/2636/893 1915/2627/2082
f 1915/2627/2082 1836/2636/893 1837/2630/2085
f 1915/2627/2082 1837/2630/2085 1916/2628/2083
f 557/2632/2087 558/2637/2091 1918/2633/2088
f 1918/2633/2088 558/2637/2091 1921/2638/2092
f 1918/2633/2088 1921/2638/2092 1860/2639/2093
f 1860/2639/2093 1921/2638/2092 1861/1980/2094
f 1861/1980/2094 1921/2638/2092 1830/2640/2095
f 1830/2640/2095 1921/2638/2092 577/2641/2096
f 1830/2640/2095 577/2641/2096 1922/2642/2097
f 1922/2642/2097 577/2641/2096 576/2643/2098
f 1922/2642/2097 576/2643/2098 588/2644/2099
f 558/2637/2091 560/2645/2100 1921/2638/2092
f 1921/2638/2092 560/2645/2100 577/2641/2096
f 587/2646/2101 1923/2647/2102 588/2644/2099
f 588/2644/2099 1923/2647/2102 1826/2648/2103
f 588/2644/2099 1826/2648/2103 1828/2649/2104
f 1923/2647/2102 587/2646/2101 1924/2650/2105
f 1924/2650/2105 587/2646/2101 580/2651/2046
f 1924/2650/2105 580/2651/2046 1809/2652/920
f 1809/2652/920 1827/2653/1202 1924/2650/2105
f 1924/2650/2105 1827/2653/1202 1923/2647/2102
f 1827/2653/1202 1826/2648/2103 1923/2647/2102
f 588/2644/2099 1828/2649/2104 1922/2642/2097
f 1922/2642/2097 1828/2649/2104 1862/2654/2106
f 1922/2642/2097 1862/2654/2106 1830/2640/2095
f 1860/2639/2093 1859/2655/2107 1918/2633/2088
f 1918/2633/2088 1859/2655/2107 1858/2656/2108
f 1918/2633/2088 1858/2656/2108 1919/2634/2089
f 1919/2634/2089 1858/2656/2108 1836/2636/893
f 1844/2622/2077 1913/2620/2075 1842/2631/2086
f 1842/2631/2086 1913/2620/2075 1912/2619/2074
f 1842/2631/2086 1912/2619/2074 1917/2629/2084
f 1917/2629/2084 1912/2619/2074 549/2618/2073
f 1910/2612/2067 1849/2625/2080 1909/2610/2065
f 1909/2610/2065 1849/2625/2080 1851/2657/2109
f 1909/2610/2065 1851/2657/2109 1908/2608/2063
f 1908/2608/2063 1851/2657/2109 1853/2658/2110
f 1908/2608/2063 1853/2658/2110 1907/2606/2061
f 1907/2606/2061 1853/2658/2110 1855/2659/2111
f 1907/2606/2061 1855/2659/2111 1856/2660/2112
f 1907/2606/2061 1856/2660/2112 1906/2603/2058
f 1906/2603/2058 1856/2660/2112 1777/2601/1752
f 547/2617/2072 1914/2621/2076 1911/2615/2070
f 1915/2627/2082 589/2626/2081 1920/2635/2090
f 530/2661/44 532/2662/313 1925/2663/44
f 1925/2663/44 532/2662/313 1869/2664/44
f 1925/2663/44 1869/2664/44 1926/2665/2113
f 1926/2665/2113 1869/2664/44 1927/2666/2114
f 1926/2665/2113 1927/2666/2114 1928/2667/2115
f 1928/2667/2115 1927/2666/2114 1929/2668/2116
f 1929/2668/2116 1927/2666/2114 1930/2669/2117
f 1929/2668/2116 1930/2669/2117 1931/2670/2118
f 1931/2670/2118 1930/2669/2117 1932/2671/2119
f 1931/2670/2118 1932/2671/2119 1933/2672/2120
f 1933/2672/2120 1932/2671/2119 1934/2673/2121
f 1933/2672/2120 1934/2673/2121 1935/2674/2122
f 1935/2674/2122 1934/2673/2121 1936/2675/2123
f 1935/2674/2122 1936/2675/2123 1937/2676/2124
f 1937/2676/2124 1936/2675/2123 1938/2677/2125
f 1937/2676/2124 1938/2677/2125 1939/2678/2126
f 1939/2678/2126 1938/2677/2125 1940/2679/2127
f 1939/2678/2126 1940/2679/2127 1941/2680/2128
f 1941/2680/2128 1940/2679/2127 1942/2681/2129
f 1941/2680/2128 1942/2681/2129 1943/2682/2130
f 1943/2682/2130 1942/2681/2129 1944/2683/751
f 1943/2682/2130 1944/2683/751 1945/2684/751
f 1945/2684/751 1944/2683/751 1946/2685/751
f 1945/2684/751 1946/2685/751 1947/2686/751
f 1947/2686/751 1946/2685/751 1948/2687/1232
f 1947/2686/751 1948/2687/1232 1949/2688/2131
f 1949/2688/2131 1948/2687/1232 1950/2689/2132
f 1949/2688/2131 1950/2689/2132 1951/2690/2133
f 1951/2690/2133 1950/2689/2132 1891/2691/2134
f 1951/2690/2133 1891/2691/2134 1893/2692/2135
f 1869/2664/44 1871/2693/2136 1927/2666/2114
f 1927/2666/2114 1871/2693/2136 1930/2669/2117
f 1871/2693/2136 1904/2694/2137 1930/2669/2117
f 1930/2669/2117 1904/2694/2137 1932/2671/2119
f 1904/2694/2137 1873/2695/2138 1932/2671/2119
f 1932/2671/2119 1873/2695/2138 1934/2673/2121
f 1873/2695/2138 1874/2696/2139 1934/2673/2121
f 1934/2673/2121 1874/2696/2139 1936/2675/2123
f 1874/2696/2139 1875/2697/2140 1936/2675/2123
f 1936/2675/2123 1875/2697/2140 1938/2677/2125
f 1875/2697/2140 1877/2698/2141 1938/2677/2125
f 1938/2677/2125 1877/2698/2141 1940/2679/2127
f 1877/2698/2141 1878/2699/2142 1940/2679/2127
f 1940/2679/2127 1878/2699/2142 1942/2681/2129
f 1878/2699/2142 1880/2700/2143 1942/2681/2129
f 1942/2681/2129 1880/2700/2143 1944/2683/751
f 1880/2700/2143 1882/2701/751 1944/2683/751
f 1944/2683/751 1882/2701/751 1946/2685/751
f 1882/2701/751 1888/2702/2144 1946/2685/751
f 1946/2685/751 1888/2702/2144 1948/2687/1232
f 1888/2702/2144 1889/2703/2145 1948/2687/1232
f 1948/2687/1232 1889/2703/2145 1950/2689/2132
f 1889/2703/2145 1891/2691/2134 1950/2689/2132
f 1951/2690/2133 1893/2692/2135 1952/2704/2146
f 1952/2704/2146 1893/2692/2135 1892/2705/2147
f 1952/2704/2146 1892/2705/2147 1953/2706/2148
f 1953/2706/2148 1892/2705/2147 1903/2707/2149
f 1953/2706/2148 1903/2707/2149 1954/2708/2150
f 1954/2708/2150 1903/2707/2149 1902/2709/2151
f 1954/2708/2150 1902/2709/2151 1955/2710/2152
f 1955/2710/2152 1902/2709/2151 1901/2711/2153
f 1955/2710/2152 1901/2711/2153 1956/2712/2154
f 1956/2712/2154 1901/2711/2153 1900/2713/2155
f 1956/2712/2154 1900/2713/2155 1957/2714/2156
f 1957/2714/2156 1900/2713/2155 1899/2715/2157
f 1957/2714/2156 1899/2715/2157 586/586/1
f 586/586/1 1899/2715/2157 585/585/53
f 586/586/1 1958/2716/2158 1957/2714/2156
f 1957/2714/2156 1958/2716/2158 1956/2712/2154
f 1958/2716/2158 1959/2717/2159 1956/2712/2154
f 1956/2712/2154 1959/2717/2159 1955/2710/2152
f 1959/2717/2159 1960/2718/2160 1955/2710/2152
f 1955/2710/2152 1960/2718/2160 1954/2708/2150
f 1960/2718/2160 1961/2719/2161 1954/2708/2150
f 1954/2708/2150 1961/2719/2161 1953/2706/2148
f 1961/2719/2161 1962/2720/2162 1953/2706/2148
f 1953/2706/2148 1962/2720/2162 1952/2704/2146
f 1962/2720/2162 1963/2721/2163 1952/2704/2146
f 1952/2704/2146 1963/2721/2163 1951/2690/2133
f 1963/2721/2163 1949/2688/2131 1951/2690/2133
f 1928/2667/2115 530/2661/44 1926/2665/2113
f 1926/2665/2113 530/2661/44 1925/2663/44
f 1928/2722/2164 1964/2723/2165 530/2724/2166
f 530/2724/2166 1964/2723/2165 1965/2725/2167
f 530/2724/2166 1965/2725/2167 1966/2726/2168
f 1966/2726/2168 1965/2725/2167 1964/2723/2165
f 1966/2726/2168 1964/2723/2165 1967/2727/2169
f 1967/2727/2169 1964/2723/2165 1968/2728/2170
f 1967/2727/2169 1968/2728/2170 1969/2729/2171
f 1969/2729/2171 1968/2728/2170 1970/2730/2172
f 1969/2729/2171 1970/2730/2172 1971/2731/2173
f 1971/2731/2173 1970/2730/2172 1972/2732/2174
f 1971/2731/2173 1972/2732/2174 1973/2733/2175
f 1973/2733/2175 1972/2732/2174 1974/2734/2176
f 1973/2733/2175 1974/2734/2176 1975/2735/2177
f 1975/2735/2177 1974/2734/2176 1976/2736/2178
f 1976/2736/2178 1974/2734/2176 1977/2737/2179
f 1976/2736/2178 1977/2737/2179 1978/2738/2180
f 1978/2738/2180 1977/2737/2179 1979/2739/2181
f 1978/2738/2180 1979/2739/2181 1980/2740/2182
f 1980/2740/2182 1979/2739/2181 1981/2741/2183
f 1980/2740/2182 1981/2741/2183 1982/2742/2184
f 1982/2742/2184 1981/2741/2183 1983/2743/2185
f 1982/2742/2184 1983/2743/2185 1984/2744/2186
f 1984/2744/2186 1983/2743/2185 1985/2745/2187
f 1984/2744/2186 1985/2745/2187 1986/2746/2188
f 1986/2746/2188 1985/2745/2187 1947/2747/2189
f 1986/2746/2188 1947/2747/2189 1987/2748/2190
f 1987/2748/2190 1947/2747/2189 1988/2749/2191
f 1987/2748/2190 1988/2749/2191 1989/2750/2188
f 1989/2750/2188 1988/2749/2191 1990/2751/2192
f 1989/2750/2188 1990/2751/2192 1991/2752/2193
f 1991/2752/2193 1990/2751/2192 1992/2753/2194
f 1991/2752/2193 1992/2753/2194 1993/2754/2195
f 1993/2754/2195 1992/2753/2194 1994/2755/2196
f 1993/2754/2195 1994/2755/2196 1995/2756/2197
f 1995/2756/2197 1994/2755/2196 1963/2757/2198
f 1995/2756/2197 1963/2757/2198 1962/2758/2199
f 1929/2759/2200 1970/2730/2172 1928/2722/2164
f 1928/2722/2164 1970/2730/2172 1968/2728/2170
f 1928/2722/2164 1968/2728/2170 1964/2723/2165
f 1970/2730/2172 1929/2759/2200 1972/2732/2174
f 1972/2732/2174 1929/2759/2200 1931/2760/2201
f 1972/2732/2174 1931/2760/2201 1974/2734/2176
f 1974/2734/2176 1931/2760/2201 1933/2761/2202
f 1974/2734/2176 1933/2761/2202 1935/2762/2203
f 1974/2734/2176 1935/2762/2203 1977/2737/2179
f 1977/2737/2179 1935/2762/2203 1937/2763/2204
f 1977/2737/2179 1937/2763/2204 1939/2764/2205
f 1977/2737/2179 1939/2764/2205 1979/2739/2181
f 1979/2739/2181 1939/2764/2205 1941/2765/2206
f 1979/2739/2181 1941/2765/2206 1981/2741/2183
f 1981/2741/2183 1941/2765/2206 1943/2766/2207
f 1981/2741/2183 1943/2766/2207 1983/2743/2185
f 1983/2743/2185 1943/2766/2207 1945/2767/2208
f 1983/2743/2185 1945/2767/2208 1985/2745/2187
f 1985/2745/2187 1945/2767/2208 1947/2747/2189
f 1988/2749/2191 1947/2747/2189 1990/2751/2192
f 1990/2751/2192 1947/2747/2189 1949/2768/2209
f 1990/2751/2192 1949/2768/2209 1992/2753/2194
f 1992/2753/2194 1949/2768/2209 1994/2755/2196
f 1949/2768/2209 1963/2757/2198 1994/2755/2196
f 1995/2756/2197 1962/2758/2199 1996/2769/2210
f 1996/2769/2210 1962/2758/2199 1961/2770/2211
f 1996/2769/2210 1961/2770/2211 1997/2771/2212
f 1997/2771/2212 1961/2770/2211 1960/2772/2213
f 1997/2771/2212 1960/2772/2213 1998/2773/2214
f 1998/2773/2214 1960/2772/2213 1959/2774/2215
f 1998/2773/2214 1959/2774/2215 1999/2775/2216
f 1999/2775/2216 1959/2774/2215 1958/2776/2217
f 1999/2775/2216 1958/2776/2217 2000/2777/2218
f 2000/2777/2218 1958/2776/2217 586/2778/2219
f 2000/2777/2218 586/2778/2219 2001/2779/2220
f 2001/2779/2220 586/2778/2219 581/2780/2221
f 2001/2779/2220 581/2780/2221 2002/2781/2222
f 2002/2781/2222 581/2780/2221 579/2782/2223
f 2002/2781/2222 579/2782/2223 2003/2783/2224
f 2003/2783/2224 579/2782/2223 2004/2784/2225
f 2003/2783/2224 2004/2784/2225 2005/2785/2226
f 2005/2785/2226 2004/2784/2225 2006/2786/2227
f 2005/2785/2226 2006/2786/2227 2007/2787/2228
f 2007/2787/2228 2006/2786/2227 572/2788/2229
f 2007/2787/2228 572/2788/2229 2008/2789/2230
f 579/2782/2223 573/2790/2231 2004/2784/2225
f 2004/2784/2225 573/2790/2231 2006/2786/2227
f 573/2790/2231 572/2788/2229 2006/2786/2227
f 2005/2785/2226 2009/2791/2232 2003/2783/2224
f 2003/2783/2224 2009/2791/2232 2002/2781/2222
f 2002/2781/2222 2009/2791/2232 2001/2779/2220
f 2001/2779/2220 2009/2791/2232 2010/2792/2233
f 2001/2779/2220 2010/2792/2233 2011/2793/2234
f 2001/2779/2220 2011/2793/2234 2000/2777/2218
f 2000/2777/2218 2011/2793/2234 2012/2794/2235
f 2000/2777/2218 2012/2794/2235 2013/2795/2236
f 2000/2777/2218 2013/2795/2236 1999/2775/2216
f 1999/2775/2216 2013/2795/2236 2014/2796/2237
f 1999/2775/2216 2014/2796/2237 1998/2773/2214
f 1998/2773/2214 2014/2796/2237 1997/2771/2212
f 1997/2771/2212 2015/2797/2238 1996/2769/2210
f 1996/2769/2210 2015/2797/2238 1995/2756/2197
f 1989/2750/2188 1984/2744/2186 1987/2748/2190
f 1987/2748/2190 1984/2744/2186 1986/2746/2188
f 530/2798/2166 1966/2799/2168 2016/2800/2239
f 530/2801/2240 2016/2802/2240 2017/2803/2241
f 571/2804/2242 2018/2805/2243 572/2806/2229
f 572/2806/2229 2018/2805/2243 2019/2807/2244
f 572/2806/2229 2019/2807/2244 2008/2808/2230
f 2008/2808/2230 2019/2807/2244 2020/2809/2245
f 2020/2809/2245 2019/2807/2244 2018/2805/2243
f 2020/2809/2245 2018/2805/2243 2021/2810/2246
f 2021/2810/2246 2018/2805/2243 571/2804/2242
f 2021/2810/2246 571/2804/2242 564/2811/2247
f 2021/2810/2246 564/2811/2247 2022/2812/2248
f 2022/2812/2248 564/2811/2247 563/2813/2249
f 2022/2812/2248 563/2813/2249 569/2814/2250
f 568/2815/2251 2023/2816/2252 569/2814/2250
f 569/2814/2250 2023/2816/2252 2024/2817/2253
f 569/2814/2250 2024/2817/2253 2022/2812/2248
f 2022/2812/2248 2024/2817/2253 2025/2818/2254
f 2022/2812/2248 2025/2818/2254 2026/2819/2255
f 2023/2816/2252 568/2815/2251 2027/2820/2256
f 2027/2820/2256 568/2815/2251 554/2821/2257
f 2027/2820/2256 554/2821/2257 2028/2822/2258
f 2028/2822/2258 554/2821/2257 552/2823/2259
f 2028/2822/2258 552/2823/2259 2029/2824/2260
f 2029/2824/2260 552/2823/2259 550/2825/2261
f 2029/2824/2260 550/2825/2261 2030/2826/2262
f 2030/2826/2262 550/2825/2261 2031/2827/2263
f 2030/2826/2262 2031/2827/2263 2032/2828/2264
f 2032/2828/2264 2031/2827/2263 2033/2829/2265
f 2033/2829/2265 2031/2827/2263 2034/2830/2266
f 2033/2829/2265 2034/2830/2266 2035/2831/2267
f 2035/2831/2267 2034/2830/2266 567/2832/2265
f 2035/2831/2267 567/2832/2265 566/2833/2268
f 2031/2827/2263 550/2825/2261 2034/2830/2266
f 2034/2830/2266 550/2825/2261 567/2832/2265
f 566/2833/2268 565/2834/2269 2035/2831/2267
f 2035/2831/2267 565/2834/2269 2036/2835/2270
f 2035/2831/2267 2036/2835/2270 2037/2836/2271
f 2037/2836/2271 2036/2835/2270 2038/2837/2272
f 2038/2837/2272 2036/2835/2270 2039/2838/2273
f 2038/2837/2272 2039/2838/2273 2040/2839/2274
f 2040/2839/2274 2039/2838/2273 2041/2840/2275
f 2040/2839/2274 2041/2840/2275 2042/2841/2276
f 2042/2841/2276 2041/2840/2275 2043/2842/2277
f 2043/2842/2277 2041/2840/2275 2044/2843/2278
f 2043/2842/2277 2044/2843/2278 2045/2844/2278
f 2045/2844/2278 2044/2843/2278 2046/2845/2279
f 2046/2845/2279 2044/2843/2278 2047/2846/2280
f 2046/2845/2279 2047/2846/2280 2048/2847/2281
f 2048/2847/2281 2047/2846/2280 2049/2848/2282
f 2048/2847/2281 2049/2848/2282 2017/2849/2241
f 2017/2849/2241 2049/2848/2282 530/2850/2240
f 530/2850/2240 2049/2848/2282 2047/2846/2280
f 530/2850/2240 2047/2846/2280 528/2851/2283
f 528/2851/2283 2047/2846/2280 2044/2843/2278
f 528/2851/2283 2044/2843/2278 534/2852/2284
f 534/2852/2284 2044/2843/2278 536/2853/2285
f 536/2853/2285 2044/2843/2278 2041/2840/2275
f 536/2853/2285 2041/2840/2275 538/2854/2286
f 538/2854/2286 2041/2840/2275 540/2855/2287
f 540/2855/2287 2041/2840/2275 2039/2838/2273
f 540/2855/2287 2039/2838/2273 542/2856/2288
f 542/2856/2288 2039/2838/2273 2036/2835/2270
f 542/2856/2288 2036/2835/2270 565/2834/2269
f 2037/2836/2271 2033/2829/2265 2035/2831/2267
f 2030/2826/2262 2032/2828/2264 2029/2824/2260
f 2029/2824/2260 2032/2828/2264 2050/2857/2289
f 2029/2824/2260 2050/2857/2289 2028/2822/2258
f 2028/2822/2258 2050/2857/2289 2051/2858/2290
f 2028/2822/2258 2051/2858/2290 2027/2820/2256
f 2027/2820/2256 2051/2858/2290 2052/2859/2291
f 2027/2820/2256 2052/2859/2291 2023/2816/2252
f 2023/2816/2252 2052/2859/2291 2024/2817/2253
f 2022/2812/2248 2026/2819/2255 2021/2810/2246
f 2021/2810/2246 2026/2819/2255 2020/2809/2245
f 1966/2860/2292 2053/2861/1102 431/2862/867
f 431/2862/867 2053/2861/1102 2054/2863/1693
f 431/2862/867 2054/2863/1693 2055/2864/2293
f 2055/2864/2293 2054/2863/1693 2056/2865/2294
f 2055/2864/2293 2056/2865/2294 2057/2866/2295
f 2057/2866/2295 2056/2865/2294 1969/2867/2296
f 2057/2866/2295 1969/2867/2296 1971/2868/2297
f 1966/2860/2292 1967/2869/2298 2053/2861/1102
f 2053/2861/1102 1967/2869/2298 2054/2863/1693
f 2054/2863/1693 1967/2869/2298 2056/2865/2294
f 2056/2865/2294 1967/2869/2298 1969/2867/2296
f 2057/2866/2295 1971/2868/2297 2058/2870/2299
f 2058/2870/2299 1971/2868/2297 1973/2871/2300
f 2058/2870/2299 1973/2871/2300 2059/2872/2301
f 2059/2872/2301 1973/2871/2300 1975/2873/2302
f 2059/2872/2301 1975/2873/2302 1976/2874/2303
f 2059/2872/2301 1976/2874/2303 2060/2875/2304
f 2060/2875/2304 1976/2874/2303 1978/2876/2305
f 2060/2875/2304 1978/2876/2305 2061/2877/2306
f 2061/2877/2306 1978/2876/2305 1980/2878/2307
f 2061/2877/2306 1980/2878/2307 2062/2879/2308
f 2062/2879/2308 1980/2878/2307 1982/2880/2309
f 2062/2879/2308 1982/2880/2309 2063/2881/2310
f 2063/2881/2310 1982/2880/2309 1984/2882/2311
f 2063/2881/2310 1984/2882/2311 2064/2883/2312
f 2064/2883/2312 1984/2882/2311 2065/2884/2313
f 2064/2883/2312 2065/2884/2313 2066/2885/2314
f 2066/2885/2314 2065/2884/2313 2067/2886/2315
f 2067/2886/2315 2065/2884/2313 2068/2887/2316
f 2067/2886/2315 2068/2887/2316 2069/2888/2317
f 2069/2888/2317 2068/2887/2316 1989/2889/2318
f 2069/2888/2317 1989/2889/2318 2070/2890/2319
f 2070/2890/2319 1989/2889/2318 1991/2891/2320
f 2070/2890/2319 1991/2891/2320 2071/2892/2321
f 2071/2892/2321 1991/2891/2320 1993/2893/2322
f 2071/2892/2321 1993/2893/2322 2072/2894/2323
f 2072/2894/2323 1993/2893/2322 1995/2895/2324
f 2072/2894/2323 1995/2895/2324 2073/2896/2325
f 2073/2896/2325 1995/2895/2324 2074/2897/2326
f 2073/2896/2325 2074/2897/2326 2075/2898/2327
f 2075/2898/2327 2074/2897/2326 2076/2899/2328
f 2076/2899/2328 2074/2897/2326 1997/2900/2329
f 2076/2899/2328 1997/2900/2329 2077/2901/2330
f 2077/2901/2330 1997/2900/2329 2078/2902/2331
f 2077/2901/2330 2078/2902/2331 2079/2903/2332
f 2079/2903/2332 2078/2902/2331 2080/2904/2333
f 2080/2904/2333 2078/2902/2331 2081/2905/2334
f 2080/2904/2333 2081/2905/2334 2082/2906/2335
f 2082/2906/2335 2081/2905/2334 2083/2907/2336
f 2082/2906/2335 2083/2907/2336 2084/2908/2337
f 2084/2908/2337 2083/2907/2336 2085/2909/2338
f 2084/2908/2337 2085/2909/2338 474/2910/2339
f 474/2910/2339 2085/2909/2338 2086/2911/2340
f 474/2910/2339 2086/2911/2340 2087/2912/2341
f 2087/2912/2341 2086/2911/2340 2005/2913/2342
f 2087/2912/2341 2005/2913/2342 2088/2914/2343
f 2088/2914/2343 2005/2913/2342 2089/2915/2344
f 2088/2914/2343 2089/2915/2344 472/2916/2345
f 472/2916/2345 2089/2915/2344 471/2917/2346
f 471/2917/2346 2089/2915/2344 2007/2918/2347
f 471/2917/2346 2007/2918/2347 469/2919/2348
f 469/2919/2348 2007/2918/2347 2008/2920/2349
f 469/2919/2348 2008/2920/2349 468/2921/2350
f 1984/2882/2311 1989/2889/2318 2065/2884/2313
f 2065/2884/2313 1989/2889/2318 2068/2887/2316
f 1995/2895/2324 2015/2922/2351 2074/2897/2326
f 2074/2897/2326 2015/2922/2351 1997/2900/2329
f 1997/2900/2329 2014/2923/2352 2078/2902/2331
f 2078/2902/2331 2014/2923/2352 2081/2905/2334
f 2014/2923/2352 2013/2924/2353 2081/2905/2334
f 2081/2905/2334 2013/2924/2353 2083/2907/2336
f 2013/2924/2353 2012/2925/2354 2083/2907/2336
f 2083/2907/2336 2012/2925/2354 2011/2926/2355
f 2083/2907/2336 2011/2926/2355 2085/2909/2338
f 2085/2909/2338 2011/2926/2355 2010/2927/2356
f 2085/2909/2338 2010/2927/2356 2009/2928/2357
f 2085/2909/2338 2009/2928/2357 2086/2911/2340
f 2086/2911/2340 2009/2928/2357 2005/2913/2342
f 2005/2913/2342 2007/2918/2347 2089/2915/2344
f 472/2916/2345 474/2910/2339 2088/2914/2343
f 2088/2914/2343 474/2910/2339 2087/2912/2341
f 2073/2896/2325 2090/2929/2358 2072/2894/2323
f 2072/2894/2323 2090/2929/2358 2091/2930/2359
f 2072/2894/2323 2091/2930/2359 2071/2892/2321
f 2071/2892/2321 2091/2930/2359 2092/2931/2360
f 2071/2892/2321 2092/2931/2360 2070/2890/2319
f 2070/2890/2319 2092/2931/2360 2067/2886/2315
f 2070/2890/2319 2067/2886/2315 2069/2888/2317
f 2093/2932/2361 2061/2877/2306 2066/2885/2314
f 2066/2885/2314 2061/2877/2306 2062/2879/2308
f 2066/2885/2314 2062/2879/2308 2063/2881/2310
f 2061/2877/2306 2093/2932/2361 2060/2875/2304
f 2060/2875/2304 2093/2932/2361 2094/2933/2362
f 2060/2875/2304 2094/2933/2362 2095/2934/2363
f 2060/2875/2304 2095/2934/2363 2059/2872/2301
f 2059/2872/2301 2095/2934/2363 2096/2935/2364
f 2059/2872/2301 2096/2935/2364 2097/2936/2365
f 2059/2872/2301 2097/2936/2365 2058/2870/2299
f 2058/2870/2299 2097/2936/2365 2098/2937/2366
f 2058/2870/2299 2098/2937/2366 2099/2938/2367
f 2058/2870/2299 2099/2938/2367 2057/2866/2295
f 2057/2866/2295 2099/2938/2367 2055/2864/2293
f 2066/2885/2314 2063/2881/2310 2064/2883/2312
f 2016/2939/2368 431/2940/2369 2017/50/2370
f 431/2940/867 2016/2939/2371 1966/50/2292
f 424/2941/2372 2100/2942/2373 431/2943/2369
f 431/2943/2369 2100/2942/2373 2048/2944/2374
f 431/2943/2369 2048/2944/2374 2017/2945/2370
f 2100/2942/2373 424/2941/2372 2101/2946/2375
f 2101/2946/2375 424/2941/2372 527/2947/2376
f 2101/2946/2375 527/2947/2376 2102/2948/2377
f 2102/2948/2377 527/2947/2376 526/2949/2378
f 2102/2948/2377 526/2949/2378 525/2950/2379
f 2102/2948/2377 525/2950/2379 2103/2951/2380
f 2103/2951/2380 525/2950/2379 524/2952/2381
f 2103/2951/2380 524/2952/2381 523/2953/2382
f 2103/2951/2380 523/2953/2382 2104/2954/2383
f 2104/2954/2383 523/2953/2382 522/2955/2384
f 2104/2954/2383 522/2955/2384 2105/2956/2385
f 2105/2956/2385 522/2955/2384 521/2957/2386
f 2105/2956/2385 521/2957/2386 2106/2958/2387
f 2106/2958/2387 521/2957/2386 520/2959/2387
f 2106/2958/2387 520/2959/2387 2107/2960/2388
f 2107/2960/2388 520/2959/2387 519/2961/2389
f 2107/2960/2388 519/2961/2389 2108/2962/2390
f 2108/2962/2390 519/2961/2389 454/2963/2391
f 2108/2962/2390 454/2963/2391 2109/2964/2392
f 2109/2964/2392 454/2963/2391 2110/2965/2393
f 2109/2964/2392 2110/2965/2393 2032/2966/2394
f 2032/2966/2394 2110/2965/2393 2050/2967/2395
f 2050/2967/2395 2110/2965/2393 2111/2968/2396
f 2050/2967/2395 2111/2968/2396 2051/2969/2397
f 2051/2969/2397 2111/2968/2396 2112/2970/2398
f 2051/2969/2397 2112/2970/2398 2052/2971/2399
f 2052/2971/2399 2112/2970/2398 2113/2972/2400
f 2052/2971/2399 2113/2972/2400 2024/2973/2401
f 2024/2973/2401 2113/2972/2400 461/2974/2402
f 2024/2973/2401 461/2974/2402 462/2975/2403
f 454/2963/2391 455/2976/2404 2110/2965/2393
f 2110/2965/2393 455/2976/2404 2111/2968/2396
f 455/2976/2404 457/2977/2405 2111/2968/2396
f 2111/2968/2396 457/2977/2405 2112/2970/2398
f 457/2977/2405 459/2978/2406 2112/2970/2398
f 2112/2970/2398 459/2978/2406 2113/2972/2400
f 459/2978/2406 461/2974/2402 2113/2972/2400
f 2024/2973/2401 462/2975/2403 2114/2979/2407
f 2114/2979/2407 462/2975/2403 464/2980/2408
f 2114/2979/2407 464/2980/2408 2115/2981/2409
f 2115/2981/2409 464/2980/2408 466/2982/2410
f 2115/2981/2409 466/2982/2410 2116/2983/2411
f 2116/2983/2411 466/2982/2410 468/2984/2350
f 2116/2983/2411 468/2984/2350 2117/2985/2412
f 2117/2985/2412 468/2984/2350 2008/2986/2349
f 2117/2985/2412 2008/2986/2349 2020/2987/2413
f 2026/2988/2414 2115/2981/2409 2020/2987/2413
f 2020/2987/2413 2115/2981/2409 2116/2983/2411
f 2020/2987/2413 2116/2983/2411 2117/2985/2412
f 2115/2981/2409 2026/2988/2414 2114/2979/2407
f 2114/2979/2407 2026/2988/2414 2025/2989/2415
f 2114/2979/2407 2025/2989/2415 2024/2973/2401
f 2109/2964/2392 2032/2966/2394 2108/2962/2390
f 2108/2962/2390 2032/2966/2394 2033/2990/2416
f 2108/2962/2390 2033/2990/2416 2107/2960/2388
f 2107/2960/2388 2033/2990/2416 2106/2958/2387
f 2033/2990/2416 2037/2991/2417 2106/2958/2387
f 2106/2958/2387 2037/2991/2417 2105/2956/2385
f 2037/2991/2417 2038/2216/2418 2105/2956/2385
f 2105/2956/2385 2038/2216/2418 2104/2954/2383
f 2038/2216/2418 2040/2992/2419 2104/2954/2383
f 2104/2954/2383 2040/2992/2419 2103/2951/2380
f 2040/2992/2419 2042/2993/2420 2103/2951/2380
f 2103/2951/2380 2042/2993/2420 2043/2994/2421
f 2103/2951/2380 2043/2994/2421 2102/2948/2377
f 2102/2948/2377 2043/2994/2421 2045/2995/2422
f 2102/2948/2377 2045/2995/2422 2046/2996/2423
f 2102/2948/2377 2046/2996/2423 2101/2946/2375
f 2101/2946/2375 2046/2996/2423 2048/2944/2374
f 2101/2946/2375 2048/2944/2374 2100/2942/2373
f 430/2997/44 431/2998/260 2118/2999/2424
f 2118/2999/2424 431/2998/260 2055/3000/768
f 2118/2999/2424 2055/3000/768 2119/3001/2425
f 2119/3001/2425 2055/3000/768 2099/3002/2426
f 2119/3001/2425 2099/3002/2426 2120/3003/2427
f 2120/3003/2427 2099/3002/2426 2098/3004/2428
f 2120/3003/2427 2098/3004/2428 2121/3005/2429
f 2121/3005/2429 2098/3004/2428 2097/3006/2430
f 2121/3005/2429 2097/3006/2430 2122/3007/2431
f 2122/3007/2431 2097/3006/2430 2096/3008/2432
f 2122/3007/2431 2096/3008/2432 2123/3009/2433
f 2123/3009/2433 2096/3008/2432 2095/3010/2434
f 2123/3009/2433 2095/3010/2434 2094/3011/2435
f 2123/3009/2433 2094/3011/2435 2124/3012/2436
f 2124/3012/2436 2094/3011/2435 2093/3013/2437
f 2124/3012/2436 2093/3013/2437 2066/3014/2438
f 2067/3015/751 2125/3016/751 2066/3014/2438
f 2066/3014/2438 2125/3016/751 2126/3017/2439
f 2066/3014/2438 2126/3017/2439 2124/3012/2436
f 2124/3012/2436 2126/3017/2439 2127/3018/2440
f 2124/3012/2436 2127/3018/2440 2128/3019/2441
f 2092/3020/1232 2129/3021/751 2067/3015/751
f 2067/3015/751 2129/3021/751 2130/3022/751
f 2067/3015/751 2130/3022/751 2125/3016/751
f 2125/3016/751 2130/3022/751 2131/3023/1232
f 2125/3016/751 2131/3023/1232 2132/3024/2442
f 2129/3021/751 2092/3020/1232 2133/3025/2443
f 2133/3025/2443 2092/3020/1232 2091/3026/2444
f 2133/3025/2443 2091/3026/2444 2134/3027/2445
f 2134/3027/2445 2091/3026/2444 2090/3028/2446
f 2134/3027/2445 2090/3028/2446 2135/3029/2447
f 2135/3029/2447 2090/3028/2446 2073/3030/2448
f 2135/3029/2447 2073/3030/2448 2136/3031/2449
f 2136/3031/2449 2073/3030/2448 2075/3032/2450
f 2136/3031/2449 2075/3032/2450 2137/3033/2451
f 2137/3033/2451 2075/3032/2450 2076/3034/742
f 2137/3033/2451 2076/3034/742 2077/3035/2452
f 2137/3033/2451 2077/3035/2452 2138/3036/2453
f 2138/3036/2453 2077/3035/2452 2079/3037/2454
f 2138/3036/2453 2079/3037/2454 2139/3038/2455
f 2139/3038/2455 2079/3037/2454 2080/3039/2456
f 2139/3038/2455 2080/3039/2456 2082/3040/2457
f 2139/3038/2455 2082/3040/2457 2140/3041/2458
f 2140/3041/2458 2082/3040/2457 2084/3042/2459
f 2140/3041/2458 2084/3042/2459 482/482/1
f 482/482/1 2084/3042/2459 481/481/1
f 481/481/1 2084/3042/2459 480/480/1
f 480/480/1 2084/3042/2459 479/479/1
f 479/479/1 2084/3042/2459 478/478/1
f 478/478/1 2084/3042/2459 477/477/1
f 477/477/1 2084/3042/2459 476/476/53
f 476/476/53 2084/3042/2459 475/475/1
f 475/475/1 2084/3042/2459 474/474/54
f 482/482/1 483/483/1 2140/3041/2458
f 2140/3041/2458 483/483/1 484/484/1
f 2140/3041/2458 484/484/1 485/485/1
f 485/485/1 486/486/53 2140/3041/2458
f 2140/3041/2458 486/486/53 487/487/1
f 2140/3041/2458 487/487/1 488/488/1
f 488/488/1 489/489/53 2140/3041/2458
f 2140/3041/2458 489/489/53 490/490/1
f 2140/3041/2458 490/490/1 502/502/1
f 502/502/1 503/503/1 2140/3041/2458
f 2140/3041/2458 503/503/1 504/504/1
f 2140/3041/2458 504/504/1 505/505/53
f 505/505/53 506/506/53 2140/3041/2458
f 2140/3041/2458 506/506/53 508/508/1
f 2140/3041/2458 508/508/1 509/509/1
f 509/509/1 510/510/1 2140/3041/2458
f 2140/3041/2458 510/510/1 2141/3043/2460
f 2140/3041/2458 2141/3043/2460 2139/3038/2455
f 2139/3038/2455 2141/3043/2460 2142/3044/2461
f 2139/3038/2455 2142/3044/2461 2138/3036/2453
f 2138/3036/2453 2142/3044/2461 2143/3045/2462
f 2138/3036/2453 2143/3045/2462 2137/3033/2451
f 2137/3033/2451 2143/3045/2462 2144/3046/2463
f 2137/3033/2451 2144/3046/2463 2136/3031/2449
f 2136/3031/2449 2144/3046/2463 2145/3047/2464
f 2136/3031/2449 2145/3047/2464 2135/3029/2447
f 2135/3029/2447 2145/3047/2464 2146/3048/2465
f 2135/3029/2447 2146/3048/2465 2134/3027/2445
f 2134/3027/2445 2146/3048/2465 2147/3049/2466
f 2134/3027/2445 2147/3049/2466 2133/3025/2443
f 2133/3025/2443 2147/3049/2466 2148/3050/2467
f 2133/3025/2443 2148/3050/2467 2129/3021/751
f 2129/3021/751 2148/3050/2467 2130/3022/751
f 510/510/1 511/511/53 2141/3043/2460
f 2141/3043/2460 511/511/53 2149/3051/2468
f 2149/3051/2468 511/511/53 512/512/1
f 2149/3051/2468 512/512/1 513/513/1
f 513/513/1 514/514/1 2149/3051/2468
f 2149/3051/2468 514/514/1 515/515/1
f 2149/3051/2468 515/515/1 516/516/1
f 516/516/1 517/517/1 2149/3051/2468
f 2149/3051/2468 517/517/1 518/518/1
f 2148/3050/2467 2131/3023/1232 2130/3022/751
f 2125/3016/751 2132/3024/2442 2126/3017/2439
f 2126/3017/2439 2132/3024/2442 2127/3018/2440
f 2128/3019/2441 2150/3052/2469 2124/3012/2436
f 2124/3012/2436 2150/3052/2469 2123/3009/2433
f 2150/3052/2469 2151/3053/2470 2123/3009/2433
f 2123/3009/2433 2151/3053/2470 2122/3007/2431
f 2151/3053/2470 2152/3054/2471 2122/3007/2431
f 2122/3007/2431 2152/3054/2471 2121/3005/2429
f 2152/3054/2471 2153/3055/2472 2121/3005/2429
f 2121/3005/2429 2153/3055/2472 2120/3003/2427
f 2153/3055/2472 2154/3056/2473 2120/3003/2427
f 2120/3003/2427 2154/3056/2473 2119/3001/2425
f 2154/3056/2473 2155/3057/2474 2119/3001/2425
f 2119/3001/2425 2155/3057/2474 403/3058/44
f 2119/3001/2425 403/3058/44 2118/2999/2424
f 2118/2999/2424 403/3058/44 404/3059/44
f 2118/2999/2424 404/3059/44 405/3060/44
f 396/3061/44 398/3062/44 2155/3057/2474
f 2155/3057/2474 398/3062/44 399/3063/44
f 2155/3057/2474 399/3063/44 400/3064/44
f 400/3064/44 401/3065/44 2155/3057/2474
f 2155/3057/2474 401/3065/44 402/3066/44
f 2155/3057/2474 402/3066/44 403/3058/44
f 405/3060/44 407/3067/44 2118/2999/2424
f 2118/2999/2424 407/3067/44 408/3068/44
f 2118/2999/2424 408/3068/44 409/3069/44
f 409/3069/44 410/3070/44 2118/2999/2424
f 2118/2999/2424 410/3070/44 411/3071/44
f 2118/2999/2424 411/3071/44 412/3072/44
f 412/3072/44 413/3073/44 2118/2999/2424
f 2118/2999/2424 413/3073/44 414/3074/44
f 2118/2999/2424 414/3074/44 415/3075/44
f 415/3075/44 416/3076/44 2118/2999/2424
f 2118/2999/2424 416/3076/44 417/3077/44
f 2118/2999/2424 417/3077/44 418/3078/44
f 418/3078/44 419/3079/44 2118/2999/2424
f 2118/2999/2424 419/3079/44 420/3080/44
f 2118/2999/2424 420/3080/44 421/3081/44
f 421/3081/44 422/3082/44 2118/2999/2424
f 2118/2999/2424 422/3082/44 423/3083/44
f 2118/2999/2424 423/3083/44 425/3084/44
f 425/3084/44 426/3085/44 2118/2999/2424
f 2118/2999/2424 426/3085/44 427/3086/44
f 2118/2999/2424 427/3086/44 428/3087/44
f 428/3087/44 429/3088/259 2118/2999/2424
f 2118/2999/2424 429/3088/259 430/2997/44
f 2155/3089/2475 2156/3090/2476 396/3091/2477
f 396/3091/2477 2156/3090/2476 2157/3092/2478
f 396/3091/2477 2157/3092/2478 2158/3093/2479
f 2158/3093/2479 2157/3092/2478 2159/3094/2480
f 2158/3093/2479 2159/3094/2480 396/3091/2477
f 2154/3095/2481 2160/3096/2482 2155/3089/2475
f 2155/3089/2475 2160/3096/2482 2161/3097/2483
f 2155/3089/2475 2161/3097/2483 2162/3098/1576
f 2162/3098/1576 2161/3097/2483 2163/3099/2484
f 2162/3098/1576 2163/3099/2484 2156/3090/2476
f 2156/3090/2476 2163/3099/2484 2159/3094/2480
f 2156/3090/2476 2159/3094/2480 2157/3092/2478
f 2154/3095/2481 2153/3100/2485 2160/3096/2482
f 2160/3096/2482 2153/3100/2485 2164/3101/2486
f 2160/3096/2482 2164/3101/2486 2165/3102/2487
f 2165/3102/2487 2164/3101/2486 2166/3103/2488
f 2166/3103/2488 2164/3101/2486 2167/3104/2489
f 2167/3104/2489 2164/3101/2486 2168/3105/2490
f 2167/3104/2489 2168/3105/2490 2169/3106/2491
f 2169/3106/2491 2168/3105/2490 2170/3107/2492
f 2169/3106/2491 2170/3107/2492 2171/3108/2493
f 2171/3108/2493 2170/3107/2492 2172/3109/2494
f 2171/3108/2493 2172/3109/2494 2173/3110/2495
f 2173/3110/2495 2172/3109/2494 2174/3111/2496
f 2173/3110/2495 2174/3111/2496 2175/3112/2497
f 2175/3112/2497 2174/3111/2496 2176/3113/2498
f 2175/3112/2497 2176/3113/2498 2177/3114/2499
f 2177/3114/2499 2176/3113/2498 2131/3115/2499
f 2177/3114/2499 2131/3115/2499 2178/3116/2500
f 2178/3116/2500 2131/3115/2499 2148/3117/2501
f 2178/3116/2500 2148/3117/2501 2179/3118/2502
f 2179/3118/2502 2148/3117/2501 2180/3119/2503
f 2179/3118/2502 2180/3119/2503 2181/3120/2504
f 2181/3120/2504 2180/3119/2503 2182/3121/2505
f 2182/3121/2505 2180/3119/2503 2183/3122/2506
f 2183/3122/2506 2180/3119/2503 2146/3123/2507
f 2183/3122/2506 2146/3123/2507 2184/3124/2508
f 2184/3124/2508 2146/3123/2507 2145/3125/2509
f 2184/3124/2508 2145/3125/2509 2144/3126/2510
f 2153/3100/2485 2152/3127/2511 2164/3101/2486
f 2164/3101/2486 2152/3127/2511 2151/3128/2512
f 2164/3101/2486 2151/3128/2512 2168/3105/2490
f 2168/3105/2490 2151/3128/2512 2150/3129/2513
f 2168/3105/2490 2150/3129/2513 2170/3107/2492
f 2170/3107/2492 2150/3129/2513 2128/3130/2514
f 2170/3107/2492 2128/3130/2514 2172/3109/2494
f 2172/3109/2494 2128/3130/2514 2127/3131/2515
f 2172/3109/2494 2127/3131/2515 2174/3111/2496
f 2174/3111/2496 2127/3131/2515 2132/3132/2516
f 2174/3111/2496 2132/3132/2516 2176/3113/2498
f 2176/3113/2498 2132/3132/2516 2131/3115/2499
f 2148/3117/2501 2147/3133/2517 2180/3119/2503
f 2180/3119/2503 2147/3133/2517 2146/3123/2507
f 2143/3134/2518 2185/3135/2519 2144/3126/2510
f 2144/3126/2510 2185/3135/2519 2186/3136/2520
f 2144/3126/2510 2186/3136/2520 2184/3124/2508
f 2184/3124/2508 2186/3136/2520 2187/3137/2521
f 2184/3124/2508 2187/3137/2521 2183/3122/2506
f 2185/3135/2519 2143/3134/2518 2188/3138/2522
f 2188/3138/2522 2143/3134/2518 2142/3139/2523
f 2188/3138/2522 2142/3139/2523 2189/3140/2524
f 2189/3140/2524 2142/3139/2523 2141/3141/2525
f 2189/3140/2524 2141/3141/2525 2149/3142/2526
f 2189/3140/2524 2149/3142/2526 2190/3143/2527
f 2190/3143/2527 2149/3142/2526 518/3144/2528
f 2190/3143/2527 518/3144/2528 507/3145/2529
f 2190/3143/2527 507/3145/2529 2191/3146/2530
f 2191/3146/2530 507/3145/2529 501/3147/2531
f 2191/3146/2530 501/3147/2531 2192/3148/2532
f 2192/3148/2532 501/3147/2531 2193/3149/2533
f 2192/3148/2532 2193/3149/2533 2194/3150/2534
f 2194/3150/2534 2193/3149/2533 491/3151/2535
f 491/3151/2535 2193/3149/2533 492/3152/1332
f 492/3152/1332 2193/3149/2533 501/3147/2531
f 2194/3150/2534 2195/3153/2530 2192/3148/2532
f 2192/3148/2532 2195/3153/2530 2191/3146/2530
f 2191/3146/2530 2195/3153/2530 2190/3143/2527
f 2190/3143/2527 2195/3153/2530 2196/3154/2536
f 2190/3143/2527 2196/3154/2536 2189/3140/2524
f 2189/3140/2524 2196/3154/2536 2197/3155/2537
f 2189/3140/2524 2197/3155/2537 2188/3138/2522
f 2188/3138/2522 2197/3155/2537 2198/3156/2519
f 2188/3138/2522 2198/3156/2519 2185/3135/2519
f 2185/3135/2519 2198/3156/2519 2186/3136/2520
f 2181/3120/2504 2199/3157/1888 2179/3118/2502
f 2179/3118/2502 2199/3157/1888 2178/3116/2500
f 2178/3116/2500 2199/3157/1888 2177/3114/2499
f 2177/3114/2499 2199/3157/1888 2175/3112/2497
f 2165/3102/2487 2200/3158/2538 2160/3096/2482
f 2160/3096/2482 2200/3158/2538 2201/3159/2539
f 2160/3096/2482 2201/3159/2539 2161/3097/2483
f 2161/3097/2483 2201/3159/2539 2163/3099/2484
f 2156/3090/2476 2155/3089/2475 2162/3098/1576
f 396/3160/2477 2159/3161/2480 2202/3162/2480
f 2203/3163/2540 396/3164/2241 2204/3165/2541
f 2204/3165/2541 396/3164/2241 2202/3166/2241
f 2204/3165/2541 2202/3166/2241 2203/3163/2540
f 2194/3167/2534 491/3168/2535 2205/3169/2535
f 2205/3169/2535 491/3168/2535 500/3170/2542
f 2205/3169/2535 500/3170/2542 2206/3171/1020
f 2206/3171/1020 500/3170/2542 2207/3172/2543
f 2206/3171/1020 2207/3172/2543 2208/3173/2544
f 2208/3173/2544 2207/3172/2543 2209/3174/2545
f 2209/3174/2545 2207/3172/2543 2210/3175/2546
f 2210/3175/2546 2207/3172/2543 499/3176/2547
f 2210/3175/2546 499/3176/2547 2211/3177/2548
f 2211/3177/2548 499/3176/2547 498/3178/2549
f 2211/3177/2548 498/3178/2549 497/3179/2550
f 500/3170/2542 499/3176/2547 2207/3172/2543
f 2211/3177/2548 497/3179/2550 2212/3180/2551
f 2212/3180/2551 497/3179/2550 496/3181/2552
f 2212/3180/2551 496/3181/2552 495/3182/2553
f 2212/3180/2551 495/3182/2553 2213/3183/2554
f 2213/3183/2554 495/3182/2553 494/3184/2555
f 2213/3183/2554 494/3184/2555 2214/3185/2556
f 2214/3185/2556 494/3184/2555 493/3186/2557
f 2214/3185/2556 493/3186/2557 2215/3187/2558
f 2215/3187/2558 493/3186/2557 452/3188/2559
f 2215/3187/2558 452/3188/2559 2216/3189/2560
f 2216/3189/2560 452/3188/2559 451/3190/2561
f 2216/3189/2560 451/3190/2561 2217/3191/2562
f 2217/3191/2562 451/3190/2561 450/3192/2563
f 2217/3191/2562 450/3192/2563 2218/3193/2564
f 2218/3193/2564 450/3192/2563 448/3194/2565
f 2218/3193/2564 448/3194/2565 447/3195/2566
f 447/3195/2566 445/3196/2567 2218/3193/2564
f 2218/3193/2564 445/3196/2567 2219/3197/2568
f 2218/3193/2564 2219/3197/2568 2220/3198/2569
f 2220/3198/2569 2219/3197/2568 2221/3199/2570
f 2221/3199/2570 2219/3197/2568 2222/3200/2571
f 2222/3200/2571 2219/3197/2568 2223/3201/2572
f 2222/3200/2571 2223/3201/2572 2224/3202/2573
f 2224/3202/2573 2223/3201/2572 2225/3203/2574
f 2224/3202/2573 2225/3203/2574 2226/3204/2575
f 2226/3204/2575 2225/3203/2574 2227/3205/2576
f 2226/3204/2575 2227/3205/2576 2228/3206/2577
f 2228/3206/2577 2227/3205/2576 2229/3207/2578
f 2229/3207/2578 2227/3205/2576 2230/3208/2579
f 2229/3207/2578 2230/3208/2579 2231/3209/2579
f 2231/3209/2579 2230/3208/2579 2203/3210/2540
f 2203/3210/2540 2230/3208/2579 396/3211/2241
f 396/3211/2241 2230/3208/2579 397/3212/2580
f 397/3212/2580 2230/3208/2579 2227/3205/2576
f 397/3212/2580 2227/3205/2576 433/3213/2581
f 433/3213/2581 2227/3205/2576 435/3214/2582
f 435/3214/2582 2227/3205/2576 2225/3203/2574
f 435/3214/2582 2225/3203/2574 437/3215/2583
f 437/3215/2583 2225/3203/2574 2223/3201/2572
f 437/3215/2583 2223/3201/2572 439/3216/2584
f 439/3216/2584 2223/3201/2572 2219/3197/2568
f 439/3216/2584 2219/3197/2568 441/3217/2585
f 441/3217/2585 2219/3197/2568 443/3218/2586
f 443/3218/2586 2219/3197/2568 445/3196/2567
f 2220/3198/2569 2232/3219/2587 2218/3193/2564
f 2218/3193/2564 2232/3219/2587 2217/3191/2562
f 2232/3219/2587 2233/3220/2588 2217/3191/2562
f 2217/3191/2562 2233/3220/2588 2216/3189/2560
f 2216/3189/2560 2233/3220/2588 2215/3187/2558
f 2215/3187/2558 2233/3220/2588 2234/3221/2589
f 2215/3187/2558 2234/3221/2589 2214/3185/2556
f 2214/3185/2556 2234/3221/2589 2235/3222/2590
f 2214/3185/2556 2235/3222/2590 2213/3183/2554
f 2213/3183/2554 2235/3222/2590 2236/3223/2551
f 2213/3183/2554 2236/3223/2551 2212/3180/2551
f 2212/3180/2551 2236/3223/2551 2237/3224/2591
f 2212/3180/2551 2237/3224/2591 2211/3177/2548
f 2211/3177/2548 2237/3224/2591 2238/3225/2592
f 2211/3177/2548 2238/3225/2592 2210/3175/2546
f 2208/3173/2544 2239/3226/2593 2206/3171/1020
f 2206/3171/1020 2239/3226/2593 2205/3169/2535
f 2239/3226/2593 2194/3167/2534 2205/3169/2535
f 2159/3227/2594 2240/3228/2595 395/3229/2596
f 395/3229/2596 2240/3228/2595 2241/3230/1988
f 395/3229/2596 2241/3230/1988 2242/3231/1988
f 2242/3231/1988 2241/3230/1988 2163/3232/2597
f 2242/3231/1988 2163/3232/2597 2243/3233/2598
f 2243/3233/2598 2163/3232/2597 2244/3234/2599
f 2243/3233/2598 2244/3234/2599 2245/3235/1988
f 2245/3235/1988 2244/3234/2599 2246/3236/2600
f 2246/3236/2600 2244/3234/2599 2247/3237/2601
f 2246/3236/2600 2247/3237/2601 2248/3238/2602
f 2248/3238/2602 2247/3237/2601 2249/3239/2603
f 2249/3239/2603 2247/3237/2601 2250/3240/2604
f 2249/3239/2603 2250/3240/2604 2251/3241/2605
f 2251/3241/2605 2250/3240/2604 2252/3242/2606
f 2252/3242/2606 2250/3240/2604 2253/3243/2607
f 2252/3242/2606 2253/3243/2607 2254/3244/2608
f 2254/3244/2608 2253/3243/2607 2255/3245/2609
f 2254/3244/2608 2255/3245/2609 2256/3246/2610
f 2256/3246/2610 2255/3245/2609 2257/3247/2611
f 2256/3246/2610 2257/3247/2611 2258/3248/2612
f 2258/3248/2612 2257/3247/2611 2259/3249/2613
f 2258/3248/2612 2259/3249/2613 2260/3250/2614
f 2260/3250/2614 2259/3249/2613 2261/3251/2615
f 2260/3250/2614 2261/3251/2615 2262/3252/2616
f 2262/3252/2616 2261/3251/2615 2175/3253/2617
f 2262/3252/2616 2175/3253/2617 2199/3254/2618
f 2240/3228/2595 2159/3227/2594 2241/3230/1988
f 2241/3230/1988 2159/3227/2594 2163/3232/2597
f 2163/3232/2597 2201/3255/2619 2244/3234/2599
f 2244/3234/2599 2201/3255/2619 2247/3237/2601
f 2201/3255/2619 2200/3256/2620 2247/3237/2601
f 2247/3237/2601 2200/3256/2620 2165/3257/2621
f 2247/3237/2601 2165/3257/2621 2250/3240/2604
f 2250/3240/2604 2165/3257/2621 2166/3258/2622
f 2250/3240/2604 2166/3258/2622 2167/3259/2623
f 2250/3240/2604 2167/3259/2623 2253/3243/2607
f 2253/3243/2607 2167/3259/2623 2169/3260/2607
f 2253/3243/2607 2169/3260/2607 2255/3245/2609
f 2255/3245/2609 2169/3260/2607 2171/3261/2624
f 2255/3245/2609 2171/3261/2624 2257/3247/2611
f 2257/3247/2611 2171/3261/2624 2173/3262/2625
f 2257/3247/2611 2173/3262/2625 2259/3249/2613
f 2259/3249/2613 2173/3262/2625 2175/3253/2617
f 2259/3249/2613 2175/3253/2617 2261/3251/2615
f 2181/3263/2626 2263/3264/2627 2199/3254/2618
f 2199/3254/2618 2263/3264/2627 2264/3265/2628
f 2199/3254/2618 2264/3265/2628 2262/3252/2616
f 2262/3252/2616 2264/3265/2628 2265/3266/2629
f 2262/3252/2616 2265/3266/2629 2260/3250/2614
f 2263/3264/2627 2181/3263/2626 2266/3267/2630
f 2266/3267/2630 2181/3263/2626 2182/3268/2631
f 2266/3267/2630 2182/3268/2631 2183/3269/2632
f 2187/3270/2633 2267/3271/2634 2183/3269/2632
f 2183/3269/2632 2267/3271/2634 2268/3272/2635
f 2183/3269/2632 2268/3272/2635 2269/3273/2636
f 2187/3270/2633 2186/3274/2637 2267/3271/2634
f 2267/3271/2634 2186/3274/2637 2270/3275/2638
f 2267/3271/2634 2270/3275/2638 2271/3276/2639
f 2271/3276/2639 2270/3275/2638 2272/3277/2640
f 2272/3277/2640 2270/3275/2638 2273/3278/2641
f 2272/3277/2640 2273/3278/2641 2274/3279/2642
f 2274/3279/2642 2273/3278/2641 2275/3280/2643
f 2274/3279/2642 2275/3280/2643 2276/3281/2644
f 2276/3281/2644 2275/3280/2643 2277/3282/2645
f 2276/3281/2644 2277/3282/2645 326/3283/2646
f 326/3283/2646 2277/3282/2645 324/3284/2647
f 324/3284/2647 2277/3282/2645 2278/3285/2648
f 324/3284/2647 2278/3285/2648 322/3286/2649
f 322/3286/2649 2278/3285/2648 2279/3287/2650
f 322/3286/2649 2279/3287/2650 320/3288/2651
f 320/3288/2651 2279/3287/2650 2280/3289/2650
f 320/3288/2651 2280/3289/2650 327/3290/2652
f 327/3290/2652 2280/3289/2650 2194/3291/2653
f 2194/3291/2653 2280/3289/2650 2279/3287/2650
f 2194/3291/2653 2279/3287/2650 2195/3292/2654
f 2195/3292/2654 2279/3287/2650 2278/3285/2648
f 2195/3292/2654 2278/3285/2648 2277/3282/2645
f 2186/3274/2637 2198/3293/2655 2270/3275/2638
f 2270/3275/2638 2198/3293/2655 2273/3278/2641
f 2198/3293/2655 2197/3294/2656 2273/3278/2641
f 2273/3278/2641 2197/3294/2656 2275/3280/2643
f 2197/3294/2656 2196/3295/2657 2275/3280/2643
f 2275/3280/2643 2196/3295/2657 2277/3282/2645
f 2196/3295/2657 2195/3292/2654 2277/3282/2645
f 2271/3276/2639 2281/3296/2658 2267/3271/2634
f 2267/3271/2634 2281/3296/2658 2268/3272/2635
f 2183/3269/2632 2269/3273/2636 2266/3267/2630
f 2266/3267/2630 2269/3273/2636 2282/3297/2659
f 2266/3267/2630 2282/3297/2659 2263/3264/2627
f 2263/3264/2627 2282/3297/2659 2283/3298/2660
f 2263/3264/2627 2283/3298/2660 2264/3265/2628
f 2264/3265/2628 2283/3298/2660 2265/3266/2629
f 2243/3233/2598 2245/3235/1988 2242/3231/1988
f 2242/3231/1988 2245/3235/1988 395/3229/2596
f 2202/3299/2368 395/3300/2661 2203/50/2368
f 395/3300/2596 2202/3299/2662 2159/50/2594
f 393/3301/2663 2284/3302/2664 395/3303/2661
f 395/3303/2661 2284/3302/2664 2231/3304/2665
f 395/3303/2661 2231/3304/2665 2203/3305/2368
f 2284/3302/2664 393/3301/2663 2285/3306/2666
f 2285/3306/2666 393/3301/2663 391/3307/2667
f 2285/3306/2666 391/3307/2667 389/3308/2668
f 2285/3306/2666 389/3308/2668 2286/3309/2669
f 2286/3309/2669 389/3308/2668 387/3310/2670
f 2286/3309/2669 387/3310/2670 2287/3311/2671
f 2287/3311/2671 387/3310/2670 385/3312/2672
f 2287/3311/2671 385/3312/2672 2288/3313/2673
f 2288/3313/2673 385/3312/2672 383/3314/2674
f 2288/3313/2673 383/3314/2674 381/3315/2675
f 381/3315/2675 379/3316/2676 2288/3313/2673
f 2288/3313/2673 379/3316/2676 377/3317/2677
f 2288/3313/2673 377/3317/2677 2289/3318/2678
f 2289/3318/2678 377/3317/2677 375/3319/2679
f 2289/3318/2678 375/3319/2679 2290/3320/2680
f 2290/3320/2680 375/3319/2679 373/3321/2681
f 2290/3320/2680 373/3321/2681 2291/3322/2682
f 2291/3322/2682 373/3321/2681 371/3323/2683
f 2291/3322/2682 371/3323/2683 2292/3324/2684
f 2292/3324/2684 371/3323/2683 369/3325/2685
f 2292/3324/2684 369/3325/2685 2293/3326/2686
f 2293/3326/2686 369/3325/2685 367/3327/2687
f 2293/3326/2686 367/3327/2687 2294/3328/2688
f 2294/3328/2688 367/3327/2687 365/3329/2689
f 2294/3328/2688 365/3329/2689 2295/3330/2690
f 2295/3330/2690 365/3329/2689 363/3331/2691
f 2295/3330/2690 363/3331/2691 2296/3332/2692
f 2296/3332/2692 363/3331/2691 360/3333/2693
f 2296/3332/2692 360/3333/2693 358/3334/2694
f 2296/3332/2692 358/3334/2694 2210/3335/2695
f 2210/3335/2695 358/3334/2694 355/3336/2696
f 2210/3335/2695 355/3336/2696 2297/3337/2697
f 2297/3337/2697 355/3336/2696 2298/3338/1452
f 2297/3337/2697 2298/3338/1452 2208/3339/2698
f 2208/3339/2698 2298/3338/1452 2239/3340/1204
f 2239/3340/1204 2298/3338/1452 2299/3341/2049
f 2239/3340/1204 2299/3341/2049 2194/3342/2653
f 2194/3342/2653 2299/3341/2049 352/3343/2699
f 2194/3342/2653 352/3343/2699 327/3344/2652
f 355/3336/2696 353/3345/1503 2298/3338/1452
f 2298/3338/1452 353/3345/1503 2299/3341/2049
f 353/3345/1503 352/3343/2699 2299/3341/2049
f 2208/3339/2698 2209/3346/2700 2297/3337/2697
f 2297/3337/2697 2209/3346/2700 2210/3335/2695
f 2210/3335/2695 2238/3347/2701 2296/3332/2692
f 2296/3332/2692 2238/3347/2701 2237/3348/2702
f 2296/3332/2692 2237/3348/2702 2295/3330/2690
f 2295/3330/2690 2237/3348/2702 2236/3349/2703
f 2295/3330/2690 2236/3349/2703 2294/3328/2688
f 2294/3328/2688 2236/3349/2703 2235/3350/2704
f 2294/3328/2688 2235/3350/2704 2293/3326/2686
f 2293/3326/2686 2235/3350/2704 2234/3351/2705
f 2293/3326/2686 2234/3351/2705 2292/3324/2684
f 2292/3324/2684 2234/3351/2705 2233/3352/2706
f 2292/3324/2684 2233/3352/2706 2291/3322/2682
f 2291/3322/2682 2233/3352/2706 2290/3320/2680
f 2233/3352/2706 2232/3353/2707 2290/3320/2680
f 2290/3320/2680 2232/3353/2707 2289/3318/2678
f 2232/3353/2707 2220/3354/2708 2289/3318/2678
f 2289/3318/2678 2220/3354/2708 2288/3313/2673
f 2220/3354/2708 2221/3355/2709 2288/3313/2673
f 2288/3313/2673 2221/3355/2709 2222/3356/2710
f 2288/3313/2673 2222/3356/2710 2287/3311/2671
f 2287/3311/2671 2222/3356/2710 2224/3357/2711
f 2287/3311/2671 2224/3357/2711 2286/3309/2669
f 2286/3309/2669 2224/3357/2711 2226/3358/2712
f 2286/3309/2669 2226/3358/2712 2285/3306/2666
f 2285/3306/2666 2226/3358/2712 2228/3359/2713
f 2285/3306/2666 2228/3359/2713 2229/3360/2714
f 2285/3306/2666 2229/3360/2714 2284/3302/2664
f 2284/3302/2664 2229/3360/2714 2231/3304/2665
f 233/3361/164 395/3362/255 2300/3363/2715
f 2300/3363/2715 395/3362/255 2245/3364/2716
f 2300/3363/2715 2245/3364/2716 2246/3365/2717
f 2300/3363/2715 2246/3365/2717 2301/3366/767
f 2301/3366/767 2246/3365/2717 2248/3367/2718
f 2301/3366/767 2248/3367/2718 2302/3368/2719
f 2302/3368/2719 2248/3367/2718 2303/3369/2720
f 2302/3368/2719 2303/3369/2720 2304/3370/2721
f 2304/3370/2721 2303/3369/2720 2305/3371/2722
f 2304/3370/2721 2305/3371/2722 2306/3372/2723
f 2306/3372/2723 2305/3371/2722 2307/3373/2724
f 2306/3372/2723 2307/3373/2724 2308/3374/2725
f 2308/3374/2725 2307/3373/2724 2309/3375/2726
f 2308/3374/2725 2309/3375/2726 2310/3376/2727
f 2310/3376/2727 2309/3375/2726 2311/3377/2728
f 2311/3377/2728 2309/3375/2726 2312/3378/2729
f 2311/3377/2728 2312/3378/2729 2313/3379/2730
f 2313/3379/2730 2312/3378/2729 2314/3380/2731
f 2313/3379/2730 2314/3380/2731 2315/3381/2732
f 2315/3381/2732 2314/3380/2731 2316/3382/2733
f 2315/3381/2732 2316/3382/2733 2317/3383/2734
f 2317/3383/2734 2316/3382/2733 2318/3384/2735
f 2317/3383/2734 2318/3384/2735 2319/3385/2736
f 2319/3385/2736 2318/3384/2735 2254/3386/2737
f 2319/3385/2736 2254/3386/2737 2256/3387/2738
f 2248/3367/2718 2249/3388/2739 2303/3369/2720
f 2303/3369/2720 2249/3388/2739 2320/3389/2740
f 2303/3369/2720 2320/3389/2740 2305/3371/2722
f 2305/3371/2722 2320/3389/2740 2321/3390/2741
f 2305/3371/2722 2321/3390/2741 2307/3373/2724
f 2307/3373/2724 2321/3390/2741 2322/3391/2742
f 2307/3373/2724 2322/3391/2742 2309/3375/2726
f 2309/3375/2726 2322/3391/2742 2312/3378/2729
f 2249/3388/2739 2251/3392/2743 2320/3389/2740
f 2320/3389/2740 2251/3392/2743 2323/3393/2744
f 2320/3389/2740 2323/3393/2744 2321/3390/2741
f 2321/3390/2741 2323/3393/2744 2324/3394/2745
f 2321/3390/2741 2324/3394/2745 2322/3391/2742
f 2322/3391/2742 2324/3394/2745 2314/3380/2731
f 2322/3391/2742 2314/3380/2731 2312/3378/2729
f 2323/3393/2744 2251/3392/2743 2325/3395/2746
f 2325/3395/2746 2251/3392/2743 2252/3396/2747
f 2325/3395/2746 2252/3396/2747 2318/3384/2735
f 2318/3384/2735 2252/3396/2747 2254/3386/2737
f 2319/3385/2736 2256/3387/2738 2326/3397/2748
f 2326/3397/2748 2256/3387/2738 2258/3398/2749
f 2326/3397/2748 2258/3398/2749 2327/3399/2750
f 2327/3399/2750 2258/3398/2749 2328/3400/2751
f 2327/3399/2750 2328/3400/2751 2329/3401/2752
f 2329/3401/2752 2328/3400/2751 2330/3402/2753
f 2329/3401/2752 2330/3402/2753 2331/3403/2754
f 2331/3403/2754 2330/3402/2753 2332/3404/2755
f 2331/3403/2754 2332/3404/2755 2333/3405/2756
f 2333/3405/2756 2332/3404/2755 2334/3406/2753
f 2333/3405/2756 2334/3406/2753 2335/3407/2757
f 2335/3407/2757 2334/3406/2753 2336/3408/2751
f 2336/3408/2751 2334/3406/2753 2337/3409/1538
f 2336/3408/2751 2337/3409/1538 2338/3410/2758
f 2338/3410/2758 2337/3409/1538 2339/3411/2759
f 2338/3410/2758 2339/3411/2759 2340/3412/2760
f 2340/3412/2760 2339/3411/2759 2341/3413/2761
f 2340/3412/2760 2341/3413/2761 2342/3414/2762
f 2342/3414/2762 2341/3413/2761 2343/3415/2763
f 2342/3414/2762 2343/3415/2763 2344/3416/2764
f 2344/3416/2764 2343/3415/2763 2345/3417/2765
f 2344/3416/2764 2345/3417/2765 2346/3418/2766
f 2346/3418/2766 2345/3417/2765 2347/3419/2767
f 2346/3418/2766 2347/3419/2767 2348/3420/2768
f 2348/3420/2768 2347/3419/2767 2349/3421/2769
f 2348/3420/2768 2349/3421/2769 2350/3422/2770
f 2350/3422/2770 2349/3421/2769 2351/3423/2771
f 2350/3422/2770 2351/3423/2771 2352/3424/2772
f 2352/3424/2772 2351/3423/2771 2272/3425/2773
f 2352/3424/2772 2272/3425/2773 2274/3426/2774
f 2258/3398/2749 2260/3427/2751 2328/3400/2751
f 2328/3400/2751 2260/3427/2751 2353/3428/2775
f 2328/3400/2751 2353/3428/2775 2330/3402/2753
f 2330/3402/2753 2353/3428/2775 2354/3429/2776
f 2330/3402/2753 2354/3429/2776 2332/3404/2755
f 2332/3404/2755 2354/3429/2776 2355/3430/2776
f 2332/3404/2755 2355/3430/2776 2334/3406/2753
f 2334/3406/2753 2355/3430/2776 2337/3409/1538
f 2260/3427/2751 2265/3431/1836 2353/3428/2775
f 2353/3428/2775 2265/3431/1836 2283/3432/2777
f 2353/3428/2775 2283/3432/2777 2356/3433/2778
f 2356/3433/2778 2283/3432/2777 2282/3434/2779
f 2356/3433/2778 2282/3434/2779 2357/3435/2780
f 2357/3435/2780 2282/3434/2779 2269/3436/2781
f 2357/3435/2780 2269/3436/2781 2358/3437/2782
f 2358/3437/2782 2269/3436/2781 2359/3438/2783
f 2358/3437/2782 2359/3438/2783 2360/3439/2763
f 2360/3439/2763 2359/3438/2783 2361/3440/2784
f 2360/3439/2763 2361/3440/2784 2362/3441/2763
f 2362/3441/2763 2361/3440/2784 2363/3442/2785
f 2362/3441/2763 2363/3442/2785 2343/3415/2763
f 2343/3415/2763 2363/3442/2785 2345/3417/2765
f 2269/3436/2781 2268/3443/2786 2359/3438/2783
f 2359/3438/2783 2268/3443/2786 2364/3444/2787
f 2359/3438/2783 2364/3444/2787 2361/3440/2784
f 2361/3440/2784 2364/3444/2787 2365/3445/2788
f 2361/3440/2784 2365/3445/2788 2363/3442/2785
f 2363/3442/2785 2365/3445/2788 2347/3419/2767
f 2363/3442/2785 2347/3419/2767 2345/3417/2765
f 2268/3443/2786 2281/3446/2789 2364/3444/2787
f 2364/3444/2787 2281/3446/2789 2366/3447/2790
f 2364/3444/2787 2366/3447/2790 2365/3445/2788
f 2365/3445/2788 2366/3447/2790 2349/3421/2769
f 2365/3445/2788 2349/3421/2769 2347/3419/2767
f 2281/3446/2789 2271/3448/2791 2366/3447/2790
f 2366/3447/2790 2271/3448/2791 2351/3423/2771
f 2366/3447/2790 2351/3423/2771 2349/3421/2769
f 2271/3448/2791 2272/3425/2773 2351/3423/2771
f 2352/3424/2772 2274/3426/2774 2367/3449/2792
f 2367/3449/2792 2274/3426/2774 2276/3450/2793
f 2367/3449/2792 2276/3450/2793 2368/3451/2794
f 2368/3451/2794 2276/3450/2793 326/326/215
f 2368/3451/2794 326/326/215 325/325/1
f 2369/3452/2795 2370/3453/2796 325/325/1
f 325/325/1 2370/3453/2796 2371/3454/2797
f 325/325/1 2371/3454/2797 2372/3455/2798
f 2372/3455/2798 2371/3454/2797 2373/3456/2799
f 2372/3455/2798 2373/3456/2799 2374/3457/2800
f 2374/3457/2800 2373/3456/2799 2375/3458/2801
f 2374/3457/2800 2375/3458/2801 2376/3459/2802
f 2376/3459/2802 2375/3458/2801 2377/3460/2803
f 2376/3459/2802 2377/3460/2803 2350/3422/2770
f 2350/3422/2770 2377/3460/2803 2348/3420/2768
f 2370/3453/2796 2369/3452/2795 2378/3461/2792
f 2378/3461/2792 2369/3452/2795 2379/3462/2804
f 2378/3461/2792 2379/3462/2804 2380/3463/2805
f 2380/3463/2805 2379/3462/2804 2381/3464/2806
f 2380/3463/2805 2381/3464/2806 2382/3465/2807
f 2382/3465/2807 2381/3464/2806 2383/3466/2808
f 2382/3465/2807 2383/3466/2808 2384/3467/2790
f 2384/3467/2790 2383/3466/2808 2385/3468/2809
f 2384/3467/2790 2385/3468/2809 2346/3418/2766
f 2346/3418/2766 2385/3468/2809 2344/3416/2764
f 2333/3405/2756 2335/3407/2757 2386/3469/2748
f 2386/3469/2748 2335/3407/2757 2387/3470/2810
f 2386/3469/2748 2387/3470/2810 2388/3471/2736
f 2388/3471/2736 2387/3470/2810 2389/3472/2811
f 2388/3471/2736 2389/3472/2811 2390/3473/2812
f 2390/3473/2812 2389/3472/2811 2391/3474/2813
f 2390/3473/2812 2391/3474/2813 2392/3475/2814
f 2392/3475/2814 2391/3474/2813 2393/3476/2815
f 2392/3475/2814 2393/3476/2815 2313/3379/2730
f 2313/3379/2730 2393/3476/2815 2311/3377/2728
f 2310/3376/2727 2394/3477/2816 2308/3374/2725
f 2308/3374/2725 2394/3477/2816 2395/3478/2717
f 2308/3374/2725 2395/3478/2717 2306/3372/2723
f 2306/3372/2723 2395/3478/2717 2396/3479/767
f 2306/3372/2723 2396/3479/767 2304/3370/2721
f 2304/3370/2721 2396/3479/767 2397/3480/2717
f 2304/3370/2721 2397/3480/2717 2302/3368/2719
f 2302/3368/2719 2397/3480/2717 2301/3366/767
f 2394/3477/2816 2398/3481/769 2395/3478/2717
f 2395/3478/2717 2398/3481/769 2399/3482/1217
f 2395/3478/2717 2399/3482/1217 2400/3483/2817
f 2400/3483/2817 2399/3482/1217 233/3361/164
f 2400/3483/2817 233/3361/164 2401/3484/2818
f 2401/3484/2818 233/3361/164 2402/3485/2818
f 2401/3484/2818 2402/3485/2818 2397/3480/2717
f 2397/3480/2717 2402/3485/2818 2301/3366/767
f 2402/3485/2818 233/3361/164 2300/3363/2715
f 2372/3455/2798 2374/3457/2800 2368/3451/2794
f 2368/3451/2794 2374/3457/2800 2367/3449/2792
f 2374/3457/2800 2376/3459/2802 2367/3449/2792
f 2367/3449/2792 2376/3459/2802 2352/3424/2772
f 2376/3459/2802 2350/3422/2770 2352/3424/2772
f 2357/3435/2780 2358/3437/2782 2403/3486/2761
f 2403/3486/2761 2358/3437/2782 2360/3439/2763
f 2403/3486/2761 2360/3439/2763 2404/3487/2819
f 2404/3487/2819 2360/3439/2763 2362/3441/2763
f 2404/3487/2819 2362/3441/2763 2341/3413/2761
f 2341/3413/2761 2362/3441/2763 2343/3415/2763
f 2354/3429/2776 2353/3428/2775 2356/3433/2778
f 2356/3433/2778 2357/3435/2780 2405/3488/2760
f 2405/3488/2760 2357/3435/2780 2403/3486/2761
f 2405/3488/2760 2403/3486/2761 2406/3489/2760
f 2406/3489/2760 2403/3486/2761 2404/3487/2819
f 2406/3489/2760 2404/3487/2819 2339/3411/2759
f 2339/3411/2759 2404/3487/2819 2341/3413/2761
f 2326/3397/2748 2327/3399/2750 2407/3490/2748
f 2407/3490/2748 2327/3399/2750 2329/3401/2752
f 2407/3490/2748 2329/3401/2752 2408/3491/2748
f 2408/3491/2748 2329/3401/2752 2331/3403/2754
f 2408/3491/2748 2331/3403/2754 2386/3469/2748
f 2386/3469/2748 2331/3403/2754 2333/3405/2756
f 2319/3385/2736 2326/3397/2748 2409/3492/2820
f 2409/3492/2820 2326/3397/2748 2407/3490/2748
f 2409/3492/2820 2407/3490/2748 2410/3493/2821
f 2410/3493/2821 2407/3490/2748 2408/3491/2748
f 2410/3493/2821 2408/3491/2748 2388/3471/2736
f 2388/3471/2736 2408/3491/2748 2386/3469/2748
f 2324/3394/2745 2323/3393/2744 2325/3395/2746
f 2324/3394/2745 2325/3395/2746 2316/3382/2733
f 2316/3382/2733 2325/3395/2746 2318/3384/2735
f 2402/3485/2818 2300/3363/2715 2301/3366/767
f 2396/3479/767 2395/3478/2717 2400/3483/2817
f 2313/3379/2730 2315/3381/2732 2392/3475/2814
f 2392/3475/2814 2315/3381/2732 2411/3494/2822
f 2392/3475/2814 2411/3494/2822 2390/3473/2812
f 2390/3473/2812 2411/3494/2822 2410/3493/2821
f 2390/3473/2812 2410/3493/2821 2388/3471/2736
f 2406/3489/2760 2339/3411/2759 2337/3409/1538
f 2406/3489/2760 2337/3409/1538 2355/3430/2776
f 2346/3418/2766 2348/3420/2768 2384/3467/2790
f 2384/3467/2790 2348/3420/2768 2377/3460/2803
f 2384/3467/2790 2377/3460/2803 2382/3465/2807
f 2382/3465/2807 2377/3460/2803 2375/3458/2801
f 2382/3465/2807 2375/3458/2801 2380/3463/2805
f 2380/3463/2805 2375/3458/2801 2373/3456/2799
f 2380/3463/2805 2373/3456/2799 2378/3461/2792
f 2378/3461/2792 2373/3456/2799 2371/3454/2797
f 2378/3461/2792 2371/3454/2797 2370/3453/2796
f 2368/3451/2794 325/325/1 2372/3455/2798
f 2355/3430/2776 2354/3429/2776 2405/3488/2760
f 2405/3488/2760 2354/3429/2776 2356/3433/2778
f 2355/3430/2776 2405/3488/2760 2406/3489/2760
f 2319/3385/2736 2409/3492/2820 2317/3383/2734
f 2317/3383/2734 2409/3492/2820 2411/3494/2822
f 2317/3383/2734 2411/3494/2822 2315/3381/2732
f 2411/3494/2822 2409/3492/2820 2410/3493/2821
f 2314/3380/2731 2324/3394/2745 2316/3382/2733
f 2401/3484/2818 2397/3480/2717 2396/3479/767
f 2400/3483/2817 2401/3484/2818 2396/3479/767
f 2399/3495/2823 2412/3496/2484 233/3497/2477
f 233/3497/2477 2412/3496/2484 2413/3498/2824
f 233/3497/2477 2413/3498/2824 2414/3499/2825
f 2414/3499/2825 2413/3498/2824 2412/3496/2484
f 2414/3499/2825 2412/3496/2484 2415/3500/2826
f 2415/3500/2826 2412/3496/2484 2399/3495/2823
f 2415/3500/2826 2399/3495/2823 2416/3501/2827
f 2416/3501/2827 2399/3495/2823 2398/3502/2828
f 2416/3501/2827 2398/3502/2828 2417/3503/2829
f 2417/3503/2829 2398/3502/2828 2394/3504/2830
f 2417/3503/2829 2394/3504/2830 2418/3505/2831
f 2418/3505/2831 2394/3504/2830 2310/3506/2832
f 2418/3505/2831 2310/3506/2832 2419/3507/2833
f 2419/3507/2833 2310/3506/2832 2311/3508/2834
f 2419/3507/2833 2311/3508/2834 2393/3509/2835
f 2419/3507/2833 2393/3509/2835 2420/3510/2836
f 2420/3510/2836 2393/3509/2835 2391/3511/2837
f 2420/3510/2836 2391/3511/2837 2389/3512/2838
f 2420/3510/2836 2389/3512/2838 2421/3513/2839
f 2421/3513/2839 2389/3512/2838 2387/3514/2840
f 2421/3513/2839 2387/3514/2840 2422/3515/2841
f 2422/3515/2841 2387/3514/2840 2335/3516/2842
f 2422/3515/2841 2335/3516/2842 2423/3517/2843
f 2423/3517/2843 2335/3516/2842 2336/3518/2844
f 2423/3517/2843 2336/3518/2844 2424/3519/2845
f 2424/3519/2845 2336/3518/2844 2338/3520/2846
f 2424/3519/2845 2338/3520/2846 2425/3521/2500
f 2425/3521/2500 2338/3520/2846 2426/3522/2500
f 2425/3521/2500 2426/3522/2500 2427/3523/2499
f 2427/3523/2499 2426/3522/2500 2428/3524/2502
f 2427/3523/2499 2428/3524/2502 2429/3525/2847
f 2429/3525/2847 2428/3524/2502 2430/3526/2848
f 2429/3525/2847 2430/3526/2848 2431/3527/2505
f 2431/3527/2505 2430/3526/2848 2432/3528/2849
f 2432/3528/2849 2430/3526/2848 2344/3529/2850
f 2432/3528/2849 2344/3529/2850 2433/3530/2851
f 2433/3530/2851 2344/3529/2850 2385/3531/2852
f 2433/3530/2851 2385/3531/2852 2383/3532/2853
f 2338/3520/2846 2340/3533/2854 2426/3522/2500
f 2426/3522/2500 2340/3533/2854 2428/3524/2502
f 2428/3524/2502 2340/3533/2854 2430/3526/2848
f 2430/3526/2848 2340/3533/2854 2342/3534/2855
f 2430/3526/2848 2342/3534/2855 2344/3529/2850
f 2381/3535/2856 2434/3536/2857 2383/3532/2853
f 2383/3532/2853 2434/3536/2857 2435/3537/2858
f 2383/3532/2853 2435/3537/2858 2433/3530/2851
f 2433/3530/2851 2435/3537/2858 2436/3538/2521
f 2433/3530/2851 2436/3538/2521 2432/3528/2849
f 2434/3536/2857 2381/3535/2856 2437/3539/2522
f 2437/3539/2522 2381/3535/2856 2379/3540/2859
f 2437/3539/2522 2379/3540/2859 2438/3541/2860
f 2438/3541/2860 2379/3540/2859 2369/3542/2861
f 2438/3541/2860 2369/3542/2861 2439/3543/2862
f 2439/3543/2862 2369/3542/2861 325/3544/2863
f 2439/3543/2862 325/3544/2863 323/3545/2864
f 2439/3543/2862 323/3545/2864 2440/3546/2865
f 2440/3546/2865 323/3545/2864 321/3547/1332
f 2440/3546/2865 321/3547/1332 2441/3548/2866
f 2441/3548/2866 321/3547/1332 2442/3549/2867
f 2441/3548/2866 2442/3549/2867 2443/3550/1636
f 2443/3550/1636 2442/3549/2867 280/3551/1333
f 280/3551/1333 2442/3549/2867 281/3552/1636
f 281/3552/1636 2442/3549/2867 321/3547/1332
f 2443/3550/1636 2444/3553/2530 2441/3548/2866
f 2441/3548/2866 2444/3553/2530 2440/3546/2865
f 2440/3546/2865 2444/3553/2530 2439/3543/2862
f 2439/3543/2862 2444/3553/2530 2445/3554/2536
f 2439/3543/2862 2445/3554/2536 2438/3541/2860
f 2438/3541/2860 2445/3554/2536 2446/3555/2868
f 2438/3541/2860 2446/3555/2868 2437/3539/2522
f 2437/3539/2522 2446/3555/2868 2447/3556/2869
f 2437/3539/2522 2447/3556/2869 2434/3536/2857
f 2434/3536/2857 2447/3556/2869 2435/3537/2858
f 2427/3523/2499 2448/3557/2845 2425/3521/2500
f 2425/3521/2500 2448/3557/2845 2424/3519/2845
f 2424/3519/2845 2448/3557/2845 2423/3517/2843
f 2423/3517/2843 2448/3557/2845 2449/3558/2495
f 2423/3517/2843 2449/3558/2495 2422/3515/2841
f 2422/3515/2841 2449/3558/2495 2450/3559/2493
f 2422/3515/2841 2450/3559/2493 2421/3513/2839
f 2421/3513/2839 2450/3559/2493 2451/3560/2870
f 2421/3513/2839 2451/3560/2870 2420/3510/2836
f 2420/3510/2836 2451/3560/2870 2452/3561/2871
f 2420/3510/2836 2452/3561/2871 2419/3507/2833
f 2419/3507/2833 2452/3561/2871 2453/3562/2872
f 2419/3507/2833 2453/3562/2872 2454/3563/2487
f 2419/3507/2833 2454/3563/2487 2418/3505/2831
f 2418/3505/2831 2454/3563/2487 2455/3564/2538
f 2418/3505/2831 2455/3564/2538 2456/3565/2539
f 2418/3505/2831 2456/3565/2539 2417/3503/2829
f 2417/3503/2829 2456/3565/2539 2457/3566/2873
f 2417/3503/2829 2457/3566/2873 2416/3501/2827
f 2416/3501/2827 2457/3566/2873 2415/3500/2826
f 2457/3566/2873 2414/3499/2825 2415/3500/2826
f 233/3160/2477 2414/3161/2825 2458/3162/2480
f 2459/3163/2241 233/3567/2241 2460/3165/2874
f 2460/3165/2874 233/3567/2241 2458/3166/2240
f 2460/3165/2874 2458/3166/2240 2459/3163/2241
f 2443/3568/1636 280/3569/1333 2461/3570/2535
f 2461/3570/2535 280/3569/1333 317/3571/2875
f 2461/3570/2535 317/3571/2875 2462/3572/1315
f 2462/3572/1315 317/3571/2875 2463/3573/2876
f 2462/3572/1315 2463/3573/2876 2464/3574/2877
f 2464/3574/2877 2463/3573/2876 2465/3575/2878
f 2465/3575/2878 2463/3573/2876 2466/3576/2879
f 2466/3576/2879 2463/3573/2876 2467/3577/2880
f 2466/3576/2879 2467/3577/2880 2468/3578/2881
f 2468/3578/2881 2467/3577/2880 2469/3579/2882
f 2469/3579/2882 2467/3577/2880 2470/3580/2883
f 2469/3579/2882 2470/3580/2883 2471/3581/2884
f 2471/3581/2884 2470/3580/2883 2472/3582/2885
f 2471/3581/2884 2472/3582/2885 2473/3583/2886
f 2473/3583/2886 2472/3582/2885 2474/3584/2887
f 2473/3583/2886 2474/3584/2887 2475/3585/2589
f 2475/3585/2589 2474/3584/2887 2476/3586/2888
f 2475/3585/2589 2476/3586/2888 2477/3587/2588
f 2477/3587/2588 2476/3586/2888 2478/3588/2588
f 2477/3587/2588 2478/3588/2588 2479/3589/2889
f 2479/3589/2889 2478/3588/2588 299/3590/2890
f 2479/3589/2889 299/3590/2890 297/3591/2891
f 317/3571/2875 315/3592/2892 2463/3573/2876
f 2463/3573/2876 315/3592/2892 2467/3577/2880
f 315/3592/2892 313/3593/2893 2467/3577/2880
f 2467/3577/2880 313/3593/2893 310/3594/2894
f 2467/3577/2880 310/3594/2894 2470/3580/2883
f 2470/3580/2883 310/3594/2894 308/3595/2895
f 2470/3580/2883 308/3595/2895 306/3596/2896
f 2470/3580/2883 306/3596/2896 2472/3582/2885
f 2472/3582/2885 306/3596/2896 304/3597/2897
f 2472/3582/2885 304/3597/2897 2474/3584/2887
f 2474/3584/2887 304/3597/2897 301/3598/2898
f 2474/3584/2887 301/3598/2898 2476/3586/2888
f 2476/3586/2888 301/3598/2898 299/3590/2890
f 2476/3586/2888 299/3590/2890 2478/3588/2588
f 2479/3589/2889 297/3591/2891 2480/3599/2899
f 2480/3599/2899 297/3591/2891 294/3600/2900
f 2480/3599/2899 294/3600/2900 2481/3601/2901
f 2481/3601/2901 294/3600/2900 292/3602/2902
f 2481/3601/2901 292/3602/2902 289/3603/2903
f 2481/3601/2901 289/3603/2903 2482/3604/2904
f 2482/3604/2904 289/3603/2903 287/3605/2905
f 2482/3604/2904 287/3605/2905 2483/3606/2906
f 2483/3606/2906 287/3605/2905 285/3607/2907
f 2483/3606/2906 285/3607/2907 2484/3608/2908
f 2484/3608/2908 285/3607/2907 283/3609/2909
f 2484/3608/2908 283/3609/2909 231/3610/2910
f 2484/3608/2908 231/3610/2910 2485/3611/2911
f 2485/3611/2911 231/3610/2910 233/3612/2241
f 2485/3611/2911 233/3612/2241 2459/3613/2241
f 2459/3613/2241 2486/3614/2579 2485/3611/2911
f 2485/3611/2911 2486/3614/2579 2487/3615/2578
f 2485/3611/2911 2487/3615/2578 2484/3608/2908
f 2484/3608/2908 2487/3615/2578 2488/3616/2912
f 2484/3608/2908 2488/3616/2912 2489/3617/2913
f 2484/3608/2908 2489/3617/2913 2483/3606/2906
f 2483/3606/2906 2489/3617/2913 2490/3618/2914
f 2483/3606/2906 2490/3618/2914 2482/3604/2904
f 2482/3604/2904 2490/3618/2914 2491/3619/2915
f 2482/3604/2904 2491/3619/2915 2481/3601/2901
f 2481/3601/2901 2491/3619/2915 2492/3620/2916
f 2481/3601/2901 2492/3620/2916 2493/3621/2917
f 2481/3601/2901 2493/3621/2917 2480/3599/2899
f 2480/3599/2899 2493/3621/2917 2494/3622/2918
f 2480/3599/2899 2494/3622/2918 2479/3589/2889
f 2479/3589/2889 2494/3622/2918 2477/3587/2588
f 2464/3574/2877 2495/3623/1335 2462/3572/1315
f 2462/3572/1315 2495/3623/1335 2461/3570/2535
f 2495/3623/1335 2443/3568/1636 2461/3570/2535
f 2496/3624/2919 122/3625/2594 2497/3626/2920
f 2497/3626/2920 122/3625/2594 2414/3627/2596
f 2497/3626/2920 2414/3627/2596 2498/3628/2919
f 2498/3628/2919 2414/3627/2596 2457/3629/2921
f 2498/3628/2919 2457/3629/2921 2499/3630/2922
f 2499/3630/2922 2457/3629/2921 2500/3631/1102
f 2499/3630/2922 2500/3631/1102 2501/3632/2919
f 2501/3632/2919 2500/3631/1102 2502/3633/2923
f 2502/3633/2923 2500/3631/1102 2503/3634/2924
f 2502/3633/2923 2503/3634/2924 2504/3635/2925
f 2504/3635/2925 2503/3634/2924 2505/3636/2601
f 2504/3635/2925 2505/3636/2601 2506/3637/2926
f 2506/3637/2926 2505/3636/2601 2507/3638/2927
f 2507/3638/2927 2505/3636/2601 2508/3639/2928
f 2507/3638/2927 2508/3639/2928 2509/3640/2929
f 2509/3640/2929 2508/3639/2928 2510/3641/2930
f 2510/3641/2930 2508/3639/2928 2511/3642/2931
f 2510/3641/2930 2511/3642/2931 2512/3643/2932
f 2512/3643/2932 2511/3642/2931 2513/3644/2933
f 2512/3643/2932 2513/3644/2933 2514/3645/2934
f 2514/3645/2934 2513/3644/2933 2515/3646/2935
f 2514/3645/2934 2515/3646/2935 2516/3647/2936
f 2516/3647/2936 2515/3646/2935 2517/3648/2613
f 2516/3647/2936 2517/3648/2613 2518/3649/2937
f 2518/3649/2937 2517/3648/2613 2519/3650/2615
f 2518/3649/2937 2519/3650/2615 2520/3651/2616
f 2520/3651/2616 2519/3650/2615 2448/3652/2938
f 2520/3651/2616 2448/3652/2938 2427/3653/2939
f 2500/3631/1102 2457/3629/2921 2503/3634/2924
f 2503/3634/2924 2457/3629/2921 2456/3654/2940
f 2503/3634/2924 2456/3654/2940 2505/3636/2601
f 2505/3636/2601 2456/3654/2940 2455/3655/2620
f 2505/3636/2601 2455/3655/2620 2454/3656/2941
f 2505/3636/2601 2454/3656/2941 2508/3639/2928
f 2508/3639/2928 2454/3656/2941 2453/3657/2942
f 2508/3639/2928 2453/3657/2942 2452/3658/2623
f 2508/3639/2928 2452/3658/2623 2511/3642/2931
f 2511/3642/2931 2452/3658/2623 2451/3659/2943
f 2511/3642/2931 2451/3659/2943 2513/3644/2933
f 2513/3644/2933 2451/3659/2943 2450/3660/2944
f 2513/3644/2933 2450/3660/2944 2515/3646/2935
f 2515/3646/2935 2450/3660/2944 2449/3661/2945
f 2515/3646/2935 2449/3661/2945 2517/3648/2613
f 2517/3648/2613 2449/3661/2945 2448/3652/2938
f 2517/3648/2613 2448/3652/2938 2519/3650/2615
f 2429/3662/2946 2521/3663/2627 2427/3653/2939
f 2427/3653/2939 2521/3663/2627 2522/3664/2947
f 2427/3653/2939 2522/3664/2947 2520/3651/2616
f 2520/3651/2616 2522/3664/2947 2523/3665/2629
f 2520/3651/2616 2523/3665/2629 2518/3649/2937
f 2521/3663/2627 2429/3662/2946 2524/3666/2948
f 2524/3666/2948 2429/3662/2946 2431/3667/2631
f 2524/3666/2948 2431/3667/2631 2432/3668/2949
f 2436/3669/2633 2525/3670/2950 2432/3668/2949
f 2432/3668/2949 2525/3670/2950 2526/3671/2951
f 2432/3668/2949 2526/3671/2951 2527/3672/2952
f 2436/3669/2633 2435/3673/2637 2525/3670/2950
f 2525/3670/2950 2435/3673/2637 2528/3674/2638
f 2525/3670/2950 2528/3674/2638 2529/3675/2953
f 2529/3675/2953 2528/3674/2638 2530/3676/2954
f 2530/3676/2954 2528/3674/2638 2531/3677/2641
f 2530/3676/2954 2531/3677/2641 2532/3678/2955
f 2532/3678/2955 2531/3677/2641 2533/3679/2956
f 2532/3678/2955 2533/3679/2956 2534/3680/2957
f 2534/3680/2957 2533/3679/2956 2535/3681/2645
f 2534/3680/2957 2535/3681/2645 58/3682/2646
f 58/3682/2646 2535/3681/2645 59/3683/2958
f 59/3683/2958 2535/3681/2645 2536/3684/2959
f 59/3683/2958 2536/3684/2959 60/3685/2960
f 60/3685/2960 2536/3684/2959 2537/3686/2650
f 60/3685/2960 2537/3686/2650 61/3687/2105
f 61/3687/2105 2537/3686/2650 2538/3688/2699
f 61/3687/2105 2538/3688/2699 63/3689/2650
f 63/3689/2650 2538/3688/2699 2443/3690/2653
f 2443/3690/2653 2538/3688/2699 2537/3686/2650
f 2443/3690/2653 2537/3686/2650 2444/3691/2961
f 2444/3691/2961 2537/3686/2650 2536/3684/2959
f 2444/3691/2961 2536/3684/2959 2535/3681/2645
f 2435/3673/2637 2447/3692/2655 2528/3674/2638
f 2528/3674/2638 2447/3692/2655 2531/3677/2641
f 2447/3692/2655 2446/3693/2656 2531/3677/2641
f 2531/3677/2641 2446/3693/2656 2533/3679/2956
f 2446/3693/2656 2445/3694/2657 2533/3679/2956
f 2533/3679/2956 2445/3694/2657 2535/3681/2645
f 2445/3694/2657 2444/3691/2961 2535/3681/2645
f 2529/3675/2953 2539/3695/2962 2525/3670/2950
f 2525/3670/2950 2539/3695/2962 2526/3671/2951
f 2432/3668/2949 2527/3672/2952 2524/3666/2948
f 2524/3666/2948 2527/3672/2952 2540/3696/2963
f 2524/3666/2948 2540/3696/2963 2521/3663/2627
f 2521/3663/2627 2540/3696/2963 2523/3665/2629
f 2521/3663/2627 2523/3665/2629 2522/3664/2947
f 2501/3632/2919 2496/3624/2919 2499/3630/2922
f 2499/3630/2922 2496/3624/2919 2498/3628/2919
f 2498/3628/2919 2496/3624/2919 2497/3626/2920
f 2458/3299/2661 122/3300/2661 2459/50/2964
f 122/3300/2594 2458/3299/2596 2414/50/2596
f 120/3697/2965 2541/3698/2664 122/3699/2661
f 122/3699/2661 2541/3698/2664 2486/3700/2966
f 122/3699/2661 2486/3700/2966 2459/3701/2964
f 120/3697/2965 115/3702/2967 2541/3698/2664
f 2541/3698/2664 115/3702/2967 2542/3703/2968
f 2541/3698/2664 2542/3703/2968 2487/3704/2969
f 2487/3704/2969 2542/3703/2968 2488/3705/2970
f 2488/3705/2970 2542/3703/2968 2489/3706/2971
f 2489/3706/2971 2542/3703/2968 2543/3707/2972
f 2489/3706/2971 2543/3707/2972 2490/3708/2973
f 2490/3708/2973 2543/3707/2972 2544/3709/2974
f 2490/3708/2973 2544/3709/2974 2491/3710/2975
f 2491/3710/2975 2544/3709/2974 2545/3711/2976
f 2491/3710/2975 2545/3711/2976 2492/3712/2977
f 2492/3712/2977 2545/3711/2976 2493/3713/2978
f 2493/3713/2978 2545/3711/2976 2546/3714/2979
f 2493/3713/2978 2546/3714/2979 2494/3715/2980
f 2494/3715/2980 2546/3714/2979 2547/3716/2981
f 2494/3715/2980 2547/3716/2981 2477/3717/2706
f 2477/3717/2706 2547/3716/2981 2548/3718/2982
f 2477/3717/2706 2548/3718/2982 2549/3719/2684
f 2549/3719/2684 2548/3718/2982 92/3720/2983
f 2549/3719/2684 92/3720/2983 2550/3721/2984
f 2550/3721/2984 92/3720/2983 88/3722/2985
f 2550/3721/2984 88/3722/2985 2551/3723/2986
f 2551/3723/2986 88/3722/2985 84/3724/2987
f 2551/3723/2986 84/3724/2987 2552/3725/2690
f 2552/3725/2690 84/3724/2987 80/3726/2988
f 2552/3725/2690 80/3726/2988 2553/3727/2989
f 2553/3727/2989 80/3726/2988 73/3728/2990
f 2553/3727/2989 73/3728/2990 71/3729/2991
f 115/3702/2967 113/3730/2992 2542/3703/2968
f 2542/3703/2968 113/3730/2992 2543/3707/2972
f 113/3730/2992 111/3731/2993 2543/3707/2972
f 2543/3707/2972 111/3731/2993 2544/3709/2974
f 111/3731/2993 109/3732/2994 2544/3709/2974
f 2544/3709/2974 109/3732/2994 107/3733/2995
f 2544/3709/2974 107/3733/2995 2545/3711/2976
f 2545/3711/2976 107/3733/2995 105/3734/2996
f 2545/3711/2976 105/3734/2996 103/3735/2997
f 2545/3711/2976 103/3735/2997 2546/3714/2979
f 2546/3714/2979 103/3735/2997 101/3736/2998
f 2546/3714/2979 101/3736/2998 99/3737/2999
f 2546/3714/2979 99/3737/2999 2547/3716/2981
f 2547/3716/2981 99/3737/2999 97/3738/3000
f 2547/3716/2981 97/3738/3000 2548/3718/2982
f 2548/3718/2982 97/3738/3000 92/3720/2983
f 2553/3727/2989 71/3729/2991 2554/3739/3001
f 2554/3739/3001 71/3729/2991 65/3740/3002
f 2554/3739/3001 65/3740/3002 64/3741/3003
f 63/3742/2650 2555/3743/2650 64/3741/3003
f 64/3741/3003 2555/3743/2650 2556/3744/1452
f 64/3741/3003 2556/3744/1452 2554/3739/3001
f 2554/3739/3001 2556/3744/1452 2464/3745/3004
f 2554/3739/3001 2464/3745/3004 2465/3746/3005
f 63/3742/2650 2443/3747/2653 2555/3743/2650
f 2555/3743/2650 2443/3747/2653 2495/3748/3006
f 2555/3743/2650 2495/3748/3006 2556/3744/1452
f 2556/3744/1452 2495/3748/3006 2464/3745/3004
f 2465/3746/3005 2466/3749/3007 2554/3739/3001
f 2554/3739/3001 2466/3749/3007 2553/3727/2989
f 2466/3749/3007 2468/3750/3008 2553/3727/2989
f 2553/3727/2989 2468/3750/3008 2469/3751/2702
f 2553/3727/2989 2469/3751/2702 2552/3725/2690
f 2552/3725/2690 2469/3751/2702 2471/3752/2690
f 2552/3725/2690 2471/3752/2690 2551/3723/2986
f 2551/3723/2986 2471/3752/2690 2473/3753/2704
f 2551/3723/2986 2473/3753/2704 2550/3721/2984
f 2550/3721/2984 2473/3753/2704 2475/3754/3009
f 2550/3721/2984 2475/3754/3009 2549/3719/2684
f 2549/3719/2684 2475/3754/3009 2477/3717/2706
f 2487/3704/2969 2486/3700/2966 2541/3698/2664
f 122/3755/100 2496/3756/44 121/3757/44
f 121/3757/44 2496/3756/44 2557/3758/3010
f 121/3757/44 2557/3758/3010 2558/3759/3010
f 2558/3759/3010 2557/3758/3010 2559/3760/2717
f 2558/3759/3010 2559/3760/2717 2560/3761/3011
f 2560/3761/3011 2559/3760/2717 2561/3762/3012
f 2560/3761/3011 2561/3762/3012 2562/3763/3013
f 2562/3763/3013 2561/3762/3012 2563/3764/3014
f 2562/3763/3013 2563/3764/3014 2564/3765/2722
f 2564/3765/2722 2563/3764/3014 2565/3766/3015
f 2564/3765/2722 2565/3766/3015 2566/3767/2742
f 2566/3767/2742 2565/3766/3015 2567/3768/3016
f 2566/3767/2742 2567/3768/3016 2568/3769/3017
f 2568/3769/3017 2567/3768/3016 2569/3770/3018
f 2568/3769/3017 2569/3770/3018 2570/3771/3019
f 2570/3771/3019 2569/3770/3018 2571/3772/3020
f 2570/3771/3019 2571/3772/3020 2572/3773/3021
f 2572/3773/3021 2571/3772/3020 2573/3774/3022
f 2572/3773/3021 2573/3774/3022 2574/3775/2736
f 2574/3775/2736 2573/3774/3022 2575/3776/2748
f 2574/3775/2736 2575/3776/2748 2576/3777/2748
f 2576/3777/2748 2575/3776/2748 2577/3778/3023
f 2576/3777/2748 2577/3778/3023 2578/3779/3024
f 2578/3779/3024 2577/3778/3023 2579/3780/2751
f 2578/3779/3024 2579/3780/2751 2580/3781/2755
f 2580/3781/2755 2579/3780/2751 2581/3782/1836
f 2580/3781/2755 2581/3782/1836 2582/3783/1538
f 2582/3783/1538 2581/3782/1836 2583/3784/3025
f 2582/3783/1538 2583/3784/3025 2584/3785/3026
f 2584/3785/3026 2583/3784/3025 2585/3786/3027
f 2584/3785/3026 2585/3786/3027 2586/3787/3028
f 2586/3787/3028 2585/3786/3027 2587/3788/2763
f 2586/3787/3028 2587/3788/2763 2588/3789/3029
f 2588/3789/3029 2587/3788/2763 2589/3790/3030
f 2588/3789/3029 2589/3790/3030 2590/3791/3031
f 2590/3791/3031 2589/3790/3030 2591/3792/3032
f 2590/3791/3031 2591/3792/3032 2592/3793/3033
f 2592/3793/3033 2591/3792/3032 2593/3794/3034
f 2592/3793/3033 2593/3794/3034 2594/3795/3035
f 2594/3795/3035 2593/3794/3034 2595/3796/3036
f 2594/3795/3035 2595/3796/3036 2596/3797/3037
f 2596/3797/3037 2595/3796/3036 2597/3798/3038
f 2596/3797/3037 2597/3798/3038 2598/3799/3039
f 2598/3799/3039 2597/3798/3038 2599/3800/3040
f 2598/3799/3039 2599/3800/3040 2600/3801/3041
f 2600/3801/3041 2599/3800/3040 2601/3802/2797
f 2600/3801/3041 2601/3802/2797 2602/3803/3042
f 2602/3803/3042 2601/3802/2797 1/3804/1
f 2602/3803/3042 1/3804/1 3/3805/1
f 2496/3756/44 2501/3806/260 2557/3758/3010
f 2557/3758/3010 2501/3806/260 2502/3807/260
f 2557/3758/3010 2502/3807/260 2559/3760/2717
f 2559/3760/2717 2502/3807/260 2504/3808/767
f 2559/3760/2717 2504/3808/767 2506/3809/3043
f 2507/3810/3044 2563/3764/3014 2506/3809/3043
f 2506/3809/3043 2563/3764/3014 2561/3762/3012
f 2506/3809/3043 2561/3762/3012 2559/3760/2717
f 2563/3764/3014 2507/3810/3044 2565/3766/3015
f 2565/3766/3015 2507/3810/3044 2509/3811/3045
f 2565/3766/3015 2509/3811/3045 2567/3768/3016
f 2567/3768/3016 2509/3811/3045 2510/3812/3046
f 2567/3768/3016 2510/3812/3046 2569/3770/3018
f 2569/3770/3018 2510/3812/3046 2512/3813/3047
f 2569/3770/3018 2512/3813/3047 2571/3772/3020
f 2571/3772/3020 2512/3813/3047 2573/3774/3022
f 2512/3813/3047 2514/3814/3048 2573/3774/3022
f 2573/3774/3022 2514/3814/3048 2575/3776/2748
f 2514/3814/3048 2516/3815/3049 2575/3776/2748
f 2575/3776/2748 2516/3815/3049 2577/3778/3023
f 2516/3815/3049 2518/3816/2753 2577/3778/3023
f 2577/3778/3023 2518/3816/2753 2579/3780/2751
f 2579/3780/2751 2518/3816/2753 2581/3782/1836
f 2581/3782/1836 2518/3816/2753 2523/3817/1232
f 2581/3782/1836 2523/3817/1232 2583/3784/3025
f 2583/3784/3025 2523/3817/1232 2540/3818/3050
f 2583/3784/3025 2540/3818/3050 2585/3786/3027
f 2585/3786/3027 2540/3818/3050 2587/3788/2763
f 2540/3818/3050 2527/3819/3051 2587/3788/2763
f 2587/3788/2763 2527/3819/3051 2589/3790/3030
f 2527/3819/3051 2526/3820/3052 2589/3790/3030
f 2589/3790/3030 2526/3820/3052 2591/3792/3032
f 2526/3820/3052 2539/3821/3053 2591/3792/3032
f 2591/3792/3032 2539/3821/3053 2593/3794/3034
f 2539/3821/3053 2529/3822/3054 2593/3794/3034
f 2593/3794/3034 2529/3822/3054 2595/3796/3036
f 2529/3822/3054 2530/3823/3055 2595/3796/3036
f 2595/3796/3036 2530/3823/3055 2597/3798/3038
f 2530/3823/3055 2532/3824/3056 2597/3798/3038
f 2597/3798/3038 2532/3824/3056 2599/3800/3040
f 2532/3824/3056 2534/3825/3057 2599/3800/3040
f 2599/3800/3040 2534/3825/3057 2601/3802/2797
f 58/3826/52 1/3804/1 2534/3825/3057
f 2534/3825/3057 1/3804/1 2601/3802/2797
f 2603/3827/3058 2604/3828/2798 3/3805/1
f 3/3805/1 2604/3828/2798 2605/3829/2797
f 3/3805/1 2605/3829/2797 2606/3830/3059
f 2606/3830/3059 2605/3829/2797 2607/3831/3060
f 2606/3830/3059 2607/3831/3060 2608/3832/3061
f 2608/3832/3061 2607/3831/3060 2609/3833/3062
f 2608/3832/3061 2609/3833/3062 2610/3834/3063
f 2610/3834/3063 2609/3833/3062 2611/3835/3037
f 2610/3834/3063 2611/3835/3037 2612/3836/2803
f 2612/3836/2803 2611/3835/3037 2613/3837/1844
f 2612/3836/2803 2613/3837/1844 2614/3838/3064
f 2614/3838/3064 2613/3837/1844 2615/3839/3065
f 2614/3838/3064 2615/3839/3065 2616/3840/3066
f 2616/3840/3066 2615/3839/3065 2617/3841/3067
f 2616/3840/3066 2617/3841/3067 2618/3842/3068
f 2618/3842/3068 2617/3841/3067 2619/3843/2763
f 2618/3842/3068 2619/3843/2763 2620/3844/2763
f 2620/3844/2763 2619/3843/2763 2621/3845/3069
f 2620/3844/2763 2621/3845/3069 2622/3846/3070
f 2622/3846/3070 2621/3845/3069 2623/3847/2760
f 2622/3846/3070 2623/3847/2760 2624/3848/2760
f 2624/3848/2760 2623/3847/2760 2625/3849/2776
f 2624/3848/2760 2625/3849/2776 2626/3850/2776
f 2626/3850/2776 2625/3849/2776 2627/3851/2751
f 2626/3850/2776 2627/3851/2751 2628/3852/3071
f 2628/3852/3071 2627/3851/2751 2629/3853/3024
f 2628/3852/3071 2629/3853/3024 2630/3854/3072
f 2630/3854/3072 2629/3853/3024 2631/3855/2748
f 2630/3854/3072 2631/3855/2748 2632/3856/3073
f 2632/3856/3073 2631/3855/2748 2633/3857/3074
f 2632/3856/3073 2633/3857/3074 2634/3858/3075
f 2634/3858/3075 2633/3857/3074 2635/3859/3076
f 2634/3858/3075 2635/3859/3076 2636/3860/3077
f 2636/3860/3077 2635/3859/3076 2637/3861/2814
f 2636/3860/3077 2637/3861/2814 2638/3862/3078
f 2638/3862/3078 2637/3861/2814 2639/3863/3017
f 2638/3862/3078 2639/3863/3017 2640/3864/2745
f 2640/3864/2745 2639/3863/3017 2641/3865/3079
f 2640/3864/2745 2641/3865/3079 2642/3866/3080
f 2642/3866/3080 2641/3865/3079 2643/3867/3014
f 2642/3866/3080 2643/3867/3014 2644/3868/3081
f 2644/3868/3081 2643/3867/3014 2645/3869/3013
f 2644/3868/3081 2645/3869/3013 2646/3870/2721
f 2646/3870/2721 2645/3869/3013 2647/3871/767
f 2646/3870/2721 2647/3871/767 2648/3872/767
f 2648/3872/767 2647/3871/767 2649/3873/3082
f 2648/3872/767 2649/3873/3082 2650/3874/2818
f 2650/3874/2818 2649/3873/3082 50/3875/44
f 2650/3874/2818 50/3875/44 2651/3876/2424
f 2651/3876/2424 50/3875/44 2652/3877/2716
f 2651/3876/2424 2652/3877/2716 2653/3878/767
f 2653/3878/767 2652/3877/2716 2654/3879/767
f 2653/3878/767 2654/3879/767 2655/3880/3083
f 2655/3880/3083 2654/3879/767 2562/3763/3013
f 2655/3880/3083 2562/3763/3013 2564/3765/2722
f 2604/3828/2798 2603/3827/3058 2656/3881/3060
f 2656/3881/3060 2603/3827/3058 2657/3882/3084
f 2656/3881/3060 2657/3882/3084 2658/3883/3039
f 2658/3883/3039 2657/3882/3084 2659/3884/3085
f 2658/3883/3039 2659/3884/3085 2660/3885/2803
f 2660/3885/2803 2659/3884/3085 2661/3886/3086
f 2660/3885/2803 2661/3886/3086 2662/3887/3087
f 2662/3887/3087 2661/3886/3086 2663/3888/3032
f 2662/3887/3087 2663/3888/3032 2664/3889/3033
f 2664/3889/3033 2663/3888/3032 2665/3890/3088
f 2664/3889/3033 2665/3890/3088 2615/3839/3065
f 2615/3839/3065 2665/3890/3088 2617/3841/3067
f 2663/3888/3032 2666/3891/3089 2665/3890/3088
f 2665/3890/3088 2666/3891/3089 2667/3892/2763
f 2665/3890/3088 2667/3892/2763 2617/3841/3067
f 2617/3841/3067 2667/3892/2763 2619/3843/2763
f 2666/3891/3089 2668/3893/3090 2667/3892/2763
f 2667/3892/2763 2668/3893/3090 2669/3894/3091
f 2667/3892/2763 2669/3894/3091 2619/3843/2763
f 2619/3843/2763 2669/3894/3091 2621/3845/3069
f 2668/3893/3090 2670/3895/2760 2669/3894/3091
f 2669/3894/3091 2670/3895/2760 2671/3896/2760
f 2669/3894/3091 2671/3896/2760 2621/3845/3069
f 2621/3845/3069 2671/3896/2760 2623/3847/2760
f 2671/3896/2760 2670/3895/2760 2672/3897/3092
f 2672/3897/3092 2670/3895/2760 2673/3898/2753
f 2672/3897/3092 2673/3898/2753 2674/3899/3093
f 2674/3899/3093 2673/3898/2753 2675/3900/3024
f 2674/3899/3093 2675/3900/3024 2627/3851/2751
f 2627/3851/2751 2675/3900/3024 2629/3853/3024
f 2673/3898/2753 2676/3901/3094 2675/3900/3024
f 2675/3900/3024 2676/3901/3094 2677/3902/2748
f 2675/3900/3024 2677/3902/2748 2629/3853/3024
f 2629/3853/3024 2677/3902/2748 2631/3855/2748
f 2676/3901/3094 2678/3903/3095 2677/3902/2748
f 2677/3902/2748 2678/3903/3095 2679/3904/2820
f 2677/3902/2748 2679/3904/2820 2631/3855/2748
f 2631/3855/2748 2679/3904/2820 2633/3857/3074
f 2678/3903/3095 2680/3905/3096 2679/3904/2820
f 2679/3904/2820 2680/3905/3096 2681/3906/3097
f 2679/3904/2820 2681/3906/3097 2633/3857/3074
f 2633/3857/3074 2681/3906/3097 2635/3859/3076
f 2681/3906/3097 2680/3905/3096 2682/3907/3098
f 2682/3907/3098 2680/3905/3096 2683/3908/3099
f 2682/3907/3098 2683/3908/3099 2684/3909/3100
f 2684/3909/3100 2683/3908/3099 2685/3910/3101
f 2684/3909/3100 2685/3910/3101 2686/3911/3102
f 2686/3911/3102 2685/3910/3101 2687/3912/3103
f 2686/3911/3102 2687/3912/3103 2688/3913/3104
f 2688/3913/3104 2687/3912/3103 2689/3914/3105
f 2688/3913/3104 2689/3914/3105 2690/3915/3106
f 2690/3915/3106 2689/3914/3105 2691/3916/767
f 2690/3915/3106 2691/3916/767 2692/3917/767
f 2692/3917/767 2691/3916/767 2693/3918/3107
f 2692/3917/767 2693/3918/3107 2647/3871/767
f 2647/3871/767 2693/3918/3107 2649/3873/3082
f 2691/3916/767 50/3875/44 2693/3918/3107
f 2693/3918/3107 50/3875/44 2649/3873/3082
f 2652/3877/2716 50/3875/44 2694/3919/2424
f 2694/3919/2424 50/3875/44 121/3757/44
f 2694/3919/2424 121/3757/44 2558/3759/3010
f 3/3805/1 2695/3920/3042 2696/3921/2797
f 2696/3921/2797 2695/3920/3042 2697/3922/3108
f 2696/3921/2797 2697/3922/3108 2698/3923/3109
f 2698/3923/3109 2697/3922/3108 2699/3924/3110
f 2698/3923/3109 2699/3924/3110 2700/3925/3111
f 2700/3925/3111 2699/3924/3110 2701/3926/3112
f 2700/3925/3111 2701/3926/3112 2702/3927/3113
f 2702/3927/3113 2701/3926/3112 2703/3928/3114
f 2702/3927/3113 2703/3928/3114 2704/3929/3115
f 2704/3929/3115 2703/3928/3114 2705/3930/3116
f 2704/3929/3115 2705/3930/3116 2706/3931/3117
f 2706/3931/3117 2705/3930/3116 2707/3932/3118
f 2706/3931/3117 2707/3932/3118 2708/3933/3119
f 2708/3933/3119 2707/3932/3118 2709/3934/2763
f 2708/3933/3119 2709/3934/2763 2710/3935/2763
f 2710/3935/2763 2709/3934/2763 2711/3936/3070
f 2710/3935/2763 2711/3936/3070 2712/3937/3091
f 2712/3937/3091 2711/3936/3070 2713/3938/2760
f 2712/3937/3091 2713/3938/2760 2714/3939/2760
f 2714/3939/2760 2713/3938/2760 2715/3940/3120
f 2714/3939/2760 2715/3940/3120 2716/3941/1538
f 2716/3941/1538 2715/3940/3120 2717/3942/2751
f 2716/3941/1538 2717/3942/2751 2718/3943/3121
f 2718/3943/3121 2717/3942/2751 2719/3944/3122
f 2718/3943/3121 2719/3944/3122 2720/3945/2750
f 2720/3945/2750 2719/3944/3122 2721/3946/2748
f 2720/3945/2750 2721/3946/2748 2722/3947/2748
f 2722/3947/2748 2721/3946/2748 2723/3948/3123
f 2722/3947/2748 2723/3948/3123 2724/3949/3124
f 2724/3949/3124 2723/3948/3123 2725/3950/3021
f 2724/3949/3124 2725/3950/3021 2726/3951/3125
f 2726/3951/3125 2725/3950/3021 2727/3952/3126
f 2726/3951/3125 2727/3952/3126 2728/3953/3127
f 2728/3953/3127 2727/3952/3126 2729/3954/3128
f 2728/3953/3127 2729/3954/3128 2730/3955/3129
f 2730/3955/3129 2729/3954/3128 2731/3956/3130
f 2730/3955/3129 2731/3956/3130 2732/3957/3131
f 2732/3957/3131 2731/3956/3130 2733/3958/2724
f 2732/3957/3131 2733/3958/2724 2734/3959/3132
f 2734/3959/3132 2733/3958/2724 2735/3960/3013
f 2734/3959/3132 2735/3960/3013 2736/3961/2723
f 2736/3961/2723 2735/3960/3013 2737/3962/767
f 2736/3961/2723 2737/3962/767 2653/3878/767
f 2653/3878/767 2737/3962/767 2651/3876/2424
f 3/3805/1 2696/3921/2797 2738/3963/3133
f 2738/3963/3133 2696/3921/2797 2698/3923/3109
f 2738/3963/3133 2698/3923/3109 2739/3964/3134
f 2739/3964/3134 2698/3923/3109 2700/3925/3111
f 2739/3964/3134 2700/3925/3111 2740/3965/3111
f 2740/3965/3111 2700/3925/3111 2702/3927/3113
f 2740/3965/3111 2702/3927/3113 2741/3966/3135
f 2741/3966/3135 2702/3927/3113 2704/3929/3115
f 2741/3966/3135 2704/3929/3115 2742/3967/3035
f 2742/3967/3035 2704/3929/3115 2706/3931/3117
f 2742/3967/3035 2706/3931/3117 2743/3968/3136
f 2743/3968/3136 2706/3931/3117 2708/3933/3119
f 2743/3968/3136 2708/3933/3119 2744/3969/3137
f 2744/3969/3137 2708/3933/3119 2710/3935/2763
f 2744/3969/3137 2710/3935/2763 2745/3970/3138
f 2745/3970/3138 2710/3935/2763 2712/3937/3091
f 2745/3970/3138 2712/3937/3091 2746/3971/3091
f 2746/3971/3091 2712/3937/3091 2714/3939/2760
f 2746/3971/3091 2714/3939/2760 2747/3972/2760
f 2747/3972/2760 2714/3939/2760 2716/3941/1538
f 2747/3972/2760 2716/3941/1538 2748/3973/2776
f 2748/3973/2776 2716/3941/1538 2718/3943/3121
f 2748/3973/2776 2718/3943/3121 2749/3974/3093
f 2749/3974/3093 2718/3943/3121 2720/3945/2750
f 2749/3974/3093 2720/3945/2750 2750/3975/2752
f 2750/3975/2752 2720/3945/2750 2722/3947/2748
f 2750/3975/2752 2722/3947/2748 2751/3976/3073
f 2751/3976/3073 2722/3947/2748 2724/3949/3124
f 2751/3976/3073 2724/3949/3124 2752/3977/3139
f 2752/3977/3139 2724/3949/3124 2726/3951/3125
f 2752/3977/3139 2726/3951/3125 2753/3978/3140
f 2753/3978/3140 2726/3951/3125 2728/3953/3127
f 2753/3978/3140 2728/3953/3127 2754/3979/3141
f 2754/3979/3141 2728/3953/3127 2730/3955/3129
f 2754/3979/3141 2730/3955/3129 2755/3980/3017
f 2755/3980/3017 2730/3955/3129 2732/3957/3131
f 2755/3980/3017 2732/3957/3131 2756/3981/3079
f 2756/3981/3079 2732/3957/3131 2734/3959/3132
f 2756/3981/3079 2734/3959/3132 2757/3982/3142
f 2757/3982/3142 2734/3959/3132 2736/3961/2723
f 2757/3982/3142 2736/3961/2723 2655/3880/3083
f 2655/3880/3083 2736/3961/2723 2653/3878/767
f 2738/3963/3133 2739/3964/3134 2602/3803/3042
f 2602/3803/3042 2739/3964/3134 2600/3801/3041
f 2739/3964/3134 2740/3965/3111 2600/3801/3041
f 2600/3801/3041 2740/3965/3111 2598/3799/3039
f 2740/3965/3111 2741/3966/3135 2598/3799/3039
f 2598/3799/3039 2741/3966/3135 2596/3797/3037
f 2741/3966/3135 2742/3967/3035 2596/3797/3037
f 2596/3797/3037 2742/3967/3035 2594/3795/3035
f 2742/3967/3035 2743/3968/3136 2594/3795/3035
f 2594/3795/3035 2743/3968/3136 2592/3793/3033
f 2743/3968/3136 2744/3969/3137 2592/3793/3033
f 2592/3793/3033 2744/3969/3137 2590/3791/3031
f 2744/3969/3137 2745/3970/3138 2590/3791/3031
f 2590/3791/3031 2745/3970/3138 2588/3789/3029
f 2745/3970/3138 2746/3971/3091 2588/3789/3029
f 2588/3789/3029 2746/3971/3091 2586/3787/3028
f 2746/3971/3091 2747/3972/2760 2586/3787/3028
f 2586/3787/3028 2747/3972/2760 2584/3785/3026
f 2747/3972/2760 2748/3973/2776 2584/3785/3026
f 2584/3785/3026 2748/3973/2776 2582/3783/1538
f 2748/3973/2776 2749/3974/3093 2582/3783/1538
f 2582/3783/1538 2749/3974/3093 2580/3781/2755
f 2749/3974/3093 2750/3975/2752 2580/3781/2755
f 2580/3781/2755 2750/3975/2752 2578/3779/3024
f 2750/3975/2752 2751/3976/3073 2578/3779/3024
f 2578/3779/3024 2751/3976/3073 2576/3777/2748
f 2751/3976/3073 2752/3977/3139 2576/3777/2748
f 2576/3777/2748 2752/3977/3139 2574/3775/2736
f 2752/3977/3139 2753/3978/3140 2574/3775/2736
f 2574/3775/2736 2753/3978/3140 2572/3773/3021
f 2753/3978/3140 2754/3979/3141 2572/3773/3021
f 2572/3773/3021 2754/3979/3141 2570/3771/3019
f 2754/3979/3141 2755/3980/3017 2570/3771/3019
f 2570/3771/3019 2755/3980/3017 2568/3769/3017
f 2755/3980/3017 2756/3981/3079 2568/3769/3017
f 2568/3769/3017 2756/3981/3079 2566/3767/2742
f 2756/3981/3079 2757/3982/3142 2566/3767/2742
f 2566/3767/2742 2757/3982/3142 2564/3765/2722
f 2757/3982/3142 2655/3880/3083 2564/3765/2722
f 2694/3919/2424 2558/3759/3010 2560/3761/3011
f 2694/3919/2424 2560/3761/3011 2654/3879/767
f 2654/3879/767 2560/3761/3011 2562/3763/3013
f 2647/3871/767 2645/3869/3013 2692/3917/767
f 2692/3917/767 2645/3869/3013 2690/3915/3106
f 2645/3869/3013 2643/3867/3014 2690/3915/3106
f 2690/3915/3106 2643/3867/3014 2688/3913/3104
f 2643/3867/3014 2641/3865/3079 2688/3913/3104
f 2688/3913/3104 2641/3865/3079 2686/3911/3102
f 2641/3865/3079 2639/3863/3017 2686/3911/3102
f 2686/3911/3102 2639/3863/3017 2684/3909/3100
f 2635/3859/3076 2681/3906/3097 2682/3907/3098
f 2639/3863/3017 2637/3861/2814 2684/3909/3100
f 2684/3909/3100 2637/3861/2814 2682/3907/3098
f 2637/3861/2814 2635/3859/3076 2682/3907/3098
f 2623/3847/2760 2671/3896/2760 2672/3897/3092
f 2627/3851/2751 2625/3849/2776 2674/3899/3093
f 2674/3899/3093 2625/3849/2776 2672/3897/3092
f 2625/3849/2776 2623/3847/2760 2672/3897/3092
f 2615/3839/3065 2613/3837/1844 2664/3889/3033
f 2664/3889/3033 2613/3837/1844 2662/3887/3087
f 2613/3837/1844 2611/3835/3037 2662/3887/3087
f 2662/3887/3087 2611/3835/3037 2660/3885/2803
f 2611/3835/3037 2609/3833/3062 2660/3885/2803
f 2660/3885/2803 2609/3833/3062 2658/3883/3039
f 2605/3829/2797 2604/3828/2798 2656/3881/3060
f 2609/3833/3062 2607/3831/3060 2658/3883/3039
f 2658/3883/3039 2607/3831/3060 2656/3881/3060
f 2695/3920/3042 3/3805/1 2606/3830/3059
f 2607/3831/3060 2605/3829/2797 2656/3881/3060
f 3/3805/1 2738/3963/3133 2602/3803/3042
f 2652/3877/2716 2694/3919/2424 2654/3879/767
f 2606/3830/3059 2608/3832/3061 2695/3920/3042
f 2695/3920/3042 2608/3832/3061 2697/3922/3108
f 2608/3832/3061 2610/3834/3063 2697/3922/3108
f 2697/3922/3108 2610/3834/3063 2699/3924/3110
f 2610/3834/3063 2612/3836/2803 2699/3924/3110
f 2699/3924/3110 2612/3836/2803 2701/3926/3112
f 2612/3836/2803 2614/3838/3064 2701/3926/3112
f 2701/3926/3112 2614/3838/3064 2703/3928/3114
f 2614/3838/3064 2616/3840/3066 2703/3928/3114
f 2703/3928/3114 2616/3840/3066 2705/3930/3116
f 2616/3840/3066 2618/3842/3068 2705/3930/3116
f 2705/3930/3116 2618/3842/3068 2707/3932/3118
f 2618/3842/3068 2620/3844/2763 2707/3932/3118
f 2707/3932/3118 2620/3844/2763 2709/3934/2763
f 2620/3844/2763 2622/3846/3070 2709/3934/2763
f 2709/3934/2763 2622/3846/3070 2711/3936/3070
f 2622/3846/3070 2624/3848/2760 2711/3936/3070
f 2711/3936/3070 2624/3848/2760 2713/3938/2760
f 2624/3848/2760 2626/3850/2776 2713/3938/2760
f 2713/3938/2760 2626/3850/2776 2715/3940/3120
f 2626/3850/2776 2628/3852/3071 2715/3940/3120
f 2715/3940/3120 2628/3852/3071 2717/3942/2751
f 2628/3852/3071 2630/3854/3072 2717/3942/2751
f 2717/3942/2751 2630/3854/3072 2719/3944/3122
f 2630/3854/3072 2632/3856/3073 2719/3944/3122
f 2719/3944/3122 2632/3856/3073 2721/3946/2748
f 2632/3856/3073 2634/3858/3075 2721/3946/2748
f 2721/3946/2748 2634/3858/3075 2723/3948/3123
f 2634/3858/3075 2636/3860/3077 2723/3948/3123
f 2723/3948/3123 2636/3860/3077 2725/3950/3021
f 2636/3860/3077 2638/3862/3078 2725/3950/3021
f 2725/3950/3021 2638/3862/3078 2727/3952/3126
f 2638/3862/3078 2640/3864/2745 2727/3952/3126
f 2727/3952/3126 2640/3864/2745 2729/3954/3128
f 2640/3864/2745 2642/3866/3080 2729/3954/3128
f 2729/3954/3128 2642/3866/3080 2731/3956/3130
f 2642/3866/3080 2644/3868/3081 2731/3956/3130
f 2731/3956/3130 2644/3868/3081 2733/3958/2724
f 2644/3868/3081 2646/3870/2721 2733/3958/2724
f 2733/3958/2724 2646/3870/2721 2735/3960/3013
f 2650/3874/2818 2651/3876/2424 2737/3962/767
f 2646/3870/2721 2648/3872/767 2735/3960/3013
f 2735/3960/3013 2648/3872/767 2737/3962/767
f 2648/3872/767 2650/3874/2818 2737/3962/767
f 176/3983/3143 2758/3984/3143 3/3985/3143
f 3/3985/3143 2758/3984/3143 2670/3986/3143
f 3/3985/3143 2670/3986/3143 2603/3987/3143
f 2603/3987/3143 2670/3986/3143 2657/3988/3144
f 2657/3988/3144 2670/3986/3143 2659/3989/3143
f 2659/3989/3143 2670/3986/3143 2661/3990/3143
f 2661/3990/3143 2670/3986/3143 2663/3991/3143
f 2663/3991/3143 2670/3986/3143 2666/3992/3143
f 2666/3992/3143 2670/3986/3143 2668/3993/3143
f 2758/3984/3143 176/3983/3143 148/3994/3143
f 148/3994/3143 176/3983/3143 174/3995/3143
f 148/3994/3143 174/3995/3143 172/3996/3143
f 172/3996/3143 170/3997/3143 148/3994/3143
f 148/3994/3143 170/3997/3143 168/3998/3143
f 148/3994/3143 168/3998/3143 163/3999/3143
f 163/3999/3143 159/4000/3143 148/3994/3143
f 148/3994/3143 159/4000/3143 155/4001/3143
f 148/3994/3143 143/4002/3143 2758/3984/3143
f 2758/3984/3143 143/4002/3143 50/4003/3143
f 2758/3984/3143 50/4003/3143 2691/4004/3143
f 139/4005/3143 135/4006/3143 143/4002/3143
f 143/4002/3143 135/4006/3143 128/4007/3143
f 143/4002/3143 128/4007/3143 126/4008/3143
f 126/4008/3143 57/4009/3143 143/4002/3143
f 143/4002/3143 57/4009/3143 56/4010/3143
f 143/4002/3143 56/4010/3143 124/4011/3143
f 124/4011/3143 50/4003/3143 143/4002/3143
f 2689/4012/3145 2687/4013/3146 2691/4004/3143
f 2691/4004/3143 2687/4013/3146 2685/4014/3143
f 2691/4004/3143 2685/4014/3143 2683/4015/3143
f 2683/4015/3143 2680/4016/3143 2691/4004/3143
f 2691/4004/3143 2680/4016/3143 2678/4017/3143
f 2691/4004/3143 2678/4017/3143 2676/4018/3143
f 2676/4018/3143 2673/4019/3143 2691/4004/3143
f 2691/4004/3143 2673/4019/3143 2758/3984/3143
f 2673/4019/3143 2670/3986/3143 2758/3984/3143
usemtl body
f 2759/1/3147 2760/2/3148 2761/3/3147
f 2761/3/3147 2760/2/3148 2762/4/3149
f 2761/3/3147 2762/4/3149 2763/5/3150
f 2763/5/3150 2762/4/3149 2764/6/3151
f 2763/5/3150 2764/6/3151 2765/7/3152
f 2765/7/3152 2764/6/3151 2766/8/3153
f 2765/7/3152 2766/8/3153 2767/9/3154
f 2767/9/3154 2766/8/3153 2768/10/3155
f 2767/9/3154 2768/10/3155 2769/11/3156
f 2769/11/3156 2768/10/3155 2770/12/3157
f 2769/11/3156 2770/12/3157 2771/13/3157
f 2771/13/3157 2770/12/3157 2772/14/3158
f 2771/13/3157 2772/14/3158 2773/15/3159
f 2773/15/3159 2772/14/3158 2774/16/3160
f 2773/15/3159 2774/16/3160 2775/17/3161
f 2775/17/3161 2774/16/3160 2776/18/3162
f 2775/17/3161 2776/18/3162 2777/19/3162
f 2777/19/3162 2776/18/3162 2778/20/3163
f 2777/19/3162 2778/20/3163 2779/21/3164
f 2779/21/3164 2778/20/3163 2780/22/3165
f 2779/21/3164 2780/22/3165 2781/23/3165
f 2781/23/3165 2780/22/3165 2782/24/3166
f 2781/23/3165 2782/24/3166 2783/25/3167
f 2783/25/3167 2782/24/3166 2784/26/3168
f 2783/25/3167 2784/26/3168 2785/27/3169
f 2785/27/3169 2784/26/3168 2786/28/3170
f 2785/27/3169 2786/28/3170 2787/29/3170
f 2787/29/3170 2786/28/3170 2788/30/3171
f 2787/29/3170 2788/30/3171 2789/31/3172
f 2789/31/3172 2788/30/3171 2790/32/3173
f 2789/31/3172 2790/32/3173 2791/33/3174
f 2791/33/3174 2790/32/3173 2792/34/3175
f 2791/33/3174 2792/34/3175 2793/35/3175
f 2793/35/3175 2792/34/3175 2794/36/3176
f 2793/35/3175 2794/36/3176 2795/37/3176
f 2795/37/3176 2794/36/3176 2796/38/3177
f 2795/37/3176 2796/38/3177 2797/39/3178
f 2797/39/3178 2796/38/3177 2798/40/3179
f 2797/39/3178 2798/40/3179 2799/41/3179
f 2799/41/3179 2798/40/3179 2800/42/3180
f 2799/41/3179 2800/42/3180 2801/43/3180
f 2801/43/3180 2800/42/3180 2802/44/3181
f 2801/43/3180 2802/44/3181 2803/45/3182
f 2803/45/3182 2802/44/3181 2804/46/3183
f 2803/45/3182 2804/46/3183 2805/47/3184
f 2805/47/3184 2804/46/3183 2806/48/3185
f 2805/47/3184 2806/48/3185 2807/49/3186
f 2807/49/3186 2806/48/3185 2808/50/3187
f 2807/49/3186 2808/50/3187 2809/51/3188
f 2809/51/3188 2808/50/3187 2810/52/3189
f 2809/51/3188 2810/52/3189 2811/53/3190
f 2811/53/3190 2810/52/3189 2812/54/3191
f 2811/53/3190 2812/54/3191 2813/55/3192
f 2813/55/3192 2812/54/3191 2814/56/3193
f 2813/55/3192 2814/56/3193 2815/57/3194
f 2816/58/3195 2817/59/3147 2759/1/3147
f 2759/1/3147 2817/59/3147 2818/60/3147
f 2759/1/3147 2818/60/3147 2819/61/3196
f 2759/1/3147 2819/61/3196 2820/62/3197
f 2820/62/3197 2819/61/3196 2821/63/3196
f 2820/62/3197 2821/63/3196 2822/64/350
f 2823/65/3198 2824/66/3199 2822/64/350
f 2822/64/350 2824/66/3199 2825/67/3151
f 2822/64/350 2825/67/3151 2820/62/3197
f 2820/62/3197 2825/67/3151 2826/68/3151
f 2820/62/3197 2826/68/3151 2827/69/3150
f 2827/69/3150 2826/68/3151 2760/2/3148
f 2827/69/3150 2760/2/3148 2759/1/3147
f 2824/66/3199 2823/65/3198 2828/70/3200
f 2828/70/3200 2823/65/3198 2829/71/3201
f 2828/70/3200 2829/71/3201 2830/72/3202
f 2830/72/3202 2829/71/3201 2831/73/3203
f 2830/72/3202 2831/73/3203 2832/74/3158
f 2832/74/3158 2831/73/3203 2833/75/3161
f 2832/74/3158 2833/75/3161 2834/76/3204
f 2834/76/3204 2833/75/3161 2835/77/3205
f 2834/76/3204 2835/77/3205 2836/78/3206
f 2836/78/3206 2835/77/3205 2837/79/3207
f 2836/78/3206 2837/79/3207 2774/16/3160
f 2774/16/3160 2837/79/3207 2776/18/3162
f 2831/73/3203 2838/80/3208 2833/75/3161
f 2833/75/3161 2838/80/3208 2839/81/3209
f 2833/75/3161 2839/81/3209 2835/77/3205
f 2835/77/3205 2839/81/3209 2840/82/3210
f 2835/77/3205 2840/82/3210 2837/79/3207
f 2837/79/3207 2840/82/3210 2841/83/3211
f 2837/79/3207 2841/83/3211 2776/18/3162
f 2776/18/3162 2841/83/3211 2778/20/3163
f 2838/80/3208 2842/84/3212 2839/81/3209
f 2839/81/3209 2842/84/3212 2843/85/3213
f 2839/81/3209 2843/85/3213 2840/82/3210
f 2840/82/3210 2843/85/3213 2844/86/3165
f 2840/82/3210 2844/86/3165 2841/83/3211
f 2841/83/3211 2844/86/3165 2845/87/3165
f 2841/83/3211 2845/87/3165 2778/20/3163
f 2778/20/3163 2845/87/3165 2780/22/3165
f 2842/84/3212 2846/88/3214 2843/85/3213
f 2843/85/3213 2846/88/3214 2847/89/3165
f 2843/85/3213 2847/89/3165 2844/86/3165
f 2844/86/3165 2847/89/3165 2848/90/3215
f 2844/86/3165 2848/90/3215 2845/87/3165
f 2845/87/3165 2848/90/3215 2849/91/3216
f 2845/87/3165 2849/91/3216 2780/22/3165
f 2780/22/3165 2849/91/3216 2782/24/3166
f 2846/88/3214 2850/92/3217 2847/89/3165
f 2847/89/3165 2850/92/3217 2851/93/3218
f 2847/89/3165 2851/93/3218 2848/90/3215
f 2848/90/3215 2851/93/3218 2852/94/3168
f 2848/90/3215 2852/94/3168 2849/91/3216
f 2849/91/3216 2852/94/3168 2853/95/3169
f 2849/91/3216 2853/95/3169 2782/24/3166
f 2782/24/3166 2853/95/3169 2784/26/3168
f 2851/93/3218 2850/92/3217 2854/96/3169
f 2854/96/3169 2850/92/3217 2855/97/3219
f 2854/96/3169 2855/97/3219 2856/98/3220
f 2856/98/3220 2855/97/3219 2857/99/3171
f 2856/98/3220 2857/99/3171 2858/100/3221
f 2858/100/3221 2857/99/3171 2859/101/3222
f 2858/100/3221 2859/101/3222 2860/102/3223
f 2860/102/3223 2859/101/3222 2861/103/3224
f 2860/102/3223 2861/103/3224 2862/104/3175
f 2862/104/3175 2861/103/3224 2863/105/3225
f 2862/104/3175 2863/105/3225 2864/106/3226
f 2864/106/3226 2863/105/3225 2865/107/3227
f 2864/106/3226 2865/107/3227 2866/108/3228
f 2866/108/3228 2865/107/3227 2867/109/3229
f 2866/108/3228 2867/109/3229 2868/110/3230
f 2868/110/3230 2867/109/3229 2869/111/3231
f 2868/110/3230 2869/111/3231 2870/112/3232
f 2870/112/3232 2869/111/3231 2871/113/3233
f 2870/112/3232 2871/113/3233 2872/114/3234
f 2872/114/3234 2871/113/3233 2873/115/3235
f 2872/114/3234 2873/115/3235 2874/116/3236
f 2874/116/3236 2873/115/3235 2875/117/3237
f 2874/116/3236 2875/117/3237 2876/118/3238
f 2876/118/3238 2875/117/3237 2808/50/3187
f 2876/118/3238 2808/50/3187 2877/119/3239
f 2877/119/3239 2808/50/3187 2806/48/3185
f 2877/119/3239 2806/48/3185 2804/46/3183
f 2873/115/3235 2878/120/3240 2875/117/3237
f 2875/117/3237 2878/120/3240 2879/121/3187
f 2875/117/3237 2879/121/3187 2808/50/3187
f 2878/120/3240 2880/122/3241 2879/121/3187
f 2810/52/3189 2808/50/3187 2881/123/3239
f 2881/123/3239 2808/50/3187 2882/124/3242
f 2881/123/3239 2882/124/3242 2812/54/3191
f 2812/54/3191 2882/124/3242 2814/56/3193
f 2813/55/3192 2815/57/3194 2883/125/3243
f 2883/125/3243 2815/57/3194 2884/126/3244
f 2883/125/3243 2884/126/3244 2885/127/3245
f 2885/127/3245 2884/126/3244 2886/128/3246
f 2885/127/3245 2886/128/3246 2887/129/3247
f 2887/129/3247 2886/128/3246 2888/130/3248
f 2887/129/3247 2888/130/3248 2889/131/3247
f 2889/131/3247 2888/130/3248 2890/132/3249
f 2889/131/3247 2890/132/3249 2891/133/3250
f 2891/133/3250 2890/132/3249 2892/134/3176
f 2891/133/3250 2892/134/3176 2797/39/3178
f 2797/39/3178 2892/134/3176 2795/37/3176
f 2886/128/3246 2893/135/3251 2888/130/3248
f 2888/130/3248 2893/135/3251 2894/136/3175
f 2888/130/3248 2894/136/3175 2890/132/3249
f 2890/132/3249 2894/136/3175 2895/137/3175
f 2890/132/3249 2895/137/3175 2892/134/3176
f 2892/134/3176 2895/137/3175 2896/138/3175
f 2892/134/3176 2896/138/3175 2795/37/3176
f 2795/37/3176 2896/138/3175 2793/35/3175
f 2893/135/3251 2897/139/3252 2894/136/3175
f 2894/136/3175 2897/139/3252 2898/140/3253
f 2894/136/3175 2898/140/3253 2895/137/3175
f 2895/137/3175 2898/140/3253 2899/141/3254
f 2895/137/3175 2899/141/3254 2896/138/3175
f 2896/138/3175 2899/141/3254 2900/142/3253
f 2896/138/3175 2900/142/3253 2793/35/3175
f 2793/35/3175 2900/142/3253 2791/33/3174
f 2897/139/3252 2901/143/3171 2898/140/3253
f 2898/140/3253 2901/143/3171 2902/144/3255
f 2898/140/3253 2902/144/3255 2899/141/3254
f 2899/141/3254 2902/144/3255 2903/145/3255
f 2899/141/3254 2903/145/3255 2900/142/3253
f 2900/142/3253 2903/145/3255 2904/146/3255
f 2900/142/3253 2904/146/3255 2791/33/3174
f 2791/33/3174 2904/146/3255 2789/31/3172
f 2902/144/3255 2901/143/3171 2905/147/3256
f 2905/147/3256 2901/143/3171 2906/148/3169
f 2905/147/3256 2906/148/3169 2907/149/3257
f 2907/149/3257 2906/148/3169 2908/150/3215
f 2907/149/3257 2908/150/3215 2909/151/3168
f 2909/151/3168 2908/150/3215 2910/152/3258
f 2909/151/3168 2910/152/3258 2911/153/3169
f 2911/153/3169 2910/152/3258 2912/154/3166
f 2911/153/3169 2912/154/3166 2785/27/3169
f 2785/27/3169 2912/154/3166 2783/25/3167
f 2906/148/3169 2913/155/3259 2908/150/3215
f 2908/150/3215 2913/155/3259 2914/156/3165
f 2908/150/3215 2914/156/3165 2910/152/3258
f 2910/152/3258 2914/156/3165 2915/157/3260
f 2910/152/3258 2915/157/3260 2912/154/3166
f 2912/154/3166 2915/157/3260 2916/158/3165
f 2912/154/3166 2916/158/3165 2783/25/3167
f 2783/25/3167 2916/158/3165 2781/23/3165
f 2913/155/3259 2917/159/3261 2914/156/3165
f 2914/156/3165 2917/159/3261 2918/160/3262
f 2914/156/3165 2918/160/3262 2915/157/3260
f 2915/157/3260 2918/160/3262 2919/161/3263
f 2915/157/3260 2919/161/3263 2916/158/3165
f 2916/158/3165 2919/161/3263 2920/162/3262
f 2916/158/3165 2920/162/3262 2781/23/3165
f 2781/23/3165 2920/162/3262 2779/21/3164
f 2917/159/3261 2921/163/3205 2918/160/3262
f 2918/160/3262 2921/163/3205 2922/164/3264
f 2918/160/3262 2922/164/3264 2919/161/3263
f 2919/161/3263 2922/164/3264 2923/165/3265
f 2919/161/3263 2923/165/3265 2920/162/3262
f 2920/162/3262 2923/165/3265 2924/166/3162
f 2920/162/3262 2924/166/3162 2779/21/3164
f 2779/21/3164 2924/166/3162 2777/19/3162
f 2922/164/3264 2921/163/3205 2925/167/3266
f 2925/167/3266 2921/163/3205 2926/168/3267
f 2925/167/3266 2926/168/3267 2927/169/3268
f 2927/169/3268 2926/168/3267 2928/170/3269
f 2927/169/3268 2928/170/3269 2929/171/3270
f 2929/171/3270 2928/170/3269 2930/172/3271
f 2929/171/3270 2930/172/3271 2931/173/3272
f 2931/173/3272 2930/172/3271 2932/174/3273
f 2931/173/3272 2932/174/3273 2933/175/3154
f 2933/175/3154 2932/174/3273 2934/176/3151
f 2933/175/3154 2934/176/3151 2935/177/3151
f 2935/177/3151 2934/176/3151 2936/178/3274
f 2935/177/3151 2936/178/3274 2937/179/3151
f 2937/179/3151 2936/178/3274 2938/180/3275
f 2937/179/3151 2938/180/3275 2939/181/3151
f 2939/181/3151 2938/180/3275 2940/182/3276
f 2939/181/3151 2940/182/3276 2765/7/3152
f 2765/7/3152 2940/182/3276 2763/5/3150
f 2934/176/3151 2761/3/3147 2936/178/3274
f 2936/178/3274 2761/3/3147 2938/180/3275
f 2812/54/3191 2810/52/3189 2881/123/3239
f 2938/180/3275 2761/3/3147 2940/182/3276
f 2940/182/3276 2761/3/3147 2763/5/3150
f 2820/62/3197 2827/69/3150 2759/1/3147
f 2933/175/3154 2935/177/3151 2941/183/3153
f 2941/183/3153 2935/177/3151 2937/179/3151
f 2941/183/3153 2937/179/3151 2942/184/3277
f 2942/184/3277 2937/179/3151 2939/181/3151
f 2942/184/3277 2939/181/3151 2767/9/3154
f 2767/9/3154 2939/181/3151 2765/7/3152
f 2931/173/3272 2933/175/3154 2943/185/3278
f 2943/185/3278 2933/175/3154 2941/183/3153
f 2943/185/3278 2941/183/3153 2944/186/3279
f 2944/186/3279 2941/183/3153 2942/184/3277
f 2944/186/3279 2942/184/3277 2769/11/3156
f 2769/11/3156 2942/184/3277 2767/9/3154
f 2929/171/3270 2931/173/3272 2945/187/3280
f 2945/187/3280 2931/173/3272 2943/185/3278
f 2945/187/3280 2943/185/3278 2946/188/3281
f 2946/188/3281 2943/185/3278 2944/186/3279
f 2946/188/3281 2944/186/3279 2771/13/3157
f 2771/13/3157 2944/186/3279 2769/11/3156
f 2927/169/3268 2929/171/3270 2947/189/3282
f 2947/189/3282 2929/171/3270 2945/187/3280
f 2947/189/3282 2945/187/3280 2948/190/3158
f 2948/190/3158 2945/187/3280 2946/188/3281
f 2948/190/3158 2946/188/3281 2773/15/3159
f 2773/15/3159 2946/188/3281 2771/13/3157
f 2923/165/3265 2922/164/3264 2925/167/3266
f 2925/167/3266 2927/169/3268 2949/191/3283
f 2949/191/3283 2927/169/3268 2947/189/3282
f 2949/191/3283 2947/189/3282 2950/192/3284
f 2950/192/3284 2947/189/3282 2948/190/3158
f 2950/192/3284 2948/190/3158 2775/17/3161
f 2775/17/3161 2948/190/3158 2773/15/3159
f 2903/145/3255 2902/144/3255 2905/147/3256
f 2905/147/3256 2907/149/3257 2951/193/3285
f 2951/193/3285 2907/149/3257 2909/151/3168
f 2951/193/3285 2909/151/3168 2952/194/3286
f 2952/194/3286 2909/151/3168 2911/153/3169
f 2952/194/3286 2911/153/3169 2787/29/3170
f 2787/29/3170 2911/153/3169 2785/27/3169
f 2885/127/3245 2887/129/3247 2953/195/3287
f 2953/195/3287 2887/129/3247 2889/131/3247
f 2953/195/3287 2889/131/3247 2954/196/3288
f 2954/196/3288 2889/131/3247 2891/133/3250
f 2954/196/3288 2891/133/3250 2799/41/3179
f 2799/41/3179 2891/133/3250 2797/39/3178
f 2883/125/3243 2885/127/3245 2955/197/3180
f 2955/197/3180 2885/127/3245 2953/195/3287
f 2955/197/3180 2953/195/3287 2956/198/3289
f 2956/198/3289 2953/195/3287 2954/196/3288
f 2956/198/3289 2954/196/3288 2801/43/3180
f 2801/43/3180 2954/196/3288 2799/41/3179
f 2813/55/3192 2883/125/3243 2957/199/3290
f 2957/199/3290 2883/125/3243 2955/197/3180
f 2957/199/3290 2955/197/3180 2958/200/3291
f 2958/200/3291 2955/197/3180 2956/198/3289
f 2958/200/3291 2956/198/3289 2803/45/3182
f 2803/45/3182 2956/198/3289 2801/43/3180
f 2872/114/3234 2874/116/3236 2959/201/3292
f 2959/201/3292 2874/116/3236 2876/118/3238
f 2959/201/3292 2876/118/3238 2960/202/3293
f 2960/202/3293 2876/118/3238 2877/119/3239
f 2960/202/3293 2877/119/3239 2804/46/3183
f 2870/112/3232 2872/114/3234 2961/203/3294
f 2961/203/3294 2872/114/3234 2959/201/3292
f 2961/203/3294 2959/201/3292 2962/204/3295
f 2962/204/3295 2959/201/3292 2960/202/3293
f 2962/204/3295 2960/202/3293 2802/44/3181
f 2802/44/3181 2960/202/3293 2804/46/3183
f 2868/110/3230 2870/112/3232 2963/205/3289
f 2963/205/3289 2870/112/3232 2961/203/3294
f 2963/205/3289 2961/203/3294 2964/206/3296
f 2964/206/3296 2961/203/3294 2962/204/3295
f 2964/206/3296 2962/204/3295 2800/42/3180
f 2800/42/3180 2962/204/3295 2802/44/3181
f 2866/108/3228 2868/110/3230 2965/207/3297
f 2965/207/3297 2868/110/3230 2963/205/3289
f 2965/207/3297 2963/205/3289 2966/208/3298
f 2966/208/3298 2963/205/3289 2964/206/3296
f 2966/208/3298 2964/206/3296 2798/40/3179
f 2798/40/3179 2964/206/3296 2800/42/3180
f 2864/106/3226 2866/108/3228 2967/209/3299
f 2967/209/3299 2866/108/3228 2965/207/3297
f 2967/209/3299 2965/207/3297 2968/210/3300
f 2968/210/3300 2965/207/3297 2966/208/3298
f 2968/210/3300 2966/208/3298 2796/38/3177
f 2796/38/3177 2966/208/3298 2798/40/3179
f 2862/104/3175 2864/106/3226 2969/211/3249
f 2969/211/3249 2864/106/3226 2967/209/3299
f 2969/211/3249 2967/209/3299 2970/212/3176
f 2970/212/3176 2967/209/3299 2968/210/3300
f 2970/212/3176 2968/210/3300 2794/36/3176
f 2794/36/3176 2968/210/3300 2796/38/3177
f 2860/102/3223 2862/104/3175 2971/213/3175
f 2971/213/3175 2862/104/3175 2969/211/3249
f 2971/213/3175 2969/211/3249 2972/214/3175
f 2972/214/3175 2969/211/3249 2970/212/3176
f 2972/214/3175 2970/212/3176 2792/34/3175
f 2792/34/3175 2970/212/3176 2794/36/3176
f 2858/100/3221 2860/102/3223 2973/215/3301
f 2973/215/3301 2860/102/3223 2971/213/3175
f 2973/215/3301 2971/213/3175 2974/216/3301
f 2974/216/3301 2971/213/3175 2972/214/3175
f 2974/216/3301 2972/214/3175 2790/32/3173
f 2790/32/3173 2972/214/3175 2792/34/3175
f 2856/98/3220 2858/100/3221 2975/217/3255
f 2975/217/3255 2858/100/3221 2973/215/3301
f 2975/217/3255 2973/215/3301 2976/218/3255
f 2976/218/3255 2973/215/3301 2974/216/3301
f 2976/218/3255 2974/216/3301 2788/30/3171
f 2788/30/3171 2974/216/3301 2790/32/3173
f 2852/94/3168 2851/93/3218 2854/96/3169
f 2854/96/3169 2856/98/3220 2977/219/3302
f 2977/219/3302 2856/98/3220 2975/217/3255
f 2977/219/3302 2975/217/3255 2978/220/3303
f 2978/220/3303 2975/217/3255 2976/218/3255
f 2978/220/3303 2976/218/3255 2786/28/3170
f 2786/28/3170 2976/218/3255 2788/30/3171
f 2830/72/3202 2832/74/3158 2979/221/3158
f 2979/221/3158 2832/74/3158 2834/76/3204
f 2979/221/3158 2834/76/3204 2980/222/3158
f 2980/222/3158 2834/76/3204 2836/78/3206
f 2980/222/3158 2836/78/3206 2772/14/3158
f 2772/14/3158 2836/78/3206 2774/16/3160
f 2828/70/3200 2830/72/3202 2981/223/3304
f 2981/223/3304 2830/72/3202 2979/221/3158
f 2981/223/3304 2979/221/3158 2982/224/3305
f 2982/224/3305 2979/221/3158 2980/222/3158
f 2982/224/3305 2980/222/3158 2770/12/3157
f 2770/12/3157 2980/222/3158 2772/14/3158
f 2824/66/3199 2828/70/3200 2983/225/3306
f 2983/225/3306 2828/70/3200 2981/223/3304
f 2983/225/3306 2981/223/3304 2984/226/3307
f 2984/226/3307 2981/223/3304 2982/224/3305
f 2984/226/3307 2982/224/3305 2768/10/3155
f 2768/10/3155 2982/224/3305 2770/12/3157
f 2825/67/3151 2824/66/3199 2985/227/3154
f 2985/227/3154 2824/66/3199 2983/225/3306
f 2985/227/3154 2983/225/3306 2986/228/3308
f 2986/228/3308 2983/225/3306 2984/226/3307
f 2986/228/3308 2984/226/3307 2766/8/3153
f 2766/8/3153 2984/226/3307 2768/10/3155
f 2853/95/3169 2852/94/3168 2977/219/3302
f 2977/219/3302 2852/94/3168 2854/96/3169
f 2853/95/3169 2977/219/3302 2978/220/3303
f 2825/67/3151 2985/227/3154 2826/68/3151
f 2826/68/3151 2985/227/3154 2987/229/3151
f 2826/68/3151 2987/229/3151 2760/2/3148
f 2760/2/3148 2987/229/3151 2762/4/3149
f 2987/229/3151 2985/227/3154 2986/228/3308
f 2784/26/3168 2853/95/3169 2978/220/3303
f 2784/26/3168 2978/220/3303 2786/28/3170
f 2766/8/3153 2764/6/3151 2986/228/3308
f 2986/228/3308 2764/6/3151 2987/229/3151
f 2764/6/3151 2762/4/3149 2987/229/3151
f 2958/200/3291 2803/45/3182 2805/47/3184
f 2805/47/3184 2807/49/3186 2988/230/3309
f 2988/230/3309 2807/49/3186 2809/51/3188
f 2988/230/3309 2809/51/3188 2811/53/3190
f 2952/194/3286 2787/29/3170 2789/31/3172
f 2952/194/3286 2789/31/3172 2904/146/3255
f 2950/192/3284 2775/17/3161 2777/19/3162
f 2950/192/3284 2777/19/3162 2924/166/3162
f 2957/199/3290 2958/200/3291 2988/230/3309
f 2988/230/3309 2958/200/3291 2805/47/3184
f 2957/199/3290 2988/230/3309 2811/53/3190
f 2951/193/3285 2952/194/3286 2904/146/3255
f 2951/193/3285 2904/146/3255 2903/145/3255
f 2949/191/3283 2950/192/3284 2924/166/3162
f 2949/191/3283 2924/166/3162 2923/165/3265
f 2813/55/3192 2957/199/3290 2811/53/3190
f 2905/147/3256 2951/193/3285 2903/145/3255
f 2925/167/3266 2949/191/3283 2923/165/3265
f 2989/231/3310 2990/232/3239 2991/233/3311
f 2991/233/3311 2990/232/3239 2992/234/3239
f 2991/233/3311 2992/234/3239 2993/235/3238
f 2993/235/3238 2992/234/3239 2994/236/3312
f 2993/235/3238 2994/236/3312 2995/237/3293
f 2995/237/3293 2994/236/3312 2996/238/3313
f 2995/237/3293 2996/238/3313 2997/239/3314
f 2997/239/3314 2996/238/3313 2998/240/3315
f 2997/239/3314 2998/240/3315 2999/241/3180
f 2999/241/3180 2998/240/3315 3000/242/3288
f 2999/241/3180 3000/242/3288 3001/243/3316
f 3001/243/3316 3000/242/3288 3002/244/3178
f 3001/243/3316 3002/244/3178 3003/245/3317
f 3003/245/3317 3002/244/3178 3004/246/3318
f 3003/245/3317 3004/246/3318 3005/247/3319
f 3005/247/3319 3004/246/3318 3006/248/3175
f 3005/247/3319 3006/248/3175 3007/249/3320
f 3007/249/3320 3006/248/3175 3008/250/3254
f 3007/249/3320 3008/250/3254 3009/251/3253
f 3009/251/3253 3008/250/3254 3010/252/3255
f 3009/251/3253 3010/252/3255 3011/253/3255
f 3011/253/3255 3010/252/3255 3012/254/3285
f 3011/253/3255 3012/254/3285 3013/255/3285
f 3013/255/3285 3012/254/3285 3014/256/3169
f 3013/255/3285 3014/256/3169 3015/257/3321
f 3015/257/3321 3014/256/3169 3016/258/3215
f 3015/257/3321 3016/258/3215 3017/259/3322
f 3017/259/3322 3016/258/3215 3018/260/3165
f 3017/259/3322 3018/260/3165 3019/261/3260
f 3019/261/3260 3018/260/3165 3020/262/3323
f 3019/261/3260 3020/262/3323 3021/263/3324
f 3021/263/3324 3020/262/3323 3022/264/3207
f 3021/263/3324 3022/264/3207 3023/265/3325
f 3023/265/3325 3022/264/3207 3024/266/3160
f 3023/265/3325 3024/266/3160 3025/267/3326
f 3025/267/3326 3024/266/3160 3026/268/3158
f 3025/267/3326 3026/268/3158 3027/269/3327
f 3027/269/3327 3026/268/3158 3028/270/3328
f 3027/269/3327 3028/270/3328 3029/271/3329
f 3029/271/3329 3028/270/3328 3030/272/3330
f 3029/271/3329 3030/272/3330 3031/273/3331
f 3031/273/3331 3030/272/3330 3032/274/3277
f 3031/273/3331 3032/274/3277 3033/275/3277
f 3033/275/3277 3032/274/3277 3034/276/350
f 3033/275/3277 3034/276/350 3035/277/350
f 3035/277/350 3034/276/350 3036/278/3332
f 3035/277/350 3036/278/3332 3037/279/3149
f 3037/279/3149 3036/278/3332 3038/280/3333
f 3037/279/3149 3038/280/3333 3039/281/3334
f 2990/232/3239 2989/231/3310 3040/282/3335
f 3040/282/3335 2989/231/3310 3041/283/3336
f 3040/282/3335 3041/283/3336 3042/284/3337
f 3042/284/3337 3041/283/3336 3043/285/3338
f 3042/284/3337 3043/285/3338 3044/286/3339
f 3044/286/3339 3043/285/3338 3045/287/3340
f 3044/286/3339 3045/287/3340 3046/288/3245
f 3046/288/3245 3045/287/3340 3047/289/3341
f 3046/288/3245 3047/289/3341 3048/290/3317
f 3048/290/3317 3047/289/3341 3049/291/3342
f 3048/290/3317 3049/291/3342 3002/244/3178
f 3002/244/3178 3049/291/3342 3004/246/3318
f 3047/289/3341 3050/292/3343 3049/291/3342
f 3049/291/3342 3050/292/3343 3051/293/3320
f 3049/291/3342 3051/293/3320 3004/246/3318
f 3004/246/3318 3051/293/3320 3006/248/3175
f 3050/292/3343 3052/294/3344 3051/293/3320
f 3051/293/3320 3052/294/3344 3053/295/3345
f 3051/293/3320 3053/295/3345 3006/248/3175
f 3006/248/3175 3053/295/3345 3008/250/3254
f 3053/295/3345 3052/294/3344 3054/296/3255
f 3054/296/3255 3052/294/3344 3055/297/3171
f 3054/296/3255 3055/297/3171 3056/298/3302
f 3056/298/3302 3055/297/3171 3057/299/3346
f 3056/298/3302 3057/299/3346 3058/300/3169
f 3058/300/3169 3057/299/3346 3059/301/3347
f 3058/300/3169 3059/301/3347 3060/302/3348
f 3060/302/3348 3059/301/3347 3061/303/3349
f 3060/302/3348 3061/303/3349 3016/258/3215
f 3016/258/3215 3061/303/3349 3018/260/3165
f 3059/301/3347 3062/304/3350 3061/303/3349
f 3061/303/3349 3062/304/3350 3063/305/3351
f 3061/303/3349 3063/305/3351 3018/260/3165
f 3018/260/3165 3063/305/3351 3020/262/3323
f 3062/304/3350 3064/306/3352 3063/305/3351
f 3063/305/3351 3064/306/3352 3065/307/3353
f 3063/305/3351 3065/307/3353 3020/262/3323
f 3020/262/3323 3065/307/3353 3022/264/3207
f 3064/306/3352 3066/308/3354 3065/307/3353
f 3065/307/3353 3066/308/3354 3067/309/3160
f 3065/307/3353 3067/309/3160 3022/264/3207
f 3022/264/3207 3067/309/3160 3024/266/3160
f 3066/308/3354 3068/310/3355 3067/309/3160
f 3067/309/3160 3068/310/3355 3069/311/3356
f 3067/309/3160 3069/311/3356 3024/266/3160
f 3024/266/3160 3069/311/3356 3026/268/3158
f 3069/311/3356 3068/310/3355 3070/312/3357
f 3070/312/3357 3068/310/3355 3071/313/3358
f 3070/312/3357 3071/313/3358 3072/314/3272
f 3072/314/3272 3071/313/3358 3073/315/3359
f 3072/314/3272 3073/315/3359 3074/316/3360
f 3074/316/3360 3073/315/3359 3075/317/3361
f 3074/316/3360 3075/317/3361 3076/318/350
f 3076/318/350 3075/317/3361 3038/280/3333
f 3076/318/350 3038/280/3333 3077/319/3332
f 3077/319/3332 3038/280/3333 3036/278/3332
f 3077/319/3332 3036/278/3332 3034/276/350
f 3037/279/3149 3039/281/3334 3078/320/3362
f 3078/320/3362 3039/281/3334 3079/321/3147
f 3078/320/3362 3079/321/3147 3080/322/3147
f 3080/322/3147 3079/321/3147 3081/323/3147
f 3080/322/3147 3081/323/3147 3082/324/3147
f 3082/324/3147 3081/323/3147 3083/325/3147
f 3082/324/3147 3083/325/3147 3084/326/3363
f 3085/327/3364 3086/328/3274 3078/320/3362
f 3078/320/3362 3086/328/3274 3087/329/3365
f 3078/320/3362 3087/329/3365 3037/279/3149
f 3037/279/3149 3087/329/3365 3088/330/350
f 3037/279/3149 3088/330/350 3035/277/350
f 3035/277/350 3088/330/350 3089/331/3308
f 3035/277/350 3089/331/3308 3033/275/3277
f 3033/275/3277 3089/331/3308 3090/332/3330
f 3033/275/3277 3090/332/3330 3031/273/3331
f 3031/273/3331 3090/332/3330 3091/333/3366
f 3031/273/3331 3091/333/3366 3029/271/3329
f 3029/271/3329 3091/333/3366 3092/334/3268
f 3029/271/3329 3092/334/3268 3027/269/3327
f 3027/269/3327 3092/334/3268 3093/335/3367
f 3027/269/3327 3093/335/3367 3025/267/3326
f 3025/267/3326 3093/335/3367 3094/336/3368
f 3025/267/3326 3094/336/3368 3023/265/3325
f 3023/265/3325 3094/336/3368 3095/337/3369
f 3023/265/3325 3095/337/3369 3021/263/3324
f 3021/263/3324 3095/337/3369 3096/338/3165
f 3021/263/3324 3096/338/3165 3019/261/3260
f 3019/261/3260 3096/338/3165 3097/339/3370
f 3019/261/3260 3097/339/3370 3017/259/3322
f 3017/259/3322 3097/339/3370 3098/340/3169
f 3017/259/3322 3098/340/3169 3015/257/3321
f 3015/257/3321 3098/340/3169 3099/341/3285
f 3015/257/3321 3099/341/3285 3013/255/3285
f 3013/255/3285 3099/341/3285 3100/342/3255
f 3013/255/3285 3100/342/3255 3011/253/3255
f 3011/253/3255 3100/342/3255 3101/343/3253
f 3011/253/3255 3101/343/3253 3009/251/3253
f 3009/251/3253 3101/343/3253 3102/344/3175
f 3009/251/3253 3102/344/3175 3007/249/3320
f 3007/249/3320 3102/344/3175 3103/345/3371
f 3007/249/3320 3103/345/3371 3005/247/3319
f 3005/247/3319 3103/345/3371 3104/346/3300
f 3005/247/3319 3104/346/3300 3003/245/3317
f 3003/245/3317 3104/346/3300 3105/347/3372
f 3003/245/3317 3105/347/3372 3001/243/3316
f 3001/243/3316 3105/347/3372 3106/348/3232
f 3001/243/3316 3106/348/3232 2999/241/3180
f 2999/241/3180 3106/348/3232 3107/349/3373
f 2999/241/3180 3107/349/3373 2997/239/3314
f 2997/239/3314 3107/349/3373 3108/350/3183
f 2997/239/3314 3108/350/3183 2995/237/3293
f 2995/237/3293 3108/350/3183 3109/351/3238
f 2995/237/3293 3109/351/3238 2993/235/3238
f 2993/235/3238 3109/351/3238 2991/233/3311
f 3085/327/3364 3110/352/3197 3086/328/3274
f 3086/328/3274 3110/352/3197 3111/353/3151
f 3086/328/3274 3111/353/3151 3112/354/350
f 3112/354/350 3111/353/3151 3113/355/3374
f 3112/354/350 3113/355/3374 3114/356/3154
f 3114/356/3154 3113/355/3374 3115/357/3375
f 3114/356/3154 3115/357/3375 3089/331/3308
f 3089/331/3308 3115/357/3375 3090/332/3330
f 3113/355/3374 3116/358/3376 3115/357/3375
f 3115/357/3375 3116/358/3376 3117/359/3329
f 3115/357/3375 3117/359/3329 3090/332/3330
f 3090/332/3330 3117/359/3329 3091/333/3366
f 3116/358/3376 3118/360/3377 3117/359/3329
f 3117/359/3329 3118/360/3377 3119/361/3327
f 3117/359/3329 3119/361/3327 3091/333/3366
f 3091/333/3366 3119/361/3327 3092/334/3268
f 3119/361/3327 3118/360/3377 3120/362/3378
f 3120/362/3378 3118/360/3377 3121/363/3379
f 3120/362/3378 3121/363/3379 3122/364/3380
f 3122/364/3380 3121/363/3379 3123/365/3381
f 3122/364/3380 3123/365/3381 3124/366/3382
f 3124/366/3382 3123/365/3381 3125/367/3383
f 3124/366/3382 3125/367/3383 3126/368/3165
f 3126/368/3165 3125/367/3383 3127/369/3384
f 3126/368/3165 3127/369/3384 3128/370/3166
f 3128/370/3166 3127/369/3384 3129/371/3385
f 3128/370/3166 3129/371/3385 3130/372/3168
f 3130/372/3168 3129/371/3385 3131/373/3386
f 3130/372/3168 3131/373/3386 3132/374/3285
f 3132/374/3285 3131/373/3386 3133/375/3255
f 3132/374/3285 3133/375/3255 3134/376/3172
f 3134/376/3172 3133/375/3255 3135/377/3387
f 3134/376/3172 3135/377/3387 3136/378/3173
f 3136/378/3173 3135/377/3387 3137/379/3388
f 3136/378/3173 3137/379/3388 3138/380/3320
f 3138/380/3320 3137/379/3388 3139/381/3389
f 3138/380/3320 3139/381/3389 3140/382/3390
f 3140/382/3390 3139/381/3389 3141/383/3391
f 3140/382/3390 3141/383/3391 3142/384/3317
f 3142/384/3317 3141/383/3391 3143/385/3392
f 3142/384/3317 3143/385/3392 3144/386/3393
f 3144/386/3393 3143/385/3392 3145/387/3394
f 3144/386/3393 3145/387/3394 3146/388/3395
f 3146/388/3395 3145/387/3394 3147/389/3396
f 3146/388/3395 3147/389/3396 3148/390/3397
f 3148/390/3397 3147/389/3396 3149/391/3398
f 3148/390/3397 3149/391/3398 3150/392/3399
f 3150/392/3399 3149/391/3398 3151/393/3400
f 3150/392/3399 3151/393/3400 3152/394/3401
f 3152/394/3401 3151/393/3400 2991/233/3311
f 3152/394/3401 2991/233/3311 3109/351/3238
f 3151/393/3400 3153/395/3402 2991/233/3311
f 3077/319/3332 3034/276/350 3076/318/350
f 3076/318/350 3034/276/350 3032/274/3277
f 3076/318/350 3032/274/3277 3074/316/3360
f 3074/316/3360 3032/274/3277 3030/272/3330
f 3074/316/3360 3030/272/3330 3072/314/3272
f 3072/314/3272 3030/272/3330 3028/270/3328
f 3072/314/3272 3028/270/3328 3070/312/3357
f 3070/312/3357 3028/270/3328 3026/268/3158
f 3070/312/3357 3026/268/3158 3069/311/3356
f 3016/258/3215 3014/256/3169 3060/302/3348
f 3060/302/3348 3014/256/3169 3058/300/3169
f 3014/256/3169 3012/254/3285 3058/300/3169
f 3058/300/3169 3012/254/3285 3056/298/3302
f 3008/250/3254 3053/295/3345 3054/296/3255
f 3012/254/3285 3010/252/3255 3056/298/3302
f 3056/298/3302 3010/252/3255 3054/296/3255
f 3010/252/3255 3008/250/3254 3054/296/3255
f 3002/244/3178 3000/242/3288 3048/290/3317
f 3048/290/3317 3000/242/3288 3046/288/3245
f 3000/242/3288 2998/240/3315 3046/288/3245
f 3046/288/3245 2998/240/3315 3044/286/3339
f 2998/240/3315 2996/238/3313 3044/286/3339
f 3044/286/3339 2996/238/3313 3042/284/3337
f 2992/234/3239 2990/232/3239 3040/282/3335
f 2996/238/3313 2994/236/3312 3042/284/3337
f 3042/284/3337 2994/236/3312 3040/282/3335
f 2994/236/3312 2992/234/3239 3040/282/3335
f 3109/351/3238 3108/350/3183 3152/394/3401
f 3152/394/3401 3108/350/3183 3150/392/3399
f 3108/350/3183 3107/349/3373 3150/392/3399
f 3150/392/3399 3107/349/3373 3148/390/3397
f 3107/349/3373 3106/348/3232 3148/390/3397
f 3148/390/3397 3106/348/3232 3146/388/3395
f 3106/348/3232 3105/347/3372 3146/388/3395
f 3146/388/3395 3105/347/3372 3144/386/3393
f 3105/347/3372 3104/346/3300 3144/386/3393
f 3144/386/3393 3104/346/3300 3142/384/3317
f 3104/346/3300 3103/345/3371 3142/384/3317
f 3142/384/3317 3103/345/3371 3140/382/3390
f 3103/345/3371 3102/344/3175 3140/382/3390
f 3140/382/3390 3102/344/3175 3138/380/3320
f 3102/344/3175 3101/343/3253 3138/380/3320
f 3138/380/3320 3101/343/3253 3136/378/3173
f 3101/343/3253 3100/342/3255 3136/378/3173
f 3136/378/3173 3100/342/3255 3134/376/3172
f 3100/342/3255 3099/341/3285 3134/376/3172
f 3134/376/3172 3099/341/3285 3132/374/3285
f 3099/341/3285 3098/340/3169 3132/374/3285
f 3132/374/3285 3098/340/3169 3130/372/3168
f 3098/340/3169 3097/339/3370 3130/372/3168
f 3130/372/3168 3097/339/3370 3128/370/3166
f 3097/339/3370 3096/338/3165 3128/370/3166
f 3128/370/3166 3096/338/3165 3126/368/3165
f 3096/338/3165 3095/337/3369 3126/368/3165
f 3126/368/3165 3095/337/3369 3124/366/3382
f 3095/337/3369 3094/336/3368 3124/366/3382
f 3124/366/3382 3094/336/3368 3122/364/3380
f 3092/334/3268 3119/361/3327 3120/362/3378
f 3094/336/3368 3093/335/3367 3122/364/3380
f 3122/364/3380 3093/335/3367 3120/362/3378
f 3093/335/3367 3092/334/3268 3120/362/3378
f 3087/329/3365 3086/328/3274 3112/354/350
f 3089/331/3308 3088/330/350 3114/356/3154
f 3114/356/3154 3088/330/350 3112/354/350
f 3088/330/350 3087/329/3365 3112/354/350
f 3154/396/3187 3155/397/3403 3156/398/3187
f 3156/398/3187 3155/397/3403 3157/399/3187
f 3157/399/3187 3155/397/3403 3158/400/3187
f 3158/400/3187 3155/397/3403 3159/401/3187
f 3159/401/3187 3155/397/3403 3160/402/3187
f 3160/402/3187 3155/397/3403 3161/403/3187
f 3161/403/3187 3155/397/3403 3162/404/3187
f 3162/404/3187 3155/397/3403 3163/405/3187
f 3163/405/3187 3155/397/3403 3164/406/3404
f 3163/405/3187 3164/406/3404 3165/407/3187
f 3165/407/3187 3164/406/3404 3166/408/3187
f 3166/408/3187 3164/406/3404 3167/409/3187
f 3167/409/3187 3164/406/3404 3168/410/3187
f 3168/410/3187 3164/406/3404 3169/411/3187
f 3169/411/3187 3164/406/3404 3170/412/3187
f 3170/412/3187 3164/406/3404 3171/413/3187
f 3171/413/3187 3164/406/3404 3172/414/3187
f 3172/414/3187 3164/406/3404 3173/415/3187
f 3173/415/3187 3164/406/3404 3174/416/3187
f 3174/416/3187 3164/406/3404 3175/417/3187
f 3175/417/3187 3164/406/3404 3176/418/3187
f 3176/418/3187 3164/406/3404 3177/419/3187
f 3177/419/3187 3164/406/3404 3178/420/3187
f 3178/420/3187 3164/406/3404 3179/421/3187
f 3179/421/3187 3164/406/3404 3180/422/3187
f 3180/422/3187 3164/406/3404 3181/423/3187
f 3181/423/3187 3164/406/3404 3182/424/3405
f 3181/423/3187 3182/424/3405 3183/425/3187
f 3183/425/3187 3182/424/3405 3184/426/3187
f 3184/426/3187 3182/424/3405 3185/427/3187
f 3185/427/3187 3182/424/3405 3186/428/3187
f 3186/428/3187 3182/424/3405 3187/429/3187
f 3187/429/3187 3182/424/3405 3188/430/3187
f 3188/430/3187 3182/424/3405 3189/431/3406
f 3164/406/3404 3155/397/3403 3190/432/3407
f 3190/432/3407 3155/397/3403 3191/433/3408
f 3190/432/3407 3191/433/3408 3192/434/3409
f 3192/434/3409 3191/433/3408 3193/435/3410
f 3192/434/3409 3193/435/3410 3194/436/3411
f 3194/436/3411 3193/435/3410 3195/437/3412
f 3194/436/3411 3195/437/3412 3196/438/3413
f 3196/438/3413 3195/437/3412 3197/439/3414
f 3196/438/3413 3197/439/3414 3198/440/3415
f 3198/440/3415 3197/439/3414 3199/441/3416
f 3198/440/3415 3199/441/3416 3200/442/3417
f 3200/442/3417 3199/441/3416 3201/443/3418
f 3200/442/3417 3201/443/3418 3202/444/3419
f 3202/444/3419 3201/443/3418 3203/445/3420
f 3202/444/3419 3203/445/3420 3204/446/3421
f 3204/446/3421 3203/445/3420 3205/447/3422
f 3204/446/3421 3205/447/3422 3206/448/3286
f 3204/446/3421 3206/448/3286 3207/449/3286
f 3207/449/3286 3206/448/3286 3208/450/3286
f 3207/449/3286 3208/450/3286 3209/451/3286
f 3209/451/3286 3210/452/3286 3207/449/3286
f 3207/449/3286 3210/452/3286 3211/453/3423
f 3207/449/3286 3211/453/3423 3212/454/3170
f 3212/454/3170 3211/453/3423 3213/455/3424
f 3213/455/3424 3211/453/3423 3214/456/3425
f 3213/455/3424 3214/456/3425 3215/457/3426
f 3215/457/3426 3214/456/3425 3216/458/3427
f 3215/457/3426 3216/458/3427 3217/459/3428
f 3217/459/3428 3216/458/3427 3218/460/3429
f 3217/459/3428 3218/460/3429 3219/461/3430
f 3219/461/3430 3218/460/3429 3220/462/3431
f 3220/462/3431 3218/460/3429 3221/463/3432
f 3220/462/3431 3221/463/3432 3222/464/3433
f 3222/464/3433 3221/463/3432 3223/465/3434
f 3222/464/3433 3223/465/3434 3224/466/3435
f 3224/466/3435 3223/465/3434 3225/467/3436
f 3224/466/3435 3225/467/3436 3226/468/3437
f 3226/468/3437 3225/467/3436 3227/469/3438
f 3227/469/3438 3225/467/3436 3228/470/3148
f 3227/469/3438 3228/470/3148 3229/471/3439
f 3229/471/3439 3228/470/3148 3230/472/3151
f 3230/472/3151 3228/470/3148 3231/473/3150
f 3230/472/3151 3231/473/3150 3232/474/3440
f 3232/474/3440 3231/473/3150 3233/475/3147
f 3233/475/3147 3231/473/3150 3234/476/3147
f 3234/476/3147 3231/473/3150 3235/477/3147
f 3235/477/3147 3231/473/3150 3236/478/3147
f 3236/478/3147 3231/473/3150 3237/479/3147
f 3237/479/3147 3231/473/3150 3238/480/3147
f 3238/480/3147 3231/473/3150 3239/481/3147
f 3239/481/3147 3231/473/3150 3240/482/3147
f 3240/482/3147 3231/473/3150 3241/483/3147
f 3241/483/3147 3231/473/3150 3242/484/3147
f 3242/484/3147 3231/473/3150 3243/485/3147
f 3243/485/3147 3231/473/3150 3244/486/3147
f 3244/486/3147 3231/473/3150 3245/487/3147
f 3245/487/3147 3231/473/3150 3246/488/3147
f 3246/488/3147 3231/473/3150 3247/489/3147
f 3247/489/3147 3231/473/3150 3248/490/3147
f 3248/490/3147 3231/473/3150 3249/491/3333
f 3248/490/3147 3249/491/3333 3250/492/3148
f 3210/452/3286 3251/493/3441 3211/453/3423
f 3211/453/3423 3251/493/3441 3214/456/3425
f 3251/493/3441 3252/494/3442 3214/456/3425
f 3214/456/3425 3252/494/3442 3216/458/3427
f 3252/494/3442 3253/495/3443 3216/458/3427
f 3216/458/3427 3253/495/3443 3218/460/3429
f 3253/495/3443 3254/496/3444 3218/460/3429
f 3218/460/3429 3254/496/3444 3221/463/3432
f 3254/496/3444 3255/497/3445 3221/463/3432
f 3221/463/3432 3255/497/3445 3256/498/3446
f 3221/463/3432 3256/498/3446 3223/465/3434
f 3223/465/3434 3256/498/3446 3257/499/3447
f 3223/465/3434 3257/499/3447 3225/467/3436
f 3225/467/3436 3257/499/3447 3258/500/3448
f 3225/467/3436 3258/500/3448 3228/470/3148
f 3228/470/3148 3258/500/3448 3249/491/3333
f 3228/470/3148 3249/491/3333 3231/473/3150
f 3250/492/3148 3259/501/3147 3248/490/3147
f 3248/490/3147 3259/501/3147 3260/502/3147
f 3260/502/3147 3259/501/3147 3261/503/3147
f 3261/503/3147 3259/501/3147 3262/504/3147
f 3262/504/3147 3259/501/3147 3263/505/3147
f 3263/505/3147 3259/501/3147 3264/506/3147
f 3264/506/3147 3259/501/3147 3265/507/3147
f 3264/506/3147 3265/507/3147 3266/508/3147
f 3266/508/3147 3265/507/3147 3267/509/3147
f 3267/509/3147 3265/507/3147 3268/510/3147
f 3268/510/3147 3265/507/3147 3269/511/3147
f 3269/511/3147 3265/507/3147 3270/512/3147
f 3270/512/3147 3265/507/3147 3271/513/3147
f 3271/513/3147 3265/507/3147 3272/514/3147
f 3272/514/3147 3265/507/3147 3273/515/3147
f 3273/515/3147 3265/507/3147 3274/516/3147
f 3274/516/3147 3265/507/3147 3275/517/3147
f 3275/517/3147 3265/507/3147 3276/518/3147
f 3212/454/3170 3277/519/3286 3207/449/3286
f 3207/449/3286 3277/519/3286 3278/520/3286
f 3207/449/3286 3278/520/3286 3204/446/3421
f 3204/446/3421 3278/520/3286 3279/521/3449
f 3204/446/3421 3279/521/3449 3202/444/3419
f 3202/444/3419 3279/521/3449 3280/522/3450
f 3202/444/3419 3280/522/3450 3200/442/3417
f 3200/442/3417 3280/522/3450 3198/440/3415
f 3280/522/3450 3281/523/3451 3198/440/3415
f 3198/440/3415 3281/523/3451 3196/438/3413
f 3281/523/3451 3282/524/3452 3196/438/3413
f 3196/438/3413 3282/524/3452 3194/436/3411
f 3282/524/3452 3283/525/3453 3194/436/3411
f 3194/436/3411 3283/525/3453 3192/434/3409
f 3283/525/3453 3284/526/3454 3192/434/3409
f 3192/434/3409 3284/526/3454 3190/432/3407
f 3284/526/3454 3285/527/3455 3190/432/3407
f 3190/432/3407 3285/527/3455 3164/406/3404
f 3285/527/3455 3182/424/3405 3164/406/3404
f 3286/528/3456 3287/529/3457 3288/530/3311
f 3288/530/3311 3287/529/3457 3289/531/3458
f 3288/530/3311 3289/531/3458 3290/532/3459
f 3287/529/3457 3286/528/3456 3291/533/3460
f 3291/533/3460 3286/528/3456 3292/534/3461
f 3291/533/3460 3292/534/3461 3293/535/3462
f 3293/535/3462 3292/534/3461 3294/536/3463
f 3293/535/3462 3294/536/3463 3295/537/3464
f 3295/537/3464 3294/536/3463 3296/538/3465
f 3295/537/3464 3296/538/3465 3297/539/3466
f 3297/539/3466 3296/538/3465 3298/540/3467
f 3297/539/3466 3298/540/3467 3299/541/3468
f 3299/541/3468 3298/540/3467 3300/542/3469
f 3299/541/3468 3300/542/3469 3301/543/3470
f 3301/543/3470 3300/542/3469 3302/544/3471
f 3301/543/3470 3302/544/3471 3303/545/3472
f 3303/545/3472 3302/544/3471 3304/546/3286
f 3303/545/3472 3304/546/3286 3305/547/3286
f 3305/547/3286 3304/546/3286 3306/548/3170
f 3305/547/3286 3306/548/3170 3307/549/3286
f 3307/549/3286 3306/548/3170 3308/550/3286
f 3307/549/3286 3308/550/3286 3309/551/3286
f 3309/551/3286 3308/550/3286 3310/552/3473
f 3309/551/3286 3310/552/3473 3311/553/3474
f 3311/553/3474 3310/552/3473 3312/554/3475
f 3311/553/3474 3312/554/3475 3313/555/3476
f 3313/555/3476 3312/554/3475 3314/556/3477
f 3313/555/3476 3314/556/3477 3315/557/3478
f 3315/557/3478 3314/556/3477 3316/558/3479
f 3316/558/3479 3314/556/3477 3317/559/3480
f 3316/558/3479 3317/559/3480 3318/560/3481
f 3318/560/3481 3317/559/3480 3319/561/3482
f 3318/560/3481 3319/561/3482 3320/562/3483
f 3320/562/3483 3319/561/3482 3321/563/3484
f 3320/562/3483 3321/563/3484 3322/564/3485
f 3300/542/3469 3323/565/3486 3302/544/3471
f 3302/544/3471 3323/565/3486 3304/546/3286
f 3323/565/3486 3324/566/3421 3304/546/3286
f 3304/546/3286 3324/566/3421 3325/567/3170
f 3304/546/3286 3325/567/3170 3306/548/3170
f 3306/548/3170 3325/567/3170 3308/550/3286
f 3312/554/3475 3326/568/3487 3314/556/3477
f 3314/556/3477 3326/568/3487 3317/559/3480
f 3326/568/3487 3327/569/3488 3317/559/3480
f 3317/559/3480 3327/569/3488 3319/561/3482
f 3327/569/3488 3321/563/3484 3319/561/3482
f 3320/562/3483 3322/564/3485 3328/570/3489
f 3328/570/3489 3322/564/3485 3329/571/3490
f 3328/570/3489 3329/571/3490 3330/572/3491
f 3331/573/3492 3332/574/3147 3330/572/3491
f 3330/572/3491 3332/574/3147 3333/575/3493
f 3330/572/3491 3333/575/3493 3328/570/3489
f 3328/570/3489 3333/575/3493 3334/576/3494
f 3328/570/3489 3334/576/3494 3335/577/3495
f 3332/574/3147 3331/573/3492 3336/578/3147
f 3336/578/3147 3331/573/3492 3337/579/3147
f 3336/578/3147 3337/579/3147 3338/580/3150
f 3338/580/3150 3337/579/3147 3339/581/3147
f 3338/580/3148 3339/581/3496 3340/582/3147
f 3340/582/3147 3339/581/3496 3341/583/3147
f 3341/583/3147 3339/581/3496 3342/584/3147
f 3342/584/3147 3339/581/3496 3343/585/3196
f 3343/585/3196 3339/581/3496 3344/586/3147
f 3338/580/3150 3345/587/3147 3336/578/3147
f 3336/578/3147 3345/587/3147 3332/574/3147
f 3345/587/3147 3346/588/3497 3332/574/3147
f 3332/574/3147 3346/588/3497 3333/575/3493
f 3346/588/3497 3334/576/3494 3333/575/3493
f 3328/570/3489 3335/577/3495 3320/562/3483
f 3320/562/3483 3335/577/3495 3318/560/3481
f 3315/557/3478 3347/589/3498 3313/555/3476
f 3313/555/3476 3347/589/3498 3311/553/3474
f 3311/553/3474 3347/589/3498 3309/551/3286
f 3309/551/3286 3347/589/3498 3307/549/3286
f 3303/545/3472 3348/590/3499 3301/543/3470
f 3301/543/3470 3348/590/3499 3299/541/3468
f 3348/590/3499 3349/591/3500 3299/541/3468
f 3299/541/3468 3349/591/3500 3297/539/3466
f 3349/591/3500 3350/592/3501 3297/539/3466
f 3297/539/3466 3350/592/3501 3295/537/3464
f 3350/592/3501 3351/593/3502 3295/537/3464
f 3295/537/3464 3351/593/3502 3293/535/3462
f 3351/593/3502 3352/594/3503 3293/535/3462
f 3293/535/3462 3352/594/3503 3291/533/3460
f 3352/594/3503 3353/595/3504 3291/533/3460
f 3291/533/3460 3353/595/3504 3287/529/3457
f 3353/595/3504 3289/531/3458 3287/529/3457
f 3354/596/3505 3355/597/3506 3356/598/3187
f 3356/598/3187 3355/597/3506 3357/599/3507
f 3356/598/3187 3357/599/3507 3358/600/3311
f 3355/597/3506 3354/596/3505 3359/601/3508
f 3359/601/3508 3354/596/3505 3360/602/3509
f 3359/601/3508 3360/602/3509 3361/603/3510
f 3359/601/3508 3361/603/3510 3362/604/3511
f 3362/604/3511 3361/603/3510 3363/605/3512
f 3362/604/3511 3363/605/3512 3364/606/3464
f 3364/606/3464 3363/605/3512 3365/607/3513
f 3364/606/3464 3365/607/3513 3366/608/3514
f 3366/608/3514 3365/607/3513 3367/609/3515
f 3366/608/3514 3367/609/3515 3368/610/3516
f 3368/610/3516 3367/609/3515 3369/611/3517
f 3368/610/3516 3369/611/3517 3370/612/3518
f 3370/612/3518 3369/611/3517 3371/613/3471
f 3370/612/3518 3371/613/3471 3372/614/3519
f 3372/614/3519 3371/613/3471 3373/615/3520
f 3373/615/3520 3371/613/3471 3374/616/3421
f 3373/615/3520 3374/616/3421 3375/617/3219
f 3375/617/3219 3374/616/3421 3376/618/3422
f 3376/618/3422 3374/616/3421 3377/619/3421
f 3376/618/3422 3377/619/3421 3378/620/3302
f 3378/620/3302 3377/619/3421 3379/621/3521
f 3378/620/3302 3379/621/3521 3380/622/3522
f 3380/622/3522 3379/621/3521 3381/623/3523
f 3380/622/3522 3381/623/3523 3382/624/3524
f 3382/624/3524 3381/623/3523 3383/625/3525
f 3382/624/3524 3383/625/3525 3384/626/3526
f 3384/626/3526 3383/625/3525 3385/627/3527
f 3385/627/3527 3383/625/3525 3386/628/3528
f 3385/627/3527 3386/628/3528 3387/629/3529
f 3387/629/3529 3386/628/3528 3388/630/3530
f 3387/629/3529 3388/630/3530 3389/631/3531
f 3389/631/3531 3388/630/3530 3390/632/3532
f 3389/631/3531 3390/632/3532 3391/633/3533
f 3391/633/3533 3390/632/3532 3392/634/3534
f 3391/633/3533 3392/634/3534 3393/635/3535
f 3393/635/3535 3392/634/3534 3394/636/3536
f 3393/635/3535 3394/636/3536 3395/637/3537
f 3395/637/3537 3394/636/3536 3396/638/3496
f 3395/637/3537 3396/638/3496 3397/639/3496
f 3397/639/3496 3396/638/3496 3398/640/3147
f 3397/639/3496 3398/640/3147 3399/641/3147
f 3399/641/3147 3398/640/3147 3400/642/3538
f 3399/641/3147 3400/642/3538 3401/643/3147
f 3369/611/3517 3402/644/3539 3371/613/3471
f 3371/613/3471 3402/644/3539 3374/616/3421
f 3402/644/3539 3403/645/3286 3374/616/3421
f 3374/616/3421 3403/645/3286 3404/646/3286
f 3374/616/3421 3404/646/3286 3377/619/3421
f 3377/619/3421 3404/646/3286 3379/621/3521
f 3381/623/3523 3405/647/3540 3383/625/3525
f 3383/625/3525 3405/647/3540 3386/628/3528
f 3405/647/3540 3406/648/3541 3386/628/3528
f 3386/628/3528 3406/648/3541 3388/630/3530
f 3406/648/3541 3407/649/3542 3388/630/3530
f 3388/630/3530 3407/649/3542 3390/632/3532
f 3407/649/3542 3408/650/3543 3390/632/3532
f 3390/632/3532 3408/650/3543 3392/634/3534
f 3408/650/3543 3409/651/3544 3392/634/3534
f 3392/634/3534 3409/651/3544 3394/636/3536
f 3409/651/3544 3410/652/3545 3394/636/3536
f 3394/636/3536 3410/652/3545 3411/653/3546
f 3394/636/3536 3411/653/3546 3396/638/3496
f 3396/638/3496 3411/653/3546 3400/642/3538
f 3396/638/3496 3400/642/3538 3398/640/3147
f 3399/641/3147 3401/643/3147 3412/654/3147
f 3412/654/3147 3401/643/3147 3413/655/3147
f 3412/654/3147 3413/655/3147 3414/656/3147
f 3414/656/3147 3413/655/3147 3415/657/3147
f 3414/656/3147 3415/657/3147 3416/658/3492
f 3416/658/3492 3415/657/3147 3417/659/3147
f 3416/658/3492 3417/659/3147 3418/660/3147
f 3384/626/3526 3419/661/3547 3382/624/3524
f 3382/624/3524 3419/661/3547 3380/622/3522
f 3419/661/3547 3420/662/3548 3380/622/3522
f 3380/622/3522 3420/662/3548 3378/620/3302
f 3420/662/3548 3376/618/3422 3378/620/3302
f 3372/614/3519 3421/663/3549 3370/612/3518
f 3370/612/3518 3421/663/3549 3368/610/3516
f 3368/610/3516 3421/663/3549 3366/608/3514
f 3366/608/3514 3421/663/3549 3422/664/3550
f 3366/608/3514 3422/664/3550 3364/606/3464
f 3364/606/3464 3422/664/3550 3423/665/3551
f 3364/606/3464 3423/665/3551 3362/604/3511
f 3362/604/3511 3423/665/3551 3424/666/3552
f 3362/604/3511 3424/666/3552 3359/601/3508
f 3359/601/3508 3424/666/3552 3425/667/3553
f 3359/601/3508 3425/667/3553 3355/597/3506
f 3355/597/3506 3425/667/3553 3426/668/3554
f 3355/597/3506 3426/668/3554 3357/599/3507
f 3427/669/3555 3428/670/3556 3429/671/3311
f 3429/671/3311 3428/670/3556 3430/672/3557
f 3429/671/3311 3430/672/3557 3431/673/3558
f 3428/670/3556 3427/669/3555 3432/674/3559
f 3432/674/3559 3427/669/3555 3433/675/3560
f 3432/674/3559 3433/675/3560 3434/676/3561
f 3432/674/3559 3434/676/3561 3435/677/3562
f 3435/677/3562 3434/676/3561 3436/678/3563
f 3435/677/3562 3436/678/3563 3437/679/3464
f 3437/679/3464 3436/678/3563 3438/680/3564
f 3437/679/3464 3438/680/3564 3439/681/3565
f 3439/681/3565 3438/680/3564 3440/682/3566
f 3439/681/3565 3440/682/3566 3441/683/3567
f 3441/683/3567 3440/682/3566 3442/684/3568
f 3441/683/3567 3442/684/3568 3443/685/3569
f 3443/685/3569 3442/684/3568 3444/686/3570
f 3443/685/3569 3444/686/3570 3445/687/3571
f 3445/687/3571 3444/686/3570 3446/688/3421
f 3445/687/3571 3446/688/3421 3447/689/3303
f 3447/689/3303 3446/688/3421 3448/690/3286
f 3447/689/3303 3448/690/3286 3449/691/3286
f 3449/691/3286 3448/690/3286 3450/692/3572
f 3449/691/3286 3450/692/3572 3451/693/3286
f 3442/684/3568 3452/694/3573 3444/686/3570
f 3444/686/3570 3452/694/3573 3446/688/3421
f 3452/694/3573 3453/695/3286 3446/688/3421
f 3446/688/3421 3453/695/3286 3450/692/3572
f 3446/688/3421 3450/692/3572 3448/690/3286
f 3451/693/3286 3454/696/3574 3449/691/3286
f 3449/691/3286 3454/696/3574 3455/697/3575
f 3449/691/3286 3455/697/3575 3456/698/3576
f 3456/698/3576 3455/697/3575 3457/699/3577
f 3457/699/3577 3455/697/3575 3458/700/3578
f 3457/699/3577 3458/700/3578 3459/701/3579
f 3459/701/3579 3458/700/3578 3460/702/3580
f 3459/701/3579 3460/702/3580 3461/703/3581
f 3461/703/3581 3460/702/3580 3462/704/3582
f 3461/703/3581 3462/704/3582 3463/705/3583
f 3454/696/3574 3464/706/3584 3455/697/3575
f 3455/697/3575 3464/706/3584 3458/700/3578
f 3464/706/3584 3465/707/3585 3458/700/3578
f 3458/700/3578 3465/707/3585 3460/702/3580
f 3465/707/3585 3462/704/3582 3460/702/3580
f 3466/708/3586 3467/709/3587 3463/705/3583
f 3463/705/3583 3467/709/3587 3468/710/3530
f 3463/705/3583 3468/710/3530 3461/703/3581
f 3461/703/3581 3468/710/3530 3469/711/3588
f 3461/703/3581 3469/711/3588 3459/701/3579
f 3467/709/3587 3466/708/3586 3470/712/3589
f 3470/712/3589 3466/708/3586 3471/713/3590
f 3470/712/3589 3471/713/3590 3472/714/3591
f 3472/714/3591 3471/713/3590 3473/715/3592
f 3472/714/3591 3473/715/3592 3474/716/3496
f 3474/716/3496 3473/715/3592 3475/717/3147
f 3474/716/3496 3475/717/3147 3476/718/3147
f 3476/718/3147 3475/717/3147 3477/719/3147
f 3476/718/3147 3477/719/3147 3478/720/3147
f 3478/720/3147 3477/719/3147 3479/721/3147
f 3478/720/3147 3479/721/3147 3480/722/3147
f 3480/722/3147 3479/721/3147 3481/723/3147
f 3480/722/3147 3481/723/3147 3482/724/3147
f 3482/724/3147 3481/723/3147 3483/725/3147
f 3482/724/3147 3483/725/3147 3484/726/3492
f 3484/726/3492 3483/725/3147 3485/727/3147
f 3484/726/3492 3485/727/3147 3486/728/3593
f 3478/720/3147 3487/729/3147 3476/718/3147
f 3476/718/3147 3487/729/3147 3474/716/3496
f 3487/729/3147 3488/730/3594 3474/716/3496
f 3474/716/3496 3488/730/3594 3472/714/3591
f 3488/730/3594 3489/731/3595 3472/714/3591
f 3472/714/3591 3489/731/3595 3470/712/3589
f 3489/731/3595 3490/732/3596 3470/712/3589
f 3470/712/3589 3490/732/3596 3467/709/3587
f 3490/732/3596 3491/733/3597 3467/709/3587
f 3467/709/3587 3491/733/3597 3468/710/3530
f 3491/733/3597 3469/711/3588 3468/710/3530
f 3456/698/3576 3492/734/3286 3449/691/3286
f 3449/691/3286 3492/734/3286 3447/689/3303
f 3445/687/3571 3493/735/3598 3443/685/3569
f 3443/685/3569 3493/735/3598 3441/683/3567
f 3493/735/3598 3494/736/3599 3441/683/3567
f 3441/683/3567 3494/736/3599 3439/681/3565
f 3494/736/3599 3495/737/3600 3439/681/3565
f 3439/681/3565 3495/737/3600 3437/679/3464
f 3495/737/3600 3496/738/3601 3437/679/3464
f 3437/679/3464 3496/738/3601 3435/677/3562
f 3496/738/3601 3497/739/3602 3435/677/3562
f 3435/677/3562 3497/739/3602 3432/674/3559
f 3497/739/3602 3498/740/3603 3432/674/3559
f 3432/674/3559 3498/740/3603 3428/670/3556
f 3498/740/3603 3430/672/3557 3428/670/3556
f 3499/741/3604 3500/742/3605 3501/743/3187
f 3501/743/3187 3500/742/3605 3502/744/3606
f 3501/743/3187 3502/744/3606 3503/745/3558
f 3500/742/3605 3499/741/3604 3504/746/3607
f 3504/746/3607 3499/741/3604 3505/747/3608
f 3504/746/3607 3505/747/3608 3506/748/3609
f 3504/746/3607 3506/748/3609 3507/749/3610
f 3507/749/3610 3506/748/3609 3508/750/3611
f 3507/749/3610 3508/750/3611 3509/751/3411
f 3509/751/3411 3508/750/3611 3510/752/3612
f 3509/751/3411 3510/752/3612 3511/753/3613
f 3511/753/3613 3510/752/3612 3512/754/3614
f 3511/753/3613 3512/754/3614 3513/755/3615
f 3513/755/3615 3512/754/3614 3514/756/3616
f 3513/755/3615 3514/756/3616 3515/757/3617
f 3515/757/3617 3514/756/3616 3516/758/3618
f 3515/757/3617 3516/758/3618 3517/759/3619
f 3517/759/3619 3516/758/3618 3518/760/3286
f 3517/759/3619 3518/760/3286 3519/761/3286
f 3519/761/3286 3518/760/3286 3520/762/3286
f 3519/761/3286 3520/762/3286 3521/763/3170
f 3521/763/3170 3520/762/3286 3522/764/3286
f 3521/763/3170 3522/764/3286 3523/765/3620
f 3523/765/3620 3522/764/3286 3524/766/3621
f 3524/766/3621 3522/764/3286 3525/767/3622
f 3524/766/3621 3525/767/3622 3526/768/3623
f 3526/768/3623 3525/767/3622 3527/769/3624
f 3526/768/3623 3527/769/3624 3528/770/3625
f 3528/770/3625 3527/769/3624 3529/771/3626
f 3528/770/3625 3529/771/3626 3530/772/3627
f 3530/772/3627 3529/771/3626 3531/773/3628
f 3530/772/3627 3531/773/3628 3532/774/3629
f 3532/774/3629 3531/773/3628 3533/775/3630
f 3533/775/3630 3531/773/3628 3534/776/3631
f 3533/775/3630 3534/776/3631 3535/777/3632
f 3535/777/3632 3534/776/3631 3536/778/3633
f 3535/777/3632 3536/778/3633 3537/779/3634
f 3537/779/3634 3536/778/3633 3538/780/3635
f 3537/779/3634 3538/780/3635 3539/781/350
f 3539/781/350 3538/780/3635 3540/782/3636
f 3539/781/350 3540/782/3636 3541/783/3637
f 3541/783/3637 3540/782/3636 3542/784/3638
f 3541/783/3637 3542/784/3638 3543/785/3147
f 3514/756/3616 3544/786/3639 3516/758/3618
f 3516/758/3618 3544/786/3639 3518/760/3286
f 3544/786/3639 3545/787/3286 3518/760/3286
f 3518/760/3286 3545/787/3286 3520/762/3286
f 3545/787/3286 3546/788/3286 3520/762/3286
f 3520/762/3286 3546/788/3286 3522/764/3286
f 3546/788/3286 3547/789/3640 3522/764/3286
f 3522/764/3286 3547/789/3640 3525/767/3622
f 3547/789/3640 3548/790/3641 3525/767/3622
f 3525/767/3622 3548/790/3641 3527/769/3624
f 3548/790/3641 3549/791/3642 3527/769/3624
f 3527/769/3624 3549/791/3642 3550/792/3643
f 3527/769/3624 3550/792/3643 3529/771/3626
f 3529/771/3626 3550/792/3643 3551/793/3644
f 3529/771/3626 3551/793/3644 3531/773/3628
f 3531/773/3628 3551/793/3644 3552/794/3645
f 3531/773/3628 3552/794/3645 3534/776/3631
f 3534/776/3631 3552/794/3645 3553/795/3646
f 3534/776/3631 3553/795/3646 3554/796/3647
f 3555/797/350 3538/780/3635 3554/796/3647
f 3554/796/3647 3538/780/3635 3536/778/3633
f 3554/796/3647 3536/778/3633 3534/776/3631
f 3555/797/350 3542/784/3638 3538/780/3635
f 3538/780/3635 3542/784/3638 3540/782/3636
f 3543/785/3147 3556/798/3147 3541/783/3637
f 3541/783/3637 3556/798/3147 3557/799/3147
f 3557/799/3147 3556/798/3147 3558/800/3147
f 3557/799/3147 3558/800/3147 3559/801/3147
f 3559/801/3147 3558/800/3147 3560/802/3147
f 3559/801/3147 3560/802/3147 3561/803/3492
f 3561/803/3492 3560/802/3147 3562/804/3147
f 3561/803/3492 3562/804/3147 3563/805/3147
f 3517/759/3619 3564/806/3648 3515/757/3617
f 3515/757/3617 3564/806/3648 3513/755/3615
f 3564/806/3648 3565/807/3649 3513/755/3615
f 3513/755/3615 3565/807/3649 3511/753/3613
f 3565/807/3649 3566/808/3650 3511/753/3613
f 3511/753/3613 3566/808/3650 3509/751/3411
f 3566/808/3650 3567/809/3651 3509/751/3411
f 3509/751/3411 3567/809/3651 3507/749/3610
f 3567/809/3651 3568/810/3652 3507/749/3610
f 3507/749/3610 3568/810/3652 3504/746/3607
f 3568/810/3652 3569/811/3653 3504/746/3607
f 3504/746/3607 3569/811/3653 3500/742/3605
f 3569/811/3653 3502/744/3606 3500/742/3605
f 3570/812/3654 3571/813/3655 3572/814/3311
f 3572/814/3311 3571/813/3655 3573/815/3656
f 3572/814/3311 3573/815/3656 3574/816/3406
f 3571/813/3655 3570/812/3654 3575/817/3657
f 3575/817/3657 3570/812/3654 3576/818/3658
f 3575/817/3657 3576/818/3658 3577/819/3659
f 3575/817/3657 3577/819/3659 3578/820/3660
f 3578/820/3660 3577/819/3659 3579/821/3661
f 3578/820/3660 3579/821/3661 3580/822/3411
f 3580/822/3411 3579/821/3661 3581/823/3662
f 3580/822/3411 3581/823/3662 3582/824/3663
f 3582/824/3663 3581/823/3662 3583/825/3664
f 3582/824/3663 3583/825/3664 3584/826/3665
f 3584/826/3665 3583/825/3664 3585/827/3666
f 3584/826/3665 3585/827/3666 3586/828/3667
f 3586/828/3667 3585/827/3666 3587/829/3668
f 3587/829/3668 3585/827/3666 3588/830/3669
f 3587/829/3668 3588/830/3669 3589/831/3286
f 3589/831/3286 3588/830/3669 3590/832/3670
f 3589/831/3286 3590/832/3670 3591/833/3671
f 3583/825/3664 3592/834/3672 3585/827/3666
f 3585/827/3666 3592/834/3672 3588/830/3669
f 3592/834/3672 3590/832/3670 3588/830/3669
f 3591/833/3671 3593/835/3286 3589/831/3286
f 3589/831/3286 3593/835/3286 3594/836/3421
f 3589/831/3286 3594/836/3421 3595/837/3286
f 3595/837/3286 3594/836/3421 3596/838/3286
f 3596/838/3286 3594/836/3421 3593/835/3286
f 3596/838/3286 3593/835/3286 3597/839/3286
f 3596/838/3286 3597/839/3286 3598/840/3286
f 3598/840/3286 3597/839/3286 3599/841/3673
f 3598/840/3286 3599/841/3673 3600/842/3674
f 3600/842/3674 3599/841/3673 3601/843/3675
f 3600/842/3674 3601/843/3675 3602/844/3676
f 3602/844/3676 3601/843/3675 3603/845/3677
f 3602/844/3676 3603/845/3677 3604/846/3678
f 3604/846/3678 3603/845/3677 3605/847/3679
f 3604/846/3678 3605/847/3679 3606/848/3680
f 3606/848/3680 3605/847/3679 3607/849/3681
f 3606/848/3680 3607/849/3681 3608/850/3682
f 3606/848/3680 3608/850/3682 3609/851/3683
f 3609/851/3683 3608/850/3682 3610/852/3684
f 3609/851/3683 3610/852/3684 3611/853/3685
f 3611/853/3685 3610/852/3684 3612/854/3686
f 3611/853/3685 3612/854/3686 3613/855/3151
f 3613/855/3151 3612/854/3686 3614/856/3687
f 3613/855/3151 3614/856/3687 3615/857/3151
f 3615/857/3151 3616/858/3688 3613/855/3151
f 3613/855/3151 3616/858/3688 3617/859/3152
f 3613/855/3151 3617/859/3152 3618/860/350
f 3618/860/350 3617/859/3152 3619/861/3150
f 3619/861/3150 3617/859/3152 3616/858/3688
f 3619/861/3150 3616/858/3688 3620/862/3196
f 3619/861/3150 3620/862/3196 3621/863/3196
f 3621/863/3196 3620/862/3196 3622/864/3196
f 3621/863/3196 3622/864/3196 3623/865/3196
f 3623/865/3196 3622/864/3196 3624/866/3196
f 3623/865/3196 3624/866/3196 3625/867/3147
f 3626/868/3362 3627/869/3362 3625/867/3147
f 3625/867/3147 3627/869/3362 3623/865/3196
f 3618/860/350 3628/870/3689 3613/855/3151
f 3613/855/3151 3628/870/3689 3611/853/3685
f 3628/870/3689 3629/871/3690 3611/853/3685
f 3611/853/3685 3629/871/3690 3609/851/3683
f 3629/871/3690 3630/872/3691 3609/851/3683
f 3609/851/3683 3630/872/3691 3631/873/3692
f 3609/851/3683 3631/873/3692 3606/848/3680
f 3606/848/3680 3631/873/3692 3632/874/3693
f 3606/848/3680 3632/874/3693 3604/846/3678
f 3604/846/3678 3632/874/3693 3633/875/3694
f 3604/846/3678 3633/875/3694 3634/876/3695
f 3604/846/3678 3634/876/3695 3602/844/3676
f 3602/844/3676 3634/876/3695 3635/877/3696
f 3602/844/3676 3635/877/3696 3600/842/3674
f 3600/842/3674 3635/877/3696 3596/838/3286
f 3600/842/3674 3596/838/3286 3598/840/3286
f 3595/837/3286 3587/829/3668 3589/831/3286
f 3586/828/3667 3636/878/3697 3584/826/3665
f 3584/826/3665 3636/878/3697 3582/824/3663
f 3636/878/3697 3637/879/3698 3582/824/3663
f 3582/824/3663 3637/879/3698 3580/822/3411
f 3637/879/3698 3638/880/3699 3580/822/3411
f 3580/822/3411 3638/880/3699 3578/820/3660
f 3638/880/3699 3639/881/3700 3578/820/3660
f 3578/820/3660 3639/881/3700 3575/817/3657
f 3639/881/3700 3640/882/3701 3575/817/3657
f 3575/817/3657 3640/882/3701 3571/813/3655
f 3640/882/3701 3573/815/3656 3571/813/3655
f 3641/883/3402 3642/884/3187 3643/885/3702
f 3643/885/3702 3642/884/3187 3644/886/3703
f 3643/885/3702 3644/886/3703 3645/887/3704
f 3643/885/3702 3645/887/3704 3646/888/3705
f 3646/888/3705 3645/887/3704 3647/889/3706
f 3646/888/3705 3647/889/3706 3648/890/3707
f 3648/890/3707 3647/889/3706 3649/891/3708
f 3648/890/3707 3649/891/3708 3650/892/3709
f 3648/890/3707 3650/892/3709 3651/893/3411
f 3651/893/3411 3650/892/3709 3652/894/3710
f 3651/893/3411 3652/894/3710 3653/895/3711
f 3653/895/3711 3652/894/3710 3654/896/3712
f 3653/895/3711 3654/896/3712 3655/897/3713
f 3655/897/3713 3654/896/3712 3656/898/3714
f 3656/898/3714 3654/896/3712 3657/899/3715
f 3656/898/3714 3657/899/3715 3658/900/3716
f 3658/900/3716 3657/899/3715 3659/901/3717
f 3658/900/3716 3659/901/3717 3660/902/3421
f 3660/902/3421 3659/901/3717 3661/903/3286
f 3660/902/3421 3661/903/3286 3662/904/3286
f 3662/904/3286 3661/903/3286 3663/905/3286
f 3662/904/3286 3663/905/3286 3664/906/3286
f 3652/894/3710 3665/907/3718 3654/896/3712
f 3654/896/3712 3665/907/3718 3657/899/3715
f 3665/907/3718 3666/908/3719 3657/899/3715
f 3657/899/3715 3666/908/3719 3659/901/3717
f 3666/908/3719 3667/909/3720 3659/901/3717
f 3659/901/3717 3667/909/3720 3661/903/3286
f 3667/909/3720 3663/905/3286 3661/903/3286
f 3662/904/3286 3664/906/3286 3668/910/3721
f 3668/910/3721 3664/906/3286 3669/911/3722
f 3668/910/3721 3669/911/3722 3670/912/3723
f 3670/912/3723 3669/911/3722 3671/913/3724
f 3670/912/3723 3671/913/3724 3672/914/3725
f 3672/914/3725 3671/913/3724 3673/915/3726
f 3673/915/3726 3671/913/3724 3674/916/3727
f 3674/916/3727 3671/913/3724 3675/917/3728
f 3674/916/3727 3675/917/3728 3676/918/3729
f 3676/918/3729 3675/917/3728 3677/919/3730
f 3676/918/3729 3677/919/3730 3678/920/3731
f 3678/920/3731 3677/919/3730 3679/921/3732
f 3678/920/3731 3679/921/3732 3680/922/3733
f 3680/922/3733 3679/921/3732 3681/923/3734
f 3680/922/3733 3681/923/3734 3682/924/3735
f 3682/924/3735 3681/923/3734 3683/925/3635
f 3682/924/3735 3683/925/3635 3684/926/3635
f 3684/926/3635 3683/925/3635 3685/927/350
f 3684/926/3635 3685/927/350 3686/928/3736
f 3686/928/3736 3685/927/350 3687/929/3538
f 3686/928/3736 3687/929/3538 3688/930/3196
f 3669/911/3722 3689/931/3737 3671/913/3724
f 3671/913/3724 3689/931/3737 3690/932/3738
f 3671/913/3724 3690/932/3738 3675/917/3728
f 3675/917/3728 3690/932/3738 3691/933/3739
f 3675/917/3728 3691/933/3739 3677/919/3730
f 3677/919/3730 3691/933/3739 3692/934/3740
f 3677/919/3730 3692/934/3740 3679/921/3732
f 3679/921/3732 3692/934/3740 3693/935/3741
f 3679/921/3732 3693/935/3741 3681/923/3734
f 3681/923/3734 3693/935/3741 3694/936/3742
f 3681/923/3734 3694/936/3742 3695/937/3743
f 3681/923/3734 3695/937/3743 3683/925/3635
f 3683/925/3635 3695/937/3743 3687/929/3538
f 3683/925/3635 3687/929/3538 3685/927/350
f 3688/930/3196 3696/938/3196 3686/928/3736
f 3686/928/3736 3696/938/3196 3697/939/3196
f 3686/928/3736 3697/939/3196 3698/940/3147
f 3672/914/3725 3699/941/3286 3670/912/3723
f 3670/912/3723 3699/941/3286 3668/910/3721
f 3668/910/3721 3699/941/3286 3662/904/3286
f 3662/904/3286 3699/941/3286 3660/902/3421
f 3655/897/3713 3700/942/3744 3653/895/3711
f 3653/895/3711 3700/942/3744 3651/893/3411
f 3700/942/3744 3701/943/3745 3651/893/3411
f 3651/893/3411 3701/943/3745 3648/890/3707
f 3701/943/3745 3702/944/3746 3648/890/3707
f 3648/890/3707 3702/944/3746 3646/888/3705
f 3702/944/3746 3703/945/3747 3646/888/3705
f 3646/888/3705 3703/945/3747 3643/885/3702
f 3703/945/3747 3641/883/3402 3643/885/3702
f 3704/946/3748 3705/947/3749 3642/948/3750
f 3642/948/3750 3705/947/3749 3706/949/3751
f 3642/948/3750 3706/949/3751 3707/950/3752
f 3707/950/3752 3706/949/3751 3705/947/3749
f 3707/950/3752 3705/947/3749 3708/951/3753
f 3708/951/3753 3705/947/3749 3704/946/3748
f 3708/951/3753 3704/946/3748 3709/952/3754
f 3709/952/3754 3704/946/3748 3710/953/3755
f 3709/952/3754 3710/953/3755 3711/954/3756
f 3711/954/3756 3710/953/3755 3712/955/3757
f 3711/954/3756 3712/955/3757 3713/956/3758
f 3713/956/3758 3712/955/3757 3704/946/3748
f 3713/956/3758 3704/946/3748 3714/957/3759
f 3713/956/3758 3714/957/3759 3715/958/3760
f 3715/958/3760 3714/957/3759 3716/959/3761
f 3715/958/3760 3716/959/3761 3717/960/3762
f 3715/958/3760 3717/960/3762 3718/961/3763
f 3718/961/3763 3717/960/3762 3719/962/3764
f 3718/961/3763 3719/962/3764 3720/963/3765
f 3720/963/3765 3719/962/3764 3721/964/3766
f 3720/963/3765 3721/964/3766 3722/965/3767
f 3722/965/3767 3721/964/3766 3723/966/3768
f 3722/965/3767 3723/966/3768 3724/967/3769
f 3724/967/3769 3723/966/3768 3725/968/3770
f 3724/967/3769 3725/968/3770 3726/969/3771
f 3727/970/3772 3728/971/3773 3726/969/3771
f 3726/969/3771 3728/971/3773 3729/972/3774
f 3726/969/3771 3729/972/3774 3730/973/3775
f 3730/973/3775 3729/972/3774 3731/974/3776
f 3730/973/3775 3731/974/3776 3732/975/3777
f 3732/975/3777 3731/974/3776 3733/976/3778
f 3732/975/3777 3733/976/3778 3734/977/3779
f 3734/977/3779 3733/976/3778 3735/978/3780
f 3734/977/3779 3735/978/3780 3726/969/3771
f 3726/969/3771 3735/978/3780 3724/967/3769
f 3736/979/3781 3737/980/3782 3727/970/3772
f 3727/970/3772 3737/980/3782 3738/981/3783
f 3727/970/3772 3738/981/3783 3739/982/3784
f 3739/982/3784 3738/981/3783 3740/983/3785
f 3739/982/3784 3740/983/3785 3728/971/3773
f 3728/971/3773 3740/983/3785 3729/972/3774
f 3737/980/3782 3736/979/3781 3741/984/3786
f 3741/984/3786 3736/979/3781 3742/985/3787
f 3741/984/3786 3742/985/3787 3743/986/3788
f 3743/986/3788 3742/985/3787 3744/987/3789
f 3743/986/3788 3744/987/3789 3745/988/3790
f 3745/988/3790 3744/987/3789 3746/989/3791
f 3745/988/3790 3746/989/3791 3747/990/3792
f 3747/990/3792 3746/989/3791 3748/991/3793
f 3747/990/3792 3748/991/3793 3749/992/3794
f 3747/990/3792 3749/992/3794 3750/993/3795
f 3750/993/3795 3749/992/3794 3751/994/3796
f 3750/993/3795 3751/994/3796 3752/995/3797
f 3752/995/3797 3751/994/3796 3698/996/3798
f 3752/995/3797 3698/996/3798 3697/997/3799
f 3752/995/3797 3697/997/3799 3753/998/3800
f 3753/998/3800 3697/997/3799 3696/999/3801
f 3753/998/3800 3696/999/3801 3688/1000/3802
f 3687/1001/3803 3754/1002/3804 3688/1000/3802
f 3688/1000/3802 3754/1002/3804 3753/998/3800
f 3754/1002/3804 3755/1003/3805 3753/998/3800
f 3753/998/3800 3755/1003/3805 3756/1004/3806
f 3753/998/3800 3756/1004/3806 3752/995/3797
f 3752/995/3797 3756/1004/3806 3757/1005/3807
f 3752/995/3797 3757/1005/3807 3758/1006/3808
f 3758/1006/3808 3759/1007/3809 3752/995/3797
f 3752/995/3797 3759/1007/3809 3750/993/3795
f 3759/1007/3809 3760/1008/3810 3750/993/3795
f 3750/993/3795 3760/1008/3810 3747/990/3792
f 3760/1008/3810 3761/1009/3811 3747/990/3792
f 3747/990/3792 3761/1009/3811 3762/1010/3812
f 3747/990/3792 3762/1010/3812 3745/988/3790
f 3745/988/3790 3762/1010/3812 3763/1011/3813
f 3745/988/3790 3763/1011/3813 3743/986/3788
f 3743/986/3788 3764/1012/3814 3741/984/3786
f 3741/984/3786 3764/1012/3814 3737/980/3782
f 3740/983/3785 3731/974/3776 3729/972/3774
f 3735/978/3780 3733/976/3778 3724/967/3769
f 3724/967/3769 3733/976/3778 3765/1013/3815
f 3724/967/3769 3765/1013/3815 3722/965/3767
f 3722/965/3767 3765/1013/3815 3766/1014/3816
f 3722/965/3767 3766/1014/3816 3767/1015/3817
f 3722/965/3767 3767/1015/3817 3720/963/3765
f 3720/963/3765 3767/1015/3817 3768/1016/3818
f 3720/963/3765 3768/1016/3818 3718/961/3763
f 3718/961/3763 3768/1016/3818 3769/1017/3819
f 3718/961/3763 3769/1017/3819 3715/958/3760
f 3715/958/3760 3769/1017/3819 3770/1018/3820
f 3715/958/3760 3770/1018/3820 3771/1019/3821
f 3715/958/3760 3771/1019/3821 3713/956/3758
f 3713/956/3758 3771/1019/3821 3711/954/3756
f 3711/954/3756 3707/950/3752 3709/952/3754
f 3709/952/3754 3707/950/3752 3708/951/3753
f 3728/971/3773 3727/970/3772 3739/982/3784
f 3734/977/3779 3726/969/3771 3732/975/3777
f 3732/975/3777 3726/969/3771 3730/973/3775
f 3712/955/3757 3710/953/3755 3704/946/3748
f 3695/1020/3822 3772/1021/3823 3687/1022/3803
f 3687/1022/3803 3772/1021/3823 3773/1023/3824
f 3687/1022/3803 3773/1023/3824 3774/1024/3825
f 3774/1024/3825 3773/1023/3824 3754/1025/3804
f 3774/1024/3825 3754/1025/3804 3687/1022/3803
f 3694/1026/3826 3775/1027/3827 3695/1020/3822
f 3695/1020/3822 3775/1027/3827 3776/1028/3828
f 3695/1020/3822 3776/1028/3828 3777/1029/3829
f 3777/1029/3829 3776/1028/3828 3778/1030/3830
f 3777/1029/3829 3778/1030/3830 3772/1021/3823
f 3772/1021/3823 3778/1030/3830 3773/1023/3824
f 3775/1027/3827 3694/1026/3826 3779/1031/3831
f 3779/1031/3831 3694/1026/3826 3693/1032/3832
f 3779/1031/3831 3693/1032/3832 3692/1033/3833
f 3691/1034/3834 3780/1035/3835 3692/1033/3833
f 3692/1033/3833 3780/1035/3835 3781/1036/3836
f 3692/1033/3833 3781/1036/3836 3779/1031/3831
f 3779/1031/3831 3781/1036/3836 3782/1037/3837
f 3779/1031/3831 3782/1037/3837 3775/1027/3827
f 3691/1034/3834 3690/1038/3838 3780/1035/3835
f 3780/1035/3835 3690/1038/3838 3783/1039/3839
f 3780/1035/3835 3783/1039/3839 3784/1040/3840
f 3783/1039/3839 3690/1038/3838 3785/1041/3841
f 3785/1041/3841 3690/1038/3838 3689/1042/3842
f 3785/1041/3841 3689/1042/3842 3786/1043/3843
f 3786/1043/3843 3689/1042/3842 3669/1044/3844
f 3786/1043/3843 3669/1044/3844 3787/1045/3845
f 3787/1045/3845 3669/1044/3844 3664/1046/3846
f 3787/1045/3845 3664/1046/3846 3788/1047/3847
f 3788/1047/3847 3664/1046/3846 3789/1048/3848
f 3788/1047/3847 3789/1048/3848 3790/1049/3849
f 3790/1049/3849 3789/1048/3848 3791/1050/3850
f 3790/1049/3849 3791/1050/3850 3792/1051/3851
f 3792/1051/3851 3791/1050/3850 3793/1052/3852
f 3792/1051/3851 3793/1052/3852 3794/1053/3853
f 3794/1053/3853 3793/1052/3852 3663/1054/3854
f 3794/1053/3853 3663/1054/3854 3667/1055/3855
f 3789/1048/3848 3664/1046/3846 3791/1050/3850
f 3791/1050/3850 3664/1046/3846 3663/1054/3854
f 3791/1050/3850 3663/1054/3854 3793/1052/3852
f 3666/1056/3856 3795/1057/3857 3667/1055/3855
f 3667/1055/3855 3795/1057/3857 3796/1058/3858
f 3667/1055/3855 3796/1058/3858 3794/1053/3853
f 3794/1053/3853 3796/1058/3858 3792/1051/3851
f 3795/1057/3857 3666/1056/3856 3797/1059/3859
f 3797/1059/3859 3666/1056/3856 3665/1060/3860
f 3797/1059/3859 3665/1060/3860 3652/1061/3861
f 3797/1059/3859 3652/1061/3861 3798/1062/3862
f 3798/1062/3862 3652/1061/3861 3650/1063/3863
f 3798/1062/3862 3650/1063/3863 3649/1064/3864
f 3798/1062/3862 3649/1064/3864 3799/1065/3865
f 3799/1065/3865 3649/1064/3864 3647/1066/3866
f 3799/1065/3865 3647/1066/3866 3800/1067/3867
f 3800/1067/3867 3647/1066/3866 3645/1068/3868
f 3800/1067/3867 3645/1068/3868 3801/1069/3869
f 3801/1069/3869 3645/1068/3868 3644/1070/3870
f 3801/1069/3869 3644/1070/3870 3642/1071/3871
f 3642/1071/3871 3707/1072/3872 3801/1069/3869
f 3801/1069/3869 3707/1072/3872 3802/1073/3873
f 3801/1069/3869 3802/1073/3873 3800/1067/3867
f 3800/1067/3867 3802/1073/3873 3803/1074/3874
f 3800/1067/3867 3803/1074/3874 3804/1075/3875
f 3800/1067/3867 3804/1075/3875 3799/1065/3865
f 3799/1065/3865 3804/1075/3875 3805/1076/3876
f 3799/1065/3865 3805/1076/3876 3798/1062/3862
f 3798/1062/3862 3805/1076/3876 3806/1077/3877
f 3798/1062/3862 3806/1077/3877 3797/1059/3859
f 3797/1059/3859 3806/1077/3877 3807/1078/3878
f 3797/1059/3859 3807/1078/3878 3808/1079/3879
f 3797/1059/3859 3808/1079/3879 3795/1057/3857
f 3795/1057/3857 3808/1079/3879 3809/1080/3880
f 3795/1057/3857 3809/1080/3880 3796/1058/3858
f 3796/1058/3858 3809/1080/3880 3792/1051/3851
f 3790/1049/3849 3810/1081/3881 3788/1047/3847
f 3788/1047/3847 3810/1081/3881 3787/1045/3845
f 3787/1045/3845 3810/1081/3881 3786/1043/3843
f 3786/1043/3843 3810/1081/3881 3811/1082/3882
f 3786/1043/3843 3811/1082/3882 3785/1041/3841
f 3785/1041/3841 3811/1082/3882 3812/1083/3883
f 3785/1041/3841 3812/1083/3883 3783/1039/3839
f 3784/1040/3840 3781/1036/3836 3780/1035/3835
f 3778/1030/3830 3754/1025/3804 3773/1023/3824
f 3772/1021/3823 3695/1020/3822 3777/1029/3829
f 3813/1084/3884 3686/928/3736 3814/1085/3885
f 3814/1085/3885 3686/928/3736 3698/940/3147
f 3814/1085/3885 3698/940/3147 3751/1086/3886
f 3751/1086/3886 3749/1087/3887 3814/1085/3885
f 3814/1085/3885 3749/1087/3887 3815/1088/3888
f 3814/1085/3885 3815/1088/3888 3813/1084/3884
f 3813/1084/3884 3815/1088/3888 3816/1089/3889
f 3816/1089/3889 3815/1088/3888 3817/1090/3890
f 3816/1089/3889 3817/1090/3890 3818/1091/3891
f 3818/1091/3891 3817/1090/3890 3819/1092/3892
f 3818/1091/3891 3819/1092/3892 3820/1093/3893
f 3820/1093/3893 3819/1092/3892 3821/1094/3894
f 3820/1093/3893 3821/1094/3894 3822/1095/3895
f 3822/1095/3895 3821/1094/3894 3823/1096/3896
f 3822/1095/3895 3823/1096/3896 3824/1097/3897
f 3824/1097/3897 3823/1096/3896 3825/1098/3898
f 3824/1097/3897 3825/1098/3898 3826/1099/3899
f 3826/1099/3899 3825/1098/3898 3827/1100/3900
f 3826/1099/3899 3827/1100/3900 3828/1101/3901
f 3828/1101/3901 3827/1100/3900 3829/1102/3901
f 3828/1101/3901 3829/1102/3901 3830/1103/3901
f 3830/1103/3901 3829/1102/3901 3726/1104/3902
f 3830/1103/3901 3726/1104/3902 3831/1105/3903
f 3831/1105/3903 3726/1104/3902 3832/1106/3904
f 3831/1105/3903 3832/1106/3904 3833/1107/3901
f 3833/1107/3901 3832/1106/3904 3834/1108/3905
f 3834/1108/3905 3832/1106/3904 3835/1109/3906
f 3834/1108/3905 3835/1109/3906 3836/1110/3907
f 3836/1110/3907 3835/1109/3906 3837/1111/3908
f 3837/1111/3908 3835/1109/3906 3838/1112/3909
f 3837/1111/3908 3838/1112/3909 3839/1113/3910
f 3839/1113/3910 3838/1112/3909 3840/1114/3911
f 3839/1113/3910 3840/1114/3911 3841/1115/3912
f 3841/1115/3912 3840/1114/3911 3842/1116/3913
f 3841/1115/3912 3842/1116/3913 3843/1117/3914
f 3843/1117/3914 3842/1116/3913 3844/1118/3915
f 3843/1117/3914 3844/1118/3915 3845/1119/3916
f 3845/1119/3916 3844/1118/3915 3846/1120/3917
f 3845/1119/3916 3846/1120/3917 3847/1121/3918
f 3847/1121/3918 3846/1120/3917 3848/1122/3917
f 3847/1121/3918 3848/1122/3917 3641/1123/3402
f 3641/1123/3402 3848/1122/3917 3642/1124/3187
f 3642/1124/3187 3848/1122/3917 3846/1120/3917
f 3642/1124/3187 3846/1120/3917 3704/1125/3917
f 3704/1125/3917 3846/1120/3917 3714/1126/3919
f 3714/1126/3919 3846/1120/3917 3844/1118/3915
f 3714/1126/3919 3844/1118/3915 3842/1116/3913
f 3749/1087/3887 3748/1127/3920 3815/1088/3888
f 3815/1088/3888 3748/1127/3920 3817/1090/3890
f 3748/1127/3920 3746/1128/3921 3817/1090/3890
f 3817/1090/3890 3746/1128/3921 3819/1092/3892
f 3746/1128/3921 3744/1129/3922 3819/1092/3892
f 3819/1092/3892 3744/1129/3922 3821/1094/3894
f 3744/1129/3922 3742/1130/3923 3821/1094/3894
f 3821/1094/3894 3742/1130/3923 3823/1096/3896
f 3742/1130/3923 3736/1131/3924 3823/1096/3896
f 3823/1096/3896 3736/1131/3924 3825/1098/3898
f 3736/1131/3924 3727/1132/3925 3825/1098/3898
f 3825/1098/3898 3727/1132/3925 3827/1100/3900
f 3827/1100/3900 3727/1132/3925 3829/1102/3901
f 3829/1102/3901 3727/1132/3925 3726/1104/3902
f 3726/1104/3902 3725/1133/3926 3832/1106/3904
f 3832/1106/3904 3725/1133/3926 3835/1109/3906
f 3725/1133/3926 3723/1134/3927 3835/1109/3906
f 3835/1109/3906 3723/1134/3927 3721/1135/3928
f 3835/1109/3906 3721/1135/3928 3838/1112/3909
f 3838/1112/3909 3721/1135/3928 3719/1136/3929
f 3838/1112/3909 3719/1136/3929 3840/1114/3911
f 3840/1114/3911 3719/1136/3929 3717/1137/3930
f 3840/1114/3911 3717/1137/3930 3842/1116/3913
f 3842/1116/3913 3717/1137/3930 3716/1138/3931
f 3842/1116/3913 3716/1138/3931 3714/1126/3919
f 3831/1105/3903 3833/1107/3901 3830/1103/3901
f 3830/1103/3901 3833/1107/3901 3828/1101/3901
f 3847/1139/3932 3641/1140/3932 3849/1141/3932
f 3849/1141/3932 3641/1140/3932 3703/1142/3932
f 3849/1141/3932 3703/1142/3932 3702/1143/3932
f 3702/1143/3932 3701/1144/3932 3849/1141/3932
f 3849/1141/3932 3701/1144/3932 3700/1145/3932
f 3849/1141/3932 3700/1145/3932 3655/1146/3932
f 3655/1146/3932 3656/1147/3933 3849/1141/3932
f 3849/1141/3932 3656/1147/3933 3658/1148/3932
f 3849/1141/3932 3658/1148/3932 3660/1149/3932
f 3660/1149/3932 3699/1150/3932 3849/1141/3932
f 3849/1141/3932 3699/1150/3932 3672/1151/3932
f 3849/1141/3932 3672/1151/3932 3673/1152/3934
f 3673/1152/3934 3674/1153/3932 3849/1141/3932
f 3849/1141/3932 3674/1153/3932 3676/1154/3932
f 3849/1141/3932 3676/1154/3932 3678/1155/3932
f 3678/1155/3932 3680/1156/3932 3849/1141/3932
f 3849/1141/3932 3680/1156/3932 3682/1157/3932
f 3849/1141/3932 3682/1157/3932 3684/1158/3932
f 3684/1158/3932 3686/1159/3932 3849/1141/3932
f 3849/1141/3932 3686/1159/3932 3828/1160/3932
f 3849/1141/3932 3828/1160/3932 3833/1161/3932
f 3828/1160/3932 3686/1159/3932 3826/1162/3932
f 3826/1162/3932 3686/1159/3932 3813/1163/3935
f 3826/1162/3932 3813/1163/3935 3824/1164/3932
f 3824/1164/3932 3813/1163/3935 3816/1165/3936
f 3824/1164/3932 3816/1165/3936 3822/1166/3937
f 3822/1166/3937 3816/1165/3936 3818/1167/3938
f 3822/1166/3937 3818/1167/3938 3820/1168/3939
f 3834/1169/3932 3845/1170/3936 3833/1161/3932
f 3833/1161/3932 3845/1170/3936 3847/1139/3932
f 3833/1161/3932 3847/1139/3932 3849/1141/3932
f 3845/1170/3936 3834/1169/3932 3843/1171/3932
f 3843/1171/3932 3834/1169/3932 3836/1172/3940
f 3843/1171/3932 3836/1172/3940 3837/1173/3941
f 3839/1174/3942 3841/1175/3943 3837/1173/3941
f 3837/1173/3941 3841/1175/3943 3843/1171/3932
f 3707/1176/3944 3850/1177/3945 3574/1178/3946
f 3574/1178/3946 3850/1177/3945 3851/1179/3947
f 3574/1178/3946 3851/1179/3947 3852/1180/3948
f 3852/1180/3948 3851/1179/3947 3711/1181/3949
f 3852/1180/3948 3711/1181/3949 3853/1182/3950
f 3853/1182/3950 3711/1181/3949 3854/1183/3951
f 3853/1182/3950 3854/1183/3951 3855/1184/3952
f 3855/1184/3952 3854/1183/3951 3856/1185/3953
f 3855/1184/3952 3856/1185/3953 3857/1186/3954
f 3857/1186/3954 3856/1185/3953 3858/1187/3955
f 3857/1186/3954 3858/1187/3955 3859/1188/3956
f 3859/1188/3956 3858/1187/3955 3860/1189/3957
f 3859/1188/3956 3860/1189/3957 3861/1190/3958
f 3861/1190/3958 3860/1189/3957 3862/1191/3959
f 3862/1191/3959 3860/1189/3957 3863/1192/3960
f 3862/1191/3959 3863/1192/3960 3864/1193/3961
f 3864/1193/3961 3863/1192/3960 3865/1194/3962
f 3864/1193/3961 3865/1194/3962 3866/1195/3963
f 3866/1195/3963 3865/1194/3962 3867/1196/3964
f 3866/1195/3963 3867/1196/3964 3868/1197/3965
f 3868/1197/3965 3867/1196/3964 3869/1198/3966
f 3868/1197/3965 3869/1198/3966 3870/1199/3967
f 3870/1199/3967 3869/1198/3966 3871/1200/3968
f 3870/1199/3967 3871/1200/3968 3872/1201/3969
f 3872/1201/3969 3871/1200/3968 3873/1202/3970
f 3872/1201/3969 3873/1202/3970 3874/1203/3971
f 3874/1203/3971 3873/1202/3970 3731/1204/3972
f 3874/1203/3971 3731/1204/3972 3875/1205/3973
f 3875/1205/3973 3731/1204/3972 3876/1206/3974
f 3875/1205/3973 3876/1206/3974 3872/1201/3969
f 3872/1201/3969 3876/1206/3974 3877/1207/3975
f 3872/1201/3969 3877/1207/3975 3878/1208/3976
f 3878/1208/3976 3877/1207/3975 3879/1209/3977
f 3878/1208/3976 3879/1209/3977 3880/1210/3978
f 3880/1210/3978 3879/1209/3977 3738/1211/3979
f 3880/1210/3978 3738/1211/3979 3737/1212/3980
f 3850/1177/3945 3707/1176/3944 3851/1179/3947
f 3851/1179/3947 3707/1176/3944 3711/1181/3949
f 3771/1213/3981 3858/1187/3955 3711/1181/3949
f 3711/1181/3949 3858/1187/3955 3856/1185/3953
f 3711/1181/3949 3856/1185/3953 3854/1183/3951
f 3858/1187/3955 3771/1213/3981 3860/1189/3957
f 3860/1189/3957 3771/1213/3981 3770/1214/3982
f 3860/1189/3957 3770/1214/3982 3769/1215/3983
f 3860/1189/3957 3769/1215/3983 3863/1192/3960
f 3863/1192/3960 3769/1215/3983 3768/1216/3984
f 3863/1192/3960 3768/1216/3984 3865/1194/3962
f 3865/1194/3962 3768/1216/3984 3767/1217/3985
f 3865/1194/3962 3767/1217/3985 3867/1196/3964
f 3867/1196/3964 3767/1217/3985 3766/1218/3986
f 3867/1196/3964 3766/1218/3986 3765/1219/3987
f 3867/1196/3964 3765/1219/3987 3869/1198/3966
f 3869/1198/3966 3765/1219/3987 3733/1220/3988
f 3869/1198/3966 3733/1220/3988 3871/1200/3968
f 3871/1200/3968 3733/1220/3988 3873/1202/3970
f 3733/1220/3988 3731/1204/3972 3873/1202/3970
f 3731/1204/3972 3740/1221/3989 3876/1206/3974
f 3876/1206/3974 3740/1221/3989 3877/1207/3975
f 3877/1207/3975 3740/1221/3989 3879/1209/3977
f 3879/1209/3977 3740/1221/3989 3738/1211/3979
f 3880/1210/3978 3737/1212/3980 3881/1222/3990
f 3881/1222/3990 3737/1212/3980 3764/1223/3991
f 3881/1222/3990 3764/1223/3991 3743/1224/3992
f 3763/1225/3993 3882/1226/3994 3743/1224/3992
f 3743/1224/3992 3882/1226/3994 3883/1227/3995
f 3743/1224/3992 3883/1227/3995 3881/1222/3990
f 3881/1222/3990 3883/1227/3995 3884/1228/3996
f 3881/1222/3990 3884/1228/3996 3880/1210/3978
f 3763/1225/3993 3762/1229/3997 3882/1226/3994
f 3882/1226/3994 3762/1229/3997 3885/1230/3998
f 3882/1226/3994 3885/1230/3998 3886/1231/3999
f 3886/1231/3999 3885/1230/3998 3887/1232/4000
f 3887/1232/4000 3885/1230/3998 3888/1233/4001
f 3888/1233/4001 3885/1230/3998 3889/1234/4002
f 3888/1233/4001 3889/1234/4002 3890/1235/4003
f 3890/1235/4003 3889/1234/4002 3891/1236/4004
f 3890/1235/4003 3891/1236/4004 3626/1237/4005
f 3626/1237/4005 3891/1236/4004 3627/1238/4006
f 3627/1238/4006 3891/1236/4004 3623/1239/4007
f 3623/1239/4007 3891/1236/4004 3892/1240/4008
f 3623/1239/4007 3892/1240/4008 3621/1241/4009
f 3621/1241/4009 3892/1240/4008 3619/1242/4010
f 3619/1242/4010 3892/1240/4008 3754/1243/4010
f 3754/1243/4010 3892/1240/4008 3755/1244/4011
f 3755/1244/4011 3892/1240/4008 3756/1245/4012
f 3756/1245/4012 3892/1240/4008 3891/1236/4004
f 3756/1245/4012 3891/1236/4004 3757/1246/4013
f 3757/1246/4013 3891/1236/4004 3758/1247/4014
f 3758/1247/4014 3891/1236/4004 3759/1248/4015
f 3759/1248/4015 3891/1236/4004 3889/1234/4002
f 3759/1248/4015 3889/1234/4002 3760/1249/4016
f 3760/1249/4016 3889/1234/4002 3885/1230/3998
f 3760/1249/4016 3885/1230/3998 3761/1250/4017
f 3761/1250/4017 3885/1230/3998 3762/1229/3997
f 3886/1231/3999 3893/1251/4018 3882/1226/3994
f 3882/1226/3994 3893/1251/4018 3883/1227/3995
f 3855/1184/3952 3574/1178/3946 3853/1182/3950
f 3853/1182/3950 3574/1178/3946 3852/1180/3948
f 3872/1201/3969 3874/1203/3971 3875/1205/3973
f 3707/1252/4019 3574/1253/4020 3894/1254/4021
f 3894/1254/4021 3574/1253/4020 3573/1255/4022
f 3894/1254/4021 3573/1255/4022 3640/1256/4023
f 3894/1254/4021 3640/1256/4023 3895/1257/4024
f 3895/1257/4024 3640/1256/4023 3639/1258/4025
f 3895/1257/4024 3639/1258/4025 3896/1259/4026
f 3896/1259/4026 3639/1258/4025 3638/1260/4027
f 3896/1259/4026 3638/1260/4027 3897/1261/4028
f 3897/1261/4028 3638/1260/4027 3637/1262/4029
f 3897/1261/4028 3637/1262/4029 3898/1263/4030
f 3898/1263/4030 3637/1262/4029 3636/1264/4031
f 3898/1263/4030 3636/1264/4031 3586/1265/4032
f 3898/1263/4030 3586/1265/4032 3899/1266/4033
f 3899/1266/4033 3586/1265/4032 3587/1267/4034
f 3899/1266/4033 3587/1267/4034 3595/1268/4035
f 3596/1269/4036 3900/1270/4037 3595/1268/4035
f 3595/1268/4035 3900/1270/4037 3901/1271/4038
f 3595/1268/4035 3901/1271/4038 3902/1272/4039
f 3902/1272/4039 3901/1271/4038 3809/1273/4033
f 3902/1272/4039 3809/1273/4033 3899/1266/4033
f 3899/1266/4033 3809/1273/4033 3808/1274/4040
f 3899/1266/4033 3808/1274/4040 3898/1263/4030
f 3898/1263/4030 3808/1274/4040 3807/1275/4041
f 3898/1263/4030 3807/1275/4041 3806/1276/4042
f 3635/1277/4043 3903/1278/4044 3596/1269/4036
f 3596/1269/4036 3903/1278/4044 3904/1279/4045
f 3596/1269/4036 3904/1279/4045 3905/1280/4046
f 3905/1280/4046 3904/1279/4045 3790/1281/4047
f 3905/1280/4046 3790/1281/4047 3906/1282/4048
f 3906/1282/4048 3790/1281/4047 3792/1283/4049
f 3906/1282/4048 3792/1283/4049 3900/1270/4037
f 3900/1270/4037 3792/1283/4049 3901/1271/4038
f 3634/1284/4050 3907/1285/4051 3635/1277/4043
f 3635/1277/4043 3907/1285/4051 3908/1286/4052
f 3635/1277/4043 3908/1286/4052 3903/1278/4044
f 3903/1278/4044 3908/1286/4052 3810/1287/4053
f 3903/1278/4044 3810/1287/4053 3904/1279/4045
f 3904/1279/4045 3810/1287/4053 3790/1281/4047
f 3634/1284/4050 3633/1288/4054 3907/1285/4051
f 3907/1285/4051 3633/1288/4054 3783/1289/4055
f 3907/1285/4051 3783/1289/4055 3812/1290/4056
f 3783/1289/4055 3633/1288/4054 3909/1291/4057
f 3909/1291/4057 3633/1288/4054 3632/1292/4058
f 3909/1291/4057 3632/1292/4058 3631/1293/4059
f 3909/1291/4057 3631/1293/4059 3781/1294/4060
f 3781/1294/4060 3631/1293/4059 3630/1295/4061
f 3781/1294/4060 3630/1295/4061 3910/1296/4062
f 3910/1296/4062 3630/1295/4061 3629/1297/4063
f 3910/1296/4062 3629/1297/4063 3775/1298/4064
f 3775/1298/4064 3629/1297/4063 3628/1299/4065
f 3775/1298/4064 3628/1299/4065 3776/1300/4066
f 3776/1300/4066 3628/1299/4065 3911/1301/4067
f 3776/1300/4066 3911/1301/4067 3778/1302/4068
f 3778/1302/4068 3911/1301/4067 3912/1303/4069
f 3778/1302/4068 3912/1303/4069 3913/1304/4070
f 3913/1304/4070 3912/1303/4069 3619/1305/4010
f 3913/1304/4070 3619/1305/4010 3914/1306/4071
f 3914/1306/4071 3619/1305/4010 3754/1307/4010
f 3914/1306/4071 3754/1307/4010 3778/1302/4068
f 3628/1299/4065 3618/1308/4072 3911/1301/4067
f 3911/1301/4067 3618/1308/4072 3912/1303/4069
f 3618/1308/4072 3619/1305/4010 3912/1303/4069
f 3775/1298/4064 3782/1309/4073 3910/1296/4062
f 3910/1296/4062 3782/1309/4073 3781/1294/4060
f 3781/1294/4060 3784/1310/4074 3909/1291/4057
f 3909/1291/4057 3784/1310/4074 3783/1289/4055
f 3812/1290/4056 3811/1311/4075 3907/1285/4051
f 3907/1285/4051 3811/1311/4075 3908/1286/4052
f 3811/1311/4075 3810/1287/4053 3908/1286/4052
f 3792/1283/4049 3809/1273/4033 3901/1271/4038
f 3898/1263/4030 3806/1276/4042 3897/1261/4028
f 3897/1261/4028 3806/1276/4042 3805/1312/4076
f 3897/1261/4028 3805/1312/4076 3896/1259/4026
f 3896/1259/4026 3805/1312/4076 3804/1313/4077
f 3896/1259/4026 3804/1313/4077 3895/1257/4024
f 3895/1257/4024 3804/1313/4077 3803/1314/4078
f 3895/1257/4024 3803/1314/4078 3802/1315/4079
f 3895/1257/4024 3802/1315/4079 3894/1254/4021
f 3894/1254/4021 3802/1315/4079 3707/1252/4019
f 3595/1268/4035 3902/1272/4039 3899/1266/4033
f 3914/1306/4071 3778/1302/4068 3913/1304/4070
f 3900/1270/4037 3596/1269/4036 3906/1282/4048
f 3906/1282/4048 3596/1269/4036 3905/1280/4046
f 3572/1316/3311 3574/1317/3406 3915/1318/4080
f 3915/1318/4080 3574/1317/3406 3855/1319/3917
f 3915/1318/4080 3855/1319/3917 3916/1320/3918
f 3916/1320/3918 3855/1319/3917 3857/1321/4081
f 3916/1320/3918 3857/1321/4081 3917/1322/4082
f 3917/1322/4082 3857/1321/4081 3859/1323/4083
f 3917/1322/4082 3859/1323/4083 3918/1324/4084
f 3918/1324/4084 3859/1323/4083 3861/1325/4085
f 3918/1324/4084 3861/1325/4085 3862/1326/4086
f 3918/1324/4084 3862/1326/4086 3919/1327/4087
f 3919/1327/4087 3862/1326/4086 3864/1328/4088
f 3919/1327/4087 3864/1328/4088 3920/1329/4089
f 3920/1329/4089 3864/1328/4088 3866/1330/4090
f 3920/1329/4089 3866/1330/4090 3921/1331/4091
f 3921/1331/4091 3866/1330/4090 3868/1332/4092
f 3921/1331/4091 3868/1332/4092 3922/1333/4093
f 3922/1333/4093 3868/1332/4092 3870/1334/4094
f 3922/1333/4093 3870/1334/4094 3923/1335/3901
f 3923/1335/3901 3870/1334/4094 3872/1336/3901
f 3923/1335/3901 3872/1336/3901 3924/1337/3901
f 3924/1337/3901 3872/1336/3901 3878/1338/3901
f 3924/1337/3901 3878/1338/3901 3925/1339/3901
f 3925/1339/3901 3878/1338/3901 3880/1340/4095
f 3925/1339/3901 3880/1340/4095 3926/1341/4096
f 3926/1341/4096 3880/1340/4095 3927/1342/4097
f 3926/1341/4096 3927/1342/4097 3928/1343/4098
f 3928/1343/4098 3927/1342/4097 3929/1344/4099
f 3929/1344/4099 3927/1342/4097 3930/1345/4100
f 3929/1344/4099 3930/1345/4100 3931/1346/4101
f 3931/1346/4101 3930/1345/4100 3932/1347/4102
f 3931/1346/4101 3932/1347/4102 3933/1348/4103
f 3933/1348/4103 3932/1347/4102 3934/1349/3892
f 3933/1348/4103 3934/1349/3892 3935/1350/4104
f 3935/1350/4104 3934/1349/3892 3936/1351/4105
f 3935/1350/4104 3936/1351/4105 3937/1352/4106
f 3937/1352/4106 3936/1351/4105 3938/1353/4107
f 3937/1352/4106 3938/1353/4107 3939/1354/4108
f 3939/1354/4108 3938/1353/4107 3940/1355/4109
f 3939/1354/4108 3940/1355/4109 3941/1356/4110
f 3941/1356/4110 3940/1355/4109 3625/867/3147
f 3625/867/3147 3940/1355/4109 3890/1357/4111
f 3625/867/3147 3890/1357/4111 3626/868/3362
f 3880/1340/4095 3884/1358/4112 3927/1342/4097
f 3927/1342/4097 3884/1358/4112 3930/1345/4100
f 3884/1358/4112 3883/1359/4113 3930/1345/4100
f 3930/1345/4100 3883/1359/4113 3932/1347/4102
f 3883/1359/4113 3893/1360/4114 3932/1347/4102
f 3932/1347/4102 3893/1360/4114 3934/1349/3892
f 3893/1360/4114 3886/1361/4115 3934/1349/3892
f 3934/1349/3892 3886/1361/4115 3936/1351/4105
f 3886/1361/4115 3887/1362/4116 3936/1351/4105
f 3936/1351/4105 3887/1362/4116 3938/1353/4107
f 3887/1362/4116 3888/1363/4117 3938/1353/4107
f 3938/1353/4107 3888/1363/4117 3940/1355/4109
f 3888/1363/4117 3890/1357/4111 3940/1355/4109
f 3926/1341/4096 3928/1343/4098 3925/1339/3901
f 3925/1339/3901 3928/1343/4098 3942/1364/3901
f 3925/1339/3901 3942/1364/3901 3924/1337/3901
f 3924/1337/3901 3942/1364/3901 3943/1365/3901
f 3924/1337/3901 3943/1365/3901 3923/1335/3901
f 3923/1335/3901 3943/1365/3901 3944/1366/4118
f 3923/1335/3901 3944/1366/4118 3922/1333/4093
f 3922/1333/4093 3944/1366/4118 3921/1331/4091
f 3944/1366/4118 3945/1367/4119 3921/1331/4091
f 3921/1331/4091 3945/1367/4119 3946/1368/4120
f 3921/1331/4091 3946/1368/4120 3920/1329/4089
f 3920/1329/4089 3946/1368/4120 3947/1369/4121
f 3920/1329/4089 3947/1369/4121 3919/1327/4087
f 3919/1327/4087 3947/1369/4121 3948/1370/4122
f 3919/1327/4087 3948/1370/4122 3918/1324/4084
f 3918/1324/4084 3948/1370/4122 3949/1371/4123
f 3918/1324/4084 3949/1371/4123 3917/1322/4082
f 3917/1322/4082 3949/1371/4123 3950/1372/4124
f 3917/1322/4082 3950/1372/4124 3951/1373/4125
f 3917/1322/4082 3951/1373/4125 3916/1320/3918
f 3916/1320/3918 3951/1373/4125 3572/1316/3311
f 3916/1320/3918 3572/1316/3311 3915/1318/4080
f 3951/1374/4126 3952/1375/4127 3572/1376/4128
f 3572/1376/4128 3952/1375/4127 3953/1377/4129
f 3572/1376/4128 3953/1377/4129 3954/1378/4130
f 3954/1378/4130 3953/1377/4129 3955/1379/4131
f 3954/1378/4130 3955/1379/4131 3956/1380/4132
f 3956/1380/4132 3955/1379/4131 3572/1376/4128
f 3956/1380/4132 3572/1376/4128 3954/1378/4130
f 3950/1381/4133 3957/1382/4134 3951/1374/4126
f 3951/1374/4126 3957/1382/4134 3958/1383/4135
f 3951/1374/4126 3958/1383/4135 3959/1384/3754
f 3959/1384/3754 3958/1383/4135 3960/1385/4136
f 3959/1384/3754 3960/1385/4136 3952/1375/4127
f 3952/1375/4127 3960/1385/4136 3955/1379/4131
f 3952/1375/4127 3955/1379/4131 3953/1377/4129
f 3957/1382/4134 3950/1381/4133 3961/1386/4137
f 3961/1386/4137 3950/1381/4133 3949/1387/4138
f 3961/1386/4137 3949/1387/4138 3948/1388/4139
f 3961/1386/4137 3948/1388/4139 3962/1389/4140
f 3962/1389/4140 3948/1388/4139 3947/1390/4141
f 3962/1389/4140 3947/1390/4141 3963/1391/4142
f 3963/1391/4142 3947/1390/4141 3946/1392/4143
f 3963/1391/4142 3946/1392/4143 3964/1393/4144
f 3964/1393/4144 3946/1392/4143 3945/1394/4145
f 3964/1393/4144 3945/1394/4145 3944/1395/4146
f 3943/1396/4147 3965/1397/4148 3944/1395/4146
f 3944/1395/4146 3965/1397/4148 3966/1398/4149
f 3944/1395/4146 3966/1398/4149 3964/1393/4144
f 3964/1393/4144 3966/1398/4149 3967/1399/3815
f 3964/1393/4144 3967/1399/3815 3968/1400/3816
f 3942/1401/4150 3969/1402/3773 3943/1396/4147
f 3943/1396/4147 3969/1402/3773 3970/1403/3774
f 3943/1396/4147 3970/1403/3774 3971/1404/3775
f 3971/1404/3775 3970/1403/3774 3972/1405/4151
f 3971/1404/3775 3972/1405/4151 3973/1406/3777
f 3973/1406/3777 3972/1405/4151 3974/1407/4152
f 3973/1406/3777 3974/1407/4152 3975/1408/4153
f 3975/1408/4153 3974/1407/4152 3965/1397/4148
f 3975/1408/4153 3965/1397/4148 3943/1396/4147
f 3969/1402/3773 3942/1401/4150 3976/1409/3784
f 3976/1409/3784 3942/1401/4150 3928/1410/4154
f 3976/1409/3784 3928/1410/4154 3977/1411/4155
f 3977/1411/4155 3928/1410/4154 3978/1412/4156
f 3978/1412/4156 3928/1410/4154 3929/1413/4157
f 3978/1412/4156 3929/1413/4157 3979/1414/3786
f 3979/1414/3786 3929/1413/4157 3931/1415/4158
f 3979/1414/3786 3931/1415/4158 3980/1416/4159
f 3980/1416/4159 3931/1415/4158 3933/1417/4160
f 3980/1416/4159 3933/1417/4160 3981/1418/4161
f 3981/1418/4161 3933/1417/4160 3935/1419/4162
f 3981/1418/4161 3935/1419/4162 3982/1420/4163
f 3982/1420/4163 3935/1419/4162 3937/1421/4164
f 3982/1420/4163 3937/1421/4164 3939/1422/4165
f 3982/1420/4163 3939/1422/4165 3983/1423/3795
f 3983/1423/3795 3939/1422/4165 3941/1424/4166
f 3983/1423/3795 3941/1424/4166 3984/1425/3809
f 3984/1425/3809 3941/1424/4166 3625/1426/4167
f 3984/1425/3809 3625/1426/4167 3624/1427/4168
f 3984/1425/3809 3624/1427/4168 3985/1428/4169
f 3985/1428/4169 3624/1427/4168 3622/1429/4170
f 3985/1428/4169 3622/1429/4170 3620/1430/4171
f 3616/1431/4172 3986/1432/4173 3620/1430/4171
f 3620/1430/4171 3986/1432/4173 3985/1428/4169
f 3986/1432/4173 3987/1433/4174 3985/1428/4169
f 3985/1428/4169 3987/1433/4174 3988/1434/4175
f 3985/1428/4169 3988/1434/4175 3984/1425/3809
f 3984/1425/3809 3988/1434/4175 3989/1435/4176
f 3984/1425/3809 3989/1435/4176 3990/1436/4177
f 3990/1436/4177 3991/1437/3809 3984/1425/3809
f 3984/1425/3809 3991/1437/3809 3983/1423/3795
f 3991/1437/3809 3992/1438/4178 3983/1423/3795
f 3983/1423/3795 3992/1438/4178 3982/1420/4163
f 3992/1438/4178 3993/1439/4179 3982/1420/4163
f 3982/1420/4163 3993/1439/4179 3994/1440/4180
f 3982/1420/4163 3994/1440/4180 3981/1418/4161
f 3981/1418/4161 3994/1440/4180 3995/1441/4181
f 3981/1418/4161 3995/1441/4181 3980/1416/4159
f 3980/1416/4159 3996/1442/4182 3979/1414/3786
f 3979/1414/3786 3996/1442/4182 3978/1412/4156
f 3977/1411/4155 3997/1443/4183 3976/1409/3784
f 3976/1409/3784 3997/1443/4183 3969/1402/3773
f 3969/1402/3773 3997/1443/4183 3970/1403/3774
f 3970/1403/3774 3997/1443/4183 3972/1405/4151
f 3965/1397/4148 3974/1407/4152 3966/1398/4149
f 3966/1398/4149 3974/1407/4152 3967/1399/3815
f 3968/1400/3816 3998/1444/4184 3964/1393/4144
f 3964/1393/4144 3998/1444/4184 3963/1391/4142
f 3998/1444/4184 3999/1445/4185 3963/1391/4142
f 3963/1391/4142 3999/1445/4185 3962/1389/4140
f 3999/1445/4185 4000/1446/4186 3962/1389/4140
f 3962/1389/4140 4000/1446/4186 3961/1386/4137
f 4000/1446/4186 4001/1447/3820 3961/1386/4137
f 3961/1386/4137 4001/1447/3820 4002/1448/4187
f 3961/1386/4137 4002/1448/4187 3957/1382/4134
f 3957/1382/4134 4002/1448/4187 3960/1385/4136
f 3957/1382/4134 3960/1385/4136 3958/1383/4135
f 3971/1404/3775 3973/1406/3777 3943/1396/4147
f 3943/1396/4147 3973/1406/3777 3975/1408/4153
f 3952/1375/4127 3951/1374/4126 3959/1384/3754
f 3615/1449/4188 4003/1450/4189 3616/1451/4172
f 3616/1451/4172 4003/1450/4189 4004/1452/4190
f 3616/1451/4172 4004/1452/4190 4005/1453/4191
f 4005/1453/4191 4004/1452/4190 3986/1454/4173
f 4005/1453/4191 3986/1454/4173 3616/1451/4172
f 4003/1450/4189 3615/1449/4188 4006/1455/4192
f 4006/1455/4192 3615/1449/4188 3614/1456/4193
f 4006/1455/4192 3614/1456/4193 4007/1457/4194
f 4007/1457/4194 3614/1456/4193 3612/1458/4195
f 4007/1457/4194 3612/1458/4195 4008/1459/4196
f 4008/1459/4196 3612/1458/4195 4009/1460/4197
f 4008/1459/4196 4009/1460/4197 4010/1461/4198
f 4010/1461/4198 4009/1460/4197 4011/1462/4199
f 4011/1462/4199 4009/1460/4197 3608/1463/4200
f 4011/1462/4199 3608/1463/4200 4012/1464/4201
f 4012/1464/4201 3608/1463/4200 3607/1465/4202
f 4012/1464/4201 3607/1465/4202 3605/1466/4203
f 3612/1458/4195 3610/1467/4204 4009/1460/4197
f 4009/1460/4197 3610/1467/4204 3608/1463/4200
f 3603/1468/4205 4013/1469/4206 3605/1466/4203
f 3605/1466/4203 4013/1469/4206 4014/1470/4207
f 3605/1466/4203 4014/1470/4207 4012/1464/4201
f 4012/1464/4201 4014/1470/4207 4015/1471/4208
f 4012/1464/4201 4015/1471/4208 4011/1462/4199
f 3603/1468/4205 3601/1472/4209 4013/1469/4206
f 4013/1469/4206 3601/1472/4209 4016/1473/4210
f 4013/1469/4206 4016/1473/4210 4017/1474/4211
f 4017/1474/4211 4016/1473/4210 4018/1475/4212
f 4018/1475/4212 4016/1473/4210 4019/1476/4213
f 4018/1475/4212 4019/1476/4213 4020/1477/4214
f 4020/1477/4214 4019/1476/4213 3597/1478/4215
f 4020/1477/4214 3597/1478/4215 4021/1479/4216
f 4021/1479/4216 3597/1478/4215 3593/1480/4217
f 4021/1479/4216 3593/1480/4217 4022/1481/3850
f 4022/1481/3850 3593/1480/4217 4023/1482/3852
f 4022/1481/3850 4023/1482/3852 4024/1483/4218
f 4024/1483/4218 4023/1482/3852 4025/1484/4219
f 4024/1483/4218 4025/1484/4219 4026/1485/4220
f 4026/1485/4220 4025/1484/4219 3591/1486/4221
f 4026/1485/4220 3591/1486/4221 4027/1487/4222
f 4027/1487/4222 3591/1486/4221 3590/1488/4223
f 4027/1487/4222 3590/1488/4223 3592/1489/4224
f 3601/1472/4209 3599/1490/4225 4016/1473/4210
f 4016/1473/4210 3599/1490/4225 4019/1476/4213
f 3599/1490/4225 3597/1478/4215 4019/1476/4213
f 4023/1482/3852 3593/1480/4217 4025/1484/4219
f 4025/1484/4219 3593/1480/4217 3591/1486/4221
f 4027/1487/4222 3592/1489/4224 4028/1491/4226
f 4028/1491/4226 3592/1489/4224 3583/1492/4227
f 4028/1491/4226 3583/1492/4227 3581/1493/4228
f 4028/1491/4226 3581/1493/4228 4029/1494/4229
f 4029/1494/4229 3581/1493/4228 3579/1495/4230
f 4029/1494/4229 3579/1495/4230 4030/1496/4231
f 4030/1496/4231 3579/1495/4230 3577/1497/4232
f 4030/1496/4231 3577/1497/4232 4031/1498/4233
f 4031/1498/4233 3577/1497/4232 3576/1499/4234
f 4031/1498/4233 3576/1499/4234 3570/1500/4235
f 4031/1498/4233 3570/1500/4235 4032/1501/4236
f 4032/1501/4236 3570/1500/4235 3572/1502/4237
f 4032/1501/4236 3572/1502/4237 3955/1503/4238
f 3955/1503/4238 4033/1504/4239 4032/1501/4236
f 4032/1501/4236 4033/1504/4239 4031/1498/4233
f 4033/1504/4239 4034/1505/4240 4031/1498/4233
f 4031/1498/4233 4034/1505/4240 4035/1506/4241
f 4031/1498/4233 4035/1506/4241 4030/1496/4231
f 4030/1496/4231 4035/1506/4241 4036/1507/4242
f 4030/1496/4231 4036/1507/4242 4029/1494/4229
f 4029/1494/4229 4036/1507/4242 4037/1508/4243
f 4029/1494/4229 4037/1508/4243 4028/1491/4226
f 4028/1491/4226 4037/1508/4243 4038/1509/4244
f 4028/1491/4226 4038/1509/4244 4039/1510/4245
f 4028/1491/4226 4039/1510/4245 4027/1487/4222
f 4027/1487/4222 4039/1510/4245 4040/1511/4246
f 4027/1487/4222 4040/1511/4246 4026/1485/4220
f 4026/1485/4220 4040/1511/4246 4024/1483/4218
f 4024/1483/4218 4041/1512/4247 4022/1481/3850
f 4022/1481/3850 4041/1512/4247 4021/1479/4216
f 4021/1479/4216 4041/1512/4247 4020/1477/4214
f 4020/1477/4214 4041/1512/4247 4018/1475/4212
f 4017/1474/4211 4042/1513/4248 4013/1469/4206
f 4013/1469/4206 4042/1513/4248 4014/1470/4207
f 4007/1457/4194 4043/1514/4249 4006/1455/4192
f 4006/1455/4192 4043/1514/4249 4003/1450/4189
f 4003/1450/4189 4043/1514/4249 4004/1452/4190
f 4004/1452/4190 4043/1514/4249 3986/1454/4173
f 3955/1515/4250 4044/1516/4251 3503/1517/3946
f 3503/1517/3946 4044/1516/4251 4045/1518/4252
f 3503/1517/3946 4045/1518/4252 4046/1519/4253
f 4046/1519/4253 4045/1518/4252 4047/1520/4254
f 4046/1519/4253 4047/1520/4254 4048/1521/4255
f 4048/1521/4255 4047/1520/4254 3960/1522/4256
f 4048/1521/4255 3960/1522/4256 4049/1523/4257
f 4049/1523/4257 3960/1522/4256 4050/1524/4258
f 4049/1523/4257 4050/1524/4258 4051/1525/4259
f 4051/1525/4259 4050/1524/4258 4052/1526/4260
f 4051/1525/4259 4052/1526/4260 4053/1527/4261
f 4053/1527/4261 4052/1526/4260 4054/1528/4262
f 4053/1527/4261 4054/1528/4262 4055/1529/4263
f 4055/1529/4263 4054/1528/4262 4056/1530/4264
f 4056/1530/4264 4054/1528/4262 4057/1531/4265
f 4056/1530/4264 4057/1531/4265 4058/1532/4266
f 4058/1532/4266 4057/1531/4265 4059/1533/4267
f 4058/1532/4266 4059/1533/4267 4060/1534/4268
f 4060/1534/4268 4059/1533/4267 4061/1535/3964
f 4060/1534/4268 4061/1535/3964 4062/1536/4269
f 4062/1536/4269 4061/1535/3964 4063/1537/4270
f 4063/1537/4270 4061/1535/3964 4064/1538/4271
f 4063/1537/4270 4064/1538/4271 4065/1539/4272
f 4065/1539/4272 4064/1538/4271 4066/1540/4273
f 4065/1539/4272 4066/1540/4273 4067/1541/4274
f 4067/1541/4274 4066/1540/4273 3974/1542/4275
f 4067/1541/4274 3974/1542/4275 3972/1543/4276
f 4044/1516/4251 3955/1515/4250 4045/1518/4252
f 4045/1518/4252 3955/1515/4250 3960/1522/4256
f 4045/1518/4252 3960/1522/4256 4047/1520/4254
f 4050/1524/4258 3960/1522/4256 4052/1526/4260
f 4052/1526/4260 3960/1522/4256 4002/1544/4277
f 4052/1526/4260 4002/1544/4277 4054/1528/4262
f 4054/1528/4262 4002/1544/4277 4001/1545/4278
f 4054/1528/4262 4001/1545/4278 4000/1546/4279
f 4054/1528/4262 4000/1546/4279 4057/1531/4265
f 4057/1531/4265 4000/1546/4279 3999/1547/4280
f 4057/1531/4265 3999/1547/4280 4059/1533/4267
f 4059/1533/4267 3999/1547/4280 3998/1548/3985
f 4059/1533/4267 3998/1548/3985 4061/1535/3964
f 4061/1535/3964 3998/1548/3985 3968/1549/4281
f 4061/1535/3964 3968/1549/4281 3967/1550/4282
f 4061/1535/3964 3967/1550/4282 4064/1538/4271
f 4064/1538/4271 3967/1550/4282 3974/1542/4275
f 4064/1538/4271 3974/1542/4275 4066/1540/4273
f 3997/1551/4283 4068/1552/4284 3972/1543/4276
f 3972/1543/4276 4068/1552/4284 4069/1553/4285
f 3972/1543/4276 4069/1553/4285 4070/1554/3971
f 4070/1554/3971 4069/1553/4285 4071/1555/4286
f 4070/1554/3971 4071/1555/4286 4065/1539/4272
f 3977/1556/4287 4072/1557/4288 3997/1551/4283
f 3997/1551/4283 4072/1557/4288 4073/1558/4283
f 3997/1551/4283 4073/1558/4283 4068/1552/4284
f 4068/1552/4284 4073/1558/4283 4071/1555/4286
f 4068/1552/4284 4071/1555/4286 4069/1553/4285
f 4072/1557/4288 3977/1556/4287 4074/1559/4289
f 4074/1559/4289 3977/1556/4287 3978/1560/4290
f 4074/1559/4289 3978/1560/4290 4075/1561/4291
f 4075/1561/4291 3978/1560/4290 3996/1562/4292
f 4075/1561/4291 3996/1562/4292 3980/1563/4293
f 3995/1564/4294 4076/1565/4295 3980/1563/4293
f 3980/1563/4293 4076/1565/4295 4077/1566/4296
f 3980/1563/4293 4077/1566/4296 4075/1561/4291
f 4075/1561/4291 4077/1566/4296 4078/1567/4297
f 4075/1561/4291 4078/1567/4297 4074/1559/4289
f 3995/1564/4294 3994/1568/4298 4076/1565/4295
f 4076/1565/4295 3994/1568/4298 4079/1569/4299
f 4076/1565/4295 4079/1569/4299 4080/1570/4300
f 4080/1570/4300 4079/1569/4299 4081/1571/4301
f 4081/1571/4301 4079/1569/4299 4082/1572/4302
f 4082/1572/4302 4079/1569/4299 4083/1573/4303
f 4082/1572/4302 4083/1573/4303 3563/1574/4304
f 3563/1574/4304 4083/1573/4303 4084/1575/4305
f 3563/1574/4304 4084/1575/4305 3561/1576/4306
f 3561/1576/4306 4084/1575/4305 3559/1577/4307
f 3559/1577/4307 4084/1575/4305 4085/1578/4308
f 3559/1577/4307 4085/1578/4308 3557/1579/4309
f 3557/1579/4309 4085/1578/4308 3541/1580/4310
f 3541/1580/4310 4085/1578/4308 3986/1581/4311
f 3986/1581/4311 4085/1578/4308 3987/1582/4312
f 3987/1582/4312 4085/1578/4308 3988/1583/4313
f 3988/1583/4313 4085/1578/4308 4084/1575/4305
f 3988/1583/4313 4084/1575/4305 3989/1584/4314
f 3989/1584/4314 4084/1575/4305 3990/1585/4315
f 3990/1585/4315 4084/1575/4305 3991/1586/4316
f 3991/1586/4316 4084/1575/4305 4083/1573/4303
f 3991/1586/4316 4083/1573/4303 3992/1587/4317
f 3992/1587/4317 4083/1573/4303 4079/1569/4299
f 3992/1587/4317 4079/1569/4299 3993/1588/4318
f 3993/1588/4318 4079/1569/4299 3994/1568/4298
f 4080/1570/4300 4086/1589/4319 4076/1565/4295
f 4076/1565/4295 4086/1589/4319 4087/1590/4320
f 4076/1565/4295 4087/1590/4320 4077/1566/4296
f 4074/1559/4289 4071/1555/4286 4072/1557/4288
f 4072/1557/4288 4071/1555/4286 4073/1558/4283
f 4051/1525/4259 4046/1519/4253 4049/1523/4257
f 4049/1523/4257 4046/1519/4253 4048/1521/4255
f 4067/1541/4274 3972/1543/4276 4070/1554/3971
f 4065/1539/4272 4067/1541/4274 4070/1554/3971
f 3955/1591/4321 3503/1592/4322 4088/1593/4323
f 4088/1593/4323 3503/1592/4322 3502/1594/4324
f 4088/1593/4323 3502/1594/4324 3569/1595/4325
f 4088/1593/4323 3569/1595/4325 4089/1596/4326
f 4089/1596/4326 3569/1595/4325 3568/1597/4327
f 4089/1596/4326 3568/1597/4327 4090/1598/4328
f 4090/1598/4328 3568/1597/4327 3567/1599/4329
f 4090/1598/4328 3567/1599/4329 4091/1600/4330
f 4091/1600/4330 3567/1599/4329 3566/1601/4331
f 4091/1600/4330 3566/1601/4331 4092/1602/4332
f 4092/1602/4332 3566/1601/4331 3565/1603/4333
f 4092/1602/4332 3565/1603/4333 3564/1604/4334
f 4092/1602/4332 3564/1604/4334 4093/1605/4335
f 4093/1605/4335 3564/1604/4334 3517/1606/4336
f 4093/1605/4335 3517/1606/4336 3519/1607/4337
f 3521/1608/4338 4094/1609/4339 3519/1607/4337
f 3519/1607/4337 4094/1609/4339 4095/1610/4340
f 3519/1607/4337 4095/1610/4340 4096/1611/4341
f 4096/1611/4341 4095/1610/4340 4024/1612/4342
f 4096/1611/4341 4024/1612/4342 4040/1613/4343
f 3523/1614/4344 4097/1615/4345 3521/1608/4338
f 3521/1608/4338 4097/1615/4345 4098/1616/4346
f 3521/1608/4338 4098/1616/4346 4094/1609/4339
f 4094/1609/4339 4098/1616/4346 4041/1617/4347
f 4094/1609/4339 4041/1617/4347 4024/1612/4342
f 4097/1615/4345 3523/1614/4344 4099/1618/4348
f 4099/1618/4348 3523/1614/4344 3524/1619/4349
f 4099/1618/4348 3524/1619/4349 4100/1620/4350
f 4100/1620/4350 3524/1619/4349 3526/1621/4351
f 4100/1620/4350 3526/1621/4351 4101/1622/4352
f 4101/1622/4352 3526/1621/4351 3528/1623/4353
f 4101/1622/4352 3528/1623/4353 3530/1624/4354
f 4101/1622/4352 3530/1624/4354 4102/1625/4355
f 4102/1625/4355 3530/1624/4354 3532/1626/4356
f 4102/1625/4355 3532/1626/4356 3533/1627/4357
f 3535/1628/4358 4103/1629/4359 3533/1627/4357
f 3533/1627/4357 4103/1629/4359 4011/1630/4360
f 3533/1627/4357 4011/1630/4360 4102/1625/4355
f 4102/1625/4355 4011/1630/4360 4015/1631/4361
f 4102/1625/4355 4015/1631/4361 4014/1632/4362
f 4103/1629/4359 3535/1628/4358 4008/1633/4363
f 4008/1633/4363 3535/1628/4358 3537/1634/4364
f 4008/1633/4363 3537/1634/4364 4007/1635/4365
f 4007/1635/4365 3537/1634/4364 4104/1636/4366
f 4007/1635/4365 4104/1636/4366 4043/1637/4367
f 4043/1637/4367 4104/1636/4366 4105/1638/4368
f 4043/1637/4367 4105/1638/4368 4106/1639/4369
f 4106/1639/4369 4105/1638/4368 3541/1640/4310
f 4106/1639/4369 3541/1640/4310 4107/1641/4370
f 4107/1641/4370 3541/1640/4310 3986/1642/4311
f 4107/1641/4370 3986/1642/4311 4043/1637/4367
f 3537/1634/4364 3539/1643/4371 4104/1636/4366
f 4104/1636/4366 3539/1643/4371 4105/1638/4368
f 3539/1643/4371 3541/1640/4310 4105/1638/4368
f 4008/1633/4363 4010/1644/4372 4103/1629/4359
f 4103/1629/4359 4010/1644/4372 4011/1630/4360
f 4102/1625/4355 4014/1632/4362 4101/1622/4352
f 4101/1622/4352 4014/1632/4362 4042/1645/4373
f 4101/1622/4352 4042/1645/4373 4017/1646/4374
f 4101/1622/4352 4017/1646/4374 4100/1620/4350
f 4100/1620/4350 4017/1646/4374 4018/1647/4375
f 4100/1620/4350 4018/1647/4375 4099/1618/4348
f 4099/1618/4348 4018/1647/4375 4097/1615/4345
f 4018/1647/4375 4041/1617/4347 4097/1615/4345
f 4097/1615/4345 4041/1617/4347 4098/1616/4346
f 4039/1648/4376 4093/1605/4335 4040/1613/4343
f 4040/1613/4343 4093/1605/4335 4108/1649/4039
f 4040/1613/4343 4108/1649/4039 4096/1611/4341
f 4096/1611/4341 4108/1649/4039 3519/1607/4337
f 4093/1605/4335 4039/1648/4376 4092/1602/4332
f 4092/1602/4332 4039/1648/4376 4038/1650/4377
f 4092/1602/4332 4038/1650/4377 4037/1651/4378
f 4092/1602/4332 4037/1651/4378 4091/1600/4330
f 4091/1600/4330 4037/1651/4378 4036/1652/4379
f 4091/1600/4330 4036/1652/4379 4090/1598/4328
f 4090/1598/4328 4036/1652/4379 4035/1653/4380
f 4090/1598/4328 4035/1653/4380 4089/1596/4326
f 4089/1596/4326 4035/1653/4380 4034/1654/4381
f 4089/1596/4326 4034/1654/4381 4033/1655/4382
f 4089/1596/4326 4033/1655/4382 4088/1593/4323
f 4088/1593/4323 4033/1655/4382 3955/1591/4321
f 3519/1607/4337 4108/1649/4039 4093/1605/4335
f 4024/1612/4342 4095/1610/4340 4094/1609/4339
f 4107/1641/4370 4043/1637/4367 4106/1639/4369
f 3503/1656/3558 4046/1657/3187 3501/1658/3187
f 3501/1658/3187 4046/1657/3187 4109/1659/4383
f 3501/1658/3187 4109/1659/4383 4110/1660/3917
f 4110/1660/3917 4109/1659/4383 4111/1661/3917
f 4110/1660/3917 4111/1661/3917 4112/1662/4384
f 4112/1662/4384 4111/1661/3917 4113/1663/4385
f 4112/1662/4384 4113/1663/4385 4114/1664/4386
f 4114/1664/4386 4113/1663/4385 4115/1665/4387
f 4114/1664/4386 4115/1665/4387 4116/1666/4388
f 4116/1666/4388 4115/1665/4387 4117/1667/4389
f 4116/1666/4388 4117/1667/4389 4118/1668/4390
f 4118/1668/4390 4117/1667/4389 4119/1669/4391
f 4118/1668/4390 4119/1669/4391 4120/1670/4392
f 4120/1670/4392 4119/1669/4391 4121/1671/4393
f 4120/1670/4392 4121/1671/4393 4122/1672/4394
f 4122/1672/4394 4121/1671/4393 4123/1673/4395
f 4123/1673/4395 4121/1671/4393 4124/1674/4396
f 4123/1673/4395 4124/1674/4396 4125/1675/4397
f 4125/1675/4397 4124/1674/4396 4126/1676/3901
f 4125/1675/4397 4126/1676/3901 4127/1677/4398
f 4127/1677/4398 4126/1676/3901 4071/1678/4399
f 4127/1677/4398 4071/1678/4399 4074/1679/4400
f 4046/1657/3187 4051/1680/3918 4109/1659/4383
f 4109/1659/4383 4051/1680/3918 4111/1661/3917
f 4051/1680/3918 4053/1681/4401 4111/1661/3917
f 4111/1661/3917 4053/1681/4401 4113/1663/4385
f 4053/1681/4401 4055/1682/4402 4113/1663/4385
f 4113/1663/4385 4055/1682/4402 4115/1665/4387
f 4055/1682/4402 4056/1683/4403 4115/1665/4387
f 4115/1665/4387 4056/1683/4403 4117/1667/4389
f 4056/1683/4403 4058/1684/4404 4117/1667/4389
f 4117/1667/4389 4058/1684/4404 4119/1669/4391
f 4058/1684/4404 4060/1685/4405 4119/1669/4391
f 4119/1669/4391 4060/1685/4405 4062/1686/4406
f 4119/1669/4391 4062/1686/4406 4121/1671/4393
f 4121/1671/4393 4062/1686/4406 4063/1687/4407
f 4121/1671/4393 4063/1687/4407 4124/1674/4396
f 4124/1674/4396 4063/1687/4407 4065/1688/4408
f 4124/1674/4396 4065/1688/4408 4126/1676/3901
f 4126/1676/3901 4065/1688/4408 4071/1678/4399
f 4078/1689/4409 4128/1690/4410 4074/1679/4400
f 4074/1679/4400 4128/1690/4410 4129/1691/4411
f 4074/1679/4400 4129/1691/4411 4130/1692/3901
f 4130/1692/3901 4129/1691/4411 4131/1693/4412
f 4130/1692/3901 4131/1693/4412 4132/1694/3901
f 4128/1690/4410 4078/1689/4409 4133/1695/4413
f 4133/1695/4413 4078/1689/4409 4077/1696/4414
f 4133/1695/4413 4077/1696/4414 4134/1697/4102
f 4134/1697/4102 4077/1696/4414 4087/1698/4415
f 4134/1697/4102 4087/1698/4415 4135/1699/3892
f 4135/1699/3892 4087/1698/4415 4086/1700/3892
f 4135/1699/3892 4086/1700/3892 4080/1701/4416
f 4135/1699/3892 4080/1701/4416 4136/1702/4417
f 4136/1702/4417 4080/1701/4416 4081/1703/4418
f 4136/1702/4417 4081/1703/4418 4137/1704/4419
f 4137/1704/4419 4081/1703/4418 4082/1705/4420
f 4137/1704/4419 4082/1705/4420 4138/1706/4421
f 4138/1706/4421 4082/1705/4420 3563/805/3147
f 4138/1706/4421 3563/805/3147 3562/804/3147
f 3562/804/3147 4139/1707/4422 4138/1706/4421
f 4138/1706/4421 4139/1707/4422 4140/1708/4423
f 4138/1706/4421 4140/1708/4423 4137/1704/4419
f 4137/1704/4419 4140/1708/4423 4141/1709/4424
f 4137/1704/4419 4141/1709/4424 4136/1702/4417
f 4136/1702/4417 4141/1709/4424 4142/1710/4425
f 4136/1702/4417 4142/1710/4425 4135/1699/3892
f 4135/1699/3892 4142/1710/4425 4143/1711/4426
f 4135/1699/3892 4143/1711/4426 4134/1697/4102
f 4134/1697/4102 4143/1711/4426 4144/1712/4427
f 4134/1697/4102 4144/1712/4427 4133/1695/4413
f 4133/1695/4413 4144/1712/4427 4145/1713/4428
f 4133/1695/4413 4145/1713/4428 4128/1690/4410
f 4128/1690/4410 4145/1713/4428 4131/1693/4412
f 4128/1690/4410 4131/1693/4412 4129/1691/4411
f 4130/1692/3901 4132/1694/3901 4127/1677/4398
f 4127/1677/4398 4132/1694/3901 4125/1675/4397
f 4127/1677/4398 4074/1679/4400 4130/1692/3901
f 4110/1714/4429 4146/1715/4430 3501/1716/4431
f 3501/1716/4431 4146/1715/4430 4147/1717/4432
f 3501/1716/4431 4147/1717/4432 4148/1718/4433
f 4148/1718/4433 4147/1717/4432 4146/1715/4430
f 4148/1718/4433 4146/1715/4430 4149/1719/3755
f 4149/1719/3755 4146/1715/4430 4110/1714/4429
f 4149/1719/3755 4110/1714/4429 4150/1720/4129
f 4150/1720/4129 4110/1714/4429 4151/1721/4434
f 4150/1720/4129 4151/1721/4434 4152/1722/4435
f 4152/1722/4435 4151/1721/4434 4153/1723/4436
f 4152/1722/4435 4153/1723/4436 4154/1724/4437
f 4154/1724/4437 4153/1723/4436 4110/1714/4429
f 4154/1724/4437 4110/1714/4429 4112/1725/4438
f 4154/1724/4437 4112/1725/4438 4155/1726/4137
f 4155/1726/4137 4112/1725/4438 4114/1727/4439
f 4155/1726/4137 4114/1727/4439 4116/1728/4440
f 4155/1726/4137 4116/1728/4440 4156/1729/4441
f 4156/1729/4441 4116/1728/4440 4118/1730/4442
f 4156/1729/4441 4118/1730/4442 4157/1731/4443
f 4157/1731/4443 4118/1730/4442 4120/1732/4444
f 4157/1731/4443 4120/1732/4444 4158/1733/4445
f 4158/1733/4445 4120/1732/4444 4122/1734/4446
f 4158/1733/4445 4122/1734/4446 4123/1735/4447
f 4158/1733/4445 4123/1735/4447 4159/1736/4149
f 4159/1736/4149 4123/1735/4447 4125/1737/4448
f 4159/1736/4149 4125/1737/4448 4160/1738/4449
f 4160/1738/4449 4125/1737/4448 4161/1739/4450
f 4160/1738/4449 4161/1739/4450 4162/1740/4148
f 4162/1740/4148 4161/1739/4450 4163/1741/4451
f 4163/1741/4451 4161/1739/4450 4164/1742/4452
f 4163/1741/4451 4164/1742/4452 4165/1743/3774
f 4165/1743/3774 4164/1742/4452 4125/1737/4448
f 4165/1743/3774 4125/1737/4448 4132/1744/4453
f 4131/1745/4454 4166/1746/4455 4132/1744/4453
f 4132/1744/4453 4166/1746/4455 4167/1747/3773
f 4132/1744/4453 4167/1747/3773 4165/1743/3774
f 4165/1743/3774 4167/1747/3773 4168/1748/4456
f 4165/1743/3774 4168/1748/4456 4163/1741/4451
f 4145/1749/3781 4169/1750/4457 4131/1745/4454
f 4131/1745/4454 4169/1750/4457 4170/1751/4458
f 4131/1745/4454 4170/1751/4458 4166/1746/4455
f 4166/1746/4455 4170/1751/4458 4168/1748/4456
f 4166/1746/4455 4168/1748/4456 4167/1747/3773
f 4169/1750/4457 4145/1749/3781 4171/1752/4459
f 4171/1752/4459 4145/1749/3781 4144/1753/4460
f 4171/1752/4459 4144/1753/4460 4172/1754/4461
f 4172/1754/4461 4144/1753/4460 4143/1755/4462
f 4172/1754/4461 4143/1755/4462 4173/1756/4463
f 4173/1756/4463 4143/1755/4462 4142/1757/4464
f 4173/1756/4463 4142/1757/4464 4174/1758/4465
f 4174/1758/4465 4142/1757/4464 4141/1759/4466
f 4174/1758/4465 4141/1759/4466 4140/1760/4467
f 4174/1758/4465 4140/1760/4467 4175/1761/4468
f 4175/1761/4468 4140/1760/4467 4139/1762/4469
f 4175/1761/4468 4139/1762/4469 4176/1763/4470
f 4176/1763/4470 4139/1762/4469 3562/1764/4471
f 4176/1763/4470 3562/1764/4471 3560/1765/4472
f 4176/1763/4470 3560/1765/4472 4177/1766/4473
f 4177/1766/4473 3560/1765/4472 3558/1767/4474
f 4177/1766/4473 3558/1767/4474 3556/1768/4475
f 3543/1769/4476 4178/1770/4477 3556/1768/4475
f 3556/1768/4475 4178/1770/4477 4177/1766/4473
f 4178/1770/4477 4179/1771/4478 4177/1766/4473
f 4177/1766/4473 4179/1771/4478 4176/1763/4470
f 4179/1771/4478 4180/1772/4479 4176/1763/4470
f 4176/1763/4470 4180/1772/4479 4181/1773/4480
f 4176/1763/4470 4181/1773/4480 4182/1774/4481
f 4182/1774/4481 4183/1775/4482 4176/1763/4470
f 4176/1763/4470 4183/1775/4482 4175/1761/4468
f 4183/1775/4482 4184/1776/4483 4175/1761/4468
f 4175/1761/4468 4184/1776/4483 4174/1758/4465
f 4184/1776/4483 4185/1777/4484 4174/1758/4465
f 4174/1758/4465 4185/1777/4484 4186/1778/4485
f 4174/1758/4465 4186/1778/4485 4173/1756/4463
f 4173/1756/4463 4186/1778/4485 4187/1779/4486
f 4173/1756/4463 4187/1779/4486 4172/1754/4461
f 4172/1754/4461 4188/1780/4487 4171/1752/4459
f 4171/1752/4459 4188/1780/4487 4169/1750/4457
f 4160/1738/4449 4162/1740/4148 4159/1736/4149
f 4159/1736/4149 4162/1740/4148 4189/1781/4488
f 4159/1736/4149 4189/1781/4488 4158/1733/4445
f 4158/1733/4445 4189/1781/4488 4190/1782/4489
f 4158/1733/4445 4190/1782/4489 4191/1783/4490
f 4158/1733/4445 4191/1783/4490 4157/1731/4443
f 4157/1731/4443 4191/1783/4490 4192/1784/4491
f 4157/1731/4443 4192/1784/4491 4156/1729/4441
f 4156/1729/4441 4192/1784/4491 4193/1785/4492
f 4156/1729/4441 4193/1785/4492 4155/1726/4137
f 4155/1726/4137 4193/1785/4492 4194/1786/4493
f 4155/1726/4137 4194/1786/4493 4195/1787/4187
f 4155/1726/4137 4195/1787/4187 4154/1724/4437
f 4154/1724/4437 4195/1787/4187 4152/1722/4435
f 4152/1722/4435 4148/1718/4433 4150/1720/4129
f 4150/1720/4129 4148/1718/4433 4149/1719/3755
f 4161/1739/4450 4125/1737/4448 4164/1742/4452
f 4153/1723/4436 4151/1721/4434 4110/1714/4429
f 4178/1770/4477 3543/1769/4476 4196/1788/4494
f 4196/1788/4494 3543/1789/4476 3542/1790/4495
f 4196/1788/4494 3542/1790/4495 4197/1791/4495
f 4197/1791/4495 3542/1790/4495 4198/1792/4496
f 4197/1791/4495 4198/1792/4496 4199/1793/4497
f 4199/1793/4497 4198/1792/4496 4200/1794/4498
f 4199/1793/4497 4200/1794/4498 4201/1795/4499
f 4201/1795/4499 4200/1794/4498 3555/1796/4500
f 4201/1795/4499 3555/1796/4500 3554/1797/4501
f 3542/1790/4495 3555/1796/4500 4198/1792/4496
f 4198/1792/4496 3555/1796/4500 4200/1794/4498
f 3553/1798/4502 4202/1799/4503 3554/1797/4501
f 3554/1797/4501 4202/1799/4503 4203/1800/4504
f 3554/1797/4501 4203/1800/4504 4201/1795/4499
f 4202/1799/4503 3553/1798/4502 4204/1801/4505
f 4204/1801/4505 3553/1798/4502 3552/1802/4506
f 4204/1801/4505 3552/1802/4506 4205/1803/4507
f 4205/1803/4507 3552/1802/4506 3551/1804/4508
f 4205/1803/4507 3551/1804/4508 3550/1805/4509
f 4205/1803/4507 3550/1805/4509 4206/1806/4510
f 4206/1806/4510 3550/1805/4509 3549/1807/4511
f 4206/1806/4510 3549/1807/4511 4207/1808/4512
f 4207/1808/4512 3549/1807/4511 3548/1809/4513
f 4207/1808/4512 3548/1809/4513 3547/1810/4514
f 4207/1808/4512 3547/1810/4514 4208/1811/4515
f 4208/1811/4515 3547/1810/4514 3546/1812/4516
f 4208/1811/4515 3546/1812/4516 4209/1813/4517
f 4209/1813/4517 3546/1812/4516 4210/1814/4518
f 4209/1813/4517 4210/1814/4518 4211/1815/4519
f 4211/1815/4519 4210/1814/4518 4212/1816/4520
f 4211/1815/4519 4212/1816/4520 4213/1817/4521
f 4213/1817/4521 4212/1816/4520 4214/1818/4522
f 4213/1817/4521 4214/1818/4522 4215/1819/4523
f 4215/1819/4523 4214/1818/4522 3545/1820/4524
f 4215/1819/4523 3545/1820/4524 4216/1821/4525
f 4216/1821/4525 3545/1820/4524 4217/1822/4526
f 4216/1821/4525 4217/1822/4526 4218/1823/4222
f 4218/1823/4222 4217/1822/4526 4219/1824/4527
f 4219/1824/4527 4217/1822/4526 4220/1825/4528
f 4219/1824/4527 4220/1825/4528 4221/1826/4529
f 4221/1826/4529 4220/1825/4528 4222/1827/4530
f 4222/1827/4530 4220/1825/4528 4223/1828/4531
f 4222/1827/4530 4223/1828/4531 4224/1829/4532
f 4224/1829/4532 4223/1828/4531 4225/1830/4533
f 4224/1829/4532 4225/1830/4533 4226/1831/4534
f 4226/1831/4534 4225/1830/4533 4227/1832/4535
f 4226/1831/4534 4227/1832/4535 4228/1833/4536
f 4228/1833/4536 4227/1832/4535 4229/1834/4537
f 4229/1834/4537 4227/1832/4535 4230/1835/4538
f 4229/1834/4537 4230/1835/4538 4148/1836/4539
f 4148/1836/4539 4230/1835/4538 3501/1837/4540
f 3501/1837/4540 4230/1835/4538 3499/1838/4541
f 3499/1838/4541 4230/1835/4538 4227/1832/4535
f 3499/1838/4541 4227/1832/4535 3505/1839/4542
f 3505/1839/4542 4227/1832/4535 3506/1840/4543
f 3506/1840/4543 4227/1832/4535 4225/1830/4533
f 3506/1840/4543 4225/1830/4533 3508/1841/4544
f 3508/1841/4544 4225/1830/4533 4223/1828/4531
f 3508/1841/4544 4223/1828/4531 3510/1842/4545
f 3510/1842/4545 4223/1828/4531 4220/1825/4528
f 3510/1842/4545 4220/1825/4528 3512/1843/4546
f 3512/1843/4546 4220/1825/4528 3514/1844/4547
f 3514/1844/4547 4220/1825/4528 4217/1822/4526
f 3514/1844/4547 4217/1822/4526 3544/1845/4548
f 3544/1845/4548 4217/1822/4526 3545/1820/4524
f 4210/1814/4518 3546/1812/4516 4212/1816/4520
f 4212/1816/4520 3546/1812/4516 3545/1820/4524
f 4212/1816/4520 3545/1820/4524 4214/1818/4522
f 4218/1823/4222 4213/1817/4521 4216/1821/4525
f 4216/1821/4525 4213/1817/4521 4215/1819/4523
f 4211/1815/4519 4231/1846/4549 4209/1813/4517
f 4209/1813/4517 4231/1846/4549 4208/1811/4515
f 4208/1811/4515 4231/1846/4549 4207/1808/4512
f 4207/1808/4512 4231/1846/4549 4232/1847/4550
f 4207/1808/4512 4232/1847/4550 4206/1806/4510
f 4206/1806/4510 4232/1847/4550 4233/1848/4551
f 4206/1806/4510 4233/1848/4551 4234/1849/4552
f 4206/1806/4510 4234/1849/4552 4205/1803/4507
f 4205/1803/4507 4234/1849/4552 4235/1850/4553
f 4205/1803/4507 4235/1850/4553 4204/1801/4505
f 4204/1801/4505 4236/1851/4554 4202/1799/4503
f 4202/1799/4503 4236/1851/4554 4203/1800/4504
f 4199/1793/4497 4178/1852/4477 4197/1791/4495
f 4197/1791/4495 4178/1852/4477 4196/1788/4494
f 4148/1853/4555 4237/1854/4556 3431/1855/4557
f 3431/1855/4557 4237/1854/4556 4238/1856/4558
f 3431/1855/4557 4238/1856/4558 4239/1857/4559
f 4239/1857/4559 4238/1856/4558 4152/1858/4560
f 4239/1857/4559 4152/1858/4560 4240/1859/4561
f 4240/1859/4561 4152/1858/4560 4241/1860/4255
f 4240/1859/4561 4241/1860/4255 4242/1861/3952
f 4242/1861/3952 4241/1860/4255 4243/1862/4562
f 4242/1861/3952 4243/1862/4562 4244/1863/4563
f 4244/1863/4563 4243/1862/4562 4245/1864/4564
f 4244/1863/4563 4245/1864/4564 4246/1865/4565
f 4246/1865/4565 4245/1864/4564 4247/1866/4566
f 4246/1865/4565 4247/1866/4566 4248/1867/4567
f 4248/1867/4567 4247/1866/4566 4249/1868/4568
f 4249/1868/4568 4247/1866/4566 4250/1869/4265
f 4249/1868/4568 4250/1869/4265 4251/1870/4569
f 4251/1870/4569 4250/1869/4265 4252/1871/4570
f 4252/1871/4570 4250/1869/4265 4253/1872/4571
f 4252/1871/4570 4253/1872/4571 4254/1873/4572
f 4254/1873/4572 4253/1872/4571 4255/1874/4573
f 4254/1873/4572 4255/1874/4573 4256/1875/4574
f 4256/1875/4574 4255/1874/4573 4257/1876/4575
f 4256/1875/4574 4257/1876/4575 4258/1877/4576
f 4258/1877/4576 4257/1876/4575 4259/1878/4577
f 4258/1877/4576 4259/1878/4577 4260/1879/3970
f 4260/1879/3970 4259/1878/4577 4162/1880/4578
f 4260/1879/3970 4162/1880/4578 4163/1881/4579
f 4237/1854/4556 4148/1853/4555 4238/1856/4558
f 4238/1856/4558 4148/1853/4555 4152/1858/4560
f 4195/1882/4277 4245/1864/4564 4152/1858/4560
f 4152/1858/4560 4245/1864/4564 4243/1862/4562
f 4152/1858/4560 4243/1862/4562 4241/1860/4255
f 4245/1864/4564 4195/1882/4277 4247/1866/4566
f 4247/1866/4566 4195/1882/4277 4194/1883/4580
f 4247/1866/4566 4194/1883/4580 4193/1884/4279
f 4247/1866/4566 4193/1884/4279 4250/1869/4265
f 4250/1869/4265 4193/1884/4279 4192/1885/4581
f 4250/1869/4265 4192/1885/4581 4253/1872/4571
f 4253/1872/4571 4192/1885/4581 4191/1886/4582
f 4253/1872/4571 4191/1886/4582 4255/1874/4573
f 4255/1874/4573 4191/1886/4582 4190/1887/4583
f 4255/1874/4573 4190/1887/4583 4189/1888/4584
f 4255/1874/4573 4189/1888/4584 4257/1876/4575
f 4257/1876/4575 4189/1888/4584 4162/1880/4578
f 4257/1876/4575 4162/1880/4578 4259/1878/4577
f 4168/1889/4585 4261/1890/4284 4163/1881/4579
f 4163/1881/4579 4261/1890/4284 4262/1891/4586
f 4163/1881/4579 4262/1891/4586 4260/1879/3970
f 4260/1879/3970 4262/1891/4586 4258/1877/4576
f 4170/1892/4287 4263/1893/4587 4168/1889/4585
f 4168/1889/4585 4263/1893/4587 4264/1894/4283
f 4168/1889/4585 4264/1894/4283 4261/1890/4284
f 4261/1890/4284 4264/1894/4283 4265/1895/4588
f 4261/1890/4284 4265/1895/4588 4262/1891/4586
f 4262/1891/4586 4265/1895/4588 4258/1877/4576
f 4263/1893/4587 4170/1892/4287 4266/1896/4589
f 4266/1896/4589 4170/1892/4287 4169/1897/4590
f 4266/1896/4589 4169/1897/4590 4267/1898/4591
f 4267/1898/4591 4169/1897/4590 4268/1899/4592
f 4267/1898/4591 4268/1899/4592 4269/1900/4593
f 4269/1900/4593 4268/1899/4592 4172/1901/4594
f 4269/1900/4593 4172/1901/4594 4270/1902/4595
f 4270/1902/4595 4172/1901/4594 4271/1903/4596
f 4270/1902/4595 4271/1903/4596 4272/1904/4597
f 4272/1904/4597 4271/1903/4596 4273/1905/4598
f 4273/1905/4598 4271/1903/4596 4274/1906/4599
f 4273/1905/4598 4274/1906/4599 4275/1907/4600
f 4275/1907/4600 4274/1906/4599 4276/1908/4002
f 4275/1907/4600 4276/1908/4002 4277/1909/4601
f 4277/1909/4601 4276/1908/4002 4278/1910/4602
f 4277/1909/4601 4278/1910/4602 3486/1911/4603
f 3486/1911/4603 4278/1910/4602 3484/1912/4604
f 3484/1912/4604 4278/1910/4602 3482/1913/4605
f 3482/1913/4605 4278/1910/4602 4279/1914/4606
f 3482/1913/4605 4279/1914/4606 3480/1915/4607
f 3480/1915/4607 4279/1914/4606 3478/1916/4608
f 3478/1916/4608 4279/1914/4606 4178/1917/4609
f 4178/1917/4609 4279/1914/4606 4179/1918/4610
f 4179/1918/4610 4279/1914/4606 4278/1910/4602
f 4179/1918/4610 4278/1910/4602 4180/1919/4611
f 4180/1919/4611 4278/1910/4602 4181/1920/4612
f 4181/1920/4612 4278/1910/4602 4182/1921/4613
f 4182/1921/4613 4278/1910/4602 4183/1922/4614
f 4183/1922/4614 4278/1910/4602 4276/1908/4002
f 4183/1922/4614 4276/1908/4002 4184/1923/4615
f 4184/1923/4615 4276/1908/4002 4274/1906/4599
f 4184/1923/4615 4274/1906/4599 4185/1924/4616
f 4185/1924/4616 4274/1906/4599 4186/1925/4298
f 4186/1925/4298 4274/1906/4599 4271/1903/4596
f 4186/1925/4298 4271/1903/4596 4187/1926/4617
f 4187/1926/4617 4271/1903/4596 4172/1901/4594
f 4169/1897/4590 4188/1927/4618 4268/1899/4592
f 4268/1899/4592 4188/1927/4618 4172/1901/4594
f 4266/1896/4589 4265/1895/4588 4263/1893/4587
f 4263/1893/4587 4265/1895/4588 4264/1894/4283
f 4242/1861/3952 3431/1855/4557 4240/1859/4561
f 4240/1859/4561 3431/1855/4557 4239/1857/4559
f 4148/1928/4019 3431/1929/4619 4280/1930/4620
f 4280/1930/4620 3431/1929/4619 3430/1931/4621
f 4280/1930/4620 3430/1931/4621 3498/1932/4622
f 4280/1930/4620 3498/1932/4622 4281/1933/4623
f 4281/1933/4623 3498/1932/4622 3497/1934/4624
f 4281/1933/4623 3497/1934/4624 4282/1935/4625
f 4282/1935/4625 3497/1934/4624 3496/1936/4626
f 4282/1935/4625 3496/1936/4626 4283/1937/4627
f 4283/1937/4627 3496/1936/4626 3495/1938/4628
f 4283/1937/4627 3495/1938/4628 4284/1939/4629
f 4284/1939/4629 3495/1938/4628 3494/1940/4630
f 4284/1939/4629 3494/1940/4630 3493/1941/4631
f 4284/1939/4629 3493/1941/4631 4285/1942/4632
f 4285/1942/4632 3493/1941/4631 3445/1943/4633
f 4285/1942/4632 3445/1943/4633 4286/1944/4634
f 4286/1944/4634 3445/1943/4633 3447/1945/4635
f 4286/1944/4634 3447/1945/4635 4287/1946/4636
f 4287/1946/4636 3447/1945/4635 4288/1947/4637
f 4287/1946/4636 4288/1947/4637 4213/1948/4638
f 4213/1948/4638 4288/1947/4637 4289/1949/4346
f 4213/1948/4638 4289/1949/4346 4211/1950/4639
f 4211/1950/4639 4289/1949/4346 4290/1951/4640
f 4211/1950/4639 4290/1951/4640 4291/1952/4641
f 4291/1952/4641 4290/1951/4640 3492/1953/4642
f 4291/1952/4641 3492/1953/4642 4292/1954/4643
f 4292/1954/4643 3492/1953/4642 3456/1955/4644
f 4292/1954/4643 3456/1955/4644 4293/1956/4645
f 4293/1956/4645 3456/1955/4644 3457/1957/4646
f 4293/1956/4645 3457/1957/4646 4294/1958/4647
f 4294/1958/4647 3457/1957/4646 3459/1959/4648
f 4294/1958/4647 3459/1959/4648 3469/1960/4649
f 4288/1947/4637 3447/1945/4635 4289/1949/4346
f 4289/1949/4346 3447/1945/4635 3492/1953/4642
f 4289/1949/4346 3492/1953/4642 4290/1951/4640
f 4294/1958/4647 3469/1960/4649 4295/1961/4650
f 4295/1961/4650 3469/1960/4649 3491/1962/4651
f 4295/1961/4650 3491/1962/4651 4204/1963/4652
f 4204/1963/4652 3491/1962/4651 3490/1964/4653
f 4204/1963/4652 3490/1964/4653 4296/1965/4654
f 4296/1965/4654 3490/1964/4653 3489/1966/4655
f 4296/1965/4654 3489/1966/4655 4203/1967/4656
f 4203/1967/4656 3489/1966/4655 3488/1968/4657
f 4203/1967/4656 3488/1968/4657 4201/1969/4658
f 4201/1969/4658 3488/1968/4657 4297/1970/4659
f 4201/1969/4658 4297/1970/4659 4199/1971/4660
f 4199/1971/4660 4297/1970/4659 4298/1972/4661
f 4199/1971/4660 4298/1972/4661 4299/1973/4661
f 4299/1973/4661 4298/1972/4661 3487/1974/4662
f 4299/1973/4661 3487/1974/4662 3478/1975/4608
f 3488/1968/4657 3487/1974/4662 4297/1970/4659
f 4297/1970/4659 3487/1974/4662 4298/1972/4661
f 4299/1973/4661 3478/1975/4608 4300/1976/4663
f 4300/1976/4663 3478/1975/4608 4178/1977/4609
f 4300/1976/4663 4178/1977/4609 4199/1971/4660
f 4203/1967/4656 4236/1978/4664 4296/1965/4654
f 4296/1965/4654 4236/1978/4664 4204/1963/4652
f 4204/1963/4652 4235/1979/4665 4295/1961/4650
f 4295/1961/4650 4235/1979/4665 4234/1980/4666
f 4295/1961/4650 4234/1980/4666 4294/1958/4647
f 4294/1958/4647 4234/1980/4666 4233/1981/4667
f 4294/1958/4647 4233/1981/4667 4232/1982/4668
f 4294/1958/4647 4232/1982/4668 4293/1956/4645
f 4293/1956/4645 4232/1982/4668 4231/1983/4669
f 4293/1956/4645 4231/1983/4669 4292/1954/4643
f 4292/1954/4643 4231/1983/4669 4291/1952/4641
f 4231/1983/4669 4211/1950/4639 4291/1952/4641
f 4213/1948/4638 4218/1984/4670 4287/1946/4636
f 4287/1946/4636 4218/1984/4670 4286/1944/4634
f 4286/1944/4634 4218/1984/4670 4285/1942/4632
f 4285/1942/4632 4218/1984/4670 4219/1985/4671
f 4285/1942/4632 4219/1985/4671 4284/1939/4629
f 4284/1939/4629 4219/1985/4671 4221/1986/4672
f 4284/1939/4629 4221/1986/4672 4222/1987/4673
f 4284/1939/4629 4222/1987/4673 4283/1937/4627
f 4283/1937/4627 4222/1987/4673 4224/1988/4674
f 4283/1937/4627 4224/1988/4674 4282/1935/4625
f 4282/1935/4625 4224/1988/4674 4226/1989/4675
f 4282/1935/4625 4226/1989/4675 4281/1933/4623
f 4281/1933/4623 4226/1989/4675 4228/1990/4676
f 4281/1933/4623 4228/1990/4676 4229/1991/4677
f 4281/1933/4623 4229/1991/4677 4280/1930/4620
f 4280/1930/4620 4229/1991/4677 4148/1928/4019
f 4300/1976/4663 4199/1971/4660 4299/1973/4661
f 3429/1992/3311 3431/1993/3558 4301/1994/3187
f 4301/1994/3187 3431/1993/3558 4242/1995/3187
f 4301/1994/3187 4242/1995/3187 4302/1996/3187
f 4302/1996/3187 4242/1995/3187 4244/1997/4678
f 4302/1996/3187 4244/1997/4678 4303/1998/4679
f 4303/1998/4679 4244/1997/4678 4246/1999/4680
f 4303/1998/4679 4246/1999/4680 4304/2000/4681
f 4304/2000/4681 4246/1999/4680 4248/2001/4682
f 4304/2000/4681 4248/2001/4682 4305/2002/4683
f 4305/2002/4683 4248/2001/4682 4249/2003/4684
f 4305/2002/4683 4249/2003/4684 4306/2004/4685
f 4306/2004/4685 4249/2003/4684 4251/2005/4686
f 4306/2004/4685 4251/2005/4686 4307/2006/4687
f 4307/2006/4687 4251/2005/4686 4252/2007/4688
f 4307/2006/4687 4252/2007/4688 4308/2008/4689
f 4308/2008/4689 4252/2007/4688 4254/2009/4690
f 4308/2008/4689 4254/2009/4690 4309/2010/4691
f 4309/2010/4691 4254/2009/4690 4256/2011/4692
f 4309/2010/4691 4256/2011/4692 4310/2012/4693
f 4310/2012/4693 4256/2011/4692 4258/2013/4694
f 4310/2012/4693 4258/2013/4694 4311/2014/4695
f 4311/2014/4695 4258/2013/4694 4265/2015/4696
f 4311/2014/4695 4265/2015/4696 4312/2016/4697
f 4312/2016/4697 4265/2015/4696 4266/2017/4698
f 4312/2016/4697 4266/2017/4698 4313/2018/4699
f 4313/2018/4699 4266/2017/4698 4314/2019/4700
f 4313/2018/4699 4314/2019/4700 4315/2020/4701
f 4315/2020/4701 4314/2019/4700 4316/2021/4702
f 4315/2020/4701 4316/2021/4702 4317/2022/4703
f 4317/2022/4703 4316/2021/4702 4318/2023/4704
f 4317/2022/4703 4318/2023/4704 4319/2024/4705
f 4319/2024/4705 4318/2023/4704 4320/2025/4706
f 4319/2024/4705 4320/2025/4706 4321/2026/4707
f 4321/2026/4707 4320/2025/4706 4322/2027/4708
f 4321/2026/4707 4322/2027/4708 4323/2028/4709
f 4323/2028/4709 4322/2027/4708 4324/2029/4710
f 4323/2028/4709 4324/2029/4710 4325/2030/4711
f 4325/2030/4711 4324/2029/4710 4326/2031/4712
f 4325/2030/4711 4326/2031/4712 4327/2032/4713
f 4327/2032/4713 4326/2031/4712 4328/2033/4421
f 4327/2032/4713 4328/2033/4421 4329/2034/4714
f 4329/2034/4714 4328/2033/4421 3485/2035/3147
f 3485/2035/3147 4328/2033/4421 4277/2036/4715
f 3485/2035/3147 4277/2036/4715 3486/2037/3593
f 4266/2017/4698 4267/2038/4716 4314/2019/4700
f 4314/2019/4700 4267/2038/4716 4316/2021/4702
f 4267/2038/4716 4269/2039/4717 4316/2021/4702
f 4316/2021/4702 4269/2039/4717 4318/2023/4704
f 4318/2023/4704 4269/2039/4717 4320/2025/4706
f 4320/2025/4706 4269/2039/4717 4270/2040/4718
f 4320/2025/4706 4270/2040/4718 4322/2027/4708
f 4322/2027/4708 4270/2040/4718 4272/2041/4719
f 4322/2027/4708 4272/2041/4719 4324/2029/4710
f 4324/2029/4710 4272/2041/4719 4273/2042/4720
f 4324/2029/4710 4273/2042/4720 4326/2031/4712
f 4326/2031/4712 4273/2042/4720 4275/2043/4721
f 4326/2031/4712 4275/2043/4721 4328/2033/4421
f 4328/2033/4421 4275/2043/4721 4277/2036/4715
f 4315/2020/4701 4330/2044/3901 4313/2018/4699
f 4313/2018/4699 4330/2044/3901 4312/2016/4697
f 4330/2044/3901 4331/2045/4722 4312/2016/4697
f 4312/2016/4697 4331/2045/4722 4311/2014/4695
f 4311/2014/4695 4331/2045/4722 4310/2012/4693
f 4310/2012/4693 4331/2045/4722 4332/2046/4723
f 4310/2012/4693 4332/2046/4723 4309/2010/4691
f 4309/2010/4691 4332/2046/4723 4333/2047/4724
f 4309/2010/4691 4333/2047/4724 4308/2008/4689
f 4308/2008/4689 4333/2047/4724 4334/2048/4725
f 4308/2008/4689 4334/2048/4725 4307/2006/4687
f 4307/2006/4687 4334/2048/4725 4335/2049/4726
f 4307/2006/4687 4335/2049/4726 4306/2004/4685
f 4306/2004/4685 4335/2049/4726 4336/2050/4727
f 4306/2004/4685 4336/2050/4727 4305/2002/4683
f 4305/2002/4683 4336/2050/4727 4337/2051/4728
f 4305/2002/4683 4337/2051/4728 4304/2000/4681
f 4304/2000/4681 4337/2051/4728 4338/2052/4729
f 4304/2000/4681 4338/2052/4729 4303/1998/4679
f 4303/1998/4679 4338/2052/4729 4302/1996/3187
f 4338/2052/4729 4339/2053/3187 4302/1996/3187
f 4302/1996/3187 4339/2053/3187 4301/1994/3187
f 4339/2053/3187 3429/1992/3311 4301/1994/3187
f 4339/2054/3748 4340/2055/4730 3429/2056/4431
f 3429/2056/4431 4340/2055/4730 4341/2057/4731
f 3429/2056/4431 4341/2057/4731 4342/2058/4732
f 4342/2058/4732 4341/2057/4731 4340/2055/4730
f 4342/2058/4732 4340/2055/4730 4343/2059/4733
f 4343/2059/4733 4340/2055/4730 4339/2054/3748
f 4343/2059/4733 4339/2054/3748 4344/2060/4734
f 4344/2060/4734 4339/2054/3748 4345/2061/4735
f 4344/2060/4734 4345/2061/4735 4346/2062/4736
f 4346/2062/4736 4345/2061/4735 4347/2063/3757
f 4346/2062/4736 4347/2063/3757 4348/2064/3758
f 4348/2064/3758 4347/2063/3757 4339/2054/3748
f 4348/2064/3758 4339/2054/3748 4338/2065/4737
f 4348/2064/3758 4338/2065/4737 4349/2066/4738
f 4349/2066/4738 4338/2065/4737 4337/2067/4739
f 4349/2066/4738 4337/2067/4739 4336/2068/4740
f 4349/2066/4738 4336/2068/4740 4350/2069/4741
f 4350/2069/4741 4336/2068/4740 4335/2070/4742
f 4350/2069/4741 4335/2070/4742 4351/2071/4743
f 4351/2071/4743 4335/2070/4742 4334/2072/4744
f 4351/2071/4743 4334/2072/4744 4352/2073/4445
f 4352/2073/4445 4334/2072/4744 4333/2074/4745
f 4352/2073/4445 4333/2074/4745 4332/2075/4746
f 4352/2073/4445 4332/2075/4746 4353/2076/4149
f 4353/2076/4149 4332/2075/4746 4331/2077/4747
f 4353/2076/4149 4331/2077/4747 4354/2078/4748
f 4354/2078/4748 4331/2077/4747 4355/2079/4153
f 4354/2078/4748 4355/2079/4153 4356/2080/4749
f 4356/2080/4749 4355/2079/4153 4357/2081/4750
f 4357/2081/4750 4355/2079/4153 4358/2082/4751
f 4357/2081/4750 4358/2082/4751 4359/2083/4752
f 4359/2083/4752 4358/2082/4751 4330/2084/4753
f 4359/2083/4752 4330/2084/4753 4360/2085/3773
f 4360/2085/3773 4330/2084/4753 4361/2086/4455
f 4360/2085/3773 4361/2086/4455 4362/2087/4754
f 4362/2087/4754 4361/2086/4455 4363/2088/4755
f 4363/2088/4755 4361/2086/4455 4315/2089/4756
f 4363/2088/4755 4315/2089/4756 4364/2090/4757
f 4364/2090/4757 4315/2089/4756 4317/2091/4758
f 4364/2090/4757 4317/2091/4758 4365/2092/4759
f 4365/2092/4759 4317/2091/4758 4319/2093/4760
f 4365/2092/4759 4319/2093/4760 4366/2094/4761
f 4366/2094/4761 4319/2093/4760 4367/2095/4762
f 4366/2094/4761 4367/2095/4762 4368/2096/4763
f 4368/2096/4763 4367/2095/4762 4369/2097/4764
f 4369/2097/4764 4367/2095/4762 4370/2098/4765
f 4369/2097/4764 4370/2098/4765 4371/2099/4766
f 4371/2099/4766 4370/2098/4765 4372/2100/4767
f 4372/2100/4767 4370/2098/4765 4373/2101/4768
f 4372/2100/4767 4373/2101/4768 4374/2102/4769
f 4374/2102/4769 4373/2101/4768 4375/2103/4770
f 4374/2102/4769 4375/2103/4770 4376/2104/4771
f 4376/2104/4771 4375/2103/4770 4377/2105/4772
f 4377/2105/4772 4375/2103/4770 4378/2106/4773
f 4378/2106/4773 4375/2103/4770 4379/2107/4774
f 4379/2107/4774 4375/2103/4770 4380/2108/4775
f 4379/2107/4774 4380/2108/4775 4381/2109/4776
f 4381/2109/4776 4380/2108/4775 3479/2110/4777
f 4381/2109/4776 3479/2110/4777 3477/2111/4778
f 4355/2079/4153 4331/2077/4747 4358/2082/4751
f 4358/2082/4751 4331/2077/4747 4330/2084/4753
f 4330/2084/4753 4315/2089/4756 4361/2086/4455
f 4319/2093/4760 4321/2112/4779 4367/2095/4762
f 4367/2095/4762 4321/2112/4779 4323/2113/4780
f 4367/2095/4762 4323/2113/4780 4370/2098/4765
f 4370/2098/4765 4323/2113/4780 4325/2114/4781
f 4370/2098/4765 4325/2114/4781 4327/2115/4782
f 4370/2098/4765 4327/2115/4782 4373/2101/4768
f 4373/2101/4768 4327/2115/4782 4329/2116/4783
f 4373/2101/4768 4329/2116/4783 4375/2103/4770
f 4375/2103/4770 4329/2116/4783 3485/2117/4784
f 4375/2103/4770 3485/2117/4784 3483/2118/4785
f 4375/2103/4770 3483/2118/4785 4380/2108/4775
f 4380/2108/4775 3483/2118/4785 3481/2119/4786
f 4380/2108/4775 3481/2119/4786 3479/2110/4777
f 4366/2094/4761 4382/2120/4787 4365/2092/4759
f 4365/2092/4759 4382/2120/4787 4364/2090/4757
f 4360/2085/3773 4362/2087/4754 4359/2083/4752
f 4359/2083/4752 4362/2087/4754 4357/2081/4750
f 4354/2078/4748 4356/2080/4749 4353/2076/4149
f 4353/2076/4149 4356/2080/4749 4383/2121/4788
f 4353/2076/4149 4383/2121/4788 4352/2073/4445
f 4352/2073/4445 4383/2121/4788 4384/2122/4789
f 4352/2073/4445 4384/2122/4789 4385/2123/4490
f 4352/2073/4445 4385/2123/4490 4351/2071/4743
f 4351/2071/4743 4385/2123/4490 4386/2124/4790
f 4351/2071/4743 4386/2124/4790 4350/2069/4741
f 4350/2069/4741 4386/2124/4790 4387/2125/4791
f 4350/2069/4741 4387/2125/4791 4349/2066/4738
f 4349/2066/4738 4387/2125/4791 4388/2126/4792
f 4349/2066/4738 4388/2126/4792 4389/2127/4187
f 4349/2066/4738 4389/2127/4187 4348/2064/3758
f 4348/2064/3758 4389/2127/4187 4346/2062/4736
f 4346/2062/4736 4342/2058/4732 4344/2060/4734
f 4344/2060/4734 4342/2058/4732 4343/2059/4733
f 4347/2063/3757 4345/2061/4735 4339/2054/3748
f 3475/2128/4793 4390/2129/4495 3477/2130/4778
f 3477/2130/4778 4390/2129/4495 4391/2131/4794
f 3477/2130/4778 4391/2131/4794 4392/2132/4795
f 4392/2132/4795 4391/2131/4794 4381/2133/4776
f 4392/2132/4795 4381/2133/4776 3477/2130/4778
f 3473/2134/4796 4393/2135/4797 3475/2128/4793
f 3475/2128/4793 4393/2135/4797 4394/2136/4189
f 3475/2128/4793 4394/2136/4189 4390/2129/4495
f 4390/2129/4495 4394/2136/4189 4395/2137/4798
f 4390/2129/4495 4395/2137/4798 4391/2131/4794
f 4391/2131/4794 4395/2137/4798 4381/2133/4776
f 3471/2138/4799 4396/2139/4800 3473/2134/4796
f 3473/2134/4796 4396/2139/4800 4397/2140/4801
f 3473/2134/4796 4397/2140/4801 4393/2135/4797
f 3471/2138/4799 3466/2141/4802 4396/2139/4800
f 4396/2139/4800 3466/2141/4802 4398/2142/4803
f 4396/2139/4800 4398/2142/4803 4399/2143/4804
f 4398/2142/4803 3466/2141/4802 4400/2144/4805
f 4400/2144/4805 3466/2141/4802 3463/2145/4806
f 4400/2144/4805 3463/2145/4806 3462/2146/4807
f 3465/2147/4808 4401/2148/4809 3462/2146/4807
f 3462/2146/4807 4401/2148/4809 4402/2149/4810
f 3462/2146/4807 4402/2149/4810 4400/2144/4805
f 4400/2144/4805 4402/2149/4810 4403/2150/4811
f 4400/2144/4805 4403/2150/4811 4398/2142/4803
f 3465/2147/4808 3464/2151/4812 4401/2148/4809
f 4401/2148/4809 3464/2151/4812 4404/2152/4813
f 4401/2148/4809 4404/2152/4813 4405/2153/4814
f 4405/2153/4814 4404/2152/4813 4406/2154/4815
f 4406/2154/4815 4404/2152/4813 4407/2155/4816
f 4406/2154/4815 4407/2155/4816 4408/2156/4817
f 4408/2156/4817 4407/2155/4816 3451/2157/4818
f 4408/2156/4817 3451/2157/4818 4409/2158/4819
f 4409/2158/4819 3451/2157/4818 3450/2159/4820
f 4409/2158/4819 3450/2159/4820 4410/2160/4821
f 4410/2160/4821 3450/2159/4820 4411/2161/4822
f 4410/2160/4821 4411/2161/4822 4412/2162/4823
f 4412/2162/4823 4411/2161/4822 4413/2163/4824
f 4412/2162/4823 4413/2163/4824 4414/2164/4825
f 4414/2164/4825 4413/2163/4824 3453/2165/4826
f 4414/2164/4825 3453/2165/4826 4415/2166/4827
f 4415/2166/4827 3453/2165/4826 3452/2167/4828
f 4415/2166/4827 3452/2167/4828 3442/2168/4829
f 3464/2151/4812 3454/2169/4830 4404/2152/4813
f 4404/2152/4813 3454/2169/4830 4407/2155/4816
f 3454/2169/4830 3451/2157/4818 4407/2155/4816
f 4411/2161/4822 3450/2159/4820 4413/2163/4824
f 4413/2163/4824 3450/2159/4820 3453/2165/4826
f 4415/2166/4827 3442/2168/4829 4416/2170/4831
f 4416/2170/4831 3442/2168/4829 3440/2171/4832
f 4416/2170/4831 3440/2171/4832 3438/2172/4833
f 4416/2170/4831 3438/2172/4833 4417/2173/4834
f 4417/2173/4834 3438/2172/4833 3436/2174/4835
f 4417/2173/4834 3436/2174/4835 4418/2175/4836
f 4418/2175/4836 3436/2174/4835 3434/2176/4837
f 4418/2175/4836 3434/2176/4837 4419/2177/4838
f 4419/2177/4838 3434/2176/4837 3433/2178/4839
f 4419/2177/4838 3433/2178/4839 3427/2179/4840
f 4419/2177/4838 3427/2179/4840 4420/2180/4841
f 4420/2180/4841 3427/2179/4840 3429/2181/4842
f 4420/2180/4841 3429/2181/4842 4342/2182/4843
f 4342/2182/4843 4421/2183/4844 4420/2180/4841
f 4420/2180/4841 4421/2183/4844 4419/2177/4838
f 4421/2183/4844 4422/2184/4845 4419/2177/4838
f 4419/2177/4838 4422/2184/4845 4423/2185/4846
f 4419/2177/4838 4423/2185/4846 4418/2175/4836
f 4418/2175/4836 4423/2185/4846 4424/2186/4847
f 4418/2175/4836 4424/2186/4847 4417/2173/4834
f 4417/2173/4834 4424/2186/4847 4425/2187/4848
f 4417/2173/4834 4425/2187/4848 4416/2170/4831
f 4416/2170/4831 4425/2187/4848 4426/2188/4849
f 4416/2170/4831 4426/2188/4849 4427/2189/4850
f 4416/2170/4831 4427/2189/4850 4415/2166/4827
f 4415/2166/4827 4427/2189/4850 4428/2190/4526
f 4415/2166/4827 4428/2190/4526 4414/2164/4825
f 4414/2164/4825 4428/2190/4526 4412/2162/4823
f 4412/2162/4823 4429/2191/4851 4410/2160/4821
f 4410/2160/4821 4429/2191/4851 4409/2158/4819
f 4409/2158/4819 4429/2191/4851 4408/2156/4817
f 4408/2156/4817 4429/2191/4851 4406/2154/4815
f 4405/2153/4814 4430/2192/4852 4401/2148/4809
f 4401/2148/4809 4430/2192/4852 4402/2149/4810
f 4399/2143/4804 4397/2140/4801 4396/2139/4800
f 4393/2135/4797 4395/2137/4798 4394/2136/4189
f 4342/2193/4250 4431/2194/4853 3358/2195/4854
f 3358/2195/4854 4431/2194/4853 4432/2196/4561
f 3358/2195/4854 4432/2196/4561 4433/2197/4855
f 4433/2197/4855 4432/2196/4561 4346/2198/4256
f 4433/2197/4855 4346/2198/4256 4434/2199/4856
f 4434/2199/4856 4346/2198/4256 4435/2200/4857
f 4434/2199/4856 4435/2200/4857 4436/2201/4259
f 4436/2201/4259 4435/2200/4857 4437/2202/4858
f 4436/2201/4259 4437/2202/4858 4438/2203/4859
f 4438/2203/4859 4437/2202/4858 4346/2198/4256
f 4438/2203/4859 4346/2198/4256 4389/2204/4860
f 4431/2194/4853 4342/2193/4250 4432/2196/4561
f 4432/2196/4561 4342/2193/4250 4346/2198/4256
f 4438/2203/4859 4389/2204/4860 4439/2205/4861
f 4439/2205/4861 4389/2204/4860 4388/2206/4862
f 4439/2205/4861 4388/2206/4862 4387/2207/4863
f 4439/2205/4861 4387/2207/4863 4440/2208/4864
f 4440/2208/4864 4387/2207/4863 4386/2209/4865
f 4440/2208/4864 4386/2209/4865 4441/2210/3962
f 4441/2210/3962 4386/2209/4865 4385/2211/4866
f 4441/2210/3962 4385/2211/4866 4442/2212/4867
f 4442/2212/4867 4385/2211/4866 4384/2213/4868
f 4442/2212/4867 4384/2213/4868 4383/2214/4869
f 4442/2212/4867 4383/2214/4869 4443/2215/4575
f 4443/2215/4575 4383/2214/4869 4356/2216/4577
f 4443/2215/4575 4356/2216/4577 4444/2217/4870
f 4444/2217/4870 4356/2216/4577 4445/2218/3970
f 4444/2217/4870 4445/2218/3970 4446/2219/4871
f 4446/2219/4871 4445/2218/3970 4447/2220/4872
f 4447/2220/4872 4445/2218/3970 4448/2221/4285
f 4447/2220/4872 4448/2221/4285 4449/2222/4284
f 4449/2222/4284 4448/2221/4285 4357/2223/4873
f 4449/2222/4284 4357/2223/4873 4362/2224/4874
f 4356/2216/4577 4357/2223/4873 4445/2218/3970
f 4445/2218/3970 4357/2223/4873 4448/2221/4285
f 4363/2225/4875 4450/2226/4587 4362/2224/4874
f 4362/2224/4874 4450/2226/4587 4451/2227/4283
f 4362/2224/4874 4451/2227/4283 4449/2222/4284
f 4449/2222/4284 4451/2227/4283 4452/2228/4876
f 4449/2222/4284 4452/2228/4876 4447/2220/4872
f 4364/2229/4877 4453/2230/4878 4363/2225/4875
f 4363/2225/4875 4453/2230/4878 4454/2231/4879
f 4363/2225/4875 4454/2231/4879 4450/2226/4587
f 4450/2226/4587 4454/2231/4879 4452/2228/4876
f 4450/2226/4587 4452/2228/4876 4451/2227/4283
f 4453/2230/4878 4364/2229/4877 4455/2232/4880
f 4455/2232/4880 4364/2229/4877 4382/2233/4881
f 4455/2232/4880 4382/2233/4881 4366/2234/4882
f 4368/2235/4883 4456/2236/4884 4366/2234/4882
f 4366/2234/4882 4456/2236/4884 4457/2237/4885
f 4366/2234/4882 4457/2237/4885 4455/2232/4880
f 4455/2232/4880 4457/2237/4885 4458/2238/4886
f 4455/2232/4880 4458/2238/4886 4453/2230/4878
f 4368/2235/4883 4369/2239/4887 4456/2236/4884
f 4456/2236/4884 4369/2239/4887 4459/2240/4888
f 4456/2236/4884 4459/2240/4888 4460/2241/4889
f 4460/2241/4889 4459/2240/4888 4461/2242/4890
f 4461/2242/4890 4459/2240/4888 4462/2243/4891
f 4462/2243/4891 4459/2240/4888 4463/2244/4892
f 4462/2243/4891 4463/2244/4892 3418/2245/4893
f 3418/2245/4893 4463/2244/4892 4464/2246/4894
f 3418/2245/4893 4464/2246/4894 3416/2247/4895
f 3416/2247/4895 4464/2246/4894 3414/2248/4896
f 3414/2248/4896 4464/2246/4894 4465/2249/4897
f 3414/2248/4896 4465/2249/4897 3412/2250/4898
f 3412/2250/4898 4465/2249/4897 3399/2251/4899
f 3399/2251/4899 4465/2249/4897 4381/2252/4900
f 4381/2252/4900 4465/2249/4897 4379/2253/4008
f 4379/2253/4008 4465/2249/4897 4464/2246/4894
f 4379/2253/4008 4464/2246/4894 4378/2254/4901
f 4378/2254/4901 4464/2246/4894 4377/2255/4902
f 4377/2255/4902 4464/2246/4894 4376/2256/4903
f 4376/2256/4903 4464/2246/4894 4374/2257/4904
f 4374/2257/4904 4464/2246/4894 4463/2244/4892
f 4374/2257/4904 4463/2244/4892 4372/2258/4905
f 4372/2258/4905 4463/2244/4892 4459/2240/4888
f 4372/2258/4905 4459/2240/4888 4371/2259/4906
f 4371/2259/4906 4459/2240/4888 4369/2239/4887
f 4460/2241/4889 4466/2260/4907 4456/2236/4884
f 4456/2236/4884 4466/2260/4907 4457/2237/4885
f 4467/2261/4908 4442/2212/4867 4446/2219/4871
f 4446/2219/4871 4442/2212/4867 4443/2215/4575
f 4446/2219/4871 4443/2215/4575 4444/2217/4870
f 4467/2261/4908 4468/2262/4909 4442/2212/4867
f 4442/2212/4867 4468/2262/4909 4441/2210/3962
f 4441/2210/3962 4468/2262/4909 4440/2208/4864
f 4440/2208/4864 4468/2262/4909 4469/2263/4910
f 4440/2208/4864 4469/2263/4910 4470/2264/4911
f 4440/2208/4864 4470/2264/4911 4439/2205/4861
f 4439/2205/4861 4470/2264/4911 4471/2265/4912
f 4439/2205/4861 4471/2265/4912 4472/2266/4913
f 4439/2205/4861 4472/2266/4913 4438/2203/4859
f 4438/2203/4859 4472/2266/4913 4436/2201/4259
f 4436/2201/4259 3358/2195/4854 4434/2199/4856
f 4434/2199/4856 3358/2195/4854 4433/2197/4855
f 4346/2198/4256 4437/2202/4858 4435/2200/4857
f 4342/2267/4914 3358/2268/4915 4473/2269/4916
f 4473/2269/4916 3358/2268/4915 3357/2270/4917
f 4473/2269/4916 3357/2270/4917 3426/2271/4918
f 4473/2269/4916 3426/2271/4918 4474/2272/4919
f 4474/2272/4919 3426/2271/4918 3425/2273/4920
f 4474/2272/4919 3425/2273/4920 3424/2274/4921
f 4474/2272/4919 3424/2274/4921 4475/2275/4922
f 4475/2275/4922 3424/2274/4921 3423/2276/4923
f 4475/2275/4922 3423/2276/4923 4476/2277/4924
f 4476/2277/4924 3423/2276/4923 3422/2278/4925
f 4476/2277/4924 3422/2278/4925 4477/2279/4926
f 4477/2279/4926 3422/2278/4925 3421/2280/4927
f 4477/2279/4926 3421/2280/4927 3372/2281/4928
f 4477/2279/4926 3372/2281/4928 4478/2282/4929
f 4478/2282/4929 3372/2281/4928 3373/2283/4930
f 4478/2282/4929 3373/2283/4930 3375/2284/4931
f 4478/2282/4929 3375/2284/4931 4479/2285/4932
f 4479/2285/4932 3375/2284/4931 3376/2286/4933
f 4479/2285/4932 3376/2286/4933 4480/2287/4636
f 4480/2287/4636 3376/2286/4933 4481/2288/4934
f 4480/2287/4636 4481/2288/4934 4412/2289/4935
f 4412/2289/4935 4481/2288/4934 4482/2290/4936
f 4412/2289/4935 4482/2290/4936 4429/2291/4937
f 4429/2291/4937 4482/2290/4936 4483/2292/4640
f 4429/2291/4937 4483/2292/4640 4484/2293/4641
f 4484/2293/4641 4483/2292/4640 3420/2294/4938
f 4484/2293/4641 3420/2294/4938 4485/2295/4938
f 4485/2295/4938 3420/2294/4938 4486/2296/4939
f 4485/2295/4938 4486/2296/4939 4406/2297/4669
f 4406/2297/4669 4486/2296/4939 4405/2298/4940
f 4405/2298/4940 4486/2296/4939 4487/2299/4941
f 4405/2298/4940 4487/2299/4941 4430/2300/4942
f 4430/2300/4942 4487/2299/4941 4402/2301/4943
f 4402/2301/4943 4487/2299/4941 3385/2302/4944
f 4402/2301/4943 3385/2302/4944 4488/2303/4945
f 4488/2303/4945 3385/2302/4944 3387/2304/4946
f 4488/2303/4945 3387/2304/4946 3389/2305/4947
f 4481/2288/4934 3376/2286/4933 4482/2290/4936
f 4482/2290/4936 3376/2286/4933 3420/2294/4938
f 4482/2290/4936 3420/2294/4938 4483/2292/4640
f 3420/2294/4938 3419/2306/4948 4486/2296/4939
f 4486/2296/4939 3419/2306/4948 4487/2299/4941
f 3419/2306/4948 3384/2307/4949 4487/2299/4941
f 4487/2299/4941 3384/2307/4949 3385/2302/4944
f 3391/2308/4950 4489/2309/4951 3389/2305/4947
f 3389/2305/4947 4489/2309/4951 4398/2310/4952
f 3389/2305/4947 4398/2310/4952 4488/2303/4945
f 4488/2303/4945 4398/2310/4952 4403/2311/4953
f 4488/2303/4945 4403/2311/4953 4402/2301/4943
f 3391/2308/4950 3393/2312/4954 4489/2309/4951
f 4489/2309/4951 3393/2312/4954 4397/2313/4955
f 4489/2309/4951 4397/2313/4955 4399/2314/4956
f 3393/2312/4954 3395/2315/4957 4397/2313/4955
f 4397/2313/4955 3395/2315/4957 4393/2316/4958
f 4393/2316/4958 3395/2315/4957 3397/2317/4959
f 4393/2316/4958 3397/2317/4959 4490/2318/4960
f 4490/2318/4960 3397/2317/4959 3399/2319/4899
f 4490/2318/4960 3399/2319/4899 4491/2320/4961
f 4491/2320/4961 3399/2319/4899 4492/2321/4962
f 4491/2320/4961 4492/2321/4962 4395/2322/4963
f 4395/2322/4963 4492/2321/4962 4493/2323/4964
f 4395/2322/4963 4493/2323/4964 4381/2324/4900
f 4381/2324/4900 4493/2323/4964 3399/2319/4899
f 3399/2319/4899 4493/2323/4964 4492/2321/4962
f 4491/2320/4961 4395/2322/4963 4490/2318/4960
f 4490/2318/4960 4395/2322/4963 4393/2316/4958
f 4399/2314/4956 4398/2310/4952 4489/2309/4951
f 4485/2295/4938 4406/2297/4669 4484/2293/4641
f 4484/2293/4641 4406/2297/4669 4429/2291/4937
f 4412/2289/4935 4428/2325/4632 4480/2287/4636
f 4480/2287/4636 4428/2325/4632 4479/2285/4932
f 4479/2285/4932 4428/2325/4632 4478/2282/4929
f 4478/2282/4929 4428/2325/4632 4427/1224/4965
f 4478/2282/4929 4427/1224/4965 4477/2279/4926
f 4477/2279/4926 4427/1224/4965 4426/2326/4966
f 4477/2279/4926 4426/2326/4966 4425/2327/4967
f 4477/2279/4926 4425/2327/4967 4476/2277/4924
f 4476/2277/4924 4425/2327/4967 4424/2328/4968
f 4476/2277/4924 4424/2328/4968 4475/2275/4922
f 4475/2275/4922 4424/2328/4968 4423/2329/4969
f 4475/2275/4922 4423/2329/4969 4474/2272/4919
f 4474/2272/4919 4423/2329/4969 4422/2330/4970
f 4474/2272/4919 4422/2330/4970 4421/2331/4971
f 4474/2272/4919 4421/2331/4971 4473/2269/4916
f 4473/2269/4916 4421/2331/4971 4342/2267/4914
f 3356/2332/3187 3358/2333/3311 4494/2334/3187
f 4494/2334/3187 3358/2333/3311 4436/2335/3187
f 4494/2334/3187 4436/2335/3187 4495/2336/4972
f 4495/2336/4972 4436/2335/3187 4496/2337/4973
f 4495/2336/4972 4496/2337/4973 4497/2338/4974
f 4497/2338/4974 4496/2337/4973 4498/2339/4975
f 4498/2339/4975 4496/2337/4973 4499/2340/4976
f 4498/2339/4975 4499/2340/4976 4500/2341/4977
f 4500/2341/4977 4499/2340/4976 4501/2342/4978
f 4500/2341/4977 4501/2342/4978 4502/2343/4979
f 4502/2343/4979 4501/2342/4978 4503/2344/4980
f 4502/2343/4979 4503/2344/4980 4504/2345/4981
f 4504/2345/4981 4503/2344/4980 4505/2346/4982
f 4504/2345/4981 4505/2346/4982 4506/2347/4983
f 4506/2347/4983 4505/2346/4982 4507/2348/4984
f 4506/2347/4983 4507/2348/4984 4508/2349/4985
f 4508/2349/4985 4507/2348/4984 4509/2350/4986
f 4508/2349/4985 4509/2350/4986 4510/2351/4987
f 4510/2351/4987 4509/2350/4986 4511/2352/4988
f 4510/2351/4987 4511/2352/4988 4512/2353/3901
f 4512/2353/3901 4511/2352/4988 4446/2354/4989
f 4512/2353/3901 4446/2354/4989 4447/2355/3901
f 4436/2335/3187 4472/2356/4990 4496/2337/4973
f 4496/2337/4973 4472/2356/4990 4499/2340/4976
f 4472/2356/4990 4471/2357/4991 4499/2340/4976
f 4499/2340/4976 4471/2357/4991 4501/2342/4978
f 4471/2357/4991 4470/2358/4992 4501/2342/4978
f 4501/2342/4978 4470/2358/4992 4503/2344/4980
f 4470/2358/4992 4469/2359/4993 4503/2344/4980
f 4503/2344/4980 4469/2359/4993 4505/2346/4982
f 4469/2359/4993 4468/2360/4994 4505/2346/4982
f 4505/2346/4982 4468/2360/4994 4507/2348/4984
f 4468/2360/4994 4467/2361/4995 4507/2348/4984
f 4507/2348/4984 4467/2361/4995 4509/2350/4986
f 4467/2361/4995 4446/2354/4989 4509/2350/4986
f 4509/2350/4986 4446/2354/4989 4511/2352/4988
f 4452/2362/4996 4513/2363/4997 4447/2355/3901
f 4447/2355/3901 4513/2363/4997 4514/2364/3901
f 4447/2355/3901 4514/2364/3901 4512/2353/3901
f 4512/2353/3901 4514/2364/3901 4510/2351/4987
f 4454/2365/4998 4515/2366/4999 4452/2362/4996
f 4452/2362/4996 4515/2366/4999 4516/2367/3901
f 4452/2362/4996 4516/2367/3901 4513/2363/4997
f 4513/2363/4997 4516/2367/3901 4514/2364/3901
f 4515/2366/4999 4454/2365/4998 4517/2368/5000
f 4517/2368/5000 4454/2365/4998 4453/2369/5001
f 4517/2368/5000 4453/2369/5001 4518/2370/5002
f 4518/2370/5002 4453/2369/5001 4458/2371/5003
f 4518/2370/5002 4458/2371/5003 4519/2372/5004
f 4519/2372/5004 4458/2371/5003 4457/2373/5005
f 4519/2372/5004 4457/2373/5005 4520/2374/4102
f 4520/2374/4102 4457/2373/5005 4466/2375/5006
f 4520/2374/4102 4466/2375/5006 4521/2376/3892
f 4521/2376/3892 4466/2375/5006 4460/2377/5007
f 4521/2376/3892 4460/2377/5007 4522/2378/5008
f 4522/2378/5008 4460/2377/5007 4461/2379/5009
f 4522/2378/5008 4461/2379/5009 4523/2380/5010
f 4523/2380/5010 4461/2379/5009 4462/2381/5011
f 4523/2380/5010 4462/2381/5011 4524/2382/5012
f 4524/2382/5012 4462/2381/5011 3418/660/3147
f 4524/2382/5012 3418/660/3147 3417/659/3147
f 3417/659/3147 4525/2383/5013 4524/2382/5012
f 4524/2382/5012 4525/2383/5013 4523/2380/5010
f 4525/2383/5013 4526/2384/5014 4523/2380/5010
f 4523/2380/5010 4526/2384/5014 4522/2378/5008
f 4526/2384/5014 4527/2385/5015 4522/2378/5008
f 4522/2378/5008 4527/2385/5015 4521/2376/3892
f 4527/2385/5015 4528/2386/5016 4521/2376/3892
f 4521/2376/3892 4528/2386/5016 4520/2374/4102
f 4528/2386/5016 4529/2387/5017 4520/2374/4102
f 4520/2374/4102 4529/2387/5017 4519/2372/5004
f 4529/2387/5017 4530/2388/5018 4519/2372/5004
f 4519/2372/5004 4530/2388/5018 4518/2370/5002
f 4530/2388/5018 4531/2389/5019 4518/2370/5002
f 4518/2370/5002 4531/2389/5019 4517/2368/5000
f 4517/2368/5000 4531/2389/5019 4515/2366/4999
f 4515/2366/4999 4531/2389/5019 4516/2367/3901
f 4497/2338/4974 4532/2390/3187 4495/2336/4972
f 4495/2336/4972 4532/2390/3187 4494/2334/3187
f 4532/2390/3187 3356/2332/3187 4494/2334/3187
f 4532/2391/5020 4533/2392/5021 3356/2393/5022
f 3356/2393/5022 4533/2392/5021 4534/2394/5023
f 3356/2393/5022 4534/2394/5023 4535/2395/5024
f 4535/2395/5024 4534/2394/5023 4533/2392/5021
f 4535/2395/5024 4533/2392/5021 4536/2396/5025
f 4536/2396/5025 4533/2392/5021 4532/2391/5020
f 4536/2396/5025 4532/2391/5020 4537/2397/5026
f 4537/2397/5026 4532/2391/5020 4538/2398/5027
f 4537/2397/5026 4538/2398/5027 4535/2395/5024
f 4535/2395/5024 4538/2398/5027 4539/2399/5028
f 4539/2399/5028 4538/2398/5027 4540/2400/5029
f 4539/2399/5028 4540/2400/5029 4541/2401/5030
f 4541/2401/5030 4540/2400/5029 4532/2391/5020
f 4541/2401/5030 4532/2391/5020 4497/2402/5031
f 4497/2402/5031 4498/2403/5032 4541/2401/5030
f 4541/2401/5030 4498/2403/5032 4542/2404/5033
f 4541/2401/5030 4542/2404/5033 4539/2399/5028
f 4542/2404/5033 4498/2403/5032 4543/2405/5034
f 4543/2405/5034 4498/2403/5032 4500/2406/5035
f 4543/2405/5034 4500/2406/5035 4502/2407/5036
f 4543/2405/5034 4502/2407/5036 4544/2408/5037
f 4544/2408/5037 4502/2407/5036 4504/2409/5038
f 4544/2408/5037 4504/2409/5038 4506/2410/5039
f 4544/2408/5037 4506/2410/5039 4545/2411/5040
f 4545/2411/5040 4506/2410/5039 4508/2412/5041
f 4545/2411/5040 4508/2412/5041 4510/2413/5042
f 4514/2414/5043 4546/2415/5044 4510/2413/5042
f 4510/2413/5042 4546/2415/5044 4547/2416/5045
f 4510/2413/5042 4547/2416/5045 4545/2411/5040
f 4545/2411/5040 4547/2416/5045 4548/2417/5046
f 4545/2411/5040 4548/2417/5046 4549/2418/5047
f 4516/2419/5048 4550/2420/5049 4514/2414/5043
f 4514/2414/5043 4550/2420/5049 4551/2421/5050
f 4514/2414/5043 4551/2421/5050 4552/2422/5051
f 4552/2422/5051 4551/2421/5050 4553/2423/5052
f 4552/2422/5051 4553/2423/5052 4554/2424/5053
f 4554/2424/5053 4553/2423/5052 4555/2425/5054
f 4554/2424/5053 4555/2425/5054 4546/2415/5044
f 4546/2415/5044 4555/2425/5054 4547/2416/5045
f 4550/2420/5049 4516/2419/5048 4556/2426/5055
f 4556/2426/5055 4516/2419/5048 4531/2427/5056
f 4556/2426/5055 4531/2427/5056 4557/2428/5057
f 4557/2428/5057 4531/2427/5056 4558/2429/5058
f 4558/2429/5058 4531/2427/5056 4559/2430/5059
f 4558/2429/5058 4559/2430/5059 4560/2431/5060
f 4560/2431/5060 4559/2430/5059 4561/2432/5061
f 4561/2432/5061 4559/2430/5059 4529/2433/5062
f 4561/2432/5061 4529/2433/5062 4562/2434/5063
f 4562/2434/5063 4529/2433/5062 4528/2435/5064
f 4562/2434/5063 4528/2435/5064 4527/2436/5065
f 4531/2427/5056 4530/2437/5066 4559/2430/5059
f 4559/2430/5059 4530/2437/5066 4529/2433/5062
f 4562/2434/5063 4527/2436/5065 4563/2438/5067
f 4563/2438/5067 4527/2436/5065 4526/2439/5068
f 4563/2438/5067 4526/2439/5068 4525/2440/5069
f 4563/2438/5067 4525/2440/5069 4564/2441/5070
f 4564/2441/5070 4525/2440/5069 3417/2442/5071
f 4564/2441/5070 3417/2442/5071 4565/2443/5072
f 4565/2443/5072 3417/2442/5071 3415/2444/5073
f 4565/2443/5072 3415/2444/5073 4566/2445/5074
f 4566/2445/5074 3415/2444/5073 3413/2446/5075
f 4566/2445/5074 3413/2446/5075 3401/2447/5076
f 3400/2448/5077 4567/2449/5078 3401/2447/5076
f 3401/2447/5076 4567/2449/5078 4566/2445/5074
f 4567/2449/5078 4568/2450/5079 4566/2445/5074
f 4566/2445/5074 4568/2450/5079 4565/2443/5072
f 4568/2450/5079 4569/2451/5080 4565/2443/5072
f 4565/2443/5072 4569/2451/5080 4570/2452/5081
f 4565/2443/5072 4570/2452/5081 4571/2453/5082
f 4571/2453/5082 4572/2454/5083 4565/2443/5072
f 4565/2443/5072 4572/2454/5083 4564/2441/5070
f 4572/2454/5083 4573/2455/5084 4564/2441/5070
f 4564/2441/5070 4573/2455/5084 4563/2438/5067
f 4573/2455/5084 4574/2456/5085 4563/2438/5067
f 4563/2438/5067 4574/2456/5085 4575/2457/5086
f 4563/2438/5067 4575/2457/5086 4562/2434/5063
f 4562/2434/5063 4575/2457/5086 4576/2458/5087
f 4562/2434/5063 4576/2458/5087 4561/2432/5061
f 4557/2428/5057 4577/2459/5088 4556/2426/5055
f 4556/2426/5055 4577/2459/5088 4550/2420/5049
f 4550/2420/5049 4577/2459/5088 4551/2421/5050
f 4551/2421/5050 4577/2459/5088 4553/2423/5052
f 4555/2425/5054 4548/2417/5046 4547/2416/5045
f 4549/2418/5047 4578/2460/5089 4545/2411/5040
f 4545/2411/5040 4578/2460/5089 4544/2408/5037
f 4578/2460/5089 4579/2461/5090 4544/2408/5037
f 4544/2408/5037 4579/2461/5090 4580/2462/5091
f 4544/2408/5037 4580/2462/5091 4543/2405/5034
f 4543/2405/5034 4580/2462/5091 4581/2463/5092
f 4543/2405/5034 4581/2463/5092 4542/2404/5033
f 4538/2398/5027 4532/2391/5020 4540/2400/5029
f 4536/2396/5025 4537/2397/5026 4535/2395/5024
f 4552/2422/5051 4554/2424/5053 4514/2414/5043
f 4514/2414/5043 4554/2424/5053 4546/2415/5044
f 4567/2449/5078 3400/2448/5077 4582/2464/4496
f 4582/2464/4496 3400/2465/5077 3411/2466/5093
f 4582/2464/4496 3411/2466/5093 4583/2467/5094
f 4583/2467/5094 3411/2466/5093 4584/2468/5095
f 4583/2467/5094 4584/2468/5095 4585/2469/4249
f 3411/2466/5093 3410/2470/5096 4584/2468/5095
f 4584/2468/5095 3410/2470/5096 4586/2471/5097
f 4586/2471/5097 3410/2470/5096 3409/2472/5098
f 4586/2471/5097 3409/2472/5098 4587/2473/5099
f 4587/2473/5099 3409/2472/5098 3408/2474/5100
f 4587/2473/5099 3408/2474/5100 4588/2475/5101
f 4588/2475/5101 3408/2474/5100 3407/2476/5102
f 4588/2475/5101 3407/2476/5102 4589/2477/5103
f 4589/2477/5103 3407/2476/5102 3406/2478/5104
f 4589/2477/5103 3406/2478/5104 4590/2479/5105
f 4590/2479/5105 3406/2478/5104 3405/2480/5106
f 4590/2479/5105 3405/2480/5106 3381/2481/5107
f 4590/2479/5105 3381/2481/5107 4591/2482/5108
f 4591/2482/5108 3381/2481/5107 3379/2483/5109
f 4591/2482/5108 3379/2483/5109 4592/2484/5110
f 4592/2484/5110 3379/2483/5109 4593/2485/5111
f 4592/2484/5110 4593/2485/5111 4594/2486/5110
f 4594/2486/5110 4593/2485/5111 4595/2487/4247
f 4595/2487/4247 4593/2485/5111 4596/2488/5112
f 4595/2487/4247 4596/2488/5112 4597/2489/3850
f 4597/2489/3850 4596/2488/5112 3404/2490/5113
f 4597/2489/3850 3404/2490/5113 4598/2491/5114
f 4598/2491/5114 3404/2490/5113 4599/2492/5115
f 4598/2491/5114 4599/2492/5115 4600/2493/5116
f 4600/2493/5116 4599/2492/5115 4601/2494/5117
f 4600/2493/5116 4601/2494/5117 4602/2495/5118
f 4602/2495/5118 4601/2494/5117 4603/2496/5119
f 4602/2495/5118 4603/2496/5119 4604/2497/5120
f 4604/2497/5120 4603/2496/5119 4605/2498/5121
f 4604/2497/5120 4605/2498/5121 4606/2499/5122
f 4606/2499/5122 4605/2498/5121 4607/2500/5123
f 4607/2500/5123 4605/2498/5121 4608/2501/5124
f 4607/2500/5123 4608/2501/5124 4609/2502/5125
f 4609/2502/5125 4608/2501/5124 4610/2503/5126
f 4609/2502/5125 4610/2503/5126 4611/2504/5127
f 4611/2504/5127 4610/2503/5126 4612/2505/5128
f 4611/2504/5127 4612/2505/5128 4613/2506/5129
f 4613/2506/5129 4612/2505/5128 4614/2507/5130
f 4614/2507/5130 4612/2505/5128 4615/2508/5131
f 4614/2507/5130 4615/2508/5131 4535/2509/5132
f 4535/2509/5132 4615/2508/5131 3356/2510/5133
f 3356/2510/5133 4615/2508/5131 3354/2511/5134
f 3354/2511/5134 4615/2508/5131 4612/2505/5128
f 3354/2511/5134 4612/2505/5128 3360/2512/5135
f 3360/2512/5135 4612/2505/5128 3361/2513/5136
f 3361/2513/5136 4612/2505/5128 4610/2503/5126
f 3361/2513/5136 4610/2503/5126 3363/2514/5137
f 3363/2514/5137 4610/2503/5126 4608/2501/5124
f 3363/2514/5137 4608/2501/5124 3365/2515/5138
f 3365/2515/5138 4608/2501/5124 4605/2498/5121
f 3365/2515/5138 4605/2498/5121 3367/2516/5139
f 3367/2516/5139 4605/2498/5121 3369/2517/5140
f 3369/2517/5140 4605/2498/5121 4603/2496/5119
f 3369/2517/5140 4603/2496/5119 3402/2518/5141
f 3402/2518/5141 4603/2496/5119 3403/2519/5142
f 3403/2519/5142 4603/2496/5119 4601/2494/5117
f 3403/2519/5142 4601/2494/5117 4599/2492/5115
f 3379/2483/5109 3404/2490/5113 4593/2485/5111
f 4593/2485/5111 3404/2490/5113 4596/2488/5112
f 3404/2490/5113 3403/2519/5142 4599/2492/5115
f 4598/2491/5114 4600/2493/5116 4597/2489/3850
f 4597/2489/3850 4600/2493/5116 4595/2487/4247
f 4592/2484/5110 4594/2486/5110 4591/2482/5108
f 4591/2482/5108 4594/2486/5110 4616/2520/5143
f 4591/2482/5108 4616/2520/5143 4590/2479/5105
f 4590/2479/5105 4616/2520/5143 4617/2521/5144
f 4590/2479/5105 4617/2521/5144 4618/2522/5145
f 4590/2479/5105 4618/2522/5145 4589/2477/5103
f 4589/2477/5103 4618/2522/5145 4619/2523/5146
f 4589/2477/5103 4619/2523/5146 4588/2475/5101
f 4588/2475/5101 4620/2524/5147 4587/2473/5099
f 4587/2473/5099 4620/2524/5147 4586/2471/5097
f 4583/2467/5094 4585/2469/4249 4582/2464/4496
f 4582/2464/4496 4585/2469/4249 4567/2525/5078
f 4535/2526/5148 4621/2527/5149 3290/2528/5150
f 3290/2528/5150 4621/2527/5149 4622/2529/5151
f 3290/2528/5150 4622/2529/5151 4623/2530/5152
f 4623/2530/5152 4622/2529/5151 4535/2526/5148
f 4623/2530/5152 4535/2526/5148 4539/2531/5153
f 4542/2532/5154 4624/2533/5155 4539/2531/5153
f 4539/2531/5153 4624/2533/5155 4625/2534/5156
f 4539/2531/5153 4625/2534/5156 4626/2535/5157
f 4626/2535/5157 4625/2534/5156 4627/2536/5158
f 4626/2535/5157 4627/2536/5158 3290/2528/5150
f 4581/2537/5159 4628/2538/5160 4542/2532/5154
f 4542/2532/5154 4628/2538/5160 4629/2539/5161
f 4542/2532/5154 4629/2539/5161 4624/2533/5155
f 4624/2533/5155 4629/2539/5161 4627/2536/5158
f 4624/2533/5155 4627/2536/5158 4625/2534/5156
f 4581/2537/5159 4580/2540/5162 4628/2538/5160
f 4628/2538/5160 4580/2540/5162 4630/2541/5163
f 4628/2538/5160 4630/2541/5163 4631/2542/5164
f 4631/2542/5164 4630/2541/5163 4632/2543/5165
f 4632/2543/5165 4630/2541/5163 4633/2544/5166
f 4633/2544/5166 4630/2541/5163 4634/2545/5167
f 4633/2544/5166 4634/2545/5167 4635/2546/5168
f 4635/2546/5168 4634/2545/5167 4636/2547/5169
f 4636/2547/5169 4634/2545/5167 4637/2548/5170
f 4636/2547/5169 4637/2548/5170 4638/2549/5171
f 4638/2549/5171 4637/2548/5170 4639/2550/5172
f 4638/2549/5171 4639/2550/5172 4640/2551/5173
f 4640/2551/5173 4639/2550/5172 4641/2552/5174
f 4640/2551/5173 4641/2552/5174 4642/2553/5175
f 4642/2553/5175 4641/2552/5174 4553/2554/5176
f 4642/2553/5175 4553/2554/5176 4643/2555/5177
f 4643/2555/5177 4553/2554/5176 4577/2556/5178
f 4643/2555/5177 4577/2556/5178 4644/2557/5179
f 4644/2557/5179 4577/2556/5178 4645/2558/5180
f 4644/2557/5179 4645/2558/5180 4640/2551/5173
f 4640/2551/5173 4645/2558/5180 4646/2559/5181
f 4646/2559/5181 4645/2558/5180 4647/2560/5182
f 4647/2560/5182 4645/2558/5180 4557/2561/5183
f 4647/2560/5182 4557/2561/5183 4558/2562/5184
f 4580/2540/5162 4579/2563/5185 4630/2541/5163
f 4630/2541/5163 4579/2563/5185 4578/2564/5186
f 4630/2541/5163 4578/2564/5186 4634/2545/5167
f 4634/2545/5167 4578/2564/5186 4549/2565/5187
f 4634/2545/5167 4549/2565/5187 4548/2566/5188
f 4634/2545/5167 4548/2566/5188 4637/2548/5170
f 4637/2548/5170 4548/2566/5188 4555/2567/5189
f 4637/2548/5170 4555/2567/5189 4639/2550/5172
f 4639/2550/5172 4555/2567/5189 4641/2552/5174
f 4555/2567/5189 4553/2554/5176 4641/2552/5174
f 4577/2556/5178 4557/2561/5183 4645/2558/5180
f 4560/2568/5190 4648/2569/5191 4558/2562/5184
f 4558/2562/5184 4648/2569/5191 4649/2570/5192
f 4558/2562/5184 4649/2570/5192 4647/2560/5182
f 4560/2568/5190 4561/2571/5193 4648/2569/5191
f 4648/2569/5191 4561/2571/5193 4650/2572/5194
f 4648/2569/5191 4650/2572/5194 4651/2573/5195
f 4650/2572/5194 4561/2571/5193 4652/2574/5196
f 4652/2574/5196 4561/2571/5193 4576/2575/5197
f 4652/2574/5196 4576/2575/5197 4575/2576/5198
f 4652/2574/5196 4575/2576/5198 4653/2577/5199
f 4653/2577/5199 4575/2576/5198 4574/2578/5200
f 4653/2577/5199 4574/2578/5200 4573/2579/5201
f 4653/2577/5199 4573/2579/5201 4654/2580/5202
f 4654/2580/5202 4573/2579/5201 4572/2581/5203
f 4654/2580/5202 4572/2581/5203 4655/2582/5204
f 4655/2582/5204 4572/2581/5203 4571/2583/5205
f 4655/2582/5204 4571/2583/5205 4570/2584/5206
f 4570/2584/5206 4569/2585/5207 4655/2582/5204
f 4655/2582/5204 4569/2585/5207 4568/2586/5208
f 4655/2582/5204 4568/2586/5208 4656/2587/5209
f 4656/2587/5209 4568/2586/5208 4567/2588/5210
f 4656/2587/5209 4567/2588/5210 3338/2589/4071
s 0
f 3340/2590/5211 3341/2591/5212 3338/2589/5213
s 1
f 3338/2589/4071 3341/2591/4009 4656/2587/5209
f 3341/2591/5214 3342/2592/5215 4656/2587/5209
f 4656/2587/5209 3342/2592/5215 4655/2582/5204
f 3342/2592/5215 3343/2593/5216 4655/2582/5204
f 4655/2582/5204 3343/2593/5216 4657/2594/5217
f 4655/2582/5204 4657/2594/5217 4654/2580/5202
f 4654/2580/5202 4657/2594/5217 4658/2595/5218
f 4654/2580/5202 4658/2595/5218 4653/2577/5199
f 4653/2577/5199 4658/2595/5218 4659/2596/5219
f 4653/2577/5199 4659/2596/5219 4660/2597/5220
f 4653/2577/5199 4660/2597/5220 4652/2574/5196
f 4652/2574/5196 4660/2597/5220 4661/2598/5221
f 4652/2574/5196 4661/2598/5221 4650/2572/5194
f 4651/2573/5195 4649/2570/5192 4648/2569/5191
f 4631/2542/5164 4662/2599/5222 4628/2538/5160
f 4628/2538/5160 4662/2599/5222 4629/2539/5161
f 4643/2555/5177 4644/2557/5179 4640/2551/5173
f 4643/2555/5177 4640/2551/5173 4642/2553/5175
f 4621/2527/5149 4535/2526/5148 4622/2529/5151
f 4539/2531/5153 4626/2535/5157 4663/2600/5156
f 4663/2600/5156 4626/2535/5157 3290/2528/5150
f 4663/2600/5156 3290/2528/5150 4623/2530/5152
f 4623/2530/5152 4539/2531/5153 4663/2600/5156
f 4535/2601/5223 3290/2602/5224 4664/2603/5225
f 4664/2603/5225 3290/2602/5224 3289/2604/5226
f 4664/2603/5225 3289/2604/5226 3353/2605/5227
f 4664/2603/5225 3353/2605/5227 4665/2606/5228
f 4665/2606/5228 3353/2605/5227 3352/2607/5229
f 4665/2606/5228 3352/2607/5229 4666/2608/5230
f 4666/2608/5230 3352/2607/5229 3351/2609/5231
f 4666/2608/5230 3351/2609/5231 4667/2610/5232
f 4667/2610/5232 3351/2609/5231 3350/2611/5233
f 4667/2610/5232 3350/2611/5233 4668/2612/5234
f 4668/2612/5234 3350/2611/5233 3349/2613/5235
f 4668/2612/5234 3349/2613/5235 3348/2614/5236
f 4668/2612/5234 3348/2614/5236 4669/2615/5237
f 4669/2615/5237 3348/2614/5236 3303/2616/5238
f 4669/2615/5237 3303/2616/5238 3305/2617/5239
f 3307/2618/5240 4670/2619/4340 3305/2617/5239
f 3305/2617/5239 4670/2619/4340 4671/2620/5241
f 3305/2617/5239 4671/2620/5241 4672/2621/5242
f 4672/2621/5242 4671/2620/5241 4602/2622/5243
f 4672/2621/5242 4602/2622/5243 4669/2615/5237
f 4669/2615/5237 4602/2622/5243 4604/2623/5244
f 4669/2615/5237 4604/2623/5244 4668/2612/5234
f 4668/2612/5234 4604/2623/5244 4606/2624/5245
f 4668/2612/5234 4606/2624/5245 4607/2625/5246
f 3347/2626/5247 4673/2627/4045 3307/2618/5240
f 3307/2618/5240 4673/2627/4045 4674/2628/5248
f 3307/2618/5240 4674/2628/5248 4675/2629/5249
f 4675/2629/5249 4674/2628/5248 4595/2630/5250
f 4675/2629/5249 4595/2630/5250 4600/2631/5251
f 3315/2632/5252 4676/2633/5253 3347/2626/5247
f 3347/2626/5247 4676/2633/5253 4677/2634/5254
f 3347/2626/5247 4677/2634/5254 4678/2635/5255
f 4678/2635/5255 4677/2634/5254 4594/2636/4053
f 4678/2635/5255 4594/2636/4053 4673/2627/4045
f 4673/2627/4045 4594/2636/4053 4595/2630/5250
f 4673/2627/4045 4595/2630/5250 4674/2628/5248
f 3315/2632/5252 3316/2637/5256 4676/2633/5253
f 4676/2633/5253 3316/2637/5256 4679/2638/5257
f 4676/2633/5253 4679/2638/5257 4618/2639/5258
f 4618/2639/5258 4679/2638/5257 4619/1980/5259
f 4619/1980/5259 4679/2638/5257 4588/2640/5260
f 4588/2640/5260 4679/2638/5257 3335/2641/5261
f 4588/2640/5260 3335/2641/5261 4680/2642/5262
f 4680/2642/5262 3335/2641/5261 3334/2643/5263
f 4680/2642/5262 3334/2643/5263 3346/2644/5264
f 3316/2637/5256 3318/2645/5265 4679/2638/5257
f 4679/2638/5257 3318/2645/5265 3335/2641/5261
f 3345/2646/5266 4681/2647/5267 3346/2644/5264
f 3346/2644/5264 4681/2647/5267 4584/2648/5268
f 3346/2644/5264 4584/2648/5268 4586/2649/5269
f 4681/2647/5267 3345/2646/5266 4682/2650/5270
f 4682/2650/5270 3345/2646/5266 3338/2651/4071
f 4682/2650/5270 3338/2651/4071 4567/2652/5210
f 4567/2652/5210 4585/2653/5271 4682/2650/5270
f 4682/2650/5270 4585/2653/5271 4681/2647/5267
f 4585/2653/5271 4584/2648/5268 4681/2647/5267
f 3346/2644/5264 4586/2649/5269 4680/2642/5262
f 4680/2642/5262 4586/2649/5269 4620/2654/5272
f 4680/2642/5262 4620/2654/5272 4588/2640/5260
f 4618/2639/5258 4617/2655/5273 4676/2633/5253
f 4676/2633/5253 4617/2655/5273 4616/2656/5274
f 4676/2633/5253 4616/2656/5274 4677/2634/5254
f 4677/2634/5254 4616/2656/5274 4594/2636/4053
f 4602/2622/5243 4671/2620/5241 4600/2631/5251
f 4600/2631/5251 4671/2620/5241 4670/2619/4340
f 4600/2631/5251 4670/2619/4340 4675/2629/5249
f 4675/2629/5249 4670/2619/4340 3307/2618/5240
f 4668/2612/5234 4607/2625/5246 4667/2610/5232
f 4667/2610/5232 4607/2625/5246 4609/2657/5275
f 4667/2610/5232 4609/2657/5275 4666/2608/5230
f 4666/2608/5230 4609/2657/5275 4611/2658/5276
f 4666/2608/5230 4611/2658/5276 4665/2606/5228
f 4665/2606/5228 4611/2658/5276 4613/2659/5277
f 4665/2606/5228 4613/2659/5277 4614/2660/5278
f 4665/2606/5228 4614/2660/5278 4664/2603/5225
f 4664/2603/5225 4614/2660/5278 4535/2601/5223
f 3305/2617/5239 4672/2621/5242 4669/2615/5237
f 4673/2627/4045 3347/2626/5247 4678/2635/5255
f 3288/2661/3311 3290/2662/3459 4683/2663/3187
f 4683/2663/3187 3290/2662/3459 4627/2664/3187
f 4683/2663/3187 4627/2664/3187 4684/2665/5279
f 4684/2665/5279 4627/2664/3187 4685/2666/5280
f 4684/2665/5279 4685/2666/5280 4686/2667/5281
f 4686/2667/5281 4685/2666/5280 4687/2668/5282
f 4687/2668/5282 4685/2666/5280 4688/2669/5283
f 4687/2668/5282 4688/2669/5283 4689/2670/5284
f 4689/2670/5284 4688/2669/5283 4690/2671/5285
f 4689/2670/5284 4690/2671/5285 4691/2672/5286
f 4691/2672/5286 4690/2671/5285 4692/2673/5287
f 4691/2672/5286 4692/2673/5287 4693/2674/5288
f 4693/2674/5288 4692/2673/5287 4694/2675/5289
f 4693/2674/5288 4694/2675/5289 4695/2676/5290
f 4695/2676/5290 4694/2675/5289 4696/2677/5291
f 4695/2676/5290 4696/2677/5291 4697/2678/5292
f 4697/2678/5292 4696/2677/5291 4698/2679/5293
f 4697/2678/5292 4698/2679/5293 4699/2680/5294
f 4699/2680/5294 4698/2679/5293 4700/2681/5295
f 4699/2680/5294 4700/2681/5295 4701/2682/5296
f 4701/2682/5296 4700/2681/5295 4702/2683/3901
f 4701/2682/5296 4702/2683/3901 4703/2684/3901
f 4703/2684/3901 4702/2683/3901 4704/2685/3901
f 4703/2684/3901 4704/2685/3901 4705/2686/3901
f 4705/2686/3901 4704/2685/3901 4706/2687/4999
f 4705/2686/3901 4706/2687/4999 4707/2688/5297
f 4707/2688/5297 4706/2687/4999 4708/2689/5298
f 4707/2688/5297 4708/2689/5298 4709/2690/5299
f 4709/2690/5299 4708/2689/5298 4649/2691/5300
f 4709/2690/5299 4649/2691/5300 4651/2692/5301
f 4627/2664/3187 4629/2693/5302 4685/2666/5280
f 4685/2666/5280 4629/2693/5302 4688/2669/5283
f 4629/2693/5302 4662/2694/5303 4688/2669/5283
f 4688/2669/5283 4662/2694/5303 4690/2671/5285
f 4662/2694/5303 4631/2695/5304 4690/2671/5285
f 4690/2671/5285 4631/2695/5304 4692/2673/5287
f 4631/2695/5304 4632/2696/5305 4692/2673/5287
f 4692/2673/5287 4632/2696/5305 4694/2675/5289
f 4632/2696/5305 4633/2697/5306 4694/2675/5289
f 4694/2675/5289 4633/2697/5306 4696/2677/5291
f 4633/2697/5306 4635/2698/5307 4696/2677/5291
f 4696/2677/5291 4635/2698/5307 4698/2679/5293
f 4635/2698/5307 4636/2699/5308 4698/2679/5293
f 4698/2679/5293 4636/2699/5308 4700/2681/5295
f 4636/2699/5308 4638/2700/5309 4700/2681/5295
f 4700/2681/5295 4638/2700/5309 4702/2683/3901
f 4638/2700/5309 4640/2701/4398 4702/2683/3901
f 4702/2683/3901 4640/2701/4398 4704/2685/3901
f 4640/2701/4398 4646/2702/5310 4704/2685/3901
f 4704/2685/3901 4646/2702/5310 4706/2687/4999
f 4646/2702/5310 4647/2703/5311 4706/2687/4999
f 4706/2687/4999 4647/2703/5311 4708/2689/5298
f 4647/2703/5311 4649/2691/5300 4708/2689/5298
f 4709/2690/5299 4651/2692/5301 4710/2704/5312
f 4710/2704/5312 4651/2692/5301 4650/2705/5313
f 4710/2704/5312 4650/2705/5313 4711/2706/5314
f 4711/2706/5314 4650/2705/5313 4661/2707/5315
f 4711/2706/5314 4661/2707/5315 4712/2708/5316
f 4712/2708/5316 4661/2707/5315 4660/2709/5317
f 4712/2708/5316 4660/2709/5317 4713/2710/5318
f 4713/2710/5318 4660/2709/5317 4659/2711/5319
f 4713/2710/5318 4659/2711/5319 4714/2712/5320
f 4714/2712/5320 4659/2711/5319 4658/2713/5321
f 4714/2712/5320 4658/2713/5321 4715/2714/5322
f 4715/2714/5322 4658/2713/5321 4657/2715/5323
f 4715/2714/5322 4657/2715/5323 3344/586/3147
f 3344/586/3147 4657/2715/5323 3343/585/3196
f 3344/586/3147 4716/2716/5324 4715/2714/5322
f 4715/2714/5322 4716/2716/5324 4714/2712/5320
f 4716/2716/5324 4717/2717/5325 4714/2712/5320
f 4714/2712/5320 4717/2717/5325 4713/2710/5318
f 4717/2717/5325 4718/2718/5326 4713/2710/5318
f 4713/2710/5318 4718/2718/5326 4712/2708/5316
f 4718/2718/5326 4719/2719/5327 4712/2708/5316
f 4712/2708/5316 4719/2719/5327 4711/2706/5314
f 4719/2719/5327 4720/2720/5328 4711/2706/5314
f 4711/2706/5314 4720/2720/5328 4710/2704/5312
f 4720/2720/5328 4721/2721/5329 4710/2704/5312
f 4710/2704/5312 4721/2721/5329 4709/2690/5299
f 4721/2721/5329 4707/2688/5297 4709/2690/5299
f 4686/2667/5281 3288/2661/3311 4684/2665/5279
f 4684/2665/5279 3288/2661/3311 4683/2663/3187
f 4686/2722/5330 4722/2723/5331 3288/2724/5332
f 3288/2724/5332 4722/2723/5331 4723/2725/5026
f 3288/2724/5332 4723/2725/5026 4724/2726/5333
f 4724/2726/5333 4723/2725/5026 4722/2723/5331
f 4724/2726/5333 4722/2723/5331 4725/2727/5334
f 4725/2727/5334 4722/2723/5331 4726/2728/5331
f 4725/2727/5334 4726/2728/5331 4727/2729/5335
f 4727/2729/5335 4726/2728/5331 4728/2730/5336
f 4727/2729/5335 4728/2730/5336 4729/2731/5337
f 4729/2731/5337 4728/2730/5336 4730/2732/5338
f 4729/2731/5337 4730/2732/5338 4731/2733/5339
f 4731/2733/5339 4730/2732/5338 4732/2734/5340
f 4731/2733/5339 4732/2734/5340 4733/2735/5341
f 4733/2735/5341 4732/2734/5340 4734/2736/5342
f 4734/2736/5342 4732/2734/5340 4735/2737/5343
f 4734/2736/5342 4735/2737/5343 4736/2738/5344
f 4736/2738/5344 4735/2737/5343 4737/2739/5345
f 4736/2738/5344 4737/2739/5345 4738/2740/5346
f 4738/2740/5346 4737/2739/5345 4739/2741/5347
f 4738/2740/5346 4739/2741/5347 4740/2742/5348
f 4740/2742/5348 4739/2741/5347 4741/2743/5349
f 4740/2742/5348 4741/2743/5349 4742/2744/5350
f 4742/2744/5350 4741/2743/5349 4743/2745/5351
f 4742/2744/5350 4743/2745/5351 4744/2746/5352
f 4744/2746/5352 4743/2745/5351 4705/2747/5353
f 4744/2746/5352 4705/2747/5353 4745/2748/5354
f 4745/2748/5354 4705/2747/5353 4746/2749/5355
f 4745/2748/5354 4746/2749/5355 4747/2750/5354
f 4747/2750/5354 4746/2749/5355 4748/2751/5356
f 4747/2750/5354 4748/2751/5356 4749/2752/5357
f 4749/2752/5357 4748/2751/5356 4750/2753/5358
f 4749/2752/5357 4750/2753/5358 4751/2754/5359
f 4751/2754/5359 4750/2753/5358 4752/2755/5360
f 4751/2754/5359 4752/2755/5360 4753/2756/5361
f 4753/2756/5361 4752/2755/5360 4721/2757/5362
f 4753/2756/5361 4721/2757/5362 4720/2758/5363
f 4687/2759/5364 4728/2730/5336 4686/2722/5330
f 4686/2722/5330 4728/2730/5336 4726/2728/5331
f 4686/2722/5330 4726/2728/5331 4722/2723/5331
f 4728/2730/5336 4687/2759/5364 4730/2732/5338
f 4730/2732/5338 4687/2759/5364 4689/2760/5365
f 4730/2732/5338 4689/2760/5365 4732/2734/5340
f 4732/2734/5340 4689/2760/5365 4691/2761/5366
f 4732/2734/5340 4691/2761/5366 4693/2762/5367
f 4732/2734/5340 4693/2762/5367 4735/2737/5343
f 4735/2737/5343 4693/2762/5367 4695/2763/5368
f 4735/2737/5343 4695/2763/5368 4697/2764/5369
f 4735/2737/5343 4697/2764/5369 4737/2739/5345
f 4737/2739/5345 4697/2764/5369 4699/2765/5370
f 4737/2739/5345 4699/2765/5370 4739/2741/5347
f 4739/2741/5347 4699/2765/5370 4701/2766/5371
f 4739/2741/5347 4701/2766/5371 4741/2743/5349
f 4741/2743/5349 4701/2766/5371 4703/2767/5372
f 4741/2743/5349 4703/2767/5372 4743/2745/5351
f 4743/2745/5351 4703/2767/5372 4705/2747/5353
f 4746/2749/5355 4705/2747/5353 4748/2751/5356
f 4748/2751/5356 4705/2747/5353 4707/2768/5373
f 4748/2751/5356 4707/2768/5373 4750/2753/5358
f 4750/2753/5358 4707/2768/5373 4752/2755/5360
f 4707/2768/5373 4721/2757/5362 4752/2755/5360
f 4753/2756/5361 4720/2758/5363 4754/2769/5374
f 4754/2769/5374 4720/2758/5363 4719/2770/5375
f 4754/2769/5374 4719/2770/5375 4755/2771/5376
f 4755/2771/5376 4719/2770/5375 4718/2772/5377
f 4755/2771/5376 4718/2772/5377 4756/2773/5378
f 4756/2773/5378 4718/2772/5377 4717/2774/5379
f 4756/2773/5378 4717/2774/5379 4757/2775/5380
f 4757/2775/5380 4717/2774/5379 4716/2776/5381
f 4757/2775/5380 4716/2776/5381 4758/2777/5382
f 4758/2777/5382 4716/2776/5381 3344/2778/5383
f 4758/2777/5382 3344/2778/5383 4759/2779/5384
f 4759/2779/5384 3344/2778/5383 3339/2780/5385
f 4759/2779/5384 3339/2780/5385 4760/2781/5386
f 4760/2781/5386 3339/2780/5385 3337/2782/5387
f 4760/2781/5386 3337/2782/5387 4761/2783/5388
f 4761/2783/5388 3337/2782/5387 4762/2784/5389
f 4761/2783/5388 4762/2784/5389 4763/2785/5390
f 4763/2785/5390 4762/2784/5389 4764/2786/5391
f 4763/2785/5390 4764/2786/5391 4765/2787/5392
f 4765/2787/5392 4764/2786/5391 3330/2788/5393
f 4765/2787/5392 3330/2788/5393 4766/2789/5394
f 3337/2782/5387 3331/2790/5395 4762/2784/5389
f 4762/2784/5389 3331/2790/5395 4764/2786/5391
f 3331/2790/5395 3330/2788/5393 4764/2786/5391
f 4763/2785/5390 4767/2791/5396 4761/2783/5388
f 4761/2783/5388 4767/2791/5396 4760/2781/5386
f 4760/2781/5386 4767/2791/5396 4759/2779/5384
f 4759/2779/5384 4767/2791/5396 4768/2792/5397
f 4759/2779/5384 4768/2792/5397 4769/2793/5398
f 4759/2779/5384 4769/2793/5398 4758/2777/5382
f 4758/2777/5382 4769/2793/5398 4770/2794/5399
f 4758/2777/5382 4770/2794/5399 4771/2795/5400
f 4758/2777/5382 4771/2795/5400 4757/2775/5380
f 4757/2775/5380 4771/2795/5400 4772/2796/5401
f 4757/2775/5380 4772/2796/5401 4756/2773/5378
f 4756/2773/5378 4772/2796/5401 4755/2771/5376
f 4755/2771/5376 4773/2797/5402 4754/2769/5374
f 4754/2769/5374 4773/2797/5402 4753/2756/5361
f 4747/2750/5354 4742/2744/5350 4745/2748/5354
f 4745/2748/5354 4742/2744/5350 4744/2746/5352
f 3288/2798/5332 4724/2799/5333 4774/2800/5403
f 3288/2801/5404 4774/2802/5405 4775/2803/5406
f 3329/2804/5407 4776/2805/5408 3330/2806/5393
f 3330/2806/5393 4776/2805/5408 4777/2807/5409
f 3330/2806/5393 4777/2807/5409 4766/2808/5394
f 4766/2808/5394 4777/2807/5409 4778/2809/5410
f 4778/2809/5410 4777/2807/5409 4776/2805/5408
f 4778/2809/5410 4776/2805/5408 4779/2810/5411
f 4779/2810/5411 4776/2805/5408 3329/2804/5407
f 4779/2810/5411 3329/2804/5407 3322/2811/5412
f 4779/2810/5411 3322/2811/5412 4780/2812/5413
f 4780/2812/5413 3322/2811/5412 3321/2813/5414
f 4780/2812/5413 3321/2813/5414 3327/2814/5415
f 3326/2815/5416 4781/2816/5417 3327/2814/5415
f 3327/2814/5415 4781/2816/5417 4782/2817/5418
f 3327/2814/5415 4782/2817/5418 4780/2812/5413
f 4780/2812/5413 4782/2817/5418 4783/2818/5419
f 4780/2812/5413 4783/2818/5419 4784/2819/5420
f 4781/2816/5417 3326/2815/5416 4785/2820/5421
f 4785/2820/5421 3326/2815/5416 3312/2821/5422
f 4785/2820/5421 3312/2821/5422 4786/2822/5423
f 4786/2822/5423 3312/2821/5422 3310/2823/5424
f 4786/2822/5423 3310/2823/5424 4787/2824/5425
f 4787/2824/5425 3310/2823/5424 3308/2825/5426
f 4787/2824/5425 3308/2825/5426 4788/2826/5427
f 4788/2826/5427 3308/2825/5426 4789/2827/5428
f 4788/2826/5427 4789/2827/5428 4790/2828/5429
f 4790/2828/5429 4789/2827/5428 4791/2829/5430
f 4791/2829/5430 4789/2827/5428 4792/2830/5431
f 4791/2829/5430 4792/2830/5431 4793/2831/5430
f 4793/2831/5430 4792/2830/5431 3325/2832/5432
f 4793/2831/5430 3325/2832/5432 3324/2833/5433
f 4789/2827/5428 3308/2825/5426 4792/2830/5431
f 4792/2830/5431 3308/2825/5426 3325/2832/5432
f 3324/2833/5433 3323/2834/5434 4793/2831/5430
f 4793/2831/5430 3323/2834/5434 4794/2835/5435
f 4793/2831/5430 4794/2835/5435 4795/2836/5436
f 4795/2836/5436 4794/2835/5435 4796/2837/5437
f 4796/2837/5437 4794/2835/5435 4797/2838/5438
f 4796/2837/5437 4797/2838/5438 4798/2839/5439
f 4798/2839/5439 4797/2838/5438 4799/2840/5440
f 4798/2839/5439 4799/2840/5440 4800/2841/5440
f 4800/2841/5440 4799/2840/5440 4801/2842/5441
f 4801/2842/5441 4799/2840/5440 4802/2843/5442
f 4801/2842/5441 4802/2843/5442 4803/2844/5443
f 4803/2844/5443 4802/2843/5442 4804/2845/5444
f 4804/2845/5444 4802/2843/5442 4805/2846/5445
f 4804/2845/5444 4805/2846/5445 4806/2847/5446
f 4806/2847/5446 4805/2846/5445 4807/2848/5447
f 4806/2847/5446 4807/2848/5447 4775/2849/5406
f 4775/2849/5406 4807/2848/5447 3288/2850/5404
f 3288/2850/5404 4807/2848/5447 4805/2846/5445
f 3288/2850/5404 4805/2846/5445 3286/2851/5448
f 3286/2851/5448 4805/2846/5445 4802/2843/5442
f 3286/2851/5448 4802/2843/5442 3292/2852/5449
f 3292/2852/5449 4802/2843/5442 3294/2853/5450
f 3294/2853/5450 4802/2843/5442 4799/2840/5440
f 3294/2853/5450 4799/2840/5440 3296/2854/5451
f 3296/2854/5451 4799/2840/5440 3298/2855/5452
f 3298/2855/5452 4799/2840/5440 4797/2838/5438
f 3298/2855/5452 4797/2838/5438 3300/2856/5453
f 3300/2856/5453 4797/2838/5438 4794/2835/5435
f 3300/2856/5453 4794/2835/5435 3323/2834/5434
f 4795/2836/5436 4791/2829/5430 4793/2831/5430
f 4788/2826/5427 4790/2828/5429 4787/2824/5425
f 4787/2824/5425 4790/2828/5429 4808/2857/5454
f 4787/2824/5425 4808/2857/5454 4786/2822/5423
f 4786/2822/5423 4808/2857/5454 4809/2858/5455
f 4786/2822/5423 4809/2858/5455 4785/2820/5421
f 4785/2820/5421 4809/2858/5455 4810/2859/5456
f 4785/2820/5421 4810/2859/5456 4781/2816/5417
f 4781/2816/5417 4810/2859/5456 4782/2817/5418
f 4780/2812/5413 4784/2819/5420 4779/2810/5411
f 4779/2810/5411 4784/2819/5420 4778/2809/5410
f 4724/2860/5457 4811/2861/5458 3189/2862/5459
f 3189/2862/5459 4811/2861/5458 4812/2863/5460
f 3189/2862/5459 4812/2863/5460 4813/2864/5461
f 4813/2864/5461 4812/2863/5460 4814/2865/5462
f 4813/2864/5461 4814/2865/5462 4815/2866/5463
f 4815/2866/5463 4814/2865/5462 4727/2867/5464
f 4815/2866/5463 4727/2867/5464 4729/2868/5465
f 4724/2860/5457 4725/2869/5466 4811/2861/5458
f 4811/2861/5458 4725/2869/5466 4812/2863/5460
f 4812/2863/5460 4725/2869/5466 4814/2865/5462
f 4814/2865/5462 4725/2869/5466 4727/2867/5464
f 4815/2866/5463 4729/2868/5465 4816/2870/5467
f 4816/2870/5467 4729/2868/5465 4731/2871/5468
f 4816/2870/5467 4731/2871/5468 4817/2872/5469
f 4817/2872/5469 4731/2871/5468 4733/2873/5470
f 4817/2872/5469 4733/2873/5470 4734/2874/5471
f 4817/2872/5469 4734/2874/5471 4818/2875/5472
f 4818/2875/5472 4734/2874/5471 4736/2876/5473
f 4818/2875/5472 4736/2876/5473 4819/2877/5474
f 4819/2877/5474 4736/2876/5473 4738/2878/5475
f 4819/2877/5474 4738/2878/5475 4820/2879/5476
f 4820/2879/5476 4738/2878/5475 4740/2880/5477
f 4820/2879/5476 4740/2880/5477 4821/2881/5478
f 4821/2881/5478 4740/2880/5477 4742/2882/5479
f 4821/2881/5478 4742/2882/5479 4822/2883/5480
f 4822/2883/5480 4742/2882/5479 4823/2884/5481
f 4822/2883/5480 4823/2884/5481 4824/2885/5482
f 4824/2885/5482 4823/2884/5481 4825/2886/5483
f 4825/2886/5483 4823/2884/5481 4826/2887/5481
f 4825/2886/5483 4826/2887/5481 4827/2888/5484
f 4827/2888/5484 4826/2887/5481 4747/2889/5485
f 4827/2888/5484 4747/2889/5485 4828/2890/5486
f 4828/2890/5486 4747/2889/5485 4749/2891/5487
f 4828/2890/5486 4749/2891/5487 4829/2892/5488
f 4829/2892/5488 4749/2891/5487 4751/2893/5489
f 4829/2892/5488 4751/2893/5489 4830/2894/5490
f 4830/2894/5490 4751/2893/5489 4753/2895/5491
f 4830/2894/5490 4753/2895/5491 4831/2896/5492
f 4831/2896/5492 4753/2895/5491 4832/2897/5493
f 4831/2896/5492 4832/2897/5493 4833/2898/5494
f 4833/2898/5494 4832/2897/5493 4834/2899/5495
f 4834/2899/5495 4832/2897/5493 4755/2900/5496
f 4834/2899/5495 4755/2900/5496 4835/2901/5497
f 4835/2901/5497 4755/2900/5496 4836/2902/5498
f 4835/2901/5497 4836/2902/5498 4837/2903/5499
f 4837/2903/5499 4836/2902/5498 4838/2904/5500
f 4838/2904/5500 4836/2902/5498 4839/2905/5501
f 4838/2904/5500 4839/2905/5501 4840/2906/5502
f 4840/2906/5502 4839/2905/5501 4841/2907/5503
f 4840/2906/5502 4841/2907/5503 4842/2908/5504
f 4842/2908/5504 4841/2907/5503 4843/2909/5505
f 4842/2908/5504 4843/2909/5505 3232/2910/5506
f 3232/2910/5506 4843/2909/5505 4844/2911/5507
f 3232/2910/5506 4844/2911/5507 4845/2912/5508
f 4845/2912/5508 4844/2911/5507 4763/2913/5509
f 4845/2912/5508 4763/2913/5509 4846/2914/5510
f 4846/2914/5510 4763/2913/5509 4847/2915/5511
f 4846/2914/5510 4847/2915/5511 3230/2916/5512
f 3230/2916/5512 4847/2915/5511 3229/2917/5513
f 3229/2917/5513 4847/2915/5511 4765/2918/5514
f 3229/2917/5513 4765/2918/5514 3227/2919/5515
f 3227/2919/5515 4765/2918/5514 4766/2920/5516
f 3227/2919/5515 4766/2920/5516 3226/2921/5517
f 4742/2882/5479 4747/2889/5485 4823/2884/5481
f 4823/2884/5481 4747/2889/5485 4826/2887/5481
f 4753/2895/5491 4773/2922/5518 4832/2897/5493
f 4832/2897/5493 4773/2922/5518 4755/2900/5496
f 4755/2900/5496 4772/2923/5519 4836/2902/5498
f 4836/2902/5498 4772/2923/5519 4839/2905/5501
f 4772/2923/5519 4771/2924/5520 4839/2905/5501
f 4839/2905/5501 4771/2924/5520 4841/2907/5503
f 4771/2924/5520 4770/2925/5521 4841/2907/5503
f 4841/2907/5503 4770/2925/5521 4769/2926/5522
f 4841/2907/5503 4769/2926/5522 4843/2909/5505
f 4843/2909/5505 4769/2926/5522 4768/2927/5523
f 4843/2909/5505 4768/2927/5523 4767/2928/5524
f 4843/2909/5505 4767/2928/5524 4844/2911/5507
f 4844/2911/5507 4767/2928/5524 4763/2913/5509
f 4763/2913/5509 4765/2918/5514 4847/2915/5511
f 3230/2916/5512 3232/2910/5506 4846/2914/5510
f 4846/2914/5510 3232/2910/5506 4845/2912/5508
f 4831/2896/5492 4848/2929/5525 4830/2894/5490
f 4830/2894/5490 4848/2929/5525 4849/2930/5526
f 4830/2894/5490 4849/2930/5526 4829/2892/5488
f 4829/2892/5488 4849/2930/5526 4850/2931/5527
f 4829/2892/5488 4850/2931/5527 4828/2890/5486
f 4828/2890/5486 4850/2931/5527 4825/2886/5483
f 4828/2890/5486 4825/2886/5483 4827/2888/5484
f 4851/2932/5528 4819/2877/5474 4824/2885/5482
f 4824/2885/5482 4819/2877/5474 4820/2879/5476
f 4824/2885/5482 4820/2879/5476 4821/2881/5478
f 4819/2877/5474 4851/2932/5528 4818/2875/5472
f 4818/2875/5472 4851/2932/5528 4852/2933/5529
f 4818/2875/5472 4852/2933/5529 4853/2934/5530
f 4818/2875/5472 4853/2934/5530 4817/2872/5469
f 4817/2872/5469 4853/2934/5530 4854/2935/5531
f 4817/2872/5469 4854/2935/5531 4855/2936/5532
f 4817/2872/5469 4855/2936/5532 4816/2870/5467
f 4816/2870/5467 4855/2936/5532 4856/2937/5533
f 4816/2870/5467 4856/2937/5533 4857/2938/5534
f 4816/2870/5467 4857/2938/5534 4815/2866/5463
f 4815/2866/5463 4857/2938/5534 4813/2864/5461
f 4824/2885/5482 4821/2881/5478 4822/2883/5480
f 4774/2939/5535 3189/2940/5536 4775/50/5536
f 3189/2940/5459 4774/2939/5537 4724/50/5457
f 3182/2941/5538 4858/2942/5539 3189/2943/5536
f 3189/2943/5536 4858/2942/5539 4806/2944/5540
f 3189/2943/5536 4806/2944/5540 4775/2945/5536
f 4858/2942/5539 3182/2941/5538 4859/2946/5541
f 4859/2946/5541 3182/2941/5538 3285/2947/5542
f 4859/2946/5541 3285/2947/5542 4860/2948/5543
f 4860/2948/5543 3285/2947/5542 3284/2949/5544
f 4860/2948/5543 3284/2949/5544 3283/2950/5545
f 4860/2948/5543 3283/2950/5545 4861/2951/5546
f 4861/2951/5546 3283/2950/5545 3282/2952/5547
f 4861/2951/5546 3282/2952/5547 3281/2953/5548
f 4861/2951/5546 3281/2953/5548 4862/2954/5549
f 4862/2954/5549 3281/2953/5548 3280/2955/5550
f 4862/2954/5549 3280/2955/5550 4863/2956/5551
f 4863/2956/5551 3280/2955/5550 3279/2957/5552
f 4863/2956/5551 3279/2957/5552 4864/2958/5553
f 4864/2958/5553 3279/2957/5552 3278/2959/5554
f 4864/2958/5553 3278/2959/5554 4865/2960/5555
f 4865/2960/5555 3278/2959/5554 3277/2961/5556
f 4865/2960/5555 3277/2961/5556 4866/2962/5557
f 4866/2962/5557 3277/2961/5556 3212/2963/5558
f 4866/2962/5557 3212/2963/5558 4867/2964/5559
f 4867/2964/5559 3212/2963/5558 4868/2965/5560
f 4867/2964/5559 4868/2965/5560 4790/2966/5561
f 4790/2966/5561 4868/2965/5560 4808/2967/5562
f 4808/2967/5562 4868/2965/5560 4869/2968/5563
f 4808/2967/5562 4869/2968/5563 4809/2969/5564
f 4809/2969/5564 4869/2968/5563 4870/2970/5565
f 4809/2969/5564 4870/2970/5565 4810/2971/5566
f 4810/2971/5566 4870/2970/5565 4871/2972/5567
f 4810/2971/5566 4871/2972/5567 4782/2973/5568
f 4782/2973/5568 4871/2972/5567 3219/2974/5569
f 4782/2973/5568 3219/2974/5569 3220/2975/5570
f 3212/2963/5558 3213/2976/5571 4868/2965/5560
f 4868/2965/5560 3213/2976/5571 4869/2968/5563
f 3213/2976/5571 3215/2977/5572 4869/2968/5563
f 4869/2968/5563 3215/2977/5572 4870/2970/5565
f 3215/2977/5572 3217/2978/5573 4870/2970/5565
f 4870/2970/5565 3217/2978/5573 4871/2972/5567
f 3217/2978/5573 3219/2974/5569 4871/2972/5567
f 4782/2973/5568 3220/2975/5570 4872/2979/5574
f 4872/2979/5574 3220/2975/5570 3222/2980/5575
f 4872/2979/5574 3222/2980/5575 4873/2981/5576
f 4873/2981/5576 3222/2980/5575 3224/2982/5577
f 4873/2981/5576 3224/2982/5577 4874/2983/5578
f 4874/2983/5578 3224/2982/5577 3226/2984/5517
f 4874/2983/5578 3226/2984/5517 4875/2985/5579
f 4875/2985/5579 3226/2984/5517 4766/2986/5516
f 4875/2985/5579 4766/2986/5516 4778/2987/5580
f 4784/2988/5581 4873/2981/5576 4778/2987/5580
f 4778/2987/5580 4873/2981/5576 4874/2983/5578
f 4778/2987/5580 4874/2983/5578 4875/2985/5579
f 4873/2981/5576 4784/2988/5581 4872/2979/5574
f 4872/2979/5574 4784/2988/5581 4783/2989/5582
f 4872/2979/5574 4783/2989/5582 4782/2973/5568
f 4867/2964/5559 4790/2966/5561 4866/2962/5557
f 4866/2962/5557 4790/2966/5561 4791/2990/5553
f 4866/2962/5557 4791/2990/5553 4865/2960/5555
f 4865/2960/5555 4791/2990/5553 4864/2958/5553
f 4791/2990/5553 4795/2991/5583 4864/2958/5553
f 4864/2958/5553 4795/2991/5583 4863/2956/5551
f 4795/2991/5583 4796/2216/5584 4863/2956/5551
f 4863/2956/5551 4796/2216/5584 4862/2954/5549
f 4796/2216/5584 4798/2992/5585 4862/2954/5549
f 4862/2954/5549 4798/2992/5585 4861/2951/5546
f 4798/2992/5585 4800/2993/5586 4861/2951/5546
f 4861/2951/5546 4800/2993/5586 4801/2994/5587
f 4861/2951/5546 4801/2994/5587 4860/2948/5543
f 4860/2948/5543 4801/2994/5587 4803/2995/5588
f 4860/2948/5543 4803/2995/5588 4804/2996/5589
f 4860/2948/5543 4804/2996/5589 4859/2946/5541
f 4859/2946/5541 4804/2996/5589 4806/2944/5540
f 4859/2946/5541 4806/2944/5540 4858/2942/5539
f 3188/2997/3187 3189/2998/3406 4876/2999/5590
f 4876/2999/5590 3189/2998/3406 4813/3000/3917
f 4876/2999/5590 4813/3000/3917 4877/3001/5591
f 4877/3001/5591 4813/3000/3917 4857/3002/5592
f 4877/3001/5591 4857/3002/5592 4878/3003/5593
f 4878/3003/5593 4857/3002/5592 4856/3004/5594
f 4878/3003/5593 4856/3004/5594 4879/3005/5595
f 4879/3005/5595 4856/3004/5594 4855/3006/5596
f 4879/3005/5595 4855/3006/5596 4880/3007/5597
f 4880/3007/5597 4855/3006/5596 4854/3008/5598
f 4880/3007/5597 4854/3008/5598 4881/3009/5599
f 4881/3009/5599 4854/3008/5598 4853/3010/5600
f 4881/3009/5599 4853/3010/5600 4852/3011/5601
f 4881/3009/5599 4852/3011/5601 4882/3012/5602
f 4882/3012/5602 4852/3011/5601 4851/3013/5603
f 4882/3012/5602 4851/3013/5603 4824/3014/5604
f 4825/3015/3901 4883/3016/3901 4824/3014/5604
f 4824/3014/5604 4883/3016/3901 4884/3017/5605
f 4824/3014/5604 4884/3017/5605 4882/3012/5602
f 4882/3012/5602 4884/3017/5605 4885/3018/5606
f 4882/3012/5602 4885/3018/5606 4886/3019/5607
f 4850/3020/4999 4887/3021/3901 4825/3015/3901
f 4825/3015/3901 4887/3021/3901 4888/3022/3901
f 4825/3015/3901 4888/3022/3901 4883/3016/3901
f 4883/3016/3901 4888/3022/3901 4889/3023/4999
f 4883/3016/3901 4889/3023/4999 4890/3024/5608
f 4887/3021/3901 4850/3020/4999 4891/3025/5609
f 4891/3025/5609 4850/3020/4999 4849/3026/5610
f 4891/3025/5609 4849/3026/5610 4892/3027/5611
f 4892/3027/5611 4849/3026/5610 4848/3028/5612
f 4892/3027/5611 4848/3028/5612 4893/3029/5613
f 4893/3029/5613 4848/3028/5612 4831/3030/5614
f 4893/3029/5613 4831/3030/5614 4894/3031/5615
f 4894/3031/5615 4831/3030/5614 4833/3032/5616
f 4894/3031/5615 4833/3032/5616 4895/3033/5617
f 4895/3033/5617 4833/3032/5616 4834/3034/3892
f 4895/3033/5617 4834/3034/3892 4835/3035/5618
f 4895/3033/5617 4835/3035/5618 4896/3036/5619
f 4896/3036/5619 4835/3035/5618 4837/3037/5620
f 4896/3036/5619 4837/3037/5620 4897/3038/5621
f 4897/3038/5621 4837/3037/5620 4838/3039/5622
f 4897/3038/5621 4838/3039/5622 4840/3040/5623
f 4897/3038/5621 4840/3040/5623 4898/3041/5624
f 4898/3041/5624 4840/3040/5623 4842/3042/5625
f 4898/3041/5624 4842/3042/5625 3240/482/3147
f 3240/482/3147 4842/3042/5625 3239/481/3147
f 3239/481/3147 4842/3042/5625 3238/480/3147
f 3238/480/3147 4842/3042/5625 3237/479/3147
f 3237/479/3147 4842/3042/5625 3236/478/3147
f 3236/478/3147 4842/3042/5625 3235/477/3147
f 3235/477/3147 4842/3042/5625 3234/476/3147
f 3234/476/3147 4842/3042/5625 3233/475/3147
f 3233/475/3147 4842/3042/5625 3232/474/3440
f 3240/482/3147 3241/483/3147 4898/3041/5624
f 4898/3041/5624 3241/483/3147 3242/484/3147
f 4898/3041/5624 3242/484/3147 3243/485/3147
f 3243/485/3147 3244/486/3147 4898/3041/5624
f 4898/3041/5624 3244/486/3147 3245/487/3147
f 4898/3041/5624 3245/487/3147 3246/488/3147
f 3246/488/3147 3247/489/3147 4898/3041/5624
f 4898/3041/5624 3247/489/3147 3248/490/3147
f 4898/3041/5624 3248/490/3147 3260/502/3147
f 3260/502/3147 3261/503/3147 4898/3041/5624
f 4898/3041/5624 3261/503/3147 3262/504/3147
f 4898/3041/5624 3262/504/3147 3263/505/3147
f 3263/505/3147 3264/506/3147 4898/3041/5624
f 4898/3041/5624 3264/506/3147 3266/508/3147
f 4898/3041/5624 3266/508/3147 3267/509/3147
f 3267/509/3147 3268/510/3147 4898/3041/5624
f 4898/3041/5624 3268/510/3147 4899/3043/5626
f 4898/3041/5624 4899/3043/5626 4897/3038/5621
f 4897/3038/5621 4899/3043/5626 4900/3044/5627
f 4897/3038/5621 4900/3044/5627 4896/3036/5619
f 4896/3036/5619 4900/3044/5627 4901/3045/5628
f 4896/3036/5619 4901/3045/5628 4895/3033/5617
f 4895/3033/5617 4901/3045/5628 4902/3046/5629
f 4895/3033/5617 4902/3046/5629 4894/3031/5615
f 4894/3031/5615 4902/3046/5629 4903/3047/5630
f 4894/3031/5615 4903/3047/5630 4893/3029/5613
f 4893/3029/5613 4903/3047/5630 4904/3048/5631
f 4893/3029/5613 4904/3048/5631 4892/3027/5611
f 4892/3027/5611 4904/3048/5631 4905/3049/5632
f 4892/3027/5611 4905/3049/5632 4891/3025/5609
f 4891/3025/5609 4905/3049/5632 4906/3050/4996
f 4891/3025/5609 4906/3050/4996 4887/3021/3901
f 4887/3021/3901 4906/3050/4996 4888/3022/3901
f 3268/510/3147 3269/511/3147 4899/3043/5626
f 4899/3043/5626 3269/511/3147 4907/3051/5633
f 4907/3051/5633 3269/511/3147 3270/512/3147
f 4907/3051/5633 3270/512/3147 3271/513/3147
f 3271/513/3147 3272/514/3147 4907/3051/5633
f 4907/3051/5633 3272/514/3147 3273/515/3147
f 4907/3051/5633 3273/515/3147 3274/516/3147
f 3274/516/3147 3275/517/3147 4907/3051/5633
f 4907/3051/5633 3275/517/3147 3276/518/3147
f 4906/3050/4996 4889/3023/4999 4888/3022/3901
f 4883/3016/3901 4890/3024/5608 4884/3017/5605
f 4884/3017/5605 4890/3024/5608 4885/3018/5606
f 4886/3019/5607 4908/3052/5634 4882/3012/5602
f 4882/3012/5602 4908/3052/5634 4881/3009/5599
f 4908/3052/5634 4909/3053/5635 4881/3009/5599
f 4881/3009/5599 4909/3053/5635 4880/3007/5597
f 4909/3053/5635 4910/3054/5636 4880/3007/5597
f 4880/3007/5597 4910/3054/5636 4879/3005/5595
f 4910/3054/5636 4911/3055/5637 4879/3005/5595
f 4879/3005/5595 4911/3055/5637 4878/3003/5593
f 4911/3055/5637 4912/3056/5638 4878/3003/5593
f 4878/3003/5593 4912/3056/5638 4877/3001/5591
f 4912/3056/5638 4913/3057/5639 4877/3001/5591
f 4877/3001/5591 4913/3057/5639 3161/3058/3187
f 4877/3001/5591 3161/3058/3187 4876/2999/5590
f 4876/2999/5590 3161/3058/3187 3162/3059/3187
f 4876/2999/5590 3162/3059/3187 3163/3060/3187
f 3154/3061/3187 3156/3062/3187 4913/3057/5639
f 4913/3057/5639 3156/3062/3187 3157/3063/3187
f 4913/3057/5639 3157/3063/3187 3158/3064/3187
f 3158/3064/3187 3159/3065/3187 4913/3057/5639
f 4913/3057/5639 3159/3065/3187 3160/3066/3187
f 4913/3057/5639 3160/3066/3187 3161/3058/3187
f 3163/3060/3187 3165/3067/3187 4876/2999/5590
f 4876/2999/5590 3165/3067/3187 3166/3068/3187
f 4876/2999/5590 3166/3068/3187 3167/3069/3187
f 3167/3069/3187 3168/3070/3187 4876/2999/5590
f 4876/2999/5590 3168/3070/3187 3169/3071/3187
f 4876/2999/5590 3169/3071/3187 3170/3072/3187
f 3170/3072/3187 3171/3073/3187 4876/2999/5590
f 4876/2999/5590 3171/3073/3187 3172/3074/3187
f 4876/2999/5590 3172/3074/3187 3173/3075/3187
f 3173/3075/3187 3174/3076/3187 4876/2999/5590
f 4876/2999/5590 3174/3076/3187 3175/3077/3187
f 4876/2999/5590 3175/3077/3187 3176/3078/3187
f 3176/3078/3187 3177/3079/3187 4876/2999/5590
f 4876/2999/5590 3177/3079/3187 3178/3080/3187
f 4876/2999/5590 3178/3080/3187 3179/3081/3187
f 3179/3081/3187 3180/3082/3187 4876/2999/5590
f 4876/2999/5590 3180/3082/3187 3181/3083/3187
f 4876/2999/5590 3181/3083/3187 3183/3084/3187
f 3183/3084/3187 3184/3085/3187 4876/2999/5590
f 4876/2999/5590 3184/3085/3187 3185/3086/3187
f 4876/2999/5590 3185/3086/3187 3186/3087/3187
f 3186/3087/3187 3187/3088/3187 4876/2999/5590
f 4876/2999/5590 3187/3088/3187 3188/2997/3187
f 4913/3089/5640 4914/3090/5641 3154/3091/5642
f 3154/3091/5642 4914/3090/5641 4915/3092/5643
f 3154/3091/5642 4915/3092/5643 4916/3093/5644
f 4916/3093/5644 4915/3092/5643 4917/3094/5642
f 4916/3093/5644 4917/3094/5642 3154/3091/5642
f 4912/3095/5645 4918/3096/5646 4913/3089/5640
f 4913/3089/5640 4918/3096/5646 4919/3097/5647
f 4913/3089/5640 4919/3097/5647 4920/3098/5648
f 4920/3098/5648 4919/3097/5647 4921/3099/5649
f 4920/3098/5648 4921/3099/5649 4914/3090/5641
f 4914/3090/5641 4921/3099/5649 4917/3094/5642
f 4914/3090/5641 4917/3094/5642 4915/3092/5643
f 4912/3095/5645 4911/3100/5650 4918/3096/5646
f 4918/3096/5646 4911/3100/5650 4922/3101/5651
f 4918/3096/5646 4922/3101/5651 4923/3102/5652
f 4923/3102/5652 4922/3101/5651 4924/3103/5653
f 4924/3103/5653 4922/3101/5651 4925/3104/5654
f 4925/3104/5654 4922/3101/5651 4926/3105/5655
f 4925/3104/5654 4926/3105/5655 4927/3106/5656
f 4927/3106/5656 4926/3105/5655 4928/3107/5657
f 4927/3106/5656 4928/3107/5657 4929/3108/5658
f 4929/3108/5658 4928/3107/5657 4930/3109/5659
f 4929/3108/5658 4930/3109/5659 4931/3110/5660
f 4931/3110/5660 4930/3109/5659 4932/3111/5661
f 4931/3110/5660 4932/3111/5661 4933/3112/5662
f 4933/3112/5662 4932/3111/5661 4934/3113/5663
f 4933/3112/5662 4934/3113/5663 4935/3114/5664
f 4935/3114/5664 4934/3113/5663 4889/3115/5665
f 4935/3114/5664 4889/3115/5665 4936/3116/5666
f 4936/3116/5666 4889/3115/5665 4906/3117/5667
f 4936/3116/5666 4906/3117/5667 4937/3118/5668
f 4937/3118/5668 4906/3117/5667 4938/3119/5669
f 4937/3118/5668 4938/3119/5669 4939/3120/5670
f 4939/3120/5670 4938/3119/5669 4940/3121/5671
f 4940/3121/5671 4938/3119/5669 4941/3122/5672
f 4941/3122/5672 4938/3119/5669 4904/3123/5673
f 4941/3122/5672 4904/3123/5673 4942/3124/5674
f 4942/3124/5674 4904/3123/5673 4903/3125/5675
f 4942/3124/5674 4903/3125/5675 4902/3126/5676
f 4911/3100/5650 4910/3127/5677 4922/3101/5651
f 4922/3101/5651 4910/3127/5677 4909/3128/5678
f 4922/3101/5651 4909/3128/5678 4926/3105/5655
f 4926/3105/5655 4909/3128/5678 4908/3129/5679
f 4926/3105/5655 4908/3129/5679 4928/3107/5657
f 4928/3107/5657 4908/3129/5679 4886/3130/5680
f 4928/3107/5657 4886/3130/5680 4930/3109/5659
f 4930/3109/5659 4886/3130/5680 4885/3131/5681
f 4930/3109/5659 4885/3131/5681 4932/3111/5661
f 4932/3111/5661 4885/3131/5681 4890/3132/5682
f 4932/3111/5661 4890/3132/5682 4934/3113/5663
f 4934/3113/5663 4890/3132/5682 4889/3115/5665
f 4906/3117/5667 4905/3133/5683 4938/3119/5669
f 4938/3119/5669 4905/3133/5683 4904/3123/5673
f 4901/3134/5684 4943/3135/5685 4902/3126/5676
f 4902/3126/5676 4943/3135/5685 4944/3136/5686
f 4902/3126/5676 4944/3136/5686 4942/3124/5674
f 4942/3124/5674 4944/3136/5686 4945/3137/5687
f 4942/3124/5674 4945/3137/5687 4941/3122/5672
f 4943/3135/5685 4901/3134/5684 4946/3138/5688
f 4946/3138/5688 4901/3134/5684 4900/3139/5689
f 4946/3138/5688 4900/3139/5689 4947/3140/5690
f 4947/3140/5690 4900/3139/5689 4899/3141/5691
f 4947/3140/5690 4899/3141/5691 4907/3142/5692
f 4947/3140/5690 4907/3142/5692 4948/3143/5693
f 4948/3143/5693 4907/3142/5692 3276/3144/5694
f 4948/3143/5693 3276/3144/5694 3265/3145/5695
f 4948/3143/5693 3265/3145/5695 4949/3146/5696
f 4949/3146/5696 3265/3145/5695 3259/3147/4495
f 4949/3146/5696 3259/3147/4495 4950/3148/5697
f 4950/3148/5697 3259/3147/4495 4951/3149/5698
f 4950/3148/5697 4951/3149/5698 4952/3150/4494
f 4952/3150/4494 4951/3149/5698 3249/3151/5699
f 3249/3151/5699 4951/3149/5698 3250/3152/5700
f 3250/3152/5700 4951/3149/5698 3259/3147/4495
f 4952/3150/4494 4953/3153/5696 4950/3148/5697
f 4950/3148/5697 4953/3153/5696 4949/3146/5696
f 4949/3146/5696 4953/3153/5696 4948/3143/5693
f 4948/3143/5693 4953/3153/5696 4954/3154/5701
f 4948/3143/5693 4954/3154/5701 4947/3140/5690
f 4947/3140/5690 4954/3154/5701 4955/3155/5702
f 4947/3140/5690 4955/3155/5702 4946/3138/5688
f 4946/3138/5688 4955/3155/5702 4956/3156/5685
f 4946/3138/5688 4956/3156/5685 4943/3135/5685
f 4943/3135/5685 4956/3156/5685 4944/3136/5686
f 4939/3120/5670 4957/3157/5050 4937/3118/5668
f 4937/3118/5668 4957/3157/5050 4936/3116/5666
f 4936/3116/5666 4957/3157/5050 4935/3114/5664
f 4935/3114/5664 4957/3157/5050 4933/3112/5662
f 4923/3102/5652 4958/3158/5703 4918/3096/5646
f 4918/3096/5646 4958/3158/5703 4959/3159/5704
f 4918/3096/5646 4959/3159/5704 4919/3097/5647
f 4919/3097/5647 4959/3159/5704 4921/3099/5649
f 4914/3090/5641 4913/3089/5640 4920/3098/5648
f 3154/3160/5642 4917/3161/5642 4960/3162/5642
f 4961/3163/5705 3154/3164/5706 4962/3165/5707
f 4962/3165/5707 3154/3164/5706 4960/3166/5708
f 4962/3165/5707 4960/3166/5708 4961/3163/5705
f 4952/3167/4494 3249/3168/5699 4963/3169/5699
f 4963/3169/5699 3249/3168/5699 3258/3170/5709
f 4963/3169/5699 3258/3170/5709 4964/3171/4171
f 4964/3171/4171 3258/3170/5709 4965/3172/5710
f 4964/3171/4171 4965/3172/5710 4966/3173/5711
f 4966/3173/5711 4965/3172/5710 4967/3174/5712
f 4967/3174/5712 4965/3172/5710 4968/3175/5713
f 4968/3175/5713 4965/3172/5710 3257/3176/5714
f 4968/3175/5713 3257/3176/5714 4969/3177/5715
f 4969/3177/5715 3257/3176/5714 3256/3178/5716
f 4969/3177/5715 3256/3178/5716 3255/3179/5717
f 3258/3170/5709 3257/3176/5714 4965/3172/5710
f 4969/3177/5715 3255/3179/5717 4970/3180/5718
f 4970/3180/5718 3255/3179/5717 3254/3181/5719
f 4970/3180/5718 3254/3181/5719 3253/3182/5720
f 4970/3180/5718 3253/3182/5720 4971/3183/5721
f 4971/3183/5721 3253/3182/5720 3252/3184/5722
f 4971/3183/5721 3252/3184/5722 4972/3185/5723
f 4972/3185/5723 3252/3184/5722 3251/3186/5724
f 4972/3185/5723 3251/3186/5724 4973/3187/5725
f 4973/3187/5725 3251/3186/5724 3210/3188/5726
f 4973/3187/5725 3210/3188/5726 4974/3189/5727
f 4974/3189/5727 3210/3188/5726 3209/3190/5728
f 4974/3189/5727 3209/3190/5728 4975/3191/5729
f 4975/3191/5729 3209/3190/5728 3208/3192/5730
f 4975/3191/5729 3208/3192/5730 4976/3193/5731
f 4976/3193/5731 3208/3192/5730 3206/3194/5732
f 4976/3193/5731 3206/3194/5732 3205/3195/5733
f 3205/3195/5733 3203/3196/5734 4976/3193/5731
f 4976/3193/5731 3203/3196/5734 4977/3197/5735
f 4976/3193/5731 4977/3197/5735 4978/3198/5736
f 4978/3198/5736 4977/3197/5735 4979/3199/5737
f 4979/3199/5737 4977/3197/5735 4980/3200/5738
f 4980/3200/5738 4977/3197/5735 4981/3201/5739
f 4980/3200/5738 4981/3201/5739 4982/3202/5740
f 4982/3202/5740 4981/3201/5739 4983/3203/5741
f 4982/3202/5740 4983/3203/5741 4984/3204/5742
f 4984/3204/5742 4983/3203/5741 4985/3205/5743
f 4984/3204/5742 4985/3205/5743 4986/3206/5744
f 4986/3206/5744 4985/3205/5743 4987/3207/5745
f 4987/3207/5745 4985/3205/5743 4988/3208/5746
f 4987/3207/5745 4988/3208/5746 4989/3209/5746
f 4989/3209/5746 4988/3208/5746 4961/3210/5705
f 4961/3210/5705 4988/3208/5746 3154/3211/5706
f 3154/3211/5706 4988/3208/5746 3155/3212/5747
f 3155/3212/5747 4988/3208/5746 4985/3205/5743
f 3155/3212/5747 4985/3205/5743 3191/3213/5748
f 3191/3213/5748 4985/3205/5743 3193/3214/5749
f 3193/3214/5749 4985/3205/5743 4983/3203/5741
f 3193/3214/5749 4983/3203/5741 3195/3215/5750
f 3195/3215/5750 4983/3203/5741 4981/3201/5739
f 3195/3215/5750 4981/3201/5739 3197/3216/5751
f 3197/3216/5751 4981/3201/5739 4977/3197/5735
f 3197/3216/5751 4977/3197/5735 3199/3217/5752
f 3199/3217/5752 4977/3197/5735 3201/3218/5753
f 3201/3218/5753 4977/3197/5735 3203/3196/5734
f 4978/3198/5736 4990/3219/5754 4976/3193/5731
f 4976/3193/5731 4990/3219/5754 4975/3191/5729
f 4990/3219/5754 4991/3220/5755 4975/3191/5729
f 4975/3191/5729 4991/3220/5755 4974/3189/5727
f 4974/3189/5727 4991/3220/5755 4973/3187/5725
f 4973/3187/5725 4991/3220/5755 4992/3221/5756
f 4973/3187/5725 4992/3221/5756 4972/3185/5723
f 4972/3185/5723 4992/3221/5756 4993/3222/5757
f 4972/3185/5723 4993/3222/5757 4971/3183/5721
f 4971/3183/5721 4993/3222/5757 4994/3223/5718
f 4971/3183/5721 4994/3223/5718 4970/3180/5718
f 4970/3180/5718 4994/3223/5718 4995/3224/5758
f 4970/3180/5718 4995/3224/5758 4969/3177/5715
f 4969/3177/5715 4995/3224/5758 4996/3225/5759
f 4969/3177/5715 4996/3225/5759 4968/3175/5713
f 4966/3173/5711 4997/3226/5760 4964/3171/4171
f 4964/3171/4171 4997/3226/5760 4963/3169/5699
f 4997/3226/5760 4952/3167/4494 4963/3169/5699
f 4917/3227/5761 4998/3228/5762 3153/3229/5763
f 3153/3229/5763 4998/3228/5762 4999/3230/5152
f 3153/3229/5763 4999/3230/5152 5000/3231/5152
f 5000/3231/5152 4999/3230/5152 4921/3232/5764
f 5000/3231/5152 4921/3232/5764 5001/3233/5765
f 5001/3233/5765 4921/3232/5764 5002/3234/5766
f 5001/3233/5765 5002/3234/5766 5003/3235/4253
f 5003/3235/4253 5002/3234/5766 5004/3236/5767
f 5004/3236/5767 5002/3234/5766 5005/3237/5768
f 5004/3236/5767 5005/3237/5768 5006/3238/5769
f 5006/3238/5769 5005/3237/5768 5007/3239/5770
f 5007/3239/5770 5005/3237/5768 5008/3240/5771
f 5007/3239/5770 5008/3240/5771 5009/3241/5772
f 5009/3241/5772 5008/3240/5771 5010/3242/5773
f 5010/3242/5773 5008/3240/5771 5011/3243/5774
f 5010/3242/5773 5011/3243/5774 5012/3244/5775
f 5012/3244/5775 5011/3243/5774 5013/3245/5776
f 5012/3244/5775 5013/3245/5776 5014/3246/5777
f 5014/3246/5777 5013/3245/5776 5015/3247/5778
f 5014/3246/5777 5015/3247/5778 5016/3248/5779
f 5016/3248/5779 5015/3247/5778 5017/3249/5780
f 5016/3248/5779 5017/3249/5780 5018/3250/5781
f 5018/3250/5781 5017/3249/5780 5019/3251/5782
f 5018/3250/5781 5019/3251/5782 5020/3252/5783
f 5020/3252/5783 5019/3251/5782 4933/3253/5784
f 5020/3252/5783 4933/3253/5784 4957/3254/5785
f 4998/3228/5762 4917/3227/5761 4999/3230/5152
f 4999/3230/5152 4917/3227/5761 4921/3232/5764
f 4921/3232/5764 4959/3255/5786 5002/3234/5766
f 5002/3234/5766 4959/3255/5786 5005/3237/5768
f 4959/3255/5786 4958/3256/5787 5005/3237/5768
f 5005/3237/5768 4958/3256/5787 4923/3257/5788
f 5005/3237/5768 4923/3257/5788 5008/3240/5771
f 5008/3240/5771 4923/3257/5788 4924/3258/5789
f 5008/3240/5771 4924/3258/5789 4925/3259/5790
f 5008/3240/5771 4925/3259/5790 5011/3243/5774
f 5011/3243/5774 4925/3259/5790 4927/3260/5791
f 5011/3243/5774 4927/3260/5791 5013/3245/5776
f 5013/3245/5776 4927/3260/5791 4929/3261/5792
f 5013/3245/5776 4929/3261/5792 5015/3247/5778
f 5015/3247/5778 4929/3261/5792 4931/3262/5793
f 5015/3247/5778 4931/3262/5793 5017/3249/5780
f 5017/3249/5780 4931/3262/5793 4933/3253/5784
f 5017/3249/5780 4933/3253/5784 5019/3251/5782
f 4939/3263/5794 5021/3264/5795 4957/3254/5785
f 4957/3254/5785 5021/3264/5795 5022/3265/5796
f 4957/3254/5785 5022/3265/5796 5020/3252/5783
f 5020/3252/5783 5022/3265/5796 5023/3266/5783
f 5020/3252/5783 5023/3266/5783 5018/3250/5781
f 5021/3264/5795 4939/3263/5794 5024/3267/5797
f 5024/3267/5797 4939/3263/5794 4940/3268/5798
f 5024/3267/5797 4940/3268/5798 4941/3269/5799
f 4945/3270/5800 5025/3271/5801 4941/3269/5799
f 4941/3269/5799 5025/3271/5801 5026/3272/5802
f 4941/3269/5799 5026/3272/5802 5027/3273/5803
f 4945/3270/5800 4944/3274/5804 5025/3271/5801
f 5025/3271/5801 4944/3274/5804 5028/3275/5805
f 5025/3271/5801 5028/3275/5805 5029/3276/5806
f 5029/3276/5806 5028/3275/5805 5030/3277/5807
f 5030/3277/5807 5028/3275/5805 5031/3278/5808
f 5030/3277/5807 5031/3278/5808 5032/3279/5809
f 5032/3279/5809 5031/3278/5808 5033/3280/5810
f 5032/3279/5809 5033/3280/5810 5034/3281/5811
f 5034/3281/5811 5033/3280/5810 5035/3282/5812
f 5034/3281/5811 5035/3282/5812 3084/3283/5813
f 3084/3283/5813 5035/3282/5812 3082/3284/5814
f 3082/3284/5814 5035/3282/5812 5036/3285/5815
f 3082/3284/5814 5036/3285/5815 3080/3286/5816
f 3080/3286/5816 5036/3285/5815 5037/3287/5817
f 3080/3286/5816 5037/3287/5817 3078/3288/4661
f 3078/3288/4661 5037/3287/5817 5038/3289/5818
f 3078/3288/4661 5038/3289/5818 3085/3290/5819
f 3085/3290/5819 5038/3289/5818 4952/3291/5820
f 4952/3291/5820 5038/3289/5818 5037/3287/5817
f 4952/3291/5820 5037/3287/5817 4953/3292/5821
f 4953/3292/5821 5037/3287/5817 5036/3285/5815
f 4953/3292/5821 5036/3285/5815 5035/3282/5812
f 4944/3274/5804 4956/3293/5822 5028/3275/5805
f 5028/3275/5805 4956/3293/5822 5031/3278/5808
f 4956/3293/5822 4955/3294/5823 5031/3278/5808
f 5031/3278/5808 4955/3294/5823 5033/3280/5810
f 4955/3294/5823 4954/3295/5824 5033/3280/5810
f 5033/3280/5810 4954/3295/5824 5035/3282/5812
f 4954/3295/5824 4953/3292/5821 5035/3282/5812
f 5029/3276/5806 5039/3296/5825 5025/3271/5801
f 5025/3271/5801 5039/3296/5825 5026/3272/5802
f 4941/3269/5799 5027/3273/5803 5024/3267/5797
f 5024/3267/5797 5027/3273/5803 5040/3297/5826
f 5024/3267/5797 5040/3297/5826 5021/3264/5795
f 5021/3264/5795 5040/3297/5826 5041/3298/5827
f 5021/3264/5795 5041/3298/5827 5022/3265/5796
f 5022/3265/5796 5041/3298/5827 5023/3266/5783
f 5001/3233/5765 5003/3235/4253 5000/3231/5152
f 5000/3231/5152 5003/3235/4253 3153/3229/5763
f 4960/3299/5828 3153/3300/5829 4961/50/5828
f 3153/3300/5763 4960/3299/5830 4917/50/5761
f 3151/3301/5831 5042/3302/5832 3153/3303/5829
f 3153/3303/5829 5042/3302/5832 4989/3304/5833
f 3153/3303/5829 4989/3304/5833 4961/3305/5828
f 5042/3302/5832 3151/3301/5831 5043/3306/5834
f 5043/3306/5834 3151/3301/5831 3149/3307/5835
f 5043/3306/5834 3149/3307/5835 3147/3308/5836
f 5043/3306/5834 3147/3308/5836 5044/3309/5837
f 5044/3309/5837 3147/3308/5836 3145/3310/5838
f 5044/3309/5837 3145/3310/5838 5045/3311/5839
f 5045/3311/5839 3145/3310/5838 3143/3312/5840
f 5045/3311/5839 3143/3312/5840 5046/3313/5841
f 5046/3313/5841 3143/3312/5840 3141/3314/5842
f 5046/3313/5841 3141/3314/5842 3139/3315/5843
f 3139/3315/5843 3137/3316/5844 5046/3313/5841
f 5046/3313/5841 3137/3316/5844 3135/3317/5845
f 5046/3313/5841 3135/3317/5845 5047/3318/5846
f 5047/3318/5846 3135/3317/5845 3133/3319/5847
f 5047/3318/5846 3133/3319/5847 5048/3320/5848
f 5048/3320/5848 3133/3319/5847 3131/3321/5849
f 5048/3320/5848 3131/3321/5849 5049/3322/5850
f 5049/3322/5850 3131/3321/5849 3129/3323/5851
f 5049/3322/5850 3129/3323/5851 5050/3324/5852
f 5050/3324/5852 3129/3323/5851 3127/3325/5853
f 5050/3324/5852 3127/3325/5853 5051/3326/5854
f 5051/3326/5854 3127/3325/5853 3125/3327/5855
f 5051/3326/5854 3125/3327/5855 5052/3328/5856
f 5052/3328/5856 3125/3327/5855 3123/3329/5857
f 5052/3328/5856 3123/3329/5857 5053/3330/5858
f 5053/3330/5858 3123/3329/5857 3121/3331/5859
f 5053/3330/5858 3121/3331/5859 5054/3332/5860
f 5054/3332/5860 3121/3331/5859 3118/3333/5861
f 5054/3332/5860 3118/3333/5861 3116/3334/5862
f 5054/3332/5860 3116/3334/5862 4968/3335/5863
f 4968/3335/5863 3116/3334/5862 3113/3336/5864
f 4968/3335/5863 3113/3336/5864 5055/3337/5865
f 5055/3337/5865 3113/3336/5864 5056/3338/5866
f 5055/3337/5865 5056/3338/5866 4966/3339/5867
f 4966/3339/5867 5056/3338/5866 4997/3340/4071
f 4997/3340/4071 5056/3338/5866 5057/3341/5819
f 4997/3340/4071 5057/3341/5819 4952/3342/5820
f 4952/3342/5820 5057/3341/5819 3110/3343/5818
f 4952/3342/5820 3110/3343/5818 3085/3344/5819
f 3113/3336/5864 3111/3345/4660 5056/3338/5866
f 5056/3338/5866 3111/3345/4660 5057/3341/5819
f 3111/3345/4660 3110/3343/5818 5057/3341/5819
f 4966/3339/5867 4967/3346/5868 5055/3337/5865
f 5055/3337/5865 4967/3346/5868 4968/3335/5863
f 4968/3335/5863 4996/3347/5869 5054/3332/5860
f 5054/3332/5860 4996/3347/5869 4995/3348/5870
f 5054/3332/5860 4995/3348/5870 5053/3330/5858
f 5053/3330/5858 4995/3348/5870 4994/3349/5858
f 5053/3330/5858 4994/3349/5858 5052/3328/5856
f 5052/3328/5856 4994/3349/5858 4993/3350/5871
f 5052/3328/5856 4993/3350/5871 5051/3326/5854
f 5051/3326/5854 4993/3350/5871 4992/3351/5872
f 5051/3326/5854 4992/3351/5872 5050/3324/5852
f 5050/3324/5852 4992/3351/5872 4991/3352/5873
f 5050/3324/5852 4991/3352/5873 5049/3322/5850
f 5049/3322/5850 4991/3352/5873 5048/3320/5848
f 4991/3352/5873 4990/3353/5846 5048/3320/5848
f 5048/3320/5848 4990/3353/5846 5047/3318/5846
f 4990/3353/5846 4978/3354/5874 5047/3318/5846
f 5047/3318/5846 4978/3354/5874 5046/3313/5841
f 4978/3354/5874 4979/3355/5875 5046/3313/5841
f 5046/3313/5841 4979/3355/5875 4980/3356/5876
f 5046/3313/5841 4980/3356/5876 5045/3311/5839
f 5045/3311/5839 4980/3356/5876 4982/3357/5877
f 5045/3311/5839 4982/3357/5877 5044/3309/5837
f 5044/3309/5837 4982/3357/5877 4984/3358/5878
f 5044/3309/5837 4984/3358/5878 5043/3306/5834
f 5043/3306/5834 4984/3358/5878 4986/3359/5879
f 5043/3306/5834 4986/3359/5879 4987/3360/5880
f 5043/3306/5834 4987/3360/5880 5042/3302/5832
f 5042/3302/5832 4987/3360/5880 4989/3304/5833
f 2991/3361/3311 3153/3362/3402 5058/3363/5881
f 5058/3363/5881 3153/3362/3402 5003/3364/5882
f 5058/3363/5881 5003/3364/5882 5004/3365/5883
f 5058/3363/5881 5004/3365/5883 5059/3366/5883
f 5059/3366/5883 5004/3365/5883 5006/3367/5884
f 5059/3366/5883 5006/3367/5884 5060/3368/5885
f 5060/3368/5885 5006/3367/5884 5061/3369/5886
f 5060/3368/5885 5061/3369/5886 5062/3370/5887
f 5062/3370/5887 5061/3369/5886 5063/3371/5888
f 5062/3370/5887 5063/3371/5888 5064/3372/5889
f 5064/3372/5889 5063/3371/5888 5065/3373/5890
f 5064/3372/5889 5065/3373/5890 5066/3374/5885
f 5066/3374/5885 5065/3373/5890 5067/3375/5891
f 5066/3374/5885 5067/3375/5891 5068/3376/5892
f 5068/3376/5892 5067/3375/5891 5069/3377/5893
f 5069/3377/5893 5067/3375/5891 5070/3378/5894
f 5069/3377/5893 5070/3378/5894 5071/3379/5895
f 5071/3379/5895 5070/3378/5894 5072/3380/5896
f 5071/3379/5895 5072/3380/5896 5073/3381/5897
f 5073/3381/5897 5072/3380/5896 5074/3382/5897
f 5073/3381/5897 5074/3382/5897 5075/3383/5898
f 5075/3383/5898 5074/3382/5897 5076/3384/5899
f 5075/3383/5898 5076/3384/5899 5077/3385/5900
f 5077/3385/5900 5076/3384/5899 5012/3386/5901
f 5077/3385/5900 5012/3386/5901 5014/3387/5902
f 5006/3367/5884 5007/3388/5903 5061/3369/5886
f 5061/3369/5886 5007/3388/5903 5078/3389/5904
f 5061/3369/5886 5078/3389/5904 5063/3371/5888
f 5063/3371/5888 5078/3389/5904 5079/3390/5905
f 5063/3371/5888 5079/3390/5905 5065/3373/5890
f 5065/3373/5890 5079/3390/5905 5080/3391/5906
f 5065/3373/5890 5080/3391/5906 5067/3375/5891
f 5067/3375/5891 5080/3391/5906 5070/3378/5894
f 5007/3388/5903 5009/3392/5907 5078/3389/5904
f 5078/3389/5904 5009/3392/5907 5081/3393/5908
f 5078/3389/5904 5081/3393/5908 5079/3390/5905
f 5079/3390/5905 5081/3393/5908 5082/3394/5896
f 5079/3390/5905 5082/3394/5896 5080/3391/5906
f 5080/3391/5906 5082/3394/5896 5072/3380/5896
f 5080/3391/5906 5072/3380/5896 5070/3378/5894
f 5081/3393/5908 5009/3392/5907 5083/3395/5909
f 5083/3395/5909 5009/3392/5907 5010/3396/5910
f 5083/3395/5909 5010/3396/5910 5076/3384/5899
f 5076/3384/5899 5010/3396/5910 5012/3386/5901
f 5077/3385/5900 5014/3387/5902 5084/3397/5911
f 5084/3397/5911 5014/3387/5902 5016/3398/5912
f 5084/3397/5911 5016/3398/5912 5085/3399/5913
f 5085/3399/5913 5016/3398/5912 5086/3400/5914
f 5085/3399/5913 5086/3400/5914 5087/3401/5915
f 5087/3401/5915 5086/3400/5914 5088/3402/5916
f 5087/3401/5915 5088/3402/5916 5089/3403/5917
f 5089/3403/5917 5088/3402/5916 5090/3404/5916
f 5089/3403/5917 5090/3404/5916 5091/3405/5918
f 5091/3405/5918 5090/3404/5916 5092/3406/5916
f 5091/3405/5918 5092/3406/5916 5093/3407/5919
f 5093/3407/5919 5092/3406/5916 5094/3408/5914
f 5094/3408/5914 5092/3406/5916 5095/3409/4997
f 5094/3408/5914 5095/3409/4997 5096/3410/4697
f 5096/3410/4697 5095/3409/4997 5097/3411/5920
f 5096/3410/4697 5097/3411/5920 5098/3412/5920
f 5098/3412/5920 5097/3411/5920 5099/3413/5921
f 5098/3412/5920 5099/3413/5921 5100/3414/5922
f 5100/3414/5922 5099/3413/5921 5101/3415/5923
f 5100/3414/5922 5101/3415/5923 5102/3416/5924
f 5102/3416/5924 5101/3415/5923 5103/3417/5925
f 5102/3416/5924 5103/3417/5925 5104/3418/5926
f 5104/3418/5926 5103/3417/5925 5105/3419/5927
f 5104/3418/5926 5105/3419/5927 5106/3420/5928
f 5106/3420/5928 5105/3419/5927 5107/3421/5929
f 5106/3420/5928 5107/3421/5929 5108/3422/5930
f 5108/3422/5930 5107/3421/5929 5109/3423/5931
f 5108/3422/5930 5109/3423/5931 5110/3424/5932
f 5110/3424/5932 5109/3423/5931 5030/3425/5933
f 5110/3424/5932 5030/3425/5933 5032/3426/5934
f 5016/3398/5912 5018/3427/5914 5086/3400/5914
f 5086/3400/5914 5018/3427/5914 5111/3428/5935
f 5086/3400/5914 5111/3428/5935 5088/3402/5916
f 5088/3402/5916 5111/3428/5935 5112/3429/5936
f 5088/3402/5916 5112/3429/5936 5090/3404/5916
f 5090/3404/5916 5112/3429/5936 5113/3430/5936
f 5090/3404/5916 5113/3430/5936 5092/3406/5916
f 5092/3406/5916 5113/3430/5936 5095/3409/4997
f 5018/3427/5914 5023/3431/4997 5111/3428/5935
f 5111/3428/5935 5023/3431/4997 5041/3432/5937
f 5111/3428/5935 5041/3432/5937 5114/3433/5938
f 5114/3433/5938 5041/3432/5937 5040/3434/5939
f 5114/3433/5938 5040/3434/5939 5115/3435/5940
f 5115/3435/5940 5040/3434/5939 5027/3436/5941
f 5115/3435/5940 5027/3436/5941 5116/3437/5942
f 5116/3437/5942 5027/3436/5941 5117/3438/5943
f 5116/3437/5942 5117/3438/5943 5118/3439/5923
f 5118/3439/5923 5117/3438/5943 5119/3440/5944
f 5118/3439/5923 5119/3440/5944 5120/3441/5923
f 5120/3441/5923 5119/3440/5944 5121/3442/5945
f 5120/3441/5923 5121/3442/5945 5101/3415/5923
f 5101/3415/5923 5121/3442/5945 5103/3417/5925
f 5027/3436/5941 5026/3443/5946 5117/3438/5943
f 5117/3438/5943 5026/3443/5946 5122/3444/5947
f 5117/3438/5943 5122/3444/5947 5119/3440/5944
f 5119/3440/5944 5122/3444/5947 5123/3445/5948
f 5119/3440/5944 5123/3445/5948 5121/3442/5945
f 5121/3442/5945 5123/3445/5948 5105/3419/5927
f 5121/3442/5945 5105/3419/5927 5103/3417/5925
f 5026/3443/5946 5039/3446/5949 5122/3444/5947
f 5122/3444/5947 5039/3446/5949 5124/3447/5950
f 5122/3444/5947 5124/3447/5950 5123/3445/5948
f 5123/3445/5948 5124/3447/5950 5107/3421/5929
f 5123/3445/5948 5107/3421/5929 5105/3419/5927
f 5039/3446/5949 5029/3448/5951 5124/3447/5950
f 5124/3447/5950 5029/3448/5951 5109/3423/5931
f 5124/3447/5950 5109/3423/5931 5107/3421/5929
f 5029/3448/5951 5030/3425/5933 5109/3423/5931
f 5110/3424/5932 5032/3426/5934 5125/3449/5952
f 5125/3449/5952 5032/3426/5934 5034/3450/5953
f 5125/3449/5952 5034/3450/5953 5126/3451/5954
f 5126/3451/5954 5034/3450/5953 3084/326/3363
f 5126/3451/5954 3084/326/3363 3083/325/3147
f 5127/3452/5955 5128/3453/5956 3083/325/3147
f 3083/325/3147 5128/3453/5956 5129/3454/5957
f 3083/325/3147 5129/3454/5957 5130/3455/5958
f 5130/3455/5958 5129/3454/5957 5131/3456/5959
f 5130/3455/5958 5131/3456/5959 5132/3457/5960
f 5132/3457/5960 5131/3456/5959 5133/3458/5961
f 5132/3457/5960 5133/3458/5961 5134/3459/5962
f 5134/3459/5962 5133/3458/5961 5135/3460/5930
f 5134/3459/5962 5135/3460/5930 5108/3422/5930
f 5108/3422/5930 5135/3460/5930 5106/3420/5928
f 5128/3453/5956 5127/3452/5955 5136/3461/5952
f 5136/3461/5952 5127/3452/5955 5137/3462/5963
f 5136/3461/5952 5137/3462/5963 5138/3463/5964
f 5138/3463/5964 5137/3462/5963 5139/3464/5965
f 5138/3463/5964 5139/3464/5965 5140/3465/5966
f 5140/3465/5966 5139/3464/5965 5141/3466/5967
f 5140/3465/5966 5141/3466/5967 5142/3467/5968
f 5142/3467/5968 5141/3466/5967 5143/3468/5969
f 5142/3467/5968 5143/3468/5969 5104/3418/5926
f 5104/3418/5926 5143/3468/5969 5102/3416/5924
f 5091/3405/5918 5093/3407/5919 5144/3469/5911
f 5144/3469/5911 5093/3407/5919 5145/3470/5970
f 5144/3469/5911 5145/3470/5970 5146/3471/5900
f 5146/3471/5900 5145/3470/5970 5147/3472/5971
f 5146/3471/5900 5147/3472/5971 5148/3473/5972
f 5148/3473/5972 5147/3472/5971 5149/3474/5973
f 5148/3473/5972 5149/3474/5973 5150/3475/5974
f 5150/3475/5974 5149/3474/5973 5151/3476/5975
f 5150/3475/5974 5151/3476/5975 5071/3379/5895
f 5071/3379/5895 5151/3476/5975 5069/3377/5893
f 5068/3376/5892 5152/3477/5976 5066/3374/5885
f 5066/3374/5885 5152/3477/5976 5153/3478/5883
f 5066/3374/5885 5153/3478/5883 5064/3372/5889
f 5064/3372/5889 5153/3478/5883 5154/3479/5883
f 5064/3372/5889 5154/3479/5883 5062/3370/5887
f 5062/3370/5887 5154/3479/5883 5155/3480/5883
f 5062/3370/5887 5155/3480/5883 5060/3368/5885
f 5060/3368/5885 5155/3480/5883 5059/3366/5883
f 5152/3477/5976 5156/3481/3917 5153/3478/5883
f 5153/3478/5883 5156/3481/3917 5157/3482/5977
f 5153/3478/5883 5157/3482/5977 5158/3483/5978
f 5158/3483/5978 5157/3482/5977 2991/3361/3311
f 5158/3483/5978 2991/3361/3311 5159/3484/5978
f 5159/3484/5978 2991/3361/3311 5160/3485/5978
f 5159/3484/5978 5160/3485/5978 5155/3480/5883
f 5155/3480/5883 5160/3485/5978 5059/3366/5883
f 5160/3485/5978 2991/3361/3311 5058/3363/5881
f 5130/3455/5958 5132/3457/5960 5126/3451/5954
f 5126/3451/5954 5132/3457/5960 5125/3449/5952
f 5132/3457/5960 5134/3459/5962 5125/3449/5952
f 5125/3449/5952 5134/3459/5962 5110/3424/5932
f 5134/3459/5962 5108/3422/5930 5110/3424/5932
f 5115/3435/5940 5116/3437/5942 5161/3486/5921
f 5161/3486/5921 5116/3437/5942 5118/3439/5923
f 5161/3486/5921 5118/3439/5923 5162/3487/5979
f 5162/3487/5979 5118/3439/5923 5120/3441/5923
f 5162/3487/5979 5120/3441/5923 5099/3413/5921
f 5099/3413/5921 5120/3441/5923 5101/3415/5923
f 5112/3429/5936 5111/3428/5935 5114/3433/5938
f 5114/3433/5938 5115/3435/5940 5163/3488/5920
f 5163/3488/5920 5115/3435/5940 5161/3486/5921
f 5163/3488/5920 5161/3486/5921 5164/3489/5980
f 5164/3489/5980 5161/3486/5921 5162/3487/5979
f 5164/3489/5980 5162/3487/5979 5097/3411/5920
f 5097/3411/5920 5162/3487/5979 5099/3413/5921
f 5084/3397/5911 5085/3399/5913 5165/3490/5911
f 5165/3490/5911 5085/3399/5913 5087/3401/5915
f 5165/3490/5911 5087/3401/5915 5166/3491/5911
f 5166/3491/5911 5087/3401/5915 5089/3403/5917
f 5166/3491/5911 5089/3403/5917 5144/3469/5911
f 5144/3469/5911 5089/3403/5917 5091/3405/5918
f 5077/3385/5900 5084/3397/5911 5167/3492/5981
f 5167/3492/5981 5084/3397/5911 5165/3490/5911
f 5167/3492/5981 5165/3490/5911 5168/3493/5982
f 5168/3493/5982 5165/3490/5911 5166/3491/5911
f 5168/3493/5982 5166/3491/5911 5146/3471/5900
f 5146/3471/5900 5166/3491/5911 5144/3469/5911
f 5082/3394/5896 5081/3393/5908 5083/3395/5909
f 5082/3394/5896 5083/3395/5909 5074/3382/5897
f 5074/3382/5897 5083/3395/5909 5076/3384/5899
f 5160/3485/5978 5058/3363/5881 5059/3366/5883
f 5154/3479/5883 5153/3478/5883 5158/3483/5978
f 5071/3379/5895 5073/3381/5897 5150/3475/5974
f 5150/3475/5974 5073/3381/5897 5169/3494/5983
f 5150/3475/5974 5169/3494/5983 5148/3473/5972
f 5148/3473/5972 5169/3494/5983 5168/3493/5982
f 5148/3473/5972 5168/3493/5982 5146/3471/5900
f 5164/3489/5980 5097/3411/5920 5095/3409/4997
f 5164/3489/5980 5095/3409/4997 5113/3430/5936
f 5104/3418/5926 5106/3420/5928 5142/3467/5968
f 5142/3467/5968 5106/3420/5928 5135/3460/5930
f 5142/3467/5968 5135/3460/5930 5140/3465/5966
f 5140/3465/5966 5135/3460/5930 5133/3458/5961
f 5140/3465/5966 5133/3458/5961 5138/3463/5964
f 5138/3463/5964 5133/3458/5961 5131/3456/5959
f 5138/3463/5964 5131/3456/5959 5136/3461/5952
f 5136/3461/5952 5131/3456/5959 5129/3454/5957
f 5136/3461/5952 5129/3454/5957 5128/3453/5956
f 5126/3451/5954 3083/325/3147 5130/3455/5958
f 5113/3430/5936 5112/3429/5936 5163/3488/5920
f 5163/3488/5920 5112/3429/5936 5114/3433/5938
f 5113/3430/5936 5163/3488/5920 5164/3489/5980
f 5077/3385/5900 5167/3492/5981 5075/3383/5898
f 5075/3383/5898 5167/3492/5981 5169/3494/5983
f 5075/3383/5898 5169/3494/5983 5073/3381/5897
f 5169/3494/5983 5167/3492/5981 5168/3493/5982
f 5072/3380/5896 5082/3394/5896 5074/3382/5897
f 5159/3484/5978 5155/3480/5883 5154/3479/5883
f 5158/3483/5978 5159/3484/5978 5154/3479/5883
f 5157/3495/5984 5170/3496/5985 2991/3497/5642
f 2991/3497/5642 5170/3496/5985 5171/3498/5986
f 2991/3497/5642 5171/3498/5986 5172/3499/5987
f 5172/3499/5987 5171/3498/5986 5170/3496/5985
f 5172/3499/5987 5170/3496/5985 5173/3500/5988
f 5173/3500/5988 5170/3496/5985 5157/3495/5984
f 5173/3500/5988 5157/3495/5984 5174/3501/5989
f 5174/3501/5989 5157/3495/5984 5156/3502/5990
f 5174/3501/5989 5156/3502/5990 5175/3503/5991
f 5175/3503/5991 5156/3502/5990 5152/3504/5992
f 5175/3503/5991 5152/3504/5992 5176/3505/5646
f 5176/3505/5646 5152/3504/5992 5068/3506/5993
f 5176/3505/5646 5068/3506/5993 5177/3507/5994
f 5177/3507/5994 5068/3506/5993 5069/3508/5995
f 5177/3507/5994 5069/3508/5995 5151/3509/5996
f 5177/3507/5994 5151/3509/5996 5178/3510/5997
f 5178/3510/5997 5151/3509/5996 5149/3511/5998
f 5178/3510/5997 5149/3511/5998 5147/3512/5999
f 5178/3510/5997 5147/3512/5999 5179/3513/6000
f 5179/3513/6000 5147/3512/5999 5145/3514/6001
f 5179/3513/6000 5145/3514/6001 5180/3515/6002
f 5180/3515/6002 5145/3514/6001 5093/3516/6003
f 5180/3515/6002 5093/3516/6003 5181/3517/6004
f 5181/3517/6004 5093/3516/6003 5094/3518/6005
f 5181/3517/6004 5094/3518/6005 5182/3519/6006
f 5182/3519/6006 5094/3518/6005 5096/3520/6007
f 5182/3519/6006 5096/3520/6007 5183/3521/6008
f 5183/3521/6008 5096/3520/6007 5184/3522/6008
f 5183/3521/6008 5184/3522/6008 5185/3523/5665
f 5185/3523/5665 5184/3522/6008 5186/3524/5668
f 5185/3523/5665 5186/3524/5668 5187/3525/6009
f 5187/3525/6009 5186/3524/5668 5188/3526/6010
f 5187/3525/6009 5188/3526/6010 5189/3527/6011
f 5189/3527/6011 5188/3526/6010 5190/3528/6012
f 5190/3528/6012 5188/3526/6010 5102/3529/6013
f 5190/3528/6012 5102/3529/6013 5191/3530/6014
f 5191/3530/6014 5102/3529/6013 5143/3531/6015
f 5191/3530/6014 5143/3531/6015 5141/3532/6016
f 5096/3520/6007 5098/3533/6017 5184/3522/6008
f 5184/3522/6008 5098/3533/6017 5186/3524/5668
f 5186/3524/5668 5098/3533/6017 5188/3526/6010
f 5188/3526/6010 5098/3533/6017 5100/3534/6018
f 5188/3526/6010 5100/3534/6018 5102/3529/6013
f 5139/3535/6019 5192/3536/5685 5141/3532/6016
f 5141/3532/6016 5192/3536/5685 5193/3537/6020
f 5141/3532/6016 5193/3537/6020 5191/3530/6014
f 5191/3530/6014 5193/3537/6020 5194/3538/6021
f 5191/3530/6014 5194/3538/6021 5190/3528/6012
f 5192/3536/5685 5139/3535/6019 5195/3539/5688
f 5195/3539/5688 5139/3535/6019 5137/3540/6022
f 5195/3539/5688 5137/3540/6022 5196/3541/5690
f 5196/3541/5690 5137/3540/6022 5127/3542/6023
f 5196/3541/5690 5127/3542/6023 5197/3543/6024
f 5197/3543/6024 5127/3542/6023 3083/3544/6025
f 5197/3543/6024 3083/3544/6025 3081/3545/6026
f 5197/3543/6024 3081/3545/6026 5198/3546/6027
f 5198/3546/6027 3081/3545/6026 3079/3547/5700
f 5198/3546/6027 3079/3547/5700 5199/3548/6028
f 5199/3548/6028 3079/3547/5700 5200/3549/6029
f 5199/3548/6028 5200/3549/6029 5201/3550/4794
f 5201/3550/4794 5200/3549/6029 3038/3551/4495
f 3038/3551/4495 5200/3549/6029 3039/3552/3830
f 3039/3552/3830 5200/3549/6029 3079/3547/5700
f 5201/3550/4794 5202/3553/5696 5199/3548/6028
f 5199/3548/6028 5202/3553/5696 5198/3546/6027
f 5198/3546/6027 5202/3553/5696 5197/3543/6024
f 5197/3543/6024 5202/3553/5696 5203/3554/5701
f 5197/3543/6024 5203/3554/5701 5196/3541/5690
f 5196/3541/5690 5203/3554/5701 5204/3555/6030
f 5196/3541/5690 5204/3555/6030 5195/3539/5688
f 5195/3539/5688 5204/3555/6030 5205/3556/6031
f 5195/3539/5688 5205/3556/6031 5192/3536/5685
f 5192/3536/5685 5205/3556/6031 5193/3537/6020
f 5185/3523/5665 5206/3557/6006 5183/3521/6008
f 5183/3521/6008 5206/3557/6006 5182/3519/6006
f 5182/3519/6006 5206/3557/6006 5181/3517/6004
f 5181/3517/6004 5206/3557/6006 5207/3558/5660
f 5181/3517/6004 5207/3558/5660 5180/3515/6002
f 5180/3515/6002 5207/3558/5660 5208/3559/5658
f 5180/3515/6002 5208/3559/5658 5179/3513/6000
f 5179/3513/6000 5208/3559/5658 5209/3560/5997
f 5179/3513/6000 5209/3560/5997 5178/3510/5997
f 5178/3510/5997 5209/3560/5997 5210/3561/6032
f 5178/3510/5997 5210/3561/6032 5177/3507/5994
f 5177/3507/5994 5210/3561/6032 5211/3562/6033
f 5177/3507/5994 5211/3562/6033 5212/3563/6034
f 5177/3507/5994 5212/3563/6034 5176/3505/5646
f 5176/3505/5646 5212/3563/6034 5213/3564/5703
f 5176/3505/5646 5213/3564/5703 5214/3565/6035
f 5176/3505/5646 5214/3565/6035 5175/3503/5991
f 5175/3503/5991 5214/3565/6035 5215/3566/5649
f 5175/3503/5991 5215/3566/5649 5174/3501/5989
f 5174/3501/5989 5215/3566/5649 5173/3500/5988
f 5215/3566/5649 5172/3499/5987 5173/3500/5988
f 2991/3160/5642 5172/3161/5987 5216/3162/6036
f 5217/3163/6037 2991/3567/6038 5218/3165/6039
f 5218/3165/6039 2991/3567/6038 5216/3166/6040
f 5218/3165/6039 5216/3166/6040 5217/3163/6037
f 5201/3568/4794 3038/3569/4495 5219/3570/5699
f 5219/3570/5699 3038/3569/4495 3075/3571/6041
f 5219/3570/5699 3075/3571/6041 5220/3572/4171
f 5220/3572/4171 3075/3571/6041 5221/3573/6042
f 5220/3572/4171 5221/3573/6042 5222/3574/6043
f 5222/3574/6043 5221/3573/6042 5223/3575/5712
f 5223/3575/5712 5221/3573/6042 5224/3576/6044
f 5224/3576/6044 5221/3573/6042 5225/3577/6045
f 5224/3576/6044 5225/3577/6045 5226/3578/6046
f 5226/3578/6046 5225/3577/6045 5227/3579/6047
f 5227/3579/6047 5225/3577/6045 5228/3580/5718
f 5227/3579/6047 5228/3580/5718 5229/3581/6048
f 5229/3581/6048 5228/3580/5718 5230/3582/5721
f 5229/3581/6048 5230/3582/5721 5231/3583/6049
f 5231/3583/6049 5230/3582/5721 5232/3584/6050
f 5231/3583/6049 5232/3584/6050 5233/3585/5756
f 5233/3585/5756 5232/3584/6050 5234/3586/5725
f 5233/3585/5756 5234/3586/5725 5235/3587/6051
f 5235/3587/6051 5234/3586/5725 5236/3588/6052
f 5235/3587/6051 5236/3588/6052 5237/3589/6053
f 5237/3589/6053 5236/3588/6052 3057/3590/6054
f 5237/3589/6053 3057/3590/6054 3055/3591/6055
f 3075/3571/6041 3073/3592/6056 5221/3573/6042
f 5221/3573/6042 3073/3592/6056 5225/3577/6045
f 3073/3592/6056 3071/3593/6057 5225/3577/6045
f 5225/3577/6045 3071/3593/6057 3068/3594/6058
f 5225/3577/6045 3068/3594/6058 5228/3580/5718
f 5228/3580/5718 3068/3594/6058 3066/3595/6059
f 5228/3580/5718 3066/3595/6059 3064/3596/6060
f 5228/3580/5718 3064/3596/6060 5230/3582/5721
f 5230/3582/5721 3064/3596/6060 3062/3597/6061
f 5230/3582/5721 3062/3597/6061 5232/3584/6050
f 5232/3584/6050 3062/3597/6061 3059/3598/6062
f 5232/3584/6050 3059/3598/6062 5234/3586/5725
f 5234/3586/5725 3059/3598/6062 3057/3590/6054
f 5234/3586/5725 3057/3590/6054 5236/3588/6052
f 5237/3589/6053 3055/3591/6055 5238/3599/6063
f 5238/3599/6063 3055/3591/6055 3052/3600/6064
f 5238/3599/6063 3052/3600/6064 5239/3601/6065
f 5239/3601/6065 3052/3600/6064 3050/3602/6066
f 5239/3601/6065 3050/3602/6066 3047/3603/6067
f 5239/3601/6065 3047/3603/6067 5240/3604/6068
f 5240/3604/6068 3047/3603/6067 3045/3605/6069
f 5240/3604/6068 3045/3605/6069 5241/3606/6070
f 5241/3606/6070 3045/3605/6069 3043/3607/6071
f 5241/3606/6070 3043/3607/6071 5242/3608/6072
f 5242/3608/6072 3043/3607/6071 3041/3609/6073
f 5242/3608/6072 3041/3609/6073 2989/3610/6074
f 5242/3608/6072 2989/3610/6074 5243/3611/6075
f 5243/3611/6075 2989/3610/6074 2991/3612/6038
f 5243/3611/6075 2991/3612/6038 5217/3613/6037
f 5217/3613/6037 5244/3614/6076 5243/3611/6075
f 5243/3611/6075 5244/3614/6076 5245/3615/6077
f 5243/3611/6075 5245/3615/6077 5242/3608/6072
f 5242/3608/6072 5245/3615/6077 5246/3616/6078
f 5242/3608/6072 5246/3616/6078 5247/3617/6079
f 5242/3608/6072 5247/3617/6079 5241/3606/6070
f 5241/3606/6070 5247/3617/6079 5248/3618/6080
f 5241/3606/6070 5248/3618/6080 5240/3604/6068
f 5240/3604/6068 5248/3618/6080 5249/3619/6081
f 5240/3604/6068 5249/3619/6081 5239/3601/6065
f 5239/3601/6065 5249/3619/6081 5250/3620/6082
f 5239/3601/6065 5250/3620/6082 5251/3621/6083
f 5239/3601/6065 5251/3621/6083 5238/3599/6063
f 5238/3599/6063 5251/3621/6083 5252/3622/6084
f 5238/3599/6063 5252/3622/6084 5237/3589/6053
f 5237/3589/6053 5252/3622/6084 5235/3587/6051
f 5222/3574/6043 5253/3623/6085 5220/3572/4171
f 5220/3572/4171 5253/3623/6085 5219/3570/5699
f 5253/3623/6085 5201/3568/4794 5219/3570/5699
f 5254/3624/6086 2880/3625/5763 5255/3626/6087
f 5255/3626/6087 2880/3625/5763 5172/3627/5761
f 5255/3626/6087 5172/3627/5761 5256/3628/6086
f 5256/3628/6086 5172/3627/5761 5215/3629/6088
f 5256/3628/6086 5215/3629/6088 5257/3630/5460
f 5257/3630/5460 5215/3629/6088 5258/3631/5152
f 5257/3630/5460 5258/3631/5152 5259/3632/6089
f 5259/3632/6089 5258/3631/5152 5260/3633/6090
f 5260/3633/6090 5258/3631/5152 5261/3634/6091
f 5260/3633/6090 5261/3634/6091 5262/3635/6092
f 5262/3635/6092 5261/3634/6091 5263/3636/6093
f 5262/3635/6092 5263/3636/6093 5264/3637/6094
f 5264/3637/6094 5263/3636/6093 5265/3638/6095
f 5265/3638/6095 5263/3636/6093 5266/3639/6096
f 5265/3638/6095 5266/3639/6096 5267/3640/6097
f 5267/3640/6097 5266/3639/6096 5268/3641/6098
f 5268/3641/6098 5266/3639/6096 5269/3642/6099
f 5268/3641/6098 5269/3642/6099 5270/3643/6100
f 5270/3643/6100 5269/3642/6099 5271/3644/6101
f 5270/3643/6100 5271/3644/6101 5272/3645/6102
f 5272/3645/6102 5271/3644/6101 5273/3646/6103
f 5272/3645/6102 5273/3646/6103 5274/3647/6104
f 5274/3647/6104 5273/3646/6103 5275/3648/6105
f 5274/3647/6104 5275/3648/6105 5276/3649/6106
f 5276/3649/6106 5275/3648/6105 5277/3650/5782
f 5276/3649/6106 5277/3650/5782 5278/3651/6107
f 5278/3651/6107 5277/3650/5782 5206/3652/5784
f 5278/3651/6107 5206/3652/5784 5185/3653/6108
f 5258/3631/5152 5215/3629/6088 5261/3634/6091
f 5261/3634/6091 5215/3629/6088 5214/3654/6109
f 5261/3634/6091 5214/3654/6109 5263/3636/6093
f 5263/3636/6093 5214/3654/6109 5213/3655/5787
f 5263/3636/6093 5213/3655/5787 5212/3656/6110
f 5263/3636/6093 5212/3656/6110 5266/3639/6096
f 5266/3639/6096 5212/3656/6110 5211/3657/6111
f 5266/3639/6096 5211/3657/6111 5210/3658/6112
f 5266/3639/6096 5210/3658/6112 5269/3642/6099
f 5269/3642/6099 5210/3658/6112 5209/3659/6113
f 5269/3642/6099 5209/3659/6113 5271/3644/6101
f 5271/3644/6101 5209/3659/6113 5208/3660/6114
f 5271/3644/6101 5208/3660/6114 5273/3646/6103
f 5273/3646/6103 5208/3660/6114 5207/3661/5793
f 5273/3646/6103 5207/3661/5793 5275/3648/6105
f 5275/3648/6105 5207/3661/5793 5206/3652/5784
f 5275/3648/6105 5206/3652/5784 5277/3650/5782
f 5187/3662/5794 5279/3663/5795 5185/3653/6108
f 5185/3653/6108 5279/3663/5795 5280/3664/6115
f 5185/3653/6108 5280/3664/6115 5278/3651/6107
f 5278/3651/6107 5280/3664/6115 5281/3665/6116
f 5278/3651/6107 5281/3665/6116 5276/3649/6106
f 5279/3663/5795 5187/3662/5794 5282/3666/6117
f 5282/3666/6117 5187/3662/5794 5189/3667/6118
f 5282/3666/6117 5189/3667/6118 5190/3668/6119
f 5194/3669/6120 5283/3670/6121 5190/3668/6119
f 5190/3668/6119 5283/3670/6121 5284/3671/6122
f 5190/3668/6119 5284/3671/6122 5285/3672/6123
f 5194/3669/6120 5193/3673/5804 5283/3670/6121
f 5283/3670/6121 5193/3673/5804 5286/3674/5805
f 5283/3670/6121 5286/3674/5805 5287/3675/6124
f 5287/3675/6124 5286/3674/5805 5288/3676/6125
f 5288/3676/6125 5286/3674/5805 5289/3677/5808
f 5288/3676/6125 5289/3677/5808 5290/3678/6126
f 5290/3678/6126 5289/3677/5808 5291/3679/6127
f 5290/3678/6126 5291/3679/6127 5292/3680/6128
f 5292/3680/6128 5291/3679/6127 5293/3681/5812
f 5292/3680/6128 5293/3681/5812 2816/3682/6129
f 2816/3682/6129 5293/3681/5812 2817/3683/6130
f 2817/3683/6130 5293/3681/5812 5294/3684/6131
f 2817/3683/6130 5294/3684/6131 2818/3685/6132
f 2818/3685/6132 5294/3684/6131 5295/3686/5817
f 2818/3685/6132 5295/3686/5817 2819/3687/6133
f 2819/3687/6133 5295/3686/5817 5296/3688/6134
f 2819/3687/6133 5296/3688/6134 2821/3689/6135
f 2821/3689/6135 5296/3688/6134 5201/3690/5820
f 5201/3690/5820 5296/3688/6134 5295/3686/5817
f 5201/3690/5820 5295/3686/5817 5202/3691/5821
f 5202/3691/5821 5295/3686/5817 5294/3684/6131
f 5202/3691/5821 5294/3684/6131 5293/3681/5812
f 5193/3673/5804 5205/3692/6136 5286/3674/5805
f 5286/3674/5805 5205/3692/6136 5289/3677/5808
f 5205/3692/6136 5204/3693/6137 5289/3677/5808
f 5289/3677/5808 5204/3693/6137 5291/3679/6127
f 5204/3693/6137 5203/3694/6138 5291/3679/6127
f 5291/3679/6127 5203/3694/6138 5293/3681/5812
f 5203/3694/6138 5202/3691/5821 5293/3681/5812
f 5287/3675/6124 5297/3695/6139 5283/3670/6121
f 5283/3670/6121 5297/3695/6139 5284/3671/6122
f 5190/3668/6119 5285/3672/6123 5282/3666/6117
f 5282/3666/6117 5285/3672/6123 5298/3696/6140
f 5282/3666/6117 5298/3696/6140 5279/3663/5795
f 5279/3663/5795 5298/3696/6140 5281/3665/6116
f 5279/3663/5795 5281/3665/6116 5280/3664/6115
f 5259/3632/6089 5254/3624/6086 5257/3630/5460
f 5257/3630/5460 5254/3624/6086 5256/3628/6086
f 5256/3628/6086 5254/3624/6086 5255/3626/6087
f 5216/3299/6141 2880/3300/5828 5217/50/6141
f 2880/3300/5763 5216/3299/5761 5172/50/5761
f 2878/3697/6142 5299/3698/6143 2880/3699/5828
f 2880/3699/5828 5299/3698/6143 5244/3700/5832
f 2880/3699/5828 5244/3700/5832 5217/3701/6141
f 2878/3697/6142 2873/3702/6144 5299/3698/6143
f 5299/3698/6143 2873/3702/6144 5300/3703/6145
f 5299/3698/6143 5300/3703/6145 5245/3704/6146
f 5245/3704/6146 5300/3703/6145 5246/3705/6147
f 5246/3705/6147 5300/3703/6145 5247/3706/6148
f 5247/3706/6148 5300/3703/6145 5301/3707/6149
f 5247/3706/6148 5301/3707/6149 5248/3708/6150
f 5248/3708/6150 5301/3707/6149 5302/3709/6150
f 5248/3708/6150 5302/3709/6150 5249/3710/6151
f 5249/3710/6151 5302/3709/6150 5303/3711/6152
f 5249/3710/6151 5303/3711/6152 5250/3712/6153
f 5250/3712/6153 5303/3711/6152 5251/3713/6154
f 5251/3713/6154 5303/3711/6152 5304/3714/6155
f 5251/3713/6154 5304/3714/6155 5252/3715/6156
f 5252/3715/6156 5304/3714/6155 5305/3716/6157
f 5252/3715/6156 5305/3716/6157 5235/3717/5873
f 5235/3717/5873 5305/3716/6157 5306/3718/5873
f 5235/3717/5873 5306/3718/5873 5307/3719/5852
f 5307/3719/5852 5306/3718/5873 2850/3720/6158
f 5307/3719/5852 2850/3720/6158 5308/3721/6159
f 5308/3721/6159 2850/3720/6158 2846/3722/6160
f 5308/3721/6159 2846/3722/6160 5309/3723/6161
f 5309/3723/6161 2846/3722/6160 2842/3724/6162
f 5309/3723/6161 2842/3724/6162 5310/3725/6163
f 5310/3725/6163 2842/3724/6162 2838/3726/6164
f 5310/3725/6163 2838/3726/6164 5311/3727/6165
f 5311/3727/6165 2838/3726/6164 2831/3728/6166
f 5311/3727/6165 2831/3728/6166 2829/3729/6167
f 2873/3702/6144 2871/3730/6168 5300/3703/6145
f 5300/3703/6145 2871/3730/6168 5301/3707/6149
f 2871/3730/6168 2869/3731/6169 5301/3707/6149
f 5301/3707/6149 2869/3731/6169 5302/3709/6150
f 2869/3731/6169 2867/3732/6170 5302/3709/6150
f 5302/3709/6150 2867/3732/6170 2865/3733/6171
f 5302/3709/6150 2865/3733/6171 5303/3711/6152
f 5303/3711/6152 2865/3733/6171 2863/3734/6172
f 5303/3711/6152 2863/3734/6172 2861/3735/6173
f 5303/3711/6152 2861/3735/6173 5304/3714/6155
f 5304/3714/6155 2861/3735/6173 2859/3736/6174
f 5304/3714/6155 2859/3736/6174 2857/3737/6175
f 5304/3714/6155 2857/3737/6175 5305/3716/6157
f 5305/3716/6157 2857/3737/6175 2855/3738/6176
f 5305/3716/6157 2855/3738/6176 5306/3718/5873
f 5306/3718/5873 2855/3738/6176 2850/3720/6158
f 5311/3727/6165 2829/3729/6167 5312/3739/6177
f 5312/3739/6177 2829/3729/6167 2823/3740/6178
f 5312/3739/6177 2823/3740/6178 2822/3741/6179
f 2821/3742/6135 5313/3743/6135 2822/3741/6179
f 2822/3741/6179 5313/3743/6135 5314/3744/5866
f 2822/3741/6179 5314/3744/5866 5312/3739/6177
f 5312/3739/6177 5314/3744/5866 5222/3745/6180
f 5312/3739/6177 5222/3745/6180 5223/3746/6181
f 2821/3742/6135 5201/3747/5820 5313/3743/6135
f 5313/3743/6135 5201/3747/5820 5253/3748/4964
f 5313/3743/6135 5253/3748/4964 5314/3744/5866
f 5314/3744/5866 5253/3748/4964 5222/3745/6180
f 5223/3746/6181 5224/3749/5863 5312/3739/6177
f 5312/3739/6177 5224/3749/5863 5311/3727/6165
f 5224/3749/5863 5226/3750/6182 5311/3727/6165
f 5311/3727/6165 5226/3750/6182 5227/3751/6183
f 5311/3727/6165 5227/3751/6183 5310/3725/6163
f 5310/3725/6163 5227/3751/6183 5229/3752/5858
f 5310/3725/6163 5229/3752/5858 5309/3723/6161
f 5309/3723/6161 5229/3752/5858 5231/3753/5871
f 5309/3723/6161 5231/3753/5871 5308/3721/6159
f 5308/3721/6159 5231/3753/5871 5233/3754/6184
f 5308/3721/6159 5233/3754/6184 5307/3719/5852
f 5307/3719/5852 5233/3754/6184 5235/3717/5873
f 5245/3704/6146 5244/3700/5832 5299/3698/6143
f 2880/3755/3241 5254/3756/6185 2879/3757/3187
f 2879/3757/3187 5254/3756/6185 5315/3758/6186
f 2879/3757/3187 5315/3758/6186 5316/3759/6186
f 5316/3759/6186 5315/3758/6186 5317/3760/5883
f 5316/3759/6186 5317/3760/5883 5318/3761/6187
f 5318/3761/6187 5317/3760/5883 5319/3762/6188
f 5318/3761/6187 5319/3762/6188 5320/3763/6189
f 5320/3763/6189 5319/3762/6188 5321/3764/6190
f 5320/3763/6189 5321/3764/6190 5322/3765/6191
f 5322/3765/6191 5321/3764/6190 5323/3766/6192
f 5322/3765/6191 5323/3766/6192 5324/3767/6193
f 5324/3767/6193 5323/3766/6192 5325/3768/6194
f 5324/3767/6193 5325/3768/6194 5326/3769/6195
f 5326/3769/6195 5325/3768/6194 5327/3770/6196
f 5326/3769/6195 5327/3770/6196 5328/3771/6197
f 5328/3771/6197 5327/3770/6196 5329/3772/6198
f 5328/3771/6197 5329/3772/6198 5330/3773/6199
f 5330/3773/6199 5329/3772/6198 5331/3774/6200
f 5330/3773/6199 5331/3774/6200 5332/3775/5900
f 5332/3775/5900 5331/3774/6200 5333/3776/5911
f 5332/3775/5900 5333/3776/5911 5334/3777/5911
f 5334/3777/5911 5333/3776/5911 5335/3778/6201
f 5334/3777/5911 5335/3778/6201 5336/3779/6202
f 5336/3779/6202 5335/3778/6201 5337/3780/5914
f 5336/3779/6202 5337/3780/5914 5338/3781/5916
f 5338/3781/5916 5337/3780/5914 5339/3782/4997
f 5338/3781/5916 5339/3782/4997 5340/3783/4695
f 5340/3783/4695 5339/3782/4997 5341/3784/6203
f 5340/3783/4695 5341/3784/6203 5342/3785/6204
f 5342/3785/6204 5341/3784/6203 5343/3786/6205
f 5342/3785/6204 5343/3786/6205 5344/3787/6206
f 5344/3787/6206 5343/3786/6205 5345/3788/5923
f 5344/3787/6206 5345/3788/5923 5346/3789/6207
f 5346/3789/6207 5345/3788/5923 5347/3790/6208
f 5346/3789/6207 5347/3790/6208 5348/3791/5945
f 5348/3791/5945 5347/3790/6208 5349/3792/6209
f 5348/3791/5945 5349/3792/6209 5350/3793/6210
f 5350/3793/6210 5349/3792/6209 5351/3794/6211
f 5350/3793/6210 5351/3794/6211 5352/3795/5006
f 5352/3795/5006 5351/3794/6211 5353/3796/6212
f 5352/3795/5006 5353/3796/6212 5354/3797/6213
f 5354/3797/6213 5353/3796/6212 5355/3798/6214
f 5354/3797/6213 5355/3798/6214 5356/3799/6215
f 5356/3799/6215 5355/3798/6214 5357/3800/6216
f 5356/3799/6215 5357/3800/6216 5358/3801/6217
f 5358/3801/6217 5357/3800/6216 5359/3802/5957
f 5358/3801/6217 5359/3802/5957 5360/3803/6218
f 5360/3803/6218 5359/3802/5957 2759/3804/3147
f 5360/3803/6218 2759/3804/3147 2761/3805/3147
f 5254/3756/6185 5259/3806/3558 5315/3758/6186
f 5315/3758/6186 5259/3806/3558 5260/3807/3406
f 5315/3758/6186 5260/3807/3406 5317/3760/5883
f 5317/3760/5883 5260/3807/3406 5262/3808/3917
f 5317/3760/5883 5262/3808/3917 5264/3809/6219
f 5265/3810/6220 5321/3764/6190 5264/3809/6219
f 5264/3809/6219 5321/3764/6190 5319/3762/6188
f 5264/3809/6219 5319/3762/6188 5317/3760/5883
f 5321/3764/6190 5265/3810/6220 5323/3766/6192
f 5323/3766/6192 5265/3810/6220 5267/3811/6221
f 5323/3766/6192 5267/3811/6221 5325/3768/6194
f 5325/3768/6194 5267/3811/6221 5268/3812/6222
f 5325/3768/6194 5268/3812/6222 5327/3770/6196
f 5327/3770/6196 5268/3812/6222 5270/3813/6223
f 5327/3770/6196 5270/3813/6223 5329/3772/6198
f 5329/3772/6198 5270/3813/6223 5331/3774/6200
f 5270/3813/6223 5272/3814/6224 5331/3774/6200
f 5331/3774/6200 5272/3814/6224 5333/3776/5911
f 5272/3814/6224 5274/3815/6225 5333/3776/5911
f 5333/3776/5911 5274/3815/6225 5335/3778/6201
f 5274/3815/6225 5276/3816/5914 5335/3778/6201
f 5335/3778/6201 5276/3816/5914 5337/3780/5914
f 5337/3780/5914 5276/3816/5914 5339/3782/4997
f 5339/3782/4997 5276/3816/5914 5281/3817/4999
f 5339/3782/4997 5281/3817/4999 5341/3784/6203
f 5341/3784/6203 5281/3817/4999 5298/3818/6226
f 5341/3784/6203 5298/3818/6226 5343/3786/6205
f 5343/3786/6205 5298/3818/6226 5345/3788/5923
f 5298/3818/6226 5285/3819/6227 5345/3788/5923
f 5345/3788/5923 5285/3819/6227 5347/3790/6208
f 5285/3819/6227 5284/3820/6228 5347/3790/6208
f 5347/3790/6208 5284/3820/6228 5349/3792/6209
f 5284/3820/6228 5297/3821/6229 5349/3792/6209
f 5349/3792/6209 5297/3821/6229 5351/3794/6211
f 5297/3821/6229 5287/3822/6230 5351/3794/6211
f 5351/3794/6211 5287/3822/6230 5353/3796/6212
f 5287/3822/6230 5288/3823/6231 5353/3796/6212
f 5353/3796/6212 5288/3823/6231 5355/3798/6214
f 5288/3823/6231 5290/3824/6232 5355/3798/6214
f 5355/3798/6214 5290/3824/6232 5357/3800/6216
f 5290/3824/6232 5292/3825/6233 5357/3800/6216
f 5357/3800/6216 5292/3825/6233 5359/3802/5957
f 2816/3826/3195 2759/3804/3147 5292/3825/6233
f 5292/3825/6233 2759/3804/3147 5359/3802/5957
f 5361/3827/6234 5362/3828/5958 2761/3805/3147
f 2761/3805/3147 5362/3828/5958 5363/3829/5957
f 2761/3805/3147 5363/3829/5957 5364/3830/5954
f 5364/3830/5954 5363/3829/5957 5365/3831/6235
f 5364/3830/5954 5365/3831/6235 5366/3832/6236
f 5366/3832/6236 5365/3831/6235 5367/3833/6237
f 5366/3832/6236 5367/3833/6237 5368/3834/6238
f 5368/3834/6238 5367/3833/6237 5369/3835/6213
f 5368/3834/6238 5369/3835/6213 5370/3836/5930
f 5370/3836/5930 5369/3835/6213 5371/3837/5006
f 5370/3836/5930 5371/3837/5006 5372/3838/6239
f 5372/3838/6239 5371/3837/5006 5373/3839/5948
f 5372/3838/6239 5373/3839/5948 5374/3840/6240
f 5374/3840/6240 5373/3839/5948 5375/3841/6241
f 5374/3840/6240 5375/3841/6241 5376/3842/6242
f 5376/3842/6242 5375/3841/6241 5377/3843/5923
f 5376/3842/6242 5377/3843/5923 5378/3844/5923
f 5378/3844/5923 5377/3843/5923 5379/3845/6243
f 5378/3844/5923 5379/3845/6243 5380/3846/6244
f 5380/3846/6244 5379/3845/6243 5381/3847/5920
f 5380/3846/6244 5381/3847/5920 5382/3848/5920
f 5382/3848/5920 5381/3847/5920 5383/3849/5936
f 5382/3848/5920 5383/3849/5936 5384/3850/5936
f 5384/3850/5936 5383/3849/5936 5385/3851/5914
f 5384/3850/5936 5385/3851/5914 5386/3852/6245
f 5386/3852/6245 5385/3851/5914 5387/3853/6202
f 5386/3852/6245 5387/3853/6202 5388/3854/6246
f 5388/3854/6246 5387/3853/6202 5389/3855/5911
f 5388/3854/6246 5389/3855/5911 5390/3856/6247
f 5390/3856/6247 5389/3855/5911 5391/3857/6248
f 5390/3856/6247 5391/3857/6248 5392/3858/6248
f 5392/3858/6248 5391/3857/6248 5393/3859/6249
f 5392/3858/6248 5393/3859/6249 5394/3860/6250
f 5394/3860/6250 5393/3859/6249 5395/3861/5974
f 5394/3860/6250 5395/3861/5974 5396/3862/6251
f 5396/3862/6251 5395/3861/5974 5397/3863/6195
f 5396/3862/6251 5397/3863/6195 5398/3864/5896
f 5398/3864/5896 5397/3863/6195 5399/3865/6252
f 5398/3864/5896 5399/3865/6252 5400/3866/6253
f 5400/3866/6253 5399/3865/6252 5401/3867/6254
f 5400/3866/6253 5401/3867/6254 5402/3868/6255
f 5402/3868/6255 5401/3867/6254 5403/3869/5889
f 5402/3868/6255 5403/3869/5889 5404/3870/6188
f 5404/3870/6188 5403/3869/5889 5405/3871/3917
f 5404/3870/6188 5405/3871/3917 5406/3872/3917
f 5406/3872/3917 5405/3871/3917 5407/3873/6256
f 5406/3872/3917 5407/3873/6256 5408/3874/6257
f 5408/3874/6257 5407/3873/6256 2808/3875/3187
f 5408/3874/6257 2808/3875/3187 5409/3876/6186
f 5409/3876/6186 2808/3875/3187 5410/3877/5882
f 5409/3876/6186 5410/3877/5882 5411/3878/5883
f 5411/3878/5883 5410/3877/5882 5412/3879/3917
f 5411/3878/5883 5412/3879/3917 5413/3880/6258
f 5413/3880/6258 5412/3879/3917 5320/3763/6189
f 5413/3880/6258 5320/3763/6189 5322/3765/6191
f 5362/3828/5958 5361/3827/6234 5414/3881/6259
f 5414/3881/6259 5361/3827/6234 5415/3882/6260
f 5414/3881/6259 5415/3882/6260 5416/3883/5962
f 5416/3883/5962 5415/3882/6260 5417/3884/6261
f 5416/3883/5962 5417/3884/6261 5418/3885/6262
f 5418/3885/6262 5417/3884/6261 5419/3886/6263
f 5418/3885/6262 5419/3886/6263 5420/3887/6264
f 5420/3887/6264 5419/3886/6263 5421/3888/6210
f 5420/3887/6264 5421/3888/6210 5422/3889/5927
f 5422/3889/5927 5421/3888/6210 5423/3890/6265
f 5422/3889/5927 5423/3890/6265 5373/3839/5948
f 5373/3839/5948 5423/3890/6265 5375/3841/6241
f 5421/3888/6210 5424/3891/6266 5423/3890/6265
f 5423/3890/6265 5424/3891/6266 5425/3892/5923
f 5423/3890/6265 5425/3892/5923 5375/3841/6241
f 5375/3841/6241 5425/3892/5923 5377/3843/5923
f 5424/3891/6266 5426/3893/6267 5425/3892/5923
f 5425/3892/5923 5426/3893/6267 5427/3894/6268
f 5425/3892/5923 5427/3894/6268 5377/3843/5923
f 5377/3843/5923 5427/3894/6268 5379/3845/6243
f 5426/3893/6267 5428/3895/5920 5427/3894/6268
f 5427/3894/6268 5428/3895/5920 5429/3896/5920
f 5427/3894/6268 5429/3896/5920 5379/3845/6243
f 5379/3845/6243 5429/3896/5920 5381/3847/5920
f 5429/3896/5920 5428/3895/5920 5430/3897/6269
f 5430/3897/6269 5428/3895/5920 5431/3898/5916
f 5430/3897/6269 5431/3898/5916 5432/3899/6270
f 5432/3899/6270 5431/3898/5916 5433/3900/6202
f 5432/3899/6270 5433/3900/6202 5385/3851/5914
f 5385/3851/5914 5433/3900/6202 5387/3853/6202
f 5431/3898/5916 5434/3901/6271 5433/3900/6202
f 5433/3900/6202 5434/3901/6271 5435/3902/5911
f 5433/3900/6202 5435/3902/5911 5387/3853/6202
f 5387/3853/6202 5435/3902/5911 5389/3855/5911
f 5434/3901/6271 5436/3903/6272 5435/3902/5911
f 5435/3902/5911 5436/3903/6272 5437/3904/5982
f 5435/3902/5911 5437/3904/5982 5389/3855/5911
f 5389/3855/5911 5437/3904/5982 5391/3857/6248
f 5436/3903/6272 5438/3905/6273 5437/3904/5982
f 5437/3904/5982 5438/3905/6273 5439/3906/6249
f 5437/3904/5982 5439/3906/6249 5391/3857/6248
f 5391/3857/6248 5439/3906/6249 5393/3859/6249
f 5439/3906/6249 5438/3905/6273 5440/3907/6274
f 5440/3907/6274 5438/3905/6273 5441/3908/6275
f 5440/3907/6274 5441/3908/6275 5442/3909/6276
f 5442/3909/6276 5441/3908/6275 5443/3910/6277
f 5442/3909/6276 5443/3910/6277 5444/3911/6278
f 5444/3911/6278 5443/3910/6277 5445/3912/6279
f 5444/3911/6278 5445/3912/6279 5446/3913/6280
f 5446/3913/6280 5445/3912/6279 5447/3914/6281
f 5446/3913/6280 5447/3914/6281 5448/3915/6189
f 5448/3915/6189 5447/3914/6281 5449/3916/3917
f 5448/3915/6189 5449/3916/3917 5450/3917/3917
f 5450/3917/3917 5449/3916/3917 5451/3918/6282
f 5450/3917/3917 5451/3918/6282 5405/3871/3917
f 5405/3871/3917 5451/3918/6282 5407/3873/6256
f 5449/3916/3917 2808/3875/3187 5451/3918/6282
f 5451/3918/6282 2808/3875/3187 5407/3873/6256
f 5410/3877/5882 2808/3875/3187 5452/3919/5590
f 5452/3919/5590 2808/3875/3187 2879/3757/3187
f 5452/3919/5590 2879/3757/3187 5316/3759/6186
f 2761/3805/3147 5453/3920/6283 5454/3921/5957
f 5454/3921/5957 5453/3920/6283 5455/3922/6284
f 5454/3921/5957 5455/3922/6284 5456/3923/6285
f 5456/3923/6285 5455/3922/6284 5457/3924/6286
f 5456/3923/6285 5457/3924/6286 5458/3925/6287
f 5458/3925/6287 5457/3924/6286 5459/3926/6288
f 5458/3925/6287 5459/3926/6288 5460/3927/6289
f 5460/3927/6289 5459/3926/6288 5461/3928/6290
f 5460/3927/6289 5461/3928/6290 5462/3929/5006
f 5462/3929/5006 5461/3928/6290 5463/3930/6291
f 5462/3929/5006 5463/3930/6291 5464/3931/6292
f 5464/3931/6292 5463/3930/6291 5465/3932/6293
f 5464/3931/6292 5465/3932/6293 5466/3933/6294
f 5466/3933/6294 5465/3932/6293 5467/3934/5923
f 5466/3933/6294 5467/3934/5923 5468/3935/5923
f 5468/3935/5923 5467/3934/5923 5469/3936/6244
f 5468/3935/5923 5469/3936/6244 5470/3937/6268
f 5470/3937/6268 5469/3936/6244 5471/3938/5920
f 5470/3937/6268 5471/3938/5920 5472/3939/5920
f 5472/3939/5920 5471/3938/5920 5473/3940/3901
f 5472/3939/5920 5473/3940/3901 5474/3941/4997
f 5474/3941/4997 5473/3940/3901 5475/3942/5914
f 5474/3941/4997 5475/3942/5914 5476/3943/6295
f 5476/3943/6295 5475/3942/5914 5477/3944/6296
f 5476/3943/6295 5477/3944/6296 5478/3945/6297
f 5478/3945/6297 5477/3944/6296 5479/3946/5911
f 5478/3945/6297 5479/3946/5911 5480/3947/5911
f 5480/3947/5911 5479/3946/5911 5481/3948/6298
f 5480/3947/5911 5481/3948/6298 5482/3949/6299
f 5482/3949/6299 5481/3948/6298 5483/3950/6199
f 5482/3949/6299 5483/3950/6199 5484/3951/6273
f 5484/3951/6273 5483/3950/6199 5485/3952/6300
f 5484/3951/6273 5485/3952/6300 5486/3953/6301
f 5486/3953/6301 5485/3952/6300 5487/3954/6302
f 5486/3953/6301 5487/3954/6302 5488/3955/6302
f 5488/3955/6302 5487/3954/6302 5489/3956/6278
f 5488/3955/6302 5489/3956/6278 5490/3957/6303
f 5490/3957/6303 5489/3956/6278 5491/3958/6304
f 5490/3957/6303 5491/3958/6304 5492/3959/6305
f 5492/3959/6305 5491/3958/6304 5493/3960/5889
f 5492/3959/6305 5493/3960/5889 5494/3961/5887
f 5494/3961/5887 5493/3960/5889 5495/3962/3917
f 5494/3961/5887 5495/3962/3917 5411/3878/5883
f 5411/3878/5883 5495/3962/3917 5409/3876/6186
f 2761/3805/3147 5454/3921/5957 5496/3963/6306
f 5496/3963/6306 5454/3921/5957 5456/3923/6285
f 5496/3963/6306 5456/3923/6285 5497/3964/6217
f 5497/3964/6217 5456/3923/6285 5458/3925/6287
f 5497/3964/6217 5458/3925/6287 5498/3965/6237
f 5498/3965/6237 5458/3925/6287 5460/3927/6289
f 5498/3965/6237 5460/3927/6289 5499/3966/6307
f 5499/3966/6307 5460/3927/6289 5462/3929/5006
f 5499/3966/6307 5462/3929/5006 5500/3967/5006
f 5500/3967/5006 5462/3929/5006 5464/3931/6292
f 5500/3967/5006 5464/3931/6292 5501/3968/6240
f 5501/3968/6240 5464/3931/6292 5466/3933/6294
f 5501/3968/6240 5466/3933/6294 5502/3969/6242
f 5502/3969/6242 5466/3933/6294 5468/3935/5923
f 5502/3969/6242 5468/3935/5923 5503/3970/6308
f 5503/3970/6308 5468/3935/5923 5470/3937/6268
f 5503/3970/6308 5470/3937/6268 5504/3971/6268
f 5504/3971/6268 5470/3937/6268 5472/3939/5920
f 5504/3971/6268 5472/3939/5920 5505/3972/5920
f 5505/3972/5920 5472/3939/5920 5474/3941/4997
f 5505/3972/5920 5474/3941/4997 5506/3973/4695
f 5506/3973/4695 5474/3941/4997 5476/3943/6295
f 5506/3973/4695 5476/3943/6295 5507/3974/6309
f 5507/3974/6309 5476/3943/6295 5478/3945/6297
f 5507/3974/6309 5478/3945/6297 5508/3975/5915
f 5508/3975/5915 5478/3945/6297 5480/3947/5911
f 5508/3975/5915 5480/3947/5911 5509/3976/6247
f 5509/3976/6247 5480/3947/5911 5482/3949/6299
f 5509/3976/6247 5482/3949/6299 5510/3977/6310
f 5510/3977/6310 5482/3949/6299 5484/3951/6273
f 5510/3977/6310 5484/3951/6273 5511/3978/6198
f 5511/3978/6198 5484/3951/6273 5486/3953/6301
f 5511/3978/6198 5486/3953/6301 5512/3979/6311
f 5512/3979/6311 5486/3953/6301 5488/3955/6302
f 5512/3979/6311 5488/3955/6302 5513/3980/6312
f 5513/3980/6312 5488/3955/6302 5490/3957/6303
f 5513/3980/6312 5490/3957/6303 5514/3981/6252
f 5514/3981/6252 5490/3957/6303 5492/3959/6305
f 5514/3981/6252 5492/3959/6305 5515/3982/6313
f 5515/3982/6313 5492/3959/6305 5494/3961/5887
f 5515/3982/6313 5494/3961/5887 5413/3880/6258
f 5413/3880/6258 5494/3961/5887 5411/3878/5883
f 5496/3963/6306 5497/3964/6217 5360/3803/6218
f 5360/3803/6218 5497/3964/6217 5358/3801/6217
f 5497/3964/6217 5498/3965/6237 5358/3801/6217
f 5358/3801/6217 5498/3965/6237 5356/3799/6215
f 5498/3965/6237 5499/3966/6307 5356/3799/6215
f 5356/3799/6215 5499/3966/6307 5354/3797/6213
f 5499/3966/6307 5500/3967/5006 5354/3797/6213
f 5354/3797/6213 5500/3967/5006 5352/3795/5006
f 5500/3967/5006 5501/3968/6240 5352/3795/5006
f 5352/3795/5006 5501/3968/6240 5350/3793/6210
f 5501/3968/6240 5502/3969/6242 5350/3793/6210
f 5350/3793/6210 5502/3969/6242 5348/3791/5945
f 5502/3969/6242 5503/3970/6308 5348/3791/5945
f 5348/3791/5945 5503/3970/6308 5346/3789/6207
f 5503/3970/6308 5504/3971/6268 5346/3789/6207
f 5346/3789/6207 5504/3971/6268 5344/3787/6206
f 5504/3971/6268 5505/3972/5920 5344/3787/6206
f 5344/3787/6206 5505/3972/5920 5342/3785/6204
f 5505/3972/5920 5506/3973/4695 5342/3785/6204
f 5342/3785/6204 5506/3973/4695 5340/3783/4695
f 5506/3973/4695 5507/3974/6309 5340/3783/4695
f 5340/3783/4695 5507/3974/6309 5338/3781/5916
f 5507/3974/6309 5508/3975/5915 5338/3781/5916
f 5338/3781/5916 5508/3975/5915 5336/3779/6202
f 5508/3975/5915 5509/3976/6247 5336/3779/6202
f 5336/3779/6202 5509/3976/6247 5334/3777/5911
f 5509/3976/6247 5510/3977/6310 5334/3777/5911
f 5334/3777/5911 5510/3977/6310 5332/3775/5900
f 5510/3977/6310 5511/3978/6198 5332/3775/5900
f 5332/3775/5900 5511/3978/6198 5330/3773/6199
f 5511/3978/6198 5512/3979/6311 5330/3773/6199
f 5330/3773/6199 5512/3979/6311 5328/3771/6197
f 5512/3979/6311 5513/3980/6312 5328/3771/6197
f 5328/3771/6197 5513/3980/6312 5326/3769/6195
f 5513/3980/6312 5514/3981/6252 5326/3769/6195
f 5326/3769/6195 5514/3981/6252 5324/3767/6193
f 5514/3981/6252 5515/3982/6313 5324/3767/6193
f 5324/3767/6193 5515/3982/6313 5322/3765/6191
f 5515/3982/6313 5413/3880/6258 5322/3765/6191
f 5452/3919/5590 5316/3759/6186 5318/3761/6187
f 5452/3919/5590 5318/3761/6187 5412/3879/3917
f 5412/3879/3917 5318/3761/6187 5320/3763/6189
f 5405/3871/3917 5403/3869/5889 5450/3917/3917
f 5450/3917/3917 5403/3869/5889 5448/3915/6189
f 5403/3869/5889 5401/3867/6254 5448/3915/6189
f 5448/3915/6189 5401/3867/6254 5446/3913/6280
f 5401/3867/6254 5399/3865/6252 5446/3913/6280
f 5446/3913/6280 5399/3865/6252 5444/3911/6278
f 5399/3865/6252 5397/3863/6195 5444/3911/6278
f 5444/3911/6278 5397/3863/6195 5442/3909/6276
f 5393/3859/6249 5439/3906/6249 5440/3907/6274
f 5397/3863/6195 5395/3861/5974 5442/3909/6276
f 5442/3909/6276 5395/3861/5974 5440/3907/6274
f 5395/3861/5974 5393/3859/6249 5440/3907/6274
f 5381/3847/5920 5429/3896/5920 5430/3897/6269
f 5385/3851/5914 5383/3849/5936 5432/3899/6270
f 5432/3899/6270 5383/3849/5936 5430/3897/6269
f 5383/3849/5936 5381/3847/5920 5430/3897/6269
f 5373/3839/5948 5371/3837/5006 5422/3889/5927
f 5422/3889/5927 5371/3837/5006 5420/3887/6264
f 5371/3837/5006 5369/3835/6213 5420/3887/6264
f 5420/3887/6264 5369/3835/6213 5418/3885/6262
f 5369/3835/6213 5367/3833/6237 5418/3885/6262
f 5418/3885/6262 5367/3833/6237 5416/3883/5962
f 5363/3829/5957 5362/3828/5958 5414/3881/6259
f 5367/3833/6237 5365/3831/6235 5416/3883/5962
f 5416/3883/5962 5365/3831/6235 5414/3881/6259
f 5453/3920/6283 2761/3805/3147 5364/3830/5954
f 5365/3831/6235 5363/3829/5957 5414/3881/6259
f 2761/3805/3147 5496/3963/6306 5360/3803/6218
f 5410/3877/5882 5452/3919/5590 5412/3879/3917
f 5364/3830/5954 5366/3832/6236 5453/3920/6283
f 5453/3920/6283 5366/3832/6236 5455/3922/6284
f 5366/3832/6236 5368/3834/6238 5455/3922/6284
f 5455/3922/6284 5368/3834/6238 5457/3924/6286
f 5368/3834/6238 5370/3836/5930 5457/3924/6286
f 5457/3924/6286 5370/3836/5930 5459/3926/6288
f 5370/3836/5930 5372/3838/6239 5459/3926/6288
f 5459/3926/6288 5372/3838/6239 5461/3928/6290
f 5372/3838/6239 5374/3840/6240 5461/3928/6290
f 5461/3928/6290 5374/3840/6240 5463/3930/6291
f 5374/3840/6240 5376/3842/6242 5463/3930/6291
f 5463/3930/6291 5376/3842/6242 5465/3932/6293
f 5376/3842/6242 5378/3844/5923 5465/3932/6293
f 5465/3932/6293 5378/3844/5923 5467/3934/5923
f 5378/3844/5923 5380/3846/6244 5467/3934/5923
f 5467/3934/5923 5380/3846/6244 5469/3936/6244
f 5380/3846/6244 5382/3848/5920 5469/3936/6244
f 5469/3936/6244 5382/3848/5920 5471/3938/5920
f 5382/3848/5920 5384/3850/5936 5471/3938/5920
f 5471/3938/5920 5384/3850/5936 5473/3940/3901
f 5384/3850/5936 5386/3852/6245 5473/3940/3901
f 5473/3940/3901 5386/3852/6245 5475/3942/5914
f 5386/3852/6245 5388/3854/6246 5475/3942/5914
f 5475/3942/5914 5388/3854/6246 5477/3944/6296
f 5388/3854/6246 5390/3856/6247 5477/3944/6296
f 5477/3944/6296 5390/3856/6247 5479/3946/5911
f 5390/3856/6247 5392/3858/6248 5479/3946/5911
f 5479/3946/5911 5392/3858/6248 5481/3948/6298
f 5392/3858/6248 5394/3860/6250 5481/3948/6298
f 5481/3948/6298 5394/3860/6250 5483/3950/6199
f 5394/3860/6250 5396/3862/6251 5483/3950/6199
f 5483/3950/6199 5396/3862/6251 5485/3952/6300
f 5396/3862/6251 5398/3864/5896 5485/3952/6300
f 5485/3952/6300 5398/3864/5896 5487/3954/6302
f 5398/3864/5896 5400/3866/6253 5487/3954/6302
f 5487/3954/6302 5400/3866/6253 5489/3956/6278
f 5400/3866/6253 5402/3868/6255 5489/3956/6278
f 5489/3956/6278 5402/3868/6255 5491/3958/6304
f 5402/3868/6255 5404/3870/6188 5491/3958/6304
f 5491/3958/6304 5404/3870/6188 5493/3960/5889
f 5408/3874/6257 5409/3876/6186 5495/3962/3917
f 5404/3870/6188 5406/3872/3917 5493/3960/5889
f 5493/3960/5889 5406/3872/3917 5495/3962/3917
f 5406/3872/3917 5408/3874/6257 5495/3962/3917
f 2934/3983/6314 5516/3984/6314 2761/3985/6314
f 2761/3985/6314 5516/3984/6314 5428/3986/6314
f 2761/3985/6314 5428/3986/6314 5361/3987/6315
f 5361/3987/6315 5428/3986/6314 5415/3988/6314
f 5415/3988/6314 5428/3986/6314 5417/3989/6314
f 5417/3989/6314 5428/3986/6314 5419/3990/6314
f 5419/3990/6314 5428/3986/6314 5421/3991/6314
f 5421/3991/6314 5428/3986/6314 5424/3992/6314
f 5424/3992/6314 5428/3986/6314 5426/3993/6314
f 5516/3984/6314 2934/3983/6314 2906/3994/6314
f 2906/3994/6314 2934/3983/6314 2932/3995/6314
f 2906/3994/6314 2932/3995/6314 2930/3996/6316
f 2930/3996/6316 2928/3997/6314 2906/3994/6314
f 2906/3994/6314 2928/3997/6314 2926/3998/6315
f 2906/3994/6314 2926/3998/6315 2921/3999/6314
f 2921/3999/6314 2917/4000/6314 2906/3994/6314
f 2906/3994/6314 2917/4000/6314 2913/4001/6316
f 2906/3994/6314 2901/4002/6314 5516/3984/6314
f 5516/3984/6314 2901/4002/6314 2808/4003/6314
f 5516/3984/6314 2808/4003/6314 5449/4004/6314
f 2897/4005/6315 2893/4006/6314 2901/4002/6314
f 2901/4002/6314 2893/4006/6314 2886/4007/6314
f 2901/4002/6314 2886/4007/6314 2884/4008/6314
f 2884/4008/6314 2815/4009/6316 2901/4002/6314
f 2901/4002/6314 2815/4009/6316 2814/4010/6315
f 2901/4002/6314 2814/4010/6315 2882/4011/6314
f 2882/4011/6314 2808/4003/6314 2901/4002/6314
f 5447/4012/6316 5445/4013/6317 5449/4004/6314
f 5449/4004/6314 5445/4013/6317 5443/4014/6318
f 5449/4004/6314 5443/4014/6318 5441/4015/6317
f 5441/4015/6317 5438/4016/6314 5449/4004/6314
f 5449/4004/6314 5438/4016/6314 5436/4017/6315
f 5449/4004/6314 5436/4017/6315 5434/4018/6314
f 5434/4018/6314 5431/4019/6314 5449/4004/6314
f 5449/4004/6314 5431/4019/6314 5516/3984/6314
f 5431/4019/6314 5428/3986/6314 5516/3984/6314
